directorio,secuencia_p,orden,hogar,regis,per,p3271,p6040,p3042,inglabo,id_registro_original
8056117,1,1,1,10,2024,2,41,6.0,1100000.0,40626
8053169,1,4,1,10,2024,1,23,3.0,1300000.0,34527
8042150,1,4,1,10,2024,2,20,5.0,430000.0,9173
8048381,1,1,1,10,2024,2,60,10.0,1600000.0,23591
8045009,1,1,1,10,2024,1,30,5.0,2000000.0,16097
8044281,1,1,1,10,2024,2,58,3.0,100000.0,14102
8054559,1,1,1,10,2024,1,29,5.0,1300000.0,37524
8076426,1,2,1,10,2024,1,34,5.0,1000000.0,43820
8044959,1,1,1,10,2024,2,47,8.0,700000.0,15939
8043468,1,4,1,10,2024,1,26,5.0,1300000.0,12056
8086849,1,1,1,10,2024,1,54,3.0,800000.0,64561
8084414,1,2,1,10,2024,1,74,3.0,1400000.0,61163
8082280,1,3,1,10,2024,2,29,5.0,530000.0,56380
8055930,1,4,1,10,2024,1,18,5.0,1200000.0,40284
8044188,1,2,1,10,2024,2,35,8.0,2500000.0,13850
8041698,1,2,1,10,2024,2,43,3.0,1200000.0,8158
8038400,1,1,1,10,2024,1,69,3.0,3000000.0,570
8078498,1,1,1,10,2024,1,53,3.0,1300000.0,48544
8041932,1,1,1,10,2024,2,45,3.0,1000000.0,8644
8054326,1,2,1,10,2024,2,42,9.0,1300000.0,37014
8077028,1,4,1,10,2024,1,54,3.0,1300000.0,45202
8055473,1,1,1,10,2024,2,34,5.0,1200000.0,39422
8080235,1,1,1,10,2024,1,60,8.0,1300000.0,52640
8041878,1,1,1,10,2024,2,55,4.0,550000.0,8503
8053006,1,1,1,10,2024,2,48,5.0,950000.0,34195
8041047,2,1,2,10,2024,1,26,5.0,1500000.0,6672
8048252,1,1,1,10,2024,2,24,5.0,2500000.0,23374
8082919,1,1,1,10,2024,2,32,5.0,1300000.0,57912
8056357,1,2,1,10,2024,2,61,5.0,1300000.0,41147
8079483,1,1,1,10,2024,2,51,10.0,1200000.0,50847
8055980,1,1,1,10,2024,2,36,8.0,1300000.0,40373
8049678,1,1,1,10,2024,1,23,5.0,800000.0,26051
8040011,1,1,1,10,2024,2,52,3.0,600000.0,4152
8038620,1,6,1,10,2024,2,33,5.0,2050000.0,1022
8051780,1,2,1,10,2024,1,29,5.0,300000.0,31024
8042476,1,1,1,10,2024,2,51,3.0,1300000.0,9893
8076110,1,1,1,10,2024,2,49,3.0,100000.0,43028
8083967,1,1,1,10,2024,1,47,3.0,1200000.0,60096
8049234,1,5,1,10,2024,2,52,3.0,800000.0,25162
8084310,1,2,1,10,2024,2,34,8.0,200000.0,60941
8051774,1,2,1,10,2024,2,44,10.0,4500000.0,31014
8051532,1,1,1,10,2024,1,61,9.0,3000000.0,30425
8080914,1,2,1,10,2024,2,21,5.0,1300000.0,54001
8044983,1,1,1,10,2024,2,29,8.0,700000.0,15997
8047885,1,2,1,10,2024,2,59,10.0,3000000.0,22623
8084906,1,3,1,10,2024,1,23,5.0,1600000.0,62178
8078785,1,1,1,10,2024,1,58,3.0,1720000.0,49156
8050872,1,3,1,10,2024,2,17,5.0,1300000.0,29059
8046511,1,2,1,10,2024,1,69,3.0,500000.0,19728
8042172,1,1,1,10,2024,1,52,5.0,1600000.0,9234
8041244,1,1,1,10,2024,2,76,10.0,1000000.0,7156
8050007,1,2,1,10,2024,1,36,3.0,1000000.0,26881
8050038,1,2,1,10,2024,1,65,3.0,200000.0,26963
8054470,1,1,1,10,2024,2,29,5.0,1300000.0,37354
8043762,1,1,1,10,2024,1,42,10.0,4800000.0,12832
8083388,1,3,1,10,2024,1,32,5.0,1300000.0,58960
8053287,1,2,1,10,2024,2,54,3.0,900000.0,34792
8052395,1,2,1,10,2024,1,57,3.0,400000.0,32689
8079088,1,1,1,10,2024,2,69,3.0,500000.0,49831
8054775,1,1,1,10,2024,2,53,6.0,1800000.0,38044
8041431,1,2,1,10,2024,2,33,5.0,840000.0,7548
8052836,1,2,1,10,2024,2,41,3.0,1462000.0,33721
8045555,1,3,1,10,2024,2,30,9.0,1462000.0,17594
8085092,1,2,1,10,2024,1,26,5.0,500000.0,62599
8047490,1,3,1,10,2024,2,31,10.0,1900000.0,21709
8081054,1,1,1,10,2024,2,70,5.0,200000.0,54317
8038942,1,1,1,10,2024,2,34,8.0,1300000.0,1884
8083713,1,3,1,10,2024,1,47,5.0,700000.0,59603
8055186,1,2,1,10,2024,1,32,5.0,1200000.0,38904
8075932,1,2,1,10,2024,1,46,1.0,300000.0,42480
8055475,1,1,1,10,2024,2,36,5.0,2600000.0,39424
8044767,1,5,1,10,2024,1,59,5.0,500000.0,15421
8056252,1,1,1,10,2024,2,52,11.0,3500000.0,40942
8048171,1,1,1,10,2024,2,26,10.0,4000000.0,23229
8043521,1,3,1,10,2024,1,27,9.0,1500000.0,12234
8042295,1,1,1,10,2024,2,86,5.0,1300000.0,9507
8083099,1,1,1,10,2024,1,53,5.0,1400000.0,58336
8077513,1,1,1,10,2024,1,52,3.0,1500000.0,46368
8045286,1,2,1,10,2024,2,32,5.0,400000.0,16844
8050622,1,4,1,10,2024,1,31,10.0,4000000.0,28454
8080910,1,2,1,10,2024,2,48,9.0,2900000.0,53996
8085777,1,1,1,10,2024,1,55,10.0,5000000.0,62839
8081961,1,4,1,10,2024,2,29,10.0,600000.0,55917
8042674,1,3,1,10,2024,2,26,10.0,2800000.0,10279
8077509,1,1,1,10,2024,1,47,3.0,1500000.0,46360
8051351,3,1,3,10,2024,2,53,4.0,900000.0,29973
8038207,1,3,1,10,2024,2,18,9.0,300000.0,57
8046826,1,1,1,10,2024,2,63,4.0,300000.0,20534
8078196,1,2,1,10,2024,2,35,5.0,1300000.0,47845
8053544,1,1,1,10,2024,1,59,8.0,2000000.0,35352
8044376,1,2,1,10,2024,1,29,5.0,1462000.0,14380
8076784,1,2,1,10,2024,2,47,12.0,7500000.0,44694
8038752,1,2,1,10,2024,2,36,11.0,2200000.0,1406
8054948,1,1,1,10,2024,1,41,10.0,6000000.0,38424
8045316,1,1,1,10,2024,1,50,5.0,2600000.0,16925
8042425,1,4,1,10,2024,1,33,9.0,1600000.0,9779
8054606,1,1,1,10,2024,2,38,4.0,1000000.0,37605
8050278,1,2,1,10,2024,2,46,11.0,4200000.0,27533
8048596,1,3,1,10,2024,1,31,5.0,1000000.0,23983
8045263,1,1,1,10,2024,1,40,10.0,3200000.0,16789
8045198,1,2,1,10,2024,1,26,4.0,200000.0,16614
8079710,1,3,1,10,2024,1,21,9.0,1300000.0,51252
8041484,1,1,1,10,2024,1,39,3.0,1588000.0,7675
8042403,1,2,1,10,2024,2,44,11.0,4200000.0,9737
8079636,1,2,1,10,2024,1,63,3.0,1200000.0,51092
8039047,1,1,1,10,2024,2,41,5.0,700000.0,2142
8081419,1,1,1,10,2024,1,51,3.0,600000.0,55115
8050325,1,1,1,10,2024,1,52,3.0,1300000.0,27622
8054714,1,1,1,10,2024,1,44,6.0,600000.0,37867
8046605,1,1,1,10,2024,1,47,4.0,1000000.0,20024
8049287,1,3,1,10,2024,1,31,10.0,6000000.0,25282
8055587,1,2,1,10,2024,1,35,10.0,4500000.0,39595
8084707,1,1,1,10,2024,2,36,5.0,1462000.0,61723
8078090,1,2,1,10,2024,2,28,4.0,0.0,47605
8053162,1,1,1,10,2024,2,30,10.0,4000000.0,34511
8053686,1,1,1,10,2024,2,32,11.0,2500000.0,35696
8055494,1,4,1,10,2024,1,20,5.0,900000.0,39460
8041785,1,1,1,10,2024,2,53,3.0,900000.0,8287
8048544,1,1,1,10,2024,2,49,8.0,2700000.0,23896
8051365,1,3,1,10,2024,1,51,4.0,900000.0,30006
8053665,1,1,1,10,2024,2,39,8.0,1000000.0,35640
8041219,1,1,1,10,2024,2,72,5.0,250000.0,7097
8076103,1,1,1,10,2024,2,55,3.0,700000.0,42993
8081337,1,5,1,10,2024,1,22,5.0,950000.0,54894
8046580,1,4,1,10,2024,1,36,3.0,1000000.0,19953
8048581,1,1,1,10,2024,2,29,8.0,1300000.0,23953
8041111,1,1,1,10,2024,2,58,3.0,900000.0,6815
8052191,1,1,1,10,2024,1,23,5.0,600000.0,32063
8054550,1,1,1,10,2024,2,39,12.0,5000000.0,37502
8045081,1,2,1,10,2024,1,30,10.0,1000000.0,16286
8052488,1,1,1,10,2024,1,47,3.0,1300000.0,32904
8040433,1,2,1,10,2024,2,42,5.0,700000.0,5209
8051236,1,1,1,10,2024,2,42,5.0,600000.0,29644
8038925,1,1,1,10,2024,1,34,10.0,12000000.0,1834
8038774,1,2,1,10,2024,2,25,8.0,1300000.0,1476
8044892,1,5,1,10,2024,2,22,9.0,1000000.0,15771
8051518,1,1,1,10,2024,1,74,3.0,1500000.0,30394
8045937,1,2,1,10,2024,1,25,4.0,480000.0,18282
8053595,1,3,1,10,2024,2,28,10.0,2000000.0,35475
8048101,1,1,1,10,2024,2,59,10.0,2800000.0,23054
8076134,1,1,1,10,2024,1,67,1.0,950000.0,43099
8050819,1,1,1,10,2024,2,32,10.0,2200000.0,28925
8052161,1,1,1,10,2024,1,39,3.0,1000000.0,31990
8042574,1,2,1,10,2024,1,24,5.0,2000000.0,10086
8054341,1,1,1,10,2024,2,65,5.0,400000.0,37045
8041191,1,2,1,10,2024,1,44,4.0,800000.0,7032
8047279,1,1,1,10,2024,1,29,11.0,6000000.0,21348
8048139,1,3,1,10,2024,1,33,10.0,1500000.0,23156
8085806,1,1,1,10,2024,1,66,8.0,1000000.0,62909
8086581,1,2,1,10,2024,1,59,5.0,800000.0,64048
8055120,1,2,1,10,2024,2,63,3.0,240000.0,38731
8081175,1,1,1,10,2024,2,39,10.0,1400000.0,54535
8045647,1,1,1,10,2024,1,51,3.0,800000.0,17833
8039192,1,2,1,10,2024,2,32,9.0,1300000.0,2541
8053578,1,1,1,10,2024,2,21,5.0,1300000.0,35441
8078834,1,1,1,10,2024,2,38,11.0,6200000.0,49259
8081203,1,1,1,10,2024,2,66,10.0,3000000.0,54553
8043133,1,1,1,10,2024,1,25,5.0,1300000.0,11225
8049729,1,2,1,10,2024,2,33,5.0,1300000.0,26204
8050413,1,1,1,10,2024,1,32,11.0,8000000.0,27870
8039515,1,1,1,10,2024,1,43,5.0,2600000.0,3203
8084483,1,1,1,10,2024,2,49,5.0,2000000.0,61270
8045476,1,1,1,10,2024,1,58,5.0,700000.0,17384
8041876,1,1,1,10,2024,2,42,12.0,5000000.0,8500
8078815,1,1,1,10,2024,1,43,3.0,1600000.0,49211
8040690,1,6,1,10,2024,2,21,8.0,800000.0,5797
8083006,1,4,1,10,2024,1,30,4.0,2000000.0,58098
8053800,1,1,1,10,2024,2,70,3.0,500000.0,35906
8078443,1,2,1,10,2024,2,31,5.0,0.0,48415
8051684,1,1,1,10,2024,2,36,10.0,1300000.0,30764
8042021,1,1,1,10,2024,1,50,3.0,1300000.0,8897
8079566,1,2,1,10,2024,2,27,5.0,1000000.0,50996
8076541,1,3,1,10,2024,1,28,5.0,400000.0,44118
8083138,1,2,1,10,2024,2,67,6.0,100000.0,58421
8050318,1,2,1,10,2024,1,35,5.0,1800000.0,27597
8045438,1,3,1,10,2024,1,40,5.0,1300000.0,17260
8081420,1,2,1,10,2024,1,24,10.0,1300000.0,55122
8050360,1,3,1,10,2024,1,24,5.0,150000.0,27760
8052103,1,2,1,10,2024,2,73,7.0,,31856
8040162,1,1,1,10,2024,1,23,8.0,1600000.0,4523
8038285,1,4,1,10,2024,2,30,10.0,2600000.0,265
8054222,1,1,1,10,2024,1,37,5.0,2000000.0,36766
8040441,1,2,1,10,2024,2,27,8.0,1462000.0,5232
8045306,1,1,1,10,2024,1,40,11.0,12000000.0,16898
8046138,1,1,1,10,2024,2,78,3.0,700000.0,18787
8082828,1,1,1,10,2024,1,54,5.0,1300000.0,57677
8051025,1,1,1,10,2024,2,60,9.0,2200000.0,29494
8041046,1,2,1,10,2024,1,39,3.0,1500000.0,6668
8046922,1,2,1,10,2024,2,42,10.0,2700000.0,20747
8053001,1,2,1,10,2024,1,24,8.0,720000.0,34180
8082013,1,2,1,10,2024,2,31,10.0,800000.0,55981
8041042,1,2,1,10,2024,2,64,3.0,,6658
8039931,1,2,1,10,2024,2,46,5.0,1300000.0,4024
8083232,1,1,1,10,2024,1,38,5.0,2600000.0,58620
8046310,1,2,1,10,2024,2,45,11.0,1300000.0,19253
8079748,1,5,1,10,2024,1,34,8.0,1300000.0,51426
8044585,1,2,1,10,2024,2,31,13.0,4560000.0,14960
8055161,1,1,1,10,2024,1,50,4.0,800000.0,38848
8047643,1,2,1,10,2024,2,32,10.0,1462000.0,22063
8076429,1,1,1,10,2024,2,35,5.0,100000.0,43823
8052853,1,2,1,10,2024,1,55,3.0,400000.0,33764
8048450,1,1,1,10,2024,1,51,5.0,1300000.0,23699
8053303,1,3,1,10,2024,1,39,9.0,2500000.0,34835
8052906,1,1,1,10,2024,2,60,3.0,100000.0,33879
8054913,1,1,1,10,2024,1,47,5.0,1600000.0,38348
8052593,1,2,1,10,2024,2,19,10.0,840000.0,33192
8054799,1,1,1,10,2024,2,34,5.0,300000.0,38086
8050551,1,1,1,10,2024,1,33,5.0,1950000.0,28281
8080273,1,1,1,10,2024,2,60,12.0,4240000.0,52746
8045020,1,3,1,10,2024,1,23,4.0,1300000.0,16132
8051935,1,1,1,10,2024,2,24,8.0,1500000.0,31443
8043718,1,1,1,10,2024,2,47,5.0,1000000.0,12709
8050209,1,6,1,10,2024,2,32,10.0,2000000.0,27359
8085053,1,1,1,10,2024,1,48,10.0,3800000.0,62532
8050596,1,2,1,10,2024,2,56,10.0,1800000.0,28396
8044523,2,2,2,10,2024,1,33,5.0,500000.0,14787
8079469,1,3,1,10,2024,2,32,10.0,2000000.0,50821
8047714,1,1,1,10,2024,2,26,6.0,1462000.0,22192
8039766,1,1,1,10,2024,2,51,3.0,500000.0,3689
8056075,1,2,1,10,2024,2,24,8.0,1300000.0,40541
8077153,1,1,1,10,2024,1,23,10.0,0.0,45579
8054919,1,1,1,10,2024,1,59,9.0,10000000.0,38361
8083522,1,4,1,10,2024,1,35,4.0,1200000.0,59228
8049343,1,2,1,10,2024,1,20,5.0,300000.0,25409
8080856,1,1,1,10,2024,1,53,8.0,2400000.0,53895
8079523,1,2,1,10,2024,1,36,4.0,1300000.0,50916
8084220,1,1,1,10,2024,2,38,5.0,1300000.0,60737
8053284,1,1,1,10,2024,2,50,4.0,650000.0,34782
8080090,1,2,1,10,2024,2,53,4.0,1300000.0,52242
8046323,1,3,1,10,2024,2,18,5.0,2300000.0,19282
8039829,1,1,1,10,2024,1,28,9.0,2100000.0,3795
8048115,1,3,1,10,2024,2,18,5.0,360000.0,23079
8044587,1,1,1,10,2024,2,44,9.0,1600000.0,14966
8052265,1,1,1,10,2024,1,34,8.0,1570000.0,32284
8042960,1,1,1,10,2024,1,66,3.0,200000.0,10833
8039191,1,1,1,10,2024,2,66,10.0,2300000.0,2538
8084869,1,1,1,10,2024,1,32,5.0,1500000.0,62091
8050057,1,2,1,10,2024,1,53,3.0,960000.0,27021
8041776,1,1,1,10,2024,2,72,10.0,2600000.0,8271
8038386,1,1,1,10,2024,1,30,5.0,3400000.0,536
8085690,1,1,1,10,2024,1,56,5.0,1800000.0,62636
8079803,1,2,1,10,2024,2,29,10.0,3900000.0,51596
8044933,1,1,1,10,2024,1,59,4.0,3000000.0,15879
8083421,1,1,1,10,2024,2,51,9.0,1300000.0,59033
8050836,1,1,1,10,2024,2,38,8.0,220000.0,28965
8050257,1,1,1,10,2024,2,37,8.0,1462000.0,27479
8078886,1,2,1,10,2024,1,71,5.0,1000000.0,49368
8084188,1,3,1,10,2024,1,18,3.0,750000.0,60661
8076535,1,2,1,10,2024,2,29,5.0,850000.0,44108
8079523,1,1,1,10,2024,2,54,3.0,150000.0,50915
8045507,1,2,1,10,2024,2,35,5.0,240000.0,17473
8082682,1,4,1,10,2024,1,29,10.0,1300000.0,57313
8054372,1,2,1,10,2024,2,43,8.0,1300000.0,37105
8049546,1,1,1,10,2024,1,49,4.0,800000.0,25722
8047349,1,1,1,10,2024,2,39,10.0,2000000.0,21487
8041857,1,1,1,10,2024,1,43,5.0,1300000.0,8447
8055049,1,1,1,10,2024,1,42,5.0,1300000.0,38672
8056393,1,1,1,10,2024,1,37,3.0,1200000.0,41243
8040576,1,3,1,10,2024,2,20,10.0,1800000.0,5569
8076898,1,1,1,10,2024,1,56,3.0,1550000.0,44923
8078613,1,3,1,10,2024,2,19,10.0,160000.0,48803
8042413,1,1,1,10,2024,2,64,3.0,600000.0,9763
8056133,1,1,1,10,2024,1,52,5.0,1188000.0,40659
8079742,1,2,1,10,2024,2,62,3.0,780000.0,51401
8054049,1,1,1,10,2024,2,54,5.0,1500000.0,36388
8082873,1,2,1,10,2024,2,26,10.0,1200000.0,57800
8039518,1,2,1,10,2024,2,48,5.0,1300000.0,3216
8050186,1,1,1,10,2024,1,62,5.0,100000.0,27290
8048951,1,2,1,10,2024,2,40,5.0,1462000.0,24656
8053945,1,1,1,10,2024,2,63,5.0,1300000.0,36201
8081140,4,1,4,10,2024,2,20,4.0,160000.0,54467
8041425,1,2,1,10,2024,2,50,10.0,1300000.0,7531
8043156,1,1,1,10,2024,2,30,4.0,700000.0,11287
8046363,1,3,1,10,2024,1,41,9.0,4760000.0,19382
8052777,1,4,1,10,2024,1,16,4.0,0.0,33572
8076602,1,1,1,10,2024,1,52,5.0,700000.0,44253
8053856,1,2,1,10,2024,1,27,5.0,1300000.0,36025
8083191,1,2,1,10,2024,2,49,8.0,1800000.0,58495
8081617,1,2,1,10,2024,1,39,10.0,2000000.0,55483
8076688,1,1,1,10,2024,2,58,3.0,1000000.0,44446
8045377,1,3,1,10,2024,2,26,10.0,1300000.0,17084
8041848,1,1,1,10,2024,1,40,6.0,3000000.0,8410
8081515,1,1,1,10,2024,2,30,9.0,650000.0,55338
8048619,1,4,1,10,2024,2,24,4.0,1100000.0,24017
8049497,1,1,1,10,2024,1,27,5.0,1200000.0,25607
8050593,1,2,1,10,2024,2,35,9.0,1300000.0,28387
8077665,1,3,1,10,2024,2,48,1.0,200000.0,46689
8048642,1,2,1,10,2024,1,64,10.0,4000000.0,24041
8040988,1,1,1,10,2024,1,59,5.0,1500000.0,6517
8078094,1,3,1,10,2024,1,75,3.0,500000.0,47619
8052946,1,2,1,10,2024,2,25,5.0,1000000.0,33996
8082994,1,1,1,10,2024,1,66,4.0,500000.0,58058
8082109,1,1,1,10,2024,2,62,11.0,6000000.0,56112
8041263,1,1,1,10,2024,1,27,8.0,1300000.0,7194
8077541,1,1,1,10,2024,2,38,3.0,650000.0,46430
8047183,1,1,1,10,2024,2,25,10.0,800000.0,21130
8078357,1,1,1,10,2024,1,35,9.0,500000.0,48269
8078263,1,2,1,10,2024,2,37,3.0,350000.0,48013
8039070,1,3,1,10,2024,2,24,5.0,1450000.0,2206
8043548,1,2,1,10,2024,2,27,5.0,700000.0,12299
8082906,1,2,1,10,2024,2,36,8.0,1300000.0,57888
8038530,1,11,1,10,2024,1,20,4.0,320000.0,848
8079751,1,2,1,10,2024,1,37,5.0,900000.0,51437
8076548,1,2,1,10,2024,2,25,5.0,550000.0,44135
8040343,1,2,1,10,2024,2,30,9.0,1300000.0,5000
8045557,1,4,1,10,2024,1,20,3.0,900000.0,17602
8040800,1,1,1,10,2024,2,41,6.0,700000.0,6061
8046761,1,5,1,10,2024,2,78,3.0,1500000.0,20393
8051581,1,2,1,10,2024,1,44,3.0,1200000.0,30525
8077723,1,2,1,10,2024,1,28,8.0,2250000.0,46817
8050060,1,1,1,10,2024,1,52,4.0,2160000.0,27024
8079278,1,1,1,10,2024,1,51,4.0,600000.0,50365
8081139,1,3,1,10,2024,1,21,5.0,600000.0,54460
8048714,1,2,1,10,2024,2,31,10.0,4200000.0,24187
8050896,1,1,1,10,2024,1,39,10.0,1700000.0,29126
8079289,1,1,1,10,2024,1,49,3.0,1200000.0,50397
8040998,1,3,1,10,2024,2,15,4.0,600000.0,6540
8052168,1,1,1,10,2024,2,62,4.0,400000.0,32010
8054255,1,1,1,10,2024,2,31,6.0,1300000.0,36815
8080859,1,2,1,10,2024,1,49,3.0,1000000.0,53899
8046161,1,2,1,10,2024,1,44,3.0,800000.0,18848
8044007,1,3,1,10,2024,2,42,12.0,3200000.0,13431
8038390,1,1,1,10,2024,1,33,4.0,1200000.0,544
8039683,1,2,1,10,2024,1,26,10.0,3400000.0,3512
8044142,1,1,1,10,2024,1,47,10.0,3500000.0,13742
8076901,1,1,1,10,2024,1,52,3.0,1750000.0,44932
8079427,1,2,1,10,2024,2,62,1.0,300000.0,50720
8048678,1,1,1,10,2024,1,67,3.0,1500000.0,24099
8043337,1,6,1,10,2024,2,64,3.0,2300000.0,11730
8082972,1,1,1,10,2024,2,56,8.0,1100000.0,58021
8085981,1,2,1,10,2024,1,20,3.0,800000.0,63137
8076845,1,1,1,10,2024,1,31,9.0,2000000.0,44817
8053836,1,2,1,10,2024,2,54,3.0,450000.0,35982
8048180,1,1,1,10,2024,2,41,6.0,600000.0,23247
8076468,1,2,1,10,2024,1,40,5.0,0.0,43929
8077964,1,1,1,10,2024,2,32,4.0,750000.0,47321
8079500,1,3,1,10,2024,2,34,12.0,1300000.0,50874
8054856,1,1,1,10,2024,2,41,11.0,18000000.0,38221
8052384,1,5,1,10,2024,2,29,5.0,600000.0,32647
8054842,1,1,1,10,2024,1,41,4.0,1300000.0,38177
8053752,1,2,1,10,2024,2,34,10.0,2000000.0,35862
8078255,1,2,1,10,2024,2,33,8.0,2000000.0,47993
8079396,1,3,1,10,2024,2,19,5.0,300000.0,50633
8085007,1,1,1,10,2024,1,21,5.0,1200000.0,62420
8046507,1,4,1,10,2024,2,56,3.0,400000.0,19712
8077816,1,1,1,10,2024,2,42,4.0,600000.0,47022
8077342,1,2,1,10,2024,1,16,5.0,600000.0,46036
8039977,1,1,1,10,2024,2,36,5.0,1140000.0,4109
8045011,1,3,1,10,2024,1,39,4.0,1300000.0,16106
8084210,1,1,1,10,2024,2,54,8.0,1300000.0,60721
8051645,1,2,1,10,2024,1,38,3.0,2300000.0,30680
8039390,1,2,1,10,2024,1,69,3.0,900000.0,2957
8086007,1,2,1,10,2024,2,47,10.0,1400000.0,63187
8051315,1,1,1,10,2024,1,69,3.0,700000.0,29865
8085731,1,1,1,10,2024,1,29,3.0,1200000.0,62730
8052770,1,2,1,10,2024,2,25,8.0,2000000.0,33553
8048589,1,3,1,10,2024,2,27,5.0,1300000.0,23965
8076200,1,4,1,10,2024,1,72,1.0,500000.0,43306
8039236,1,2,1,10,2024,1,50,4.0,1300000.0,2662
8054162,1,1,1,10,2024,2,46,11.0,3600000.0,36626
8051820,1,2,1,10,2024,2,59,3.0,300000.0,31144
8043186,1,5,1,10,2024,1,24,3.0,1300000.0,11356
8049153,1,1,1,10,2024,1,72,3.0,100000.0,25020
8056384,1,2,1,10,2024,1,43,5.0,1600000.0,41223
8051504,1,2,1,10,2024,2,56,4.0,400000.0,30363
8080629,1,1,1,10,2024,2,52,3.0,1000000.0,53456
8047157,1,2,1,10,2024,1,33,4.0,1500000.0,21078
8054034,1,3,1,10,2024,2,28,10.0,4000000.0,36348
8040588,1,2,1,10,2024,2,56,9.0,200000.0,5595
8038381,1,1,1,10,2024,2,42,8.0,600000.0,521
8083495,1,1,1,10,2024,2,53,3.0,800000.0,59198
8055584,1,4,1,10,2024,1,35,10.0,2300000.0,39587
8043501,1,1,1,10,2024,1,42,9.0,1600000.0,12164
8076584,1,1,1,10,2024,1,67,3.0,500000.0,44204
8081289,1,2,1,10,2024,2,53,8.0,1600000.0,54800
8046616,1,2,1,10,2024,2,60,10.0,5000000.0,20046
8038383,1,5,1,10,2024,2,25,5.0,1300000.0,531
8039980,1,2,1,10,2024,2,25,10.0,1300000.0,4114
8045740,1,2,1,10,2024,1,36,9.0,1500000.0,18057
8041023,1,1,1,10,2024,2,58,5.0,1200000.0,6613
8045086,1,3,1,10,2024,1,31,6.0,2100000.0,16297
8079168,1,2,1,10,2024,2,49,3.0,500000.0,50018
8082342,1,1,1,10,2024,1,60,5.0,1500000.0,56519
8043445,1,1,1,10,2024,2,43,5.0,1200000.0,11990
8050121,1,1,1,10,2024,1,45,3.0,1300000.0,27144
8084528,1,2,1,10,2024,1,41,8.0,1000000.0,61368
8082528,1,1,1,10,2024,2,31,10.0,1300000.0,56916
8079766,1,1,1,10,2024,2,52,5.0,1400000.0,51501
8045402,1,1,1,10,2024,2,42,10.0,2100000.0,17161
8081701,1,1,1,10,2024,1,22,5.0,1450000.0,55638
8077912,1,2,1,10,2024,2,37,1.0,600000.0,47192
8053105,1,1,1,10,2024,1,22,4.0,1500000.0,34403
8041863,1,1,1,10,2024,1,34,3.0,1200000.0,8465
8040604,1,1,1,10,2024,2,48,8.0,1000000.0,5632
8077933,1,1,1,10,2024,1,30,3.0,900000.0,47260
8043101,1,1,1,10,2024,1,43,3.0,6720000.0,11150
8044111,1,1,1,10,2024,1,57,3.0,1800000.0,13671
8045486,1,1,1,10,2024,1,62,8.0,700000.0,17409
8041627,1,3,1,10,2024,1,23,10.0,1000000.0,8002
8083862,1,2,1,10,2024,1,43,3.0,1100000.0,59911
8077644,1,1,1,10,2024,1,42,5.0,2500000.0,46651
8048667,1,2,1,10,2024,1,53,5.0,1300000.0,24077
8080810,1,1,1,10,2024,1,44,9.0,1300000.0,53802
8055211,1,2,1,10,2024,2,42,5.0,320000.0,38956
8083882,1,1,1,10,2024,1,66,4.0,1900000.0,59951
8076731,1,2,1,10,2024,2,52,3.0,1300000.0,44555
8083039,1,1,1,10,2024,2,55,11.0,4500000.0,58183
8050482,1,2,1,10,2024,1,43,4.0,600000.0,28055
8044183,1,1,1,10,2024,2,29,8.0,2300000.0,13843
8051695,1,1,1,10,2024,1,53,6.0,2400000.0,30800
8054178,1,1,1,10,2024,1,42,3.0,1000000.0,36677
8078295,1,1,1,10,2024,2,59,11.0,2621000.0,48098
8056011,1,2,1,10,2024,2,56,10.0,3600000.0,40423
8042587,1,2,1,10,2024,2,49,6.0,685000.0,10103
8047963,1,1,1,10,2024,1,40,4.0,1300000.0,22747
8042281,1,2,1,10,2024,2,69,10.0,5000000.0,9475
8053706,1,1,1,10,2024,2,34,5.0,1300000.0,35761
8056062,1,1,1,10,2024,2,24,10.0,1300000.0,40514
8078248,1,2,1,10,2024,2,55,5.0,2000000.0,47974
8038688,1,1,1,10,2024,2,64,3.0,1300000.0,1225
8051337,1,1,1,10,2024,2,32,4.0,180000.0,29921
8038518,1,3,1,10,2024,1,28,4.0,300000.0,810
8078853,1,1,1,10,2024,2,43,3.0,1250000.0,49293
8045982,1,1,1,10,2024,1,69,1.0,800000.0,18411
8077876,1,1,1,10,2024,1,38,3.0,840000.0,47131
8038404,1,3,1,10,2024,2,25,5.0,2080000.0,587
8040126,1,2,1,10,2024,1,21,5.0,1800000.0,4439
8044989,1,4,1,10,2024,2,30,12.0,750000.0,16028
8055590,1,2,1,10,2024,1,42,10.0,4700000.0,39600
8039517,1,6,1,10,2024,2,27,5.0,1300000.0,3213
8053804,1,1,1,10,2024,2,42,5.0,1300000.0,35913
8080564,1,1,1,10,2024,1,65,4.0,1500000.0,53326
8044247,1,2,1,10,2024,1,45,3.0,600000.0,13967
8081310,1,1,1,10,2024,1,33,6.0,1600000.0,54847
8081502,1,1,1,10,2024,1,48,5.0,3500000.0,55301
8078751,1,5,1,10,2024,2,35,5.0,1000000.0,49088
8050010,1,1,1,10,2024,2,52,3.0,650000.0,26887
8080833,1,1,1,10,2024,1,40,1.0,1200000.0,53845
8083017,1,7,1,10,2024,2,37,5.0,250000.0,58139
8048086,1,1,1,10,2024,1,63,5.0,1900000.0,23015
8047660,1,1,1,10,2024,1,44,5.0,1462000.0,22082
8053612,1,1,1,10,2024,2,44,5.0,1300000.0,35528
8041389,1,1,1,10,2024,2,36,4.0,400000.0,7438
8086517,1,3,1,10,2024,2,32,5.0,1300000.0,63863
8080294,1,1,1,10,2024,2,55,4.0,1300000.0,52781
8083981,1,6,1,10,2024,1,22,5.0,1200000.0,60142
8077781,1,2,1,10,2024,1,34,5.0,1300000.0,46945
8051480,1,1,1,10,2024,1,60,8.0,700000.0,30304
8079782,1,1,1,10,2024,2,57,5.0,970000.0,51558
8045117,1,2,1,10,2024,1,45,3.0,600000.0,16381
8050924,1,2,1,10,2024,1,45,3.0,1200000.0,29206
8086361,1,1,1,10,2024,1,61,9.0,3000000.0,63531
8075630,1,1,1,10,2024,2,43,4.0,300000.0,41645
8083879,1,1,1,10,2024,2,63,3.0,1500000.0,59949
8080466,1,5,1,10,2024,1,37,8.0,1400000.0,53131
8053151,1,3,1,10,2024,1,51,11.0,7000000.0,34485
8054232,1,1,1,10,2024,2,25,4.0,900000.0,36779
8048706,1,2,1,10,2024,1,43,10.0,2000000.0,24156
8078610,1,3,1,10,2024,1,57,11.0,3900000.0,48792
8041945,1,4,1,10,2024,1,27,10.0,1600000.0,8682
8042460,1,1,1,10,2024,2,53,3.0,1700000.0,9857
8050005,1,2,1,10,2024,2,38,5.0,1200000.0,26874
8056455,1,1,1,10,2024,1,20,5.0,1500000.0,41364
8043798,1,1,1,10,2024,2,51,4.0,1700000.0,12940
8084571,1,2,1,10,2024,2,60,10.0,800000.0,61462
8048123,1,1,1,10,2024,1,32,8.0,3700000.0,23103
8043857,1,1,1,10,2024,2,39,10.0,3100000.0,13063
8076158,1,3,1,10,2024,1,15,4.0,0.0,43166
8040514,1,1,1,10,2024,2,47,4.0,700000.0,5411
8041847,1,1,1,10,2024,2,60,4.0,1300000.0,8408
8077910,1,2,1,10,2024,2,42,4.0,200000.0,47189
8043015,1,2,1,10,2024,2,57,4.0,400000.0,10952
8041442,1,2,1,10,2024,2,43,11.0,400000.0,7576
8053148,1,1,1,10,2024,1,41,10.0,6000000.0,34476
8049908,1,2,1,10,2024,2,51,3.0,350000.0,26665
8082861,1,2,1,10,2024,1,28,5.0,1800000.0,57758
8083839,1,1,1,10,2024,1,52,3.0,2000000.0,59853
8041585,1,2,1,10,2024,2,47,5.0,1300000.0,7915
8086122,1,1,1,10,2024,2,52,5.0,1300000.0,63321
8048456,1,1,1,10,2024,1,56,4.0,900000.0,23711
8042397,1,2,1,10,2024,2,40,10.0,1800000.0,9719
8082671,1,4,1,10,2024,1,36,10.0,2000000.0,57290
8050072,1,1,1,10,2024,1,67,3.0,192000.0,27051
8079761,1,2,1,10,2024,1,66,3.0,700000.0,51477
8041089,1,1,1,10,2024,2,53,10.0,3985600.0,6750
8050347,1,6,1,10,2024,1,23,8.0,1100000.0,27714
8054120,1,3,1,10,2024,2,59,5.0,1500000.0,36544
8051814,1,2,1,10,2024,1,44,11.0,7000000.0,31121
8043067,1,1,1,10,2024,1,41,1.0,1200000.0,11067
8084938,1,2,1,10,2024,2,42,5.0,700000.0,62244
8043901,1,3,1,10,2024,2,22,10.0,1900000.0,13176
8055026,1,3,1,10,2024,1,26,10.0,400000.0,38602
8083023,1,2,1,10,2024,2,41,11.0,2500000.0,58149
8086630,1,1,1,10,2024,2,64,11.0,6000000.0,64170
8054762,1,2,1,10,2024,2,57,4.0,700000.0,38002
8076547,1,1,1,10,2024,2,52,4.0,600000.0,44132
8084647,1,6,1,10,2024,1,20,5.0,700000.0,61599
8083195,1,1,1,10,2024,2,59,3.0,500000.0,58506
8052278,1,1,1,10,2024,2,55,3.0,500000.0,32310
8038383,1,6,1,10,2024,1,52,4.0,2400000.0,532
8046501,1,2,1,10,2024,2,54,4.0,200000.0,19690
8040819,1,1,1,10,2024,1,58,3.0,1800000.0,6099
8076697,1,2,1,10,2024,1,63,3.0,300000.0,44469
8077432,1,1,1,10,2024,1,75,3.0,1300000.0,46236
8082438,1,1,1,10,2024,1,59,10.0,2300000.0,56713
8050314,1,1,1,10,2024,1,56,3.0,1200000.0,27581
8038516,1,1,1,10,2024,1,43,3.0,1300000.0,803
8054871,1,2,1,10,2024,1,22,5.0,1800000.0,38251
8085907,1,3,1,10,2024,1,22,5.0,1300000.0,63044
8076623,1,1,1,10,2024,2,27,5.0,400000.0,44298
8076135,1,1,1,10,2024,2,41,4.0,750000.0,43105
8042548,1,1,1,10,2024,1,62,5.0,1400000.0,10044
8085027,1,1,1,10,2024,1,66,4.0,3000000.0,62446
8052230,1,3,1,10,2024,1,21,5.0,1225000.0,32176
8049396,1,1,1,10,2024,2,51,5.0,1000000.0,25504
8038565,1,1,1,10,2024,1,26,4.0,1300000.0,917
8047633,1,1,1,10,2024,2,56,5.0,1460000.0,22031
8050427,1,1,1,10,2024,1,38,9.0,1500000.0,27901
8079446,1,2,1,10,2024,1,27,8.0,1708000.0,50774
8041532,1,1,1,10,2024,1,64,3.0,1200000.0,7796
8042095,1,2,1,10,2024,1,35,5.0,750000.0,9017
8077789,1,2,1,10,2024,1,47,5.0,600000.0,46961
8082058,1,1,1,10,2024,2,38,4.0,900000.0,56038
8050216,1,2,1,10,2024,1,39,5.0,1600000.0,27376
8081403,1,1,1,10,2024,2,22,8.0,150000.0,55077
8077032,1,1,1,10,2024,1,37,5.0,1200000.0,45211
8076180,1,2,1,10,2024,2,61,4.0,420000.0,43247
8046685,1,3,1,10,2024,2,24,10.0,240000.0,20192
8052090,1,3,1,10,2024,1,63,3.0,400000.0,31820
8080988,1,1,1,10,2024,2,59,3.0,400000.0,54166
8052029,1,1,1,10,2024,2,38,5.0,3000000.0,31660
8053016,1,1,1,10,2024,2,30,5.0,420000.0,34222
8038266,1,4,1,10,2024,1,15,4.0,100000.0,219
8044096,1,2,1,10,2024,2,42,9.0,3500000.0,13651
8079000,1,1,1,10,2024,1,52,3.0,1500000.0,49632
8044679,1,2,1,10,2024,2,51,10.0,3300000.0,15211
8078325,1,2,1,10,2024,1,28,4.0,400000.0,48169
8038351,1,1,1,10,2024,1,53,4.0,700000.0,434
8044213,1,1,1,10,2024,1,24,10.0,4200000.0,13901
8084284,1,4,1,10,2024,1,32,10.0,3500000.0,60889
8040491,1,2,1,10,2024,2,43,5.0,1300000.0,5362
8055300,1,1,1,10,2024,2,36,3.0,240000.0,39125
8038311,1,2,1,10,2024,2,36,3.0,1750000.0,336
8051930,1,1,1,10,2024,2,35,5.0,500000.0,31431
8039222,1,1,1,10,2024,2,52,11.0,3984000.0,2624
8086661,1,2,1,10,2024,2,55,5.0,3500000.0,64269
8081350,1,1,1,10,2024,1,46,8.0,1460000.0,54921
8055696,1,2,1,10,2024,1,31,5.0,1300000.0,39849
8082400,1,2,1,10,2024,2,55,10.0,4000000.0,56632
8086574,1,3,1,10,2024,2,39,11.0,2200000.0,64020
8047527,1,1,1,10,2024,1,67,4.0,500000.0,21770
8038221,1,1,1,10,2024,1,38,3.0,900000.0,94
8054378,1,1,1,10,2024,2,31,5.0,840000.0,37122
8049310,1,1,1,10,2024,1,45,3.0,900000.0,25316
8083640,1,1,1,10,2024,1,37,10.0,4000000.0,59465
8080961,1,3,1,10,2024,1,21,5.0,1100000.0,54123
8040077,1,2,1,10,2024,2,39,8.0,1000000.0,4315
8054169,1,2,1,10,2024,2,33,10.0,2200000.0,36640
8055361,1,1,1,10,2024,1,56,4.0,1800000.0,39244
8052028,1,1,1,10,2024,2,49,10.0,4000000.0,31658
8076978,1,2,1,10,2024,1,20,5.0,600000.0,45089
8053740,1,3,1,10,2024,1,30,9.0,2500000.0,35854
8084774,1,3,1,10,2024,2,44,5.0,1200000.0,61875
8055128,2,2,2,10,2024,2,19,5.0,150000.0,38755
8046995,1,1,1,10,2024,2,59,5.0,0.0,20801
8050713,1,1,1,10,2024,2,55,11.0,5326000.0,28645
8051820,1,1,1,10,2024,1,63,5.0,1000000.0,31143
8076383,1,1,1,10,2024,2,32,5.0,300000.0,43716
8078333,1,1,1,10,2024,1,71,3.0,800000.0,48196
8079747,1,1,1,10,2024,1,70,1.0,0.0,51421
8040773,1,1,1,10,2024,1,52,10.0,2200000.0,6009
8082815,1,2,1,10,2024,1,28,10.0,2200000.0,57662
8043505,1,1,1,10,2024,1,68,4.0,1000000.0,12181
8079724,1,1,1,10,2024,1,63,5.0,1700000.0,51311
8053513,1,1,1,10,2024,2,70,11.0,1300000.0,35283
8049880,1,1,1,10,2024,1,41,3.0,1100000.0,26591
8056341,1,1,1,10,2024,1,53,10.0,1600000.0,41105
8042805,1,2,1,10,2024,2,57,9.0,1300000.0,10598
8085034,1,1,1,10,2024,1,38,4.0,1400000.0,62474
8082474,1,1,1,10,2024,1,53,10.0,800000.0,56785
8045710,1,2,1,10,2024,2,37,10.0,2200000.0,17988
8055137,1,2,1,10,2024,1,31,5.0,600000.0,38780
8076706,1,2,1,10,2024,2,40,5.0,300000.0,44499
8079807,1,1,1,10,2024,1,39,9.0,4800000.0,51607
8079994,1,1,1,10,2024,1,63,3.0,1000000.0,52039
8083380,1,1,1,10,2024,1,34,12.0,9000000.0,58955
8050999,1,4,1,10,2024,2,27,10.0,1900000.0,29436
8083343,1,5,1,10,2024,2,27,5.0,1500000.0,58897
8076632,1,2,1,10,2024,2,20,5.0,1300000.0,44328
8044100,1,1,1,10,2024,1,36,5.0,3000000.0,13659
8047968,1,1,1,10,2024,2,44,5.0,1400000.0,22761
8083093,1,2,1,10,2024,2,44,12.0,6500000.0,58321
8085787,1,1,1,10,2024,1,50,5.0,1700000.0,62867
8052489,1,1,1,10,2024,1,19,3.0,1000000.0,32907
8053667,1,1,1,10,2024,2,38,5.0,1350000.0,35646
8040173,1,3,1,10,2024,1,26,5.0,400000.0,4562
8044500,1,1,1,10,2024,1,62,3.0,1000000.0,14707
8052202,1,1,1,10,2024,2,78,1.0,200000.0,32095
8045020,1,1,1,10,2024,2,25,5.0,600000.0,16130
8038814,1,3,1,10,2024,1,29,12.0,10300000.0,1554
8053220,1,1,1,10,2024,2,27,8.0,3300000.0,34631
8047069,1,1,1,10,2024,2,65,3.0,500000.0,20923
8043967,1,1,1,10,2024,2,55,4.0,750000.0,13361
8081278,1,2,1,10,2024,2,26,10.0,1300000.0,54769
8055925,1,1,1,10,2024,1,59,9.0,1000000.0,40276
8039202,1,3,1,10,2024,2,30,10.0,1600000.0,2573
8049966,1,2,1,10,2024,1,50,5.0,1300000.0,26766
8086036,1,1,1,10,2024,2,44,10.0,3800000.0,63209
8086485,1,1,1,10,2024,2,50,12.0,4600000.0,63782
8054182,1,1,1,10,2024,2,41,5.0,0.0,36689
8085038,1,2,1,10,2024,1,63,4.0,300000.0,62489
8052102,1,3,1,10,2024,2,42,4.0,700000.0,31853
8042881,1,1,1,10,2024,2,31,8.0,2000000.0,10744
8086564,1,1,1,10,2024,1,54,10.0,4000000.0,63992
8042618,1,1,1,10,2024,1,50,4.0,500000.0,10168
8082394,1,1,1,10,2024,2,51,8.0,2500000.0,56621
8083769,1,5,1,10,2024,2,18,4.0,500000.0,59721
8045405,1,1,1,10,2024,2,30,5.0,1600000.0,17170
8079539,1,1,1,10,2024,1,53,10.0,6000000.0,50955
8039922,1,2,1,10,2024,1,44,9.0,1400000.0,4004
8043215,1,1,1,10,2024,2,25,10.0,2600000.0,11411
8085772,1,5,1,10,2024,1,19,4.0,1340000.0,62824
8075785,1,1,1,10,2024,2,30,11.0,3600000.0,42067
8049234,1,1,1,10,2024,2,56,3.0,1000000.0,25158
8052165,1,2,1,10,2024,2,36,4.0,240000.0,31998
8050373,1,2,1,10,2024,1,57,5.0,1300000.0,27796
8075784,1,1,1,10,2024,2,37,5.0,500000.0,42065
8038245,1,3,1,10,2024,2,22,10.0,300000.0,150
8047073,1,2,1,10,2024,2,60,10.0,1320000.0,20931
8052010,1,1,1,10,2024,2,60,4.0,1400000.0,31618
8050318,1,4,1,10,2024,1,44,5.0,640000.0,27599
8075616,1,3,1,10,2024,1,36,4.0,850000.0,41607
8076841,1,1,1,10,2024,1,51,5.0,1550000.0,44812
8053206,1,1,1,10,2024,1,39,5.0,1300000.0,34603
8053386,1,2,1,10,2024,2,33,8.0,2400000.0,35077
8047850,1,3,1,10,2024,1,40,5.0,1500000.0,22529
8083060,1,4,1,10,2024,1,22,10.0,450000.0,58230
8055218,1,6,1,10,2024,2,25,4.0,1000000.0,38985
8040660,1,1,1,10,2024,2,40,5.0,1800000.0,5726
8075875,1,2,1,10,2024,2,32,3.0,600000.0,42306
8084426,1,2,1,10,2024,2,44,10.0,2200000.0,61185
8047640,1,2,1,10,2024,2,36,8.0,400000.0,22050
8080649,1,1,1,10,2024,2,49,3.0,1300000.0,53507
8047072,1,1,1,10,2024,1,55,3.0,1200000.0,20928
8051704,1,1,1,10,2024,2,50,10.0,3000000.0,30825
8047897,1,2,1,10,2024,2,45,5.0,100000.0,22646
8086815,1,2,1,10,2024,1,42,3.0,1000000.0,64536
8077721,1,2,1,10,2024,1,40,5.0,2500000.0,46808
8076014,1,1,1,10,2024,1,49,1.0,4700000.0,42745
8045743,1,4,1,10,2024,1,31,5.0,2000000.0,18068
8038912,1,2,1,10,2024,2,38,5.0,3000000.0,1798
8081068,1,3,1,10,2024,2,28,10.0,4000000.0,54344
8039536,1,2,1,10,2024,1,23,10.0,350000.0,3257
8086401,1,1,1,10,2024,1,61,9.0,3000000.0,63609
8041806,1,1,1,10,2024,1,44,8.0,1300000.0,8313
8049135,1,1,1,10,2024,1,65,3.0,150000.0,24980
8053036,1,1,1,10,2024,1,36,11.0,5200000.0,34278
8084205,1,2,1,10,2024,1,36,8.0,900000.0,60708
8045354,1,1,1,10,2024,2,28,11.0,4000000.0,17016
8081487,1,1,1,10,2024,2,58,3.0,300000.0,55262
8055419,1,1,1,10,2024,2,52,9.0,2500000.0,39355
8081020,1,1,1,10,2024,2,51,8.0,1300000.0,54239
8084292,1,1,1,10,2024,1,39,7.0,2200000.0,60900
8045592,1,1,1,10,2024,1,45,13.0,7811000.0,17691
8075591,1,1,1,10,2024,2,35,5.0,650000.0,41510
8054086,1,1,1,10,2024,1,29,5.0,1200000.0,36470
8051828,1,2,1,10,2024,1,41,8.0,2900000.0,31175
8039241,1,1,1,10,2024,2,37,4.0,750000.0,2671
8075792,1,3,1,10,2024,2,29,5.0,450000.0,42095
8086674,1,4,1,10,2024,1,23,5.0,800000.0,64291
8038780,1,1,1,10,2024,1,54,5.0,2000000.0,1498
8047073,1,1,1,10,2024,1,61,5.0,2800000.0,20930
8083800,1,2,1,10,2024,2,44,12.0,7000000.0,59769
8052722,1,1,1,10,2024,1,73,3.0,500000.0,33437
8080710,1,3,1,10,2024,2,57,3.0,2250000.0,53623
8050990,1,1,1,10,2024,1,35,10.0,6000000.0,29405
8055457,1,1,1,10,2024,1,74,5.0,1000000.0,39401
8077241,1,2,1,10,2024,2,37,5.0,800000.0,45810
8044538,1,1,1,10,2024,2,26,4.0,600000.0,14831
8042548,1,2,1,10,2024,2,57,3.0,680000.0,10045
8051972,1,2,1,10,2024,1,32,5.0,1350000.0,31540
8039687,1,2,1,10,2024,1,19,8.0,1300000.0,3520
8049108,1,4,1,10,2024,2,24,5.0,1300000.0,24933
8046256,1,2,1,10,2024,2,41,5.0,450000.0,19064
8083069,1,2,1,10,2024,2,39,5.0,4000000.0,58248
8042962,1,2,1,10,2024,1,52,5.0,700000.0,10840
8075857,1,3,1,10,2024,1,30,3.0,2500000.0,42273
8083979,1,2,1,10,2024,1,37,5.0,3200000.0,60128
8044317,1,2,1,10,2024,1,70,3.0,240000.0,14218
8078422,1,1,1,10,2024,1,72,3.0,180000.0,48371
8084042,1,3,1,10,2024,1,22,9.0,1300000.0,60328
8084174,1,1,1,10,2024,1,48,4.0,900000.0,60609
8081263,1,1,1,10,2024,1,46,5.0,900000.0,54730
8044458,1,1,1,10,2024,1,64,3.0,1000000.0,14597
8038849,1,2,1,10,2024,1,40,8.0,2500000.0,1636
8049817,1,1,1,10,2024,1,68,3.0,1100000.0,26437
8049085,1,2,1,10,2024,2,44,8.0,2400000.0,24885
8055013,1,1,1,10,2024,1,66,4.0,400000.0,38561
8044342,1,1,1,10,2024,2,46,5.0,1060000.0,14286
8038376,1,1,1,10,2024,2,35,9.0,3000000.0,512
8043517,1,2,1,10,2024,1,33,10.0,1300000.0,12218
8085906,1,2,1,10,2024,2,41,12.0,15000000.0,63039
8054399,1,1,1,10,2024,2,49,5.0,450000.0,37181
8078995,1,1,1,10,2024,1,69,4.0,500000.0,49626
8083332,1,1,1,10,2024,2,60,4.0,600000.0,58861
8044477,1,2,1,10,2024,2,40,11.0,4900000.0,14650
8084262,1,3,1,10,2024,2,16,4.0,1150000.0,60839
8049937,1,1,1,10,2024,1,59,5.0,1300000.0,26718
8052099,1,5,1,10,2024,1,38,1.0,800000.0,31841
8051958,1,1,1,10,2024,2,53,3.0,5000000.0,31509
8048145,1,3,1,10,2024,1,20,10.0,1300000.0,23172
8084390,1,1,1,10,2024,1,26,5.0,1300000.0,61114
8053822,1,2,1,10,2024,2,52,9.0,1500000.0,35955
8075639,1,2,1,10,2024,1,38,4.0,900000.0,41688
8051976,1,2,1,10,2024,1,18,8.0,1400000.0,31549
8077751,1,1,1,10,2024,2,23,10.0,1300000.0,46881
8052219,1,1,1,10,2024,2,50,1.0,400000.0,32140
8081085,1,2,1,10,2024,1,23,5.0,400000.0,54377
8038256,1,2,1,10,2024,1,43,6.0,800000.0,186
8043039,1,1,1,10,2024,2,55,5.0,2200000.0,10994
8048122,1,1,1,10,2024,1,29,5.0,1300000.0,23100
8080179,1,2,1,10,2024,2,58,11.0,4500000.0,52496
8049820,1,4,1,10,2024,1,17,4.0,800000.0,26445
8050394,1,2,1,10,2024,2,49,5.0,3000000.0,27836
8047059,1,2,1,10,2024,2,52,5.0,1300000.0,20909
8079291,1,1,1,10,2024,2,40,3.0,600000.0,50404
8055123,1,1,1,10,2024,2,51,3.0,1240000.0,38736
8041837,1,1,1,10,2024,1,50,6.0,1300000.0,8375
8081478,1,1,1,10,2024,2,40,8.0,500000.0,55235
8040042,1,2,1,10,2024,2,46,10.0,2000000.0,4247
8083266,1,4,1,10,2024,2,62,5.0,600000.0,58706
8045634,1,2,1,10,2024,2,26,6.0,1300000.0,17789
8052810,1,1,1,10,2024,2,53,1.0,1300000.0,33643
8041632,1,1,1,10,2024,2,59,11.0,4000000.0,8017
8075569,1,2,1,10,2024,2,46,5.0,700000.0,41449
8048346,1,2,1,10,2024,2,22,4.0,290000.0,23550
8083243,1,2,1,10,2024,2,35,5.0,1200000.0,58647
8052054,1,2,1,10,2024,2,53,5.0,120000.0,31711
8049514,1,1,1,10,2024,2,49,4.0,800000.0,25660
8046351,1,1,1,10,2024,2,26,8.0,1300000.0,19349
8052590,1,1,1,10,2024,2,35,10.0,1800000.0,33182
8053192,1,1,1,10,2024,2,48,8.0,1500000.0,34577
8054462,1,3,1,10,2024,2,26,10.0,1300000.0,37343
8039485,1,1,1,10,2024,2,42,8.0,1300000.0,3145
8039062,1,2,1,10,2024,2,36,10.0,2800000.0,2178
8049121,1,1,1,10,2024,2,46,8.0,2000000.0,24951
8049682,1,1,1,10,2024,2,29,5.0,900000.0,26061
8043725,1,1,1,10,2024,2,34,8.0,1500000.0,12729
8041388,1,1,1,10,2024,2,27,9.0,1462000.0,7435
8080544,1,1,1,10,2024,2,49,5.0,1000000.0,53285
8051018,1,1,1,10,2024,1,73,5.0,1500000.0,29482
8043836,1,3,1,10,2024,1,34,6.0,800000.0,13021
8050499,1,1,1,10,2024,2,66,3.0,200000.0,28122
8049133,1,1,1,10,2024,2,41,8.0,1700000.0,24975
8083992,1,2,1,10,2024,2,37,9.0,1800000.0,60171
8075713,1,2,1,10,2024,1,17,5.0,800000.0,41892
8051330,1,1,1,10,2024,2,47,3.0,500000.0,29905
8049860,1,5,1,10,2024,2,46,3.0,1100000.0,26534
8081581,1,1,1,10,2024,2,27,10.0,1100000.0,55431
8076152,1,2,1,10,2024,2,52,5.0,280000.0,43159
8083939,1,1,1,10,2024,1,61,11.0,14000000.0,60002
8049302,1,1,1,10,2024,1,23,8.0,1462000.0,25311
8082896,1,3,1,10,2024,1,22,3.0,1200000.0,57862
8076714,1,2,1,10,2024,2,43,11.0,4000000.0,44512
8079383,1,1,1,10,2024,2,40,1.0,200000.0,50609
8054117,1,1,1,10,2024,1,30,5.0,600000.0,36531
8044740,1,1,1,10,2024,1,21,5.0,800000.0,15362
8043270,1,1,1,10,2024,2,38,5.0,1900000.0,11539
8053054,1,1,1,10,2024,1,33,10.0,1738000.0,34316
8038724,1,2,1,10,2024,2,36,8.0,1300000.0,1326
8046342,1,2,1,10,2024,2,38,11.0,18000000.0,19334
8081761,1,2,1,10,2024,2,29,10.0,1300000.0,55718
8077562,1,1,1,10,2024,1,34,3.0,1500000.0,46481
8048715,1,1,1,10,2024,2,37,9.0,1600000.0,24188
8052520,1,1,1,10,2024,1,51,5.0,550000.0,32992
8076181,1,4,1,10,2024,1,18,8.0,550000.0,43251
8076943,1,1,1,10,2024,1,60,6.0,2000000.0,45017
8046547,1,1,1,10,2024,2,35,8.0,1500000.0,19839
8043303,1,1,1,10,2024,2,24,5.0,261333.0,11633
8041139,1,2,1,10,2024,2,21,10.0,1500000.0,6886
8076313,1,2,1,10,2024,2,21,5.0,1000000.0,43559
8081529,1,1,1,10,2024,1,43,8.0,2000000.0,55362
8038893,1,1,1,10,2024,2,64,5.0,1300000.0,1744
8051341,1,1,1,10,2024,1,48,3.0,1300000.0,29934
8076637,1,2,1,10,2024,2,32,5.0,700000.0,44335
8038979,1,2,1,10,2024,2,32,10.0,2500000.0,1960
8041365,1,1,1,10,2024,1,42,5.0,800000.0,7365
8051276,1,2,1,10,2024,2,38,10.0,600000.0,29741
8079354,1,2,1,10,2024,1,34,5.0,1000000.0,50551
8079867,1,4,1,10,2024,1,19,10.0,1300000.0,51787
8040213,1,3,1,10,2024,2,24,10.0,1300000.0,4685
8039279,1,1,1,10,2024,2,34,5.0,360000.0,2765
8052791,1,4,1,10,2024,2,27,6.0,1300000.0,33605
8044337,1,1,1,10,2024,2,43,5.0,1954800.0,14273
8083255,1,1,1,10,2024,1,58,5.0,1600000.0,58676
8042841,1,2,1,10,2024,2,25,5.0,1400000.0,10672
8078709,1,1,1,10,2024,1,58,3.0,900000.0,48985
8085801,1,1,1,10,2024,2,28,5.0,500000.0,62903
8038350,1,1,1,10,2024,1,41,10.0,3560000.0,431
8085081,1,1,1,10,2024,1,54,4.0,500000.0,62576
8045795,1,1,1,10,2024,2,35,10.0,4600000.0,18196
8076158,1,1,1,10,2024,2,50,3.0,600000.0,43164
8083396,1,1,1,10,2024,2,54,4.0,850000.0,58979
8082509,1,2,1,10,2024,2,44,10.0,2300000.0,56867
8051878,1,2,1,10,2024,1,18,8.0,900000.0,31311
8079416,1,1,1,10,2024,1,43,3.0,300000.0,50682
8040507,1,5,1,10,2024,1,27,5.0,720000.0,5392
8041416,1,2,1,10,2024,1,24,5.0,0.0,7507
8086372,1,1,1,10,2024,1,61,9.0,3000000.0,63553
8084859,1,1,1,10,2024,1,68,4.0,0.0,62072
8084014,1,1,1,10,2024,2,34,4.0,200000.0,60230
8082254,1,1,1,10,2024,2,61,11.0,5600000.0,56354
8084752,1,1,1,10,2024,2,56,4.0,1300000.0,61841
8044504,1,2,1,10,2024,2,38,5.0,650000.0,14719
8077604,1,2,1,10,2024,2,35,5.0,1200000.0,46581
8047659,1,2,1,10,2024,1,42,5.0,1300000.0,22081
8077776,1,3,1,10,2024,1,39,3.0,1800000.0,46937
8042086,1,1,1,10,2024,1,59,10.0,2500000.0,8989
8083684,1,1,1,10,2024,1,33,10.0,1700000.0,59545
8076217,1,1,1,10,2024,1,38,3.0,220000.0,43322
8038708,1,2,1,10,2024,2,54,5.0,1300000.0,1285
8042153,1,5,1,10,2024,1,19,4.0,500000.0,9186
8055640,1,2,1,10,2024,1,59,5.0,1300000.0,39664
8042834,1,1,1,10,2024,2,52,5.0,1900000.0,10642
8054604,1,2,1,10,2024,2,46,1.0,120000.0,37602
8048537,1,1,1,10,2024,1,31,4.0,1000000.0,23887
8050821,1,1,1,10,2024,1,42,5.0,1300000.0,28930
8048130,1,1,1,10,2024,2,35,10.0,1358000.0,23129
8076643,1,2,1,10,2024,1,24,5.0,1800000.0,44351
8040355,1,1,1,10,2024,1,77,3.0,200000.0,5020
8080762,1,1,1,10,2024,2,45,4.0,1200000.0,53707
8053333,1,1,1,10,2024,2,38,10.0,1400000.0,34914
8049234,1,2,1,10,2024,1,37,4.0,1800000.0,25159
8051120,1,1,1,10,2024,2,70,3.0,450000.0,29620
8083526,1,3,1,10,2024,1,47,8.0,1000000.0,59239
8041114,1,2,1,10,2024,2,28,5.0,1300000.0,6826
8078684,1,2,1,10,2024,2,39,11.0,2800000.0,48927
8050132,1,1,1,10,2024,1,60,3.0,800000.0,27170
8053532,1,1,1,10,2024,2,42,5.0,1300000.0,35328
8043875,1,1,1,10,2024,2,31,5.0,1300000.0,13111
8079802,1,1,1,10,2024,1,43,10.0,6500000.0,51592
8053570,1,4,1,10,2024,1,21,5.0,900000.0,35415
8076221,1,1,1,10,2024,1,57,1.0,460000.0,43333
8039677,1,2,1,10,2024,1,37,5.0,2200000.0,3495
8040276,1,1,1,10,2024,2,65,3.0,850000.0,4838
8048289,1,3,1,10,2024,1,25,8.0,1300000.0,23442
8079350,1,1,1,10,2024,2,50,4.0,100000.0,50543
8047646,1,1,1,10,2024,2,67,3.0,600000.0,22066
8053660,1,1,1,10,2024,1,37,10.0,1300000.0,35627
8042597,1,1,1,10,2024,1,54,10.0,3000000.0,10118
8047193,1,1,1,10,2024,1,54,4.0,1350000.0,21162
8080549,1,1,1,10,2024,2,58,4.0,720000.0,53296
8052277,1,1,1,10,2024,1,50,8.0,1000000.0,32307
8080174,1,2,1,10,2024,1,64,11.0,2600000.0,52480
8081755,1,2,1,10,2024,1,32,4.0,1300000.0,55692
8040945,1,1,1,10,2024,1,25,10.0,5000000.0,6413
8048850,1,5,1,10,2024,2,37,8.0,350000.0,24435
8039625,1,2,1,10,2024,1,32,5.0,1650000.0,3393
8077701,1,1,1,10,2024,1,37,6.0,1800000.0,46773
8050774,1,1,1,10,2024,2,46,12.0,4900000.0,28800
8042028,1,1,1,10,2024,1,43,4.0,1300000.0,8916
8079944,1,2,1,10,2024,2,35,10.0,3000000.0,51956
8046741,1,2,1,10,2024,2,37,5.0,1400000.0,20334
8079723,1,2,1,10,2024,1,42,3.0,900000.0,51308
8046293,1,3,1,10,2024,1,19,3.0,1050000.0,19201
8041371,1,2,1,10,2024,2,34,5.0,1462000.0,7391
8043849,1,1,1,10,2024,1,60,8.0,1400000.0,13040
8054684,1,2,1,10,2024,1,79,10.0,1200000.0,37804
8046456,1,3,1,10,2024,1,33,5.0,1500000.0,19584
8041878,1,3,1,10,2024,1,40,10.0,3700000.0,8505
8082724,1,1,1,10,2024,1,30,8.0,2000000.0,57412
8052194,1,1,1,10,2024,1,65,3.0,600000.0,32068
8084898,1,1,1,10,2024,1,78,4.0,600000.0,62159
8084788,1,2,1,10,2024,2,28,5.0,1600000.0,61914
8055998,1,1,1,10,2024,1,44,8.0,2000000.0,40407
8080130,1,1,1,10,2024,1,53,3.0,1200000.0,52371
8044041,1,1,1,10,2024,1,65,9.0,10000000.0,13497
8084891,1,1,1,10,2024,1,48,5.0,0.0,62137
8054242,1,2,1,10,2024,2,46,5.0,600000.0,36808
8075634,1,3,1,10,2024,2,36,5.0,900000.0,41656
8084754,1,1,1,10,2024,1,38,6.0,1600000.0,61846
8042679,1,2,1,10,2024,1,25,3.0,1200000.0,10294
8040436,1,2,1,10,2024,2,36,3.0,950000.0,5217
8046907,1,3,1,10,2024,2,34,10.0,560000.0,20707
8052371,1,2,1,10,2024,2,49,4.0,100000.0,32599
8077213,1,1,1,10,2024,1,57,3.0,1120000.0,45741
8084974,1,4,1,10,2024,1,42,5.0,1500000.0,62345
8048048,1,4,1,10,2024,2,25,5.0,0.0,22909
8043598,1,1,1,10,2024,1,69,3.0,320000.0,12406
8045158,1,1,1,10,2024,2,56,12.0,6000000.0,16486
8045936,1,1,1,10,2024,1,28,5.0,1000000.0,18279
8046515,1,4,1,10,2024,2,23,5.0,400000.0,19748
8043697,1,2,1,10,2024,2,57,3.0,500000.0,12654
8077143,1,2,1,10,2024,2,49,4.0,900000.0,45554
8049252,1,4,1,10,2024,1,55,10.0,1300000.0,25199
8076258,1,4,1,10,2024,1,18,3.0,600000.0,43438
8082778,1,2,1,10,2024,2,39,10.0,1657000.0,57551
8051287,1,1,1,10,2024,2,32,6.0,1300000.0,29770
8052541,1,1,1,10,2024,1,40,5.0,1800000.0,33045
8041164,1,1,1,10,2024,1,32,8.0,2000000.0,6946
8047127,1,1,1,10,2024,2,42,12.0,4973000.0,21024
8051912,1,1,1,10,2024,2,32,8.0,1800000.0,31392
8050869,1,1,1,10,2024,2,37,5.0,400000.0,29052
8076450,1,2,1,10,2024,1,30,4.0,630000.0,43877
8045500,1,2,1,10,2024,2,58,1.0,150000.0,17450
8040895,1,3,1,10,2024,1,26,11.0,3200000.0,6301
8047565,1,1,1,10,2024,1,26,10.0,1500000.0,21862
8048314,1,2,1,10,2024,2,34,10.0,3000000.0,23503
8038734,1,3,1,10,2024,2,60,5.0,1300000.0,1348
8038305,1,2,1,10,2024,2,26,10.0,4000000.0,321
8083719,1,4,1,10,2024,2,49,8.0,2000000.0,59617
8052336,1,1,1,10,2024,2,28,9.0,450000.0,32488
8047212,1,5,1,10,2024,1,58,5.0,600000.0,21206
8085078,1,1,1,10,2024,1,21,5.0,1600000.0,62569
8052959,1,2,1,10,2024,1,23,4.0,1300000.0,34030
8085710,1,1,1,10,2024,2,64,11.0,3000000.0,62673
8041037,1,2,1,10,2024,1,25,5.0,1300000.0,6645
8039456,1,1,1,10,2024,1,64,5.0,1200000.0,3081
8044698,1,1,1,10,2024,1,52,3.0,1100000.0,15261
8041856,1,3,1,10,2024,2,43,5.0,1300000.0,8443
8052984,1,1,1,10,2024,2,58,1.0,200000.0,34100
8046074,1,1,1,10,2024,2,51,4.0,1700000.0,18652
8082620,1,1,1,10,2024,1,51,3.0,1200000.0,57116
8078082,1,2,1,10,2024,2,53,3.0,240000.0,47586
8038835,1,1,1,10,2024,1,48,10.0,70000000.0,1602
8051561,1,1,1,10,2024,1,61,9.0,3000000.0,30483
8045141,1,2,1,10,2024,1,31,10.0,1358000.0,16447
8045501,1,1,1,10,2024,1,45,1.0,400000.0,17451
8082165,1,1,1,10,2024,2,52,8.0,1300000.0,56230
8053490,1,1,1,10,2024,2,60,9.0,2500000.0,35245
8046349,1,2,1,10,2024,2,51,5.0,1300000.0,19343
8038270,1,6,1,10,2024,1,17,4.0,500000.0,233
8077398,1,3,1,10,2024,2,32,5.0,600000.0,46165
8056258,1,3,1,10,2024,1,27,10.0,3300000.0,40961
8050225,1,1,1,10,2024,1,42,5.0,1500000.0,27397
8053483,1,1,1,10,2024,1,39,12.0,20000000.0,35237
8075642,1,1,1,10,2024,2,76,1.0,250000.0,41698
8076846,1,1,1,10,2024,1,49,9.0,4000000.0,44818
8083443,1,2,1,10,2024,1,40,5.0,1300000.0,59085
8076332,1,1,1,10,2024,1,52,3.0,450000.0,43604
8042013,1,2,1,10,2024,1,18,5.0,1000000.0,8872
8043217,1,1,1,10,2024,2,72,3.0,500000.0,11415
8051943,1,1,1,10,2024,1,26,5.0,1300000.0,31465
8077967,1,6,1,10,2024,1,58,3.0,100000.0,47333
8048523,1,2,1,10,2024,1,22,4.0,840000.0,23850
8045053,1,1,1,10,2024,1,44,5.0,1800000.0,16208
8044628,1,3,1,10,2024,1,29,9.0,1460000.0,15076
8041396,1,3,1,10,2024,2,55,10.0,1300000.0,7456
8043315,1,1,1,10,2024,1,50,1.0,600000.0,11657
8044459,1,3,1,10,2024,1,27,6.0,1200000.0,14600
8080792,1,1,1,10,2024,1,40,10.0,200000.0,53764
8043083,1,2,1,10,2024,1,47,1.0,100000.0,11109
8077211,1,3,1,10,2024,1,16,4.0,400000.0,45735
8044605,1,1,1,10,2024,2,46,10.0,4200000.0,15016
8084043,1,2,1,10,2024,2,50,5.0,1500000.0,60331
8076779,1,3,1,10,2024,2,20,5.0,1300000.0,44682
8046359,1,3,1,10,2024,2,46,4.0,1300000.0,19374
8040064,1,1,1,10,2024,1,35,8.0,1300000.0,4293
8039277,1,3,1,10,2024,2,35,11.0,2500000.0,2761
8056389,1,4,1,10,2024,2,28,5.0,500000.0,41229
8082857,1,3,1,10,2024,2,45,10.0,2500000.0,57749
8076736,1,2,1,10,2024,2,49,9.0,1792000.0,44573
8078930,1,1,1,10,2024,1,40,4.0,950000.0,49470
8042666,1,1,1,10,2024,2,58,3.0,1250000.0,10260
8040630,1,1,1,10,2024,2,44,4.0,660000.0,5677
8055008,1,5,1,10,2024,2,40,10.0,1700000.0,38550
8078161,1,1,1,10,2024,2,31,5.0,1300000.0,47763
8078429,1,1,1,10,2024,2,57,3.0,290000.0,48381
8055586,1,4,1,10,2024,1,22,5.0,1300000.0,39593
8079226,1,1,1,10,2024,2,40,1.0,120000.0,50193
8046321,1,2,1,10,2024,1,59,5.0,1000000.0,19277
8038955,1,1,1,10,2024,1,41,8.0,1300000.0,1907
8055402,1,1,1,10,2024,1,50,4.0,1300000.0,39336
8050985,1,3,1,10,2024,2,33,10.0,3500000.0,29389
8079818,1,2,1,10,2024,2,50,10.0,2400000.0,51655
8048723,1,1,1,10,2024,1,41,10.0,3500000.0,24219
8083096,1,1,1,10,2024,2,51,9.0,500000.0,58329
8078210,1,1,1,10,2024,2,45,5.0,650000.0,47886
8040972,1,3,1,10,2024,1,25,5.0,1500000.0,6478
8041959,1,4,1,10,2024,2,66,3.0,950000.0,8731
8083943,1,4,1,10,2024,2,30,6.0,1000000.0,60017
8080326,1,1,1,10,2024,2,54,5.0,1100000.0,52862
8045989,1,1,1,10,2024,2,42,4.0,100000.0,18435
8055119,1,1,1,10,2024,2,34,5.0,1300000.0,38727
8055769,1,5,1,10,2024,2,25,5.0,800000.0,39924
8044912,1,2,1,10,2024,2,48,5.0,1300000.0,15827
8044335,1,1,1,10,2024,2,47,10.0,4000000.0,14269
8055917,1,2,1,10,2024,1,61,3.0,1100000.0,40260
8039579,1,1,1,10,2024,1,53,4.0,1300000.0,3325
8039916,1,1,1,10,2024,2,60,3.0,480000.0,3982
8054673,1,1,1,10,2024,2,32,9.0,2400000.0,37776
8078962,1,1,1,10,2024,2,23,4.0,440000.0,49556
8039933,1,2,1,10,2024,1,27,4.0,1500000.0,4029
8082625,1,1,1,10,2024,2,40,5.0,900000.0,57135
8047095,1,3,1,10,2024,1,37,5.0,1300000.0,20978
8050956,1,2,1,10,2024,2,53,3.0,800000.0,29307
8085085,1,1,1,10,2024,1,33,10.0,3000000.0,62587
8050703,1,1,1,10,2024,2,21,6.0,1450000.0,28626
8046700,1,1,1,10,2024,1,36,8.0,1600000.0,20232
8079878,1,2,1,10,2024,1,53,5.0,1300000.0,51826
8039267,1,2,1,10,2024,2,40,10.0,3500000.0,2729
8040730,1,2,1,10,2024,1,35,3.0,400000.0,5882
8047724,1,1,1,10,2024,1,30,10.0,1600000.0,22208
8078167,1,4,1,10,2024,2,20,8.0,1200000.0,47787
8052768,1,2,1,10,2024,2,26,5.0,1300000.0,33549
8083065,1,1,1,10,2024,1,29,10.0,2500000.0,58241
8050207,1,1,1,10,2024,2,62,4.0,1300000.0,27350
8044763,1,2,1,10,2024,1,29,10.0,4000000.0,15413
8041424,1,1,1,10,2024,1,39,10.0,1500000.0,7526
8039501,1,4,1,10,2024,2,21,8.0,180000.0,3181
8041149,1,1,1,10,2024,2,40,9.0,2500000.0,6914
8038909,1,2,1,10,2024,2,42,3.0,1700000.0,1784
8079977,1,1,1,10,2024,1,60,8.0,1500000.0,52008
8038496,1,2,1,10,2024,1,22,5.0,1300000.0,764
8082126,1,1,1,10,2024,1,68,3.0,130000.0,56150
8050526,1,1,1,10,2024,1,35,5.0,1800000.0,28208
8084779,1,3,1,10,2024,2,28,9.0,1350000.0,61896
8050622,1,3,1,10,2024,2,38,11.0,6000000.0,28453
8053157,1,1,1,10,2024,2,46,8.0,1500000.0,34499
8048263,1,1,1,10,2024,1,24,5.0,6000000.0,23389
8080621,1,1,1,10,2024,1,61,9.0,1800000.0,53442
8080795,1,1,1,10,2024,2,55,3.0,1400000.0,53766
8054704,1,3,1,10,2024,1,29,5.0,1000000.0,37839
8042172,1,2,1,10,2024,2,36,10.0,3200000.0,9235
8050585,1,1,1,10,2024,2,48,3.0,1400000.0,28370
8077085,1,2,1,10,2024,2,38,5.0,1800000.0,45384
8053479,1,1,1,10,2024,2,34,12.0,12000000.0,35231
8079360,1,2,1,10,2024,1,55,3.0,1200000.0,50571
8077676,1,3,1,10,2024,2,66,3.0,700000.0,46719
8078741,1,4,1,10,2024,2,24,8.0,900000.0,49059
8078898,1,3,1,10,2024,2,35,10.0,1500000.0,49390
8044152,1,1,1,10,2024,2,41,11.0,3000000.0,13768
8084551,1,1,1,10,2024,1,31,10.0,5000000.0,61411
8054264,1,3,1,10,2024,2,28,10.0,200000.0,36834
8046081,1,4,1,10,2024,2,32,10.0,5600000.0,18673
8083244,1,1,1,10,2024,1,32,8.0,1300000.0,58651
8046699,1,3,1,10,2024,2,30,11.0,2600000.0,20230
8042520,1,2,1,10,2024,1,54,5.0,2100000.0,9995
8046849,1,1,1,10,2024,2,57,4.0,400000.0,20567
8044627,1,1,1,10,2024,2,44,4.0,200000.0,15071
8078561,1,1,1,10,2024,1,66,1.0,1600000.0,48674
8076416,1,2,1,10,2024,2,52,3.0,400000.0,43793
8048052,1,1,1,10,2024,2,53,5.0,1680000.0,22925
8080795,1,2,1,10,2024,1,38,3.0,1600000.0,53767
8085688,1,1,1,10,2024,1,46,8.0,1300000.0,62628
8055446,1,3,1,10,2024,1,46,10.0,1300000.0,39389
8083127,1,3,1,10,2024,2,31,10.0,1500000.0,58402
8081212,1,3,1,10,2024,2,37,8.0,2000000.0,54583
8044594,1,4,1,10,2024,2,25,9.0,1300000.0,14991
8049768,1,1,1,10,2024,2,58,3.0,300000.0,26306
8083805,1,2,1,10,2024,2,57,8.0,2000000.0,59782
8079224,1,1,1,10,2024,2,21,4.0,200000.0,50181
8047052,1,1,1,10,2024,1,33,10.0,400000.0,20896
8086094,1,1,1,10,2024,2,26,12.0,3000000.0,63262
8045940,1,1,1,10,2024,1,37,5.0,700000.0,18284
8086607,1,2,1,10,2024,1,64,4.0,600000.0,64131
8084816,1,1,1,10,2024,2,59,5.0,1000000.0,61969
8041471,1,1,1,10,2024,1,37,10.0,200000.0,7641
8082809,1,4,1,10,2024,2,66,3.0,600000.0,57647
8044386,1,5,1,10,2024,2,27,9.0,1950000.0,14409
8048434,1,1,1,10,2024,1,29,8.0,2500000.0,23673
8045330,1,1,1,10,2024,2,42,5.0,1300000.0,16959
8041243,1,2,1,10,2024,2,61,1.0,740000.0,7154
8044910,1,1,1,10,2024,2,35,10.0,1500000.0,15823
8042158,1,3,1,10,2024,2,31,11.0,300000.0,9204
8084476,1,1,1,10,2024,1,44,5.0,330000.0,61258
8042483,1,1,1,10,2024,2,59,3.0,1000000.0,9905
8050594,1,1,1,10,2024,2,31,5.0,1300000.0,28390
8046608,1,1,1,10,2024,1,35,5.0,1300000.0,20038
8054595,1,1,1,10,2024,1,35,5.0,1800000.0,37573
8046274,1,5,1,10,2024,2,40,3.0,2050000.0,19122
8041251,1,2,1,10,2024,2,21,5.0,450000.0,7167
8079756,1,1,1,10,2024,2,37,4.0,1200000.0,51459
8049664,1,1,1,10,2024,1,34,5.0,2000000.0,26022
8081073,1,4,1,10,2024,1,41,3.0,700000.0,54356
8050780,1,3,1,10,2024,1,22,9.0,2613000.0,28816
8076590,1,1,1,10,2024,2,47,5.0,3000000.0,44216
8051851,1,1,1,10,2024,2,47,4.0,150000.0,31252
8051925,1,1,1,10,2024,1,33,10.0,1300000.0,31419
8084492,1,2,1,10,2024,2,24,8.0,1500000.0,61297
8078138,1,2,1,10,2024,2,35,5.0,1300000.0,47706
8078199,1,4,1,10,2024,2,22,5.0,800000.0,47859
8050808,1,4,1,10,2024,1,71,3.0,900000.0,28891
8042350,1,1,1,10,2024,2,49,3.0,150000.0,9618
8080157,1,1,1,10,2024,1,32,8.0,1300000.0,52442
8083726,1,2,1,10,2024,2,56,5.0,1300000.0,59629
8051799,1,1,1,10,2024,2,45,10.0,1800000.0,31079
8053312,1,1,1,10,2024,1,59,4.0,1300000.0,34859
8078396,1,2,1,10,2024,2,48,4.0,3600000.0,48332
8038630,1,2,1,10,2024,2,41,10.0,2000000.0,1049
8045999,1,1,1,10,2024,1,52,1.0,300000.0,18455
8051762,1,1,1,10,2024,2,26,5.0,480000.0,30985
8043343,1,1,1,10,2024,2,40,12.0,12000000.0,11745
8085794,1,1,1,10,2024,2,35,5.0,1300000.0,62883
8051507,1,1,1,10,2024,1,20,10.0,800000.0,30371
8075646,1,2,1,10,2024,1,48,5.0,800000.0,41717
8041214,1,1,1,10,2024,1,69,10.0,1100000.0,7090
8086124,1,1,1,10,2024,1,43,12.0,2800000.0,63328
8038568,1,2,1,10,2024,2,24,5.0,120000.0,925
8056484,1,1,1,10,2024,2,38,10.0,3400000.0,41418
8040536,1,2,1,10,2024,1,61,5.0,1300000.0,5460
8082828,1,3,1,10,2024,1,24,5.0,1300000.0,57679
8079749,1,1,1,10,2024,2,47,3.0,750000.0,51427
8039103,1,1,1,10,2024,2,28,8.0,1300000.0,2309
8079666,1,4,1,10,2024,1,39,4.0,500000.0,51171
8078285,1,1,1,10,2024,2,37,8.0,1300000.0,48075
8044909,1,3,1,10,2024,2,18,4.0,400000.0,15820
8044971,1,2,1,10,2024,2,61,4.0,800000.0,15968
8082770,1,2,1,10,2024,2,51,11.0,8671000.0,57526
8083870,1,1,1,10,2024,2,43,5.0,1000000.0,59927
8077009,1,1,1,10,2024,1,50,5.0,1300000.0,45150
8052044,1,2,1,10,2024,2,20,10.0,400000.0,31695
8043431,1,2,1,10,2024,1,28,6.0,2300000.0,11954
8081042,1,2,1,10,2024,2,53,12.0,7000000.0,54285
8055036,1,3,1,10,2024,2,26,5.0,0.0,38631
8080219,1,1,1,10,2024,2,33,5.0,1300000.0,52603
8040409,1,1,1,10,2024,2,42,3.0,1300000.0,5140
8039667,1,2,1,10,2024,2,50,5.0,900000.0,3471
8040743,1,1,1,10,2024,1,28,5.0,2000000.0,5912
8042068,1,5,1,10,2024,1,13,4.0,,8946
8044877,1,1,1,10,2024,2,37,5.0,800000.0,15736
8086119,1,1,1,10,2024,2,61,11.0,4000000.0,63318
8054668,1,1,1,10,2024,1,40,5.0,1300000.0,37760
8081315,1,2,1,10,2024,2,26,8.0,400000.0,54861
8050927,1,1,1,10,2024,2,42,5.0,200000.0,29221
8038818,1,2,1,10,2024,2,34,5.0,2000000.0,1566
8075720,1,1,1,10,2024,1,21,4.0,1000000.0,41905
8078340,1,1,1,10,2024,2,33,4.0,1180000.0,48215
8041206,1,1,1,10,2024,2,27,5.0,764000.0,7069
8083149,1,1,1,10,2024,1,37,9.0,1330000.0,58449
8054796,1,1,1,10,2024,1,46,3.0,1900000.0,38078
8038803,1,2,1,10,2024,1,29,5.0,1300000.0,1531
8080752,1,1,1,10,2024,2,52,3.0,1100000.0,53687
8084782,1,1,1,10,2024,2,26,12.0,4000000.0,61903
8080745,1,2,1,10,2024,2,56,3.0,200000.0,53676
8077270,1,1,1,10,2024,2,63,4.0,150000.0,45893
8049856,1,2,1,10,2024,1,27,4.0,640000.0,26522
8042029,1,2,1,10,2024,2,28,10.0,1500000.0,8920
8048913,1,2,1,10,2024,2,24,9.0,1300000.0,24577
8077698,1,1,1,10,2024,2,40,11.0,3700000.0,46764
8042787,1,1,1,10,2024,2,45,5.0,200000.0,10537
8047159,1,3,1,10,2024,1,52,10.0,1500000.0,21084
8048653,1,1,1,10,2024,2,43,8.0,2800000.0,24052
8083224,1,1,1,10,2024,2,56,10.0,2500000.0,58600
8076059,1,1,1,10,2024,1,52,3.0,2000000.0,42881
8083973,2,1,2,10,2024,1,35,5.0,2300000.0,60114
8049555,1,2,1,10,2024,2,26,5.0,1300000.0,25748
8086011,1,1,1,10,2024,1,51,4.0,200000.0,63193
8051877,1,1,1,10,2024,2,52,5.0,1000000.0,31308
8077592,1,3,1,10,2024,1,34,6.0,1200000.0,46558
8048045,1,1,1,10,2024,1,49,5.0,400000.0,22903
8053335,1,1,1,10,2024,2,33,9.0,2600000.0,34918
8079983,1,1,1,10,2024,1,53,5.0,700000.0,52018
8054233,1,1,1,10,2024,2,30,4.0,1030000.0,36783
8077207,1,1,1,10,2024,2,56,4.0,0.0,45723
8050562,1,1,1,10,2024,2,24,5.0,180000.0,28319
8076566,1,2,1,10,2024,1,66,3.0,500000.0,44167
8075627,1,1,1,10,2024,1,55,5.0,1200000.0,41635
8048506,1,3,1,10,2024,1,25,9.0,1600000.0,23806
8040531,1,1,1,10,2024,2,59,3.0,800000.0,5446
8081778,1,1,1,10,2024,1,37,3.0,600000.0,55736
8038706,1,1,1,10,2024,1,48,10.0,4000000.0,1280
8040363,1,3,1,10,2024,1,27,10.0,800000.0,5034
8056206,1,2,1,10,2024,2,43,8.0,2000000.0,40804
8053582,1,2,1,10,2024,1,44,5.0,1300000.0,35452
8085084,1,1,1,10,2024,2,56,3.0,500000.0,62586
8038819,1,1,1,10,2024,2,33,11.0,3600000.0,1567
8044703,1,1,1,10,2024,2,36,5.0,100000.0,15283
8051723,1,1,1,10,2024,1,39,6.0,3000000.0,30875
8083723,1,3,1,10,2024,2,22,10.0,500000.0,59624
8043008,1,1,1,10,2024,2,43,5.0,800000.0,10932
8052385,1,2,1,10,2024,2,43,3.0,550000.0,32650
8044460,1,3,1,10,2024,2,58,11.0,4500000.0,14604
8077176,1,1,1,10,2024,1,34,3.0,800000.0,45648
8052573,1,1,1,10,2024,1,46,3.0,1900000.0,33136
8047398,1,2,1,10,2024,2,36,8.0,800000.0,21582
8077908,1,1,1,10,2024,1,72,3.0,1100000.0,47185
8048709,1,1,1,10,2024,1,66,4.0,800000.0,24165
8077545,1,2,1,10,2024,1,36,3.0,1400000.0,46440
8084053,1,1,1,10,2024,2,34,10.0,3900000.0,60373
8048858,1,2,1,10,2024,1,56,5.0,840000.0,24455
8038881,1,1,1,10,2024,1,50,10.0,4800000.0,1717
8044182,1,3,1,10,2024,1,39,10.0,3200000.0,13842
8076310,1,1,1,10,2024,1,61,5.0,400000.0,43555
8051993,1,1,1,10,2024,1,33,5.0,1860000.0,31578
8045156,1,2,1,10,2024,1,66,4.0,1200000.0,16482
8086522,1,2,1,10,2024,2,28,5.0,500000.0,63884
8051811,1,1,1,10,2024,1,63,5.0,1200000.0,31114
8043888,1,1,1,10,2024,2,38,8.0,1300000.0,13146
8081512,1,2,1,10,2024,2,65,5.0,1600000.0,55330
8079420,1,3,1,10,2024,1,23,3.0,500000.0,50698
8083289,1,5,1,10,2024,2,26,5.0,1300000.0,58757
8046445,1,1,1,10,2024,1,40,12.0,8900000.0,19559
8044057,1,1,1,10,2024,2,30,9.0,1300000.0,13544
8055513,1,1,1,10,2024,2,43,5.0,2400000.0,39486
8077982,1,2,1,10,2024,2,57,5.0,400000.0,47379
8054872,1,3,1,10,2024,2,23,5.0,1500000.0,38256
8053802,1,1,1,10,2024,2,57,5.0,500000.0,35908
8048431,1,1,1,10,2024,2,60,12.0,5600000.0,23667
8084709,1,2,1,10,2024,2,25,6.0,2700000.0,61727
8082635,1,4,1,10,2024,2,24,5.0,1300000.0,57165
8086495,1,1,1,10,2024,2,21,8.0,1300000.0,63809
8038374,1,1,1,10,2024,2,45,5.0,2000000.0,506
8047850,1,2,1,10,2024,1,78,5.0,1800000.0,22528
8079791,1,1,1,10,2024,1,62,10.0,3900000.0,51572
8042654,1,2,1,10,2024,2,20,5.0,800000.0,10237
8076124,1,1,1,10,2024,1,42,3.0,1850000.0,43073
8038261,1,1,1,10,2024,2,37,4.0,1300000.0,197
8083114,1,2,1,10,2024,2,53,5.0,1300000.0,58369
8047561,1,2,1,10,2024,2,31,5.0,1120000.0,21844
8038535,1,1,1,10,2024,1,32,9.0,1300000.0,857
8081111,1,1,1,10,2024,2,36,9.0,800000.0,54410
8042850,1,2,1,10,2024,2,44,5.0,2000000.0,10689
8046661,1,1,1,10,2024,1,32,9.0,1000000.0,20143
8079520,1,1,1,10,2024,2,45,5.0,1300000.0,50909
8043371,1,1,1,10,2024,1,48,1.0,1000000.0,11807
8039240,1,1,1,10,2024,2,51,9.0,1000000.0,2669
8080312,1,1,1,10,2024,2,66,3.0,200000.0,52830
8049292,1,2,1,10,2024,2,33,5.0,0.0,25292
8076863,1,2,1,10,2024,2,30,5.0,400000.0,44852
8046609,1,1,1,10,2024,1,63,1.0,600000.0,20039
8054730,1,1,1,10,2024,2,43,5.0,800000.0,37912
8038609,1,2,1,10,2024,1,24,10.0,2000000.0,989
8040960,1,2,1,10,2024,2,63,5.0,1000000.0,6445
8038286,1,5,1,10,2024,2,36,10.0,2200000.0,271
8042027,1,2,1,10,2024,1,50,10.0,3600000.0,8914
8049504,1,1,1,10,2024,1,55,4.0,1200000.0,25625
8053081,1,2,1,10,2024,2,55,5.0,800000.0,34357
8083891,1,1,1,10,2024,2,61,5.0,850000.0,59964
8080194,1,3,1,10,2024,2,25,10.0,2000000.0,52533
8038401,1,3,1,10,2024,2,20,10.0,1300000.0,576
8054844,1,2,1,10,2024,1,44,10.0,1300000.0,38182
8082439,1,1,1,10,2024,2,67,11.0,5000000.0,56715
8043246,1,2,1,10,2024,2,53,8.0,2400000.0,11479
8051469,1,1,1,10,2024,1,35,8.0,2150000.0,30268
8046323,1,1,1,10,2024,2,52,5.0,1000000.0,19280
8077078,1,1,1,10,2024,1,89,3.0,1300000.0,45358
8078592,1,2,1,10,2024,2,42,5.0,150000.0,48748
8078559,1,1,1,10,2024,1,42,5.0,1200000.0,48671
8080724,1,1,1,10,2024,1,50,4.0,1300000.0,53642
8049852,1,1,1,10,2024,2,42,8.0,1300000.0,26509
8041198,1,2,1,10,2024,2,58,5.0,500000.0,7049
8040284,1,1,1,10,2024,2,38,8.0,1300000.0,4853
8052574,1,1,1,10,2024,1,70,3.0,1220000.0,33141
8079820,1,1,1,10,2024,1,78,11.0,4000000.0,51663
8084357,1,1,1,10,2024,2,35,10.0,2250000.0,61035
8042437,1,3,1,10,2024,1,21,5.0,500000.0,9810
8086493,1,1,1,10,2024,2,40,9.0,1700000.0,63807
8044358,1,1,1,10,2024,1,63,5.0,1500000.0,14341
8040565,1,1,1,10,2024,2,51,4.0,300000.0,5523
8053352,1,2,1,10,2024,1,34,5.0,1400000.0,34961
8047564,1,2,1,10,2024,1,64,3.0,650000.0,21857
8043266,1,1,1,10,2024,1,43,3.0,1300000.0,11529
8050517,1,3,1,10,2024,1,26,5.0,1200000.0,28188
8086425,1,1,1,10,2024,2,65,11.0,3600000.0,63645
8046928,1,1,1,10,2024,1,57,5.0,1200000.0,20755
8056151,1,1,1,10,2024,1,65,10.0,3100000.0,40705
8053909,1,1,1,10,2024,2,39,11.0,6000000.0,36117
8048587,1,3,1,10,2024,2,20,5.0,1500000.0,23960
8052602,1,1,1,10,2024,2,29,10.0,1650000.0,33218
8055795,1,2,1,10,2024,2,70,3.0,500000.0,39994
8075649,1,1,1,10,2024,1,55,3.0,1000000.0,41726
8039147,1,1,1,10,2024,1,56,8.0,1300000.0,2438
8054977,1,2,1,10,2024,2,49,3.0,500000.0,38486
8077069,1,1,1,10,2024,1,44,4.0,1300000.0,45324
8084390,1,2,1,10,2024,2,36,9.0,500000.0,61115
8054204,1,2,1,10,2024,1,57,3.0,800000.0,36736
8038746,1,2,1,10,2024,2,19,5.0,1441000.0,1384
8048173,1,1,1,10,2024,2,26,5.0,900000.0,23233
8039078,1,1,1,10,2024,1,42,5.0,900000.0,2231
8041580,1,1,1,10,2024,1,68,3.0,1300000.0,7904
8078349,1,1,1,10,2024,2,40,4.0,300000.0,48244
8054353,1,1,1,10,2024,2,41,3.0,500000.0,37068
8083031,1,1,1,10,2024,1,35,9.0,2000000.0,58170
8042742,1,1,1,10,2024,1,27,5.0,1200000.0,10445
8054120,1,1,1,10,2024,1,24,10.0,1300000.0,36542
8076609,1,2,1,10,2024,1,43,1.0,400000.0,44275
8082791,1,2,1,10,2024,1,38,4.0,1300000.0,57582
8054679,1,1,1,10,2024,2,60,5.0,300000.0,37785
8041579,1,1,1,10,2024,2,38,4.0,0.0,7898
8053381,1,1,1,10,2024,1,58,4.0,1460000.0,35064
8038765,1,1,1,10,2024,1,41,5.0,1200000.0,1449
8082727,1,1,1,10,2024,1,39,10.0,1700000.0,57428
8039396,1,1,1,10,2024,1,34,10.0,1900000.0,2969
8045086,1,4,1,10,2024,2,23,6.0,800000.0,16298
8044558,1,2,1,10,2024,1,61,3.0,1000000.0,14892
8053448,1,1,1,10,2024,2,37,11.0,15000000.0,35183
8048305,1,2,1,10,2024,2,33,5.0,600000.0,23475
8050255,1,2,1,10,2024,2,42,5.0,2000000.0,27472
8040229,1,1,1,10,2024,2,38,5.0,800000.0,4736
8078582,1,4,1,10,2024,2,35,5.0,1480000.0,48731
8050824,1,2,1,10,2024,1,48,5.0,1300000.0,28937
8045667,1,1,1,10,2024,1,82,3.0,800000.0,17885
8054670,1,1,1,10,2024,2,42,5.0,700000.0,37770
8083983,1,2,1,10,2024,2,63,5.0,1000000.0,60147
8044094,1,1,1,10,2024,2,41,3.0,800000.0,13646
8085771,1,1,1,10,2024,1,24,10.0,3000000.0,62816
8041392,1,1,1,10,2024,2,31,3.0,700000.0,7446
8041441,1,1,1,10,2024,2,48,5.0,1300000.0,7573
8042743,1,1,1,10,2024,2,34,4.0,900000.0,10447
8083012,1,3,1,10,2024,2,15,4.0,400000.0,58121
8041634,1,4,1,10,2024,1,46,4.0,3500000.0,8027
8055886,1,1,1,10,2024,1,40,13.0,3300000.0,40202
8085770,1,1,1,10,2024,2,34,5.0,200000.0,62814
8047138,1,2,1,10,2024,1,68,4.0,600000.0,21049
8079069,1,3,1,10,2024,1,26,9.0,1700000.0,49802
8078056,1,4,1,10,2024,2,27,10.0,600000.0,47545
8044671,1,2,1,10,2024,2,39,5.0,2000000.0,15189
8054538,1,1,1,10,2024,1,28,10.0,2600000.0,37489
8043354,1,3,1,10,2024,2,31,8.0,1300000.0,11770
8049588,1,1,1,10,2024,1,47,4.0,2000000.0,25824
8055859,1,2,1,10,2024,2,40,11.0,2500000.0,40137
8050090,1,1,1,10,2024,2,47,3.0,360000.0,27095
8083830,1,2,1,10,2024,2,39,8.0,0.0,59834
8079389,1,2,1,10,2024,2,33,10.0,1000000.0,50621
8077573,1,1,1,10,2024,1,45,3.0,1600000.0,46517
8077810,1,3,1,10,2024,2,25,8.0,1300000.0,47011
8048938,1,1,1,10,2024,1,44,8.0,1400000.0,24629
8079824,1,1,1,10,2024,2,37,10.0,7000000.0,51676
8038331,1,3,1,10,2024,2,40,5.0,1300000.0,392
8086113,1,1,1,10,2024,1,25,5.0,1200000.0,63304
8040169,1,3,1,10,2024,2,43,11.0,2200000.0,4550
8042561,1,1,1,10,2024,2,66,5.0,1050000.0,10062
8054548,1,1,1,10,2024,1,51,5.0,2340000.0,37501
8039723,1,4,1,10,2024,2,33,5.0,800000.0,3599
8053069,1,2,1,10,2024,2,51,11.0,10080000.0,34343
8079023,1,5,1,10,2024,2,24,5.0,450000.0,49690
8050129,1,1,1,10,2024,2,58,5.0,200000.0,27165
8040720,1,1,1,10,2024,2,44,1.0,600000.0,5854
8054734,1,1,1,10,2024,1,29,4.0,1200000.0,37926
8053962,1,3,1,10,2024,2,18,5.0,1300000.0,36236
8084093,1,2,1,10,2024,2,26,5.0,800000.0,60483
8079828,1,5,1,10,2024,1,41,3.0,1200000.0,51695
8051831,1,1,1,10,2024,2,50,8.0,1300000.0,31186
8043579,1,3,1,10,2024,2,30,9.0,1300000.0,12357
8078922,1,1,1,10,2024,2,37,5.0,480000.0,49451
8080700,1,2,1,10,2024,2,34,8.0,1300000.0,53609
8045048,1,2,1,10,2024,2,37,5.0,300000.0,16195
8056396,1,2,1,10,2024,1,21,4.0,1000000.0,41249
8056412,1,3,1,10,2024,1,20,5.0,1000000.0,41298
8084560,1,1,1,10,2024,2,51,11.0,2800000.0,61442
8051378,1,1,1,10,2024,2,26,5.0,185000.0,30032
8055035,1,2,1,10,2024,2,32,5.0,1440000.0,38626
8048701,1,2,1,10,2024,2,26,10.0,1000000.0,24143
8054238,1,1,1,10,2024,1,35,4.0,1000000.0,36798
8080349,1,1,1,10,2024,2,52,8.0,1300000.0,52920
8050775,1,1,1,10,2024,2,42,9.0,700000.0,28802
8044624,1,3,1,10,2024,1,36,5.0,1300000.0,15063
8056163,1,1,1,10,2024,1,28,5.0,1150000.0,40730
8051393,1,1,1,10,2024,2,72,3.0,200000.0,30067
8086537,1,1,1,10,2024,1,45,10.0,2700000.0,63917
8048454,1,1,1,10,2024,2,26,5.0,450000.0,23706
8038204,1,1,1,10,2024,1,51,3.0,1000000.0,49
8086676,1,2,1,10,2024,2,28,5.0,400000.0,64303
8040599,1,1,1,10,2024,1,30,5.0,1400000.0,5630
8046323,1,2,1,10,2024,2,24,9.0,1300000.0,19281
8044356,1,3,1,10,2024,2,32,10.0,3889000.0,14337
8050597,1,2,1,10,2024,2,56,5.0,1300000.0,28398
8054172,1,1,1,10,2024,1,38,4.0,300000.0,36648
8042630,1,3,1,10,2024,2,21,10.0,500000.0,10203
8085975,1,8,1,10,2024,2,2,,,63122
8085701,1,1,1,10,2024,1,51,3.0,1000000.0,62665
8044487,1,2,1,10,2024,1,59,5.0,1500000.0,14669
8055590,1,3,1,10,2024,2,40,8.0,2900000.0,39601
8040110,1,1,1,10,2024,1,66,4.0,150000.0,4394
8083631,1,1,1,10,2024,1,53,1.0,200000.0,59453
8079743,1,2,1,10,2024,2,27,4.0,520000.0,51403
8039848,1,1,1,10,2024,2,43,8.0,800000.0,3829
8041507,1,1,1,10,2024,2,61,6.0,2000000.0,7726
8077133,1,3,1,10,2024,1,27,5.0,400000.0,45523
8051950,1,1,1,10,2024,1,36,5.0,1650000.0,31490
8046606,1,7,1,10,2024,1,16,4.0,500000.0,20034
8083387,1,1,1,10,2024,2,48,10.0,5000000.0,58956
8039246,1,1,1,10,2024,2,63,8.0,800000.0,2680
8043945,1,1,1,10,2024,2,53,5.0,700000.0,13288
8083487,1,2,1,10,2024,2,34,5.0,1300000.0,59180
8043075,1,2,1,10,2024,2,55,1.0,200000.0,11089
8076920,1,3,1,10,2024,2,18,5.0,1080000.0,44971
8077580,1,2,1,10,2024,1,35,5.0,1000000.0,46532
8039180,1,1,1,10,2024,1,43,10.0,3800000.0,2516
8084726,1,1,1,10,2024,1,30,10.0,2500000.0,61759
8040417,1,1,1,10,2024,2,23,5.0,1500000.0,5160
8050988,1,2,1,10,2024,2,44,3.0,1700000.0,29395
8076732,1,5,1,10,2024,1,27,5.0,1300000.0,44560
8043589,1,1,1,10,2024,1,62,10.0,5000000.0,12385
8054441,1,1,1,10,2024,1,24,10.0,2500000.0,37294
8039318,1,3,1,10,2024,2,23,5.0,800000.0,2871
8043134,1,1,1,10,2024,2,38,3.0,360000.0,11228
8054479,1,3,1,10,2024,2,27,10.0,3000000.0,37363
8039031,1,5,1,10,2024,1,38,8.0,2000000.0,2080
8045196,1,3,1,10,2024,2,49,5.0,300000.0,16607
8053675,1,1,1,10,2024,1,45,9.0,1900000.0,35664
8047962,1,1,1,10,2024,1,64,4.0,800000.0,22744
8052534,1,1,1,10,2024,2,41,5.0,1800000.0,33029
8050583,1,1,1,10,2024,2,30,5.0,330000.0,28364
8041048,1,2,1,10,2024,2,40,11.0,8400000.0,6675
8046857,1,2,1,10,2024,2,46,12.0,8200000.0,20585
8039460,1,4,1,10,2024,1,33,10.0,2000000.0,3094
8046714,1,2,1,10,2024,2,42,11.0,3500000.0,20269
8040684,1,4,1,10,2024,2,17,5.0,500000.0,5780
8040699,1,2,1,10,2024,2,39,10.0,4136815.0,5809
8078624,1,1,1,10,2024,2,51,5.0,550000.0,48819
8053739,1,1,1,10,2024,2,46,5.0,800000.0,35849
8051473,1,1,1,10,2024,2,62,4.0,800000.0,30282
8086519,1,2,1,10,2024,2,35,9.0,1400000.0,63865
8042406,1,1,1,10,2024,2,39,5.0,1400000.0,9745
8076924,1,1,1,10,2024,2,64,10.0,6000000.0,44980
8046755,1,3,1,10,2024,1,28,10.0,650000.0,20373
8076120,1,1,1,10,2024,2,27,8.0,1300000.0,43059
8076080,1,2,1,10,2024,2,30,5.0,1300000.0,42941
8053465,1,1,1,10,2024,2,23,11.0,2000000.0,35212
8045065,1,1,1,10,2024,1,58,12.0,17000000.0,16238
8047290,1,2,1,10,2024,2,31,8.0,1300000.0,21366
8046978,1,2,1,10,2024,1,36,12.0,10000000.0,20778
8044411,1,2,1,10,2024,2,51,11.0,3000000.0,14461
8082626,1,2,1,10,2024,1,50,4.0,1300000.0,57140
8038932,1,7,1,10,2024,1,35,4.0,1300000.0,1852
8038697,1,1,1,10,2024,1,36,5.0,450000.0,1258
8048196,1,1,1,10,2024,1,38,9.0,400000.0,23261
8080122,1,2,1,10,2024,1,32,4.0,980000.0,52348
8038748,1,3,1,10,2024,1,28,9.0,1600000.0,1391
8043629,1,1,1,10,2024,1,39,5.0,900000.0,12476
8048535,1,1,1,10,2024,2,29,4.0,10000000.0,23876
8049214,1,1,1,10,2024,2,30,10.0,1800000.0,25114
8045453,1,2,1,10,2024,1,45,5.0,1500000.0,17311
8081098,1,1,1,10,2024,2,58,11.0,6200000.0,54396
8042895,1,1,1,10,2024,1,32,5.0,1400000.0,10777
8078656,1,1,1,10,2024,2,43,10.0,3000000.0,48880
8079299,1,2,1,10,2024,1,37,5.0,700000.0,50426
8047104,1,2,1,10,2024,1,36,5.0,1800000.0,21000
8042700,1,1,1,10,2024,1,27,6.0,1000000.0,10347
8039402,1,2,1,10,2024,1,34,5.0,1300000.0,2982
8079819,1,1,1,10,2024,2,41,12.0,9500000.0,51659
8079475,1,2,1,10,2024,1,43,10.0,2600000.0,50830
8038360,1,1,1,10,2024,1,58,10.0,5000000.0,466
8051606,1,2,1,10,2024,1,67,3.0,1300000.0,30587
8080403,1,2,1,10,2024,2,27,10.0,4000000.0,53075
8055380,1,3,1,10,2024,1,57,6.0,1300000.0,39287
8078193,1,1,1,10,2024,1,50,6.0,5841000.0,47832
8052311,1,1,1,10,2024,1,27,8.0,2000000.0,32418
8039548,1,2,1,10,2024,2,38,12.0,9000000.0,3277
8043815,1,1,1,10,2024,1,50,11.0,4000000.0,12975
8047001,1,2,1,10,2024,1,40,3.0,1200000.0,20816
8041856,1,4,1,10,2024,1,44,5.0,1500000.0,8444
8079337,1,1,1,10,2024,1,27,3.0,1380000.0,50522
8043342,1,1,1,10,2024,1,46,10.0,6500000.0,11742
8042396,1,2,1,10,2024,2,42,8.0,4200000.0,9716
8040863,1,1,1,10,2024,2,33,8.0,856000.0,6229
8040939,1,1,1,10,2024,2,29,8.0,550000.0,6399
8076936,1,3,1,10,2024,1,34,8.0,800000.0,45011
8054526,1,1,1,10,2024,2,39,11.0,6000000.0,37468
8078811,1,1,1,10,2024,2,29,5.0,1400000.0,49200
8086400,1,1,1,10,2024,1,61,9.0,3000000.0,63607
8050500,1,2,1,10,2024,2,29,9.0,2400000.0,28129
8056370,1,2,1,10,2024,2,57,3.0,1300000.0,41177
8083834,1,2,1,10,2024,2,46,5.0,1500000.0,59839
8083336,1,1,1,10,2024,1,50,6.0,1000000.0,58875
8078782,1,1,1,10,2024,2,36,5.0,1500000.0,49147
8083675,1,1,1,10,2024,2,69,3.0,140000.0,59526
8041669,1,2,1,10,2024,1,37,4.0,6500000.0,8112
8045267,1,1,1,10,2024,1,50,13.0,3813000.0,16803
8039579,1,2,1,10,2024,2,55,3.0,1300000.0,3326
8049317,1,1,1,10,2024,1,32,8.0,1800000.0,25344
8082969,1,1,1,10,2024,2,46,8.0,1600000.0,58010
8075611,1,2,1,10,2024,1,60,3.0,500000.0,41594
8051400,1,1,1,10,2024,1,58,4.0,1500000.0,30096
8042707,1,1,1,10,2024,2,18,5.0,1000000.0,10366
8076523,1,2,1,10,2024,2,26,4.0,600000.0,44086
8039963,1,1,1,10,2024,1,40,5.0,2600000.0,4090
8043400,1,2,1,10,2024,2,29,4.0,3700000.0,11868
8052297,1,6,1,10,2024,2,37,3.0,250000.0,32380
8040171,1,1,1,10,2024,2,42,11.0,5000000.0,4554
8081459,1,1,1,10,2024,2,54,5.0,1500000.0,55192
8049216,1,2,1,10,2024,1,29,5.0,1000000.0,25116
8077166,1,3,1,10,2024,1,22,4.0,420000.0,45617
8040733,1,1,1,10,2024,2,57,5.0,600000.0,5887
8050690,1,1,1,10,2024,2,27,8.0,1350000.0,28598
8076064,1,1,1,10,2024,1,34,3.0,1000000.0,42900
8085821,1,2,1,10,2024,2,51,4.0,700000.0,62925
8075611,1,3,1,10,2024,1,47,6.0,700000.0,41595
8080628,1,2,1,10,2024,2,45,5.0,1300000.0,53454
8040581,1,1,1,10,2024,1,48,3.0,1800000.0,5575
8041426,1,1,1,10,2024,2,41,10.0,1800000.0,7533
8039702,1,2,1,10,2024,2,19,5.0,240000.0,3548
8044164,1,2,1,10,2024,2,50,5.0,1400000.0,13800
8080886,1,2,1,10,2024,2,35,11.0,4100000.0,53948
8077511,1,1,1,10,2024,1,66,3.0,1000000.0,46363
8045958,1,1,1,10,2024,1,66,3.0,600000.0,18338
8085796,1,2,1,10,2024,2,35,5.0,1600000.0,62891
8076138,1,1,1,10,2024,1,53,3.0,800000.0,43114
8050920,1,1,1,10,2024,2,36,5.0,1200000.0,29199
8080274,1,1,1,10,2024,2,56,10.0,4800000.0,52747
8045776,1,2,1,10,2024,2,54,9.0,0.0,18150
8049293,1,2,1,10,2024,2,56,10.0,7000000.0,25294
8077175,1,1,1,10,2024,1,71,3.0,800000.0,45645
8050269,1,1,1,10,2024,1,28,4.0,500000.0,27506
8043479,1,1,1,10,2024,1,62,5.0,2500000.0,12087
8056469,1,3,1,10,2024,2,26,5.0,1800000.0,41387
8085728,1,3,1,10,2024,1,17,4.0,600000.0,62725
8039960,1,2,1,10,2024,1,21,5.0,700000.0,4088
8081295,1,2,1,10,2024,1,24,10.0,1850000.0,54812
8052416,1,2,1,10,2024,1,38,3.0,450000.0,32740
8077027,1,1,1,10,2024,2,47,13.0,6800000.0,45198
8078708,1,3,1,10,2024,2,17,5.0,400000.0,48984
8045153,1,3,1,10,2024,2,44,10.0,1600000.0,16471
8055411,1,2,1,10,2024,2,43,5.0,1300000.0,39349
8043310,1,3,1,10,2024,1,20,5.0,480000.0,11644
8051551,1,1,1,10,2024,1,61,9.0,3000000.0,30463
8083620,1,2,1,10,2024,2,36,9.0,1300000.0,59433
8039064,1,2,1,10,2024,1,57,3.0,400000.0,2184
8050288,1,3,1,10,2024,2,29,10.0,2300000.0,27549
8053454,1,1,1,10,2024,1,50,11.0,6000000.0,35187
8050848,1,1,1,10,2024,1,24,10.0,3500000.0,29002
8046804,1,4,1,10,2024,1,39,8.0,1500000.0,20485
8046439,1,2,1,10,2024,2,59,11.0,13000000.0,19540
8055888,1,2,1,10,2024,1,30,5.0,2000000.0,40206
8048258,1,1,1,10,2024,2,61,3.0,1000000.0,23387
8085706,1,1,1,10,2024,1,54,3.0,2200000.0,62670
8048133,1,1,1,10,2024,2,59,5.0,600000.0,23137
8042955,1,1,1,10,2024,1,23,4.0,1400000.0,10819
8041387,1,2,1,10,2024,1,29,5.0,800000.0,7433
8047932,1,2,1,10,2024,2,24,9.0,1300000.0,22705
8079170,1,1,1,10,2024,2,41,10.0,5000000.0,50024
8042914,1,1,1,10,2024,1,66,8.0,3000000.0,10808
8043843,1,1,1,10,2024,2,59,12.0,5700000.0,13036
8053375,1,1,1,10,2024,1,70,5.0,1000000.0,35044
8080970,1,1,1,10,2024,2,27,10.0,7300000.0,54135
8039432,1,2,1,10,2024,1,23,10.0,3000000.0,3032
8052855,1,1,1,10,2024,2,35,8.0,1300000.0,33768
8041880,1,1,1,10,2024,2,43,6.0,1300000.0,8508
8075631,1,1,1,10,2024,1,61,3.0,650000.0,41650
8039803,1,1,1,10,2024,1,32,10.0,2200000.0,3752
8054597,1,2,1,10,2024,2,36,10.0,1800000.0,37576
8085789,1,2,1,10,2024,2,34,10.0,1400000.0,62871
8078018,1,1,1,10,2024,2,54,1.0,360000.0,47473
8054940,1,2,1,10,2024,2,46,4.0,800000.0,38408
8054609,1,2,1,10,2024,2,34,10.0,1400000.0,37618
8077132,1,1,1,10,2024,2,33,9.0,300000.0,45517
8079150,1,1,1,10,2024,2,48,3.0,150000.0,49963
8044560,1,1,1,10,2024,2,24,10.0,1300000.0,14894
8051937,1,5,1,10,2024,2,18,6.0,1100000.0,31450
8082963,1,2,1,10,2024,1,49,1.0,1000000.0,57992
8045784,1,1,1,10,2024,1,68,1.0,600000.0,18171
8076528,1,1,1,10,2024,2,24,5.0,200000.0,44095
8045353,1,1,1,10,2024,2,37,9.0,1300000.0,17012
8078649,1,1,1,10,2024,2,21,10.0,1400000.0,48866
8054184,1,1,1,10,2024,2,53,5.0,2000000.0,36693
8078873,1,2,1,10,2024,2,42,5.0,800000.0,49332
8038544,1,1,1,10,2024,1,31,5.0,22900000.0,883
8055661,1,2,1,10,2024,2,61,5.0,1500000.0,39737
8039681,1,3,1,10,2024,2,23,10.0,1500000.0,3509
8078226,1,1,1,10,2024,2,79,3.0,250000.0,47931
8077357,1,2,1,10,2024,2,32,5.0,300000.0,46078
8081236,1,1,1,10,2024,2,41,8.0,450000.0,54643
8053150,1,2,1,10,2024,2,34,8.0,3200000.0,34482
8040982,1,1,1,10,2024,1,51,3.0,1200000.0,6497
8040744,1,4,1,10,2024,2,34,5.0,1000000.0,5919
8052243,1,2,1,10,2024,2,27,9.0,600000.0,32216
8045673,1,1,1,10,2024,2,29,5.0,1300000.0,17896
8083168,1,1,1,10,2024,2,39,10.0,3000000.0,58478
8079750,1,1,1,10,2024,2,57,3.0,900000.0,51435
8084321,1,1,1,10,2024,1,33,4.0,2050000.0,60963
8049563,1,3,1,10,2024,1,40,3.0,400000.0,25774
8045723,1,1,1,10,2024,2,60,10.0,3000000.0,18021
8083283,1,1,1,10,2024,1,57,3.0,1500000.0,58739
8047679,1,2,1,10,2024,1,40,5.0,1400000.0,22127
8039456,1,2,1,10,2024,2,60,5.0,1200000.0,3082
8043959,1,1,1,10,2024,1,48,5.0,1100000.0,13334
8040407,1,1,1,10,2024,1,35,5.0,1300000.0,5135
8085027,1,3,1,10,2024,1,24,6.0,700000.0,62448
8075696,1,2,1,10,2024,1,63,3.0,700000.0,41846
8047086,1,2,1,10,2024,2,45,8.0,350000.0,20960
8038295,1,2,1,10,2024,1,64,5.0,3500000.0,295
8041920,1,1,1,10,2024,2,38,5.0,1300000.0,8609
8081179,1,2,1,10,2024,1,47,5.0,3000000.0,54540
8084739,1,2,1,10,2024,2,23,5.0,1100000.0,61806
8079990,1,2,1,10,2024,2,45,10.0,1780000.0,52031
8081118,1,1,1,10,2024,2,56,3.0,400000.0,54428
8047206,1,1,1,10,2024,1,23,6.0,1500000.0,21188
8053358,1,1,1,10,2024,1,70,3.0,900000.0,34989
8082758,1,1,1,10,2024,2,38,5.0,1500000.0,57506
8044988,1,1,1,10,2024,2,34,10.0,400000.0,16020
8038802,1,1,1,10,2024,2,37,10.0,2500000.0,1528
8044121,1,2,1,10,2024,2,21,6.0,1400000.0,13686
8046704,1,1,1,10,2024,1,37,11.0,3000000.0,20245
8052345,1,2,1,10,2024,2,39,4.0,400000.0,32516
8040842,1,3,1,10,2024,2,36,8.0,1000000.0,6153
8077862,1,1,1,10,2024,2,50,11.0,6400000.0,47115
8053607,1,3,1,10,2024,1,52,8.0,1800000.0,35519
8052664,1,1,1,10,2024,1,64,3.0,0.0,33350
8078410,1,2,1,10,2024,2,30,10.0,1020000.0,48347
8047397,1,2,1,10,2024,1,23,5.0,1300000.0,21579
8043137,1,1,1,10,2024,1,51,5.0,2000000.0,11236
8083641,1,1,1,10,2024,1,68,3.0,1300000.0,59468
8041193,1,2,1,10,2024,2,45,6.0,1500000.0,7036
8075806,1,1,1,10,2024,2,68,3.0,1200000.0,42122
8086281,1,1,1,10,2024,1,40,5.0,700000.0,63393
8047457,1,1,1,10,2024,1,38,11.0,5500000.0,21661
8077926,1,1,1,10,2024,1,73,3.0,300000.0,47234
8049846,1,1,1,10,2024,1,44,5.0,1800000.0,26501
8054461,1,2,1,10,2024,2,65,3.0,400000.0,37337
8039753,1,2,1,10,2024,2,38,6.0,1400000.0,3655
8086675,1,2,1,10,2024,2,46,12.0,2000000.0,64298
8039140,1,1,1,10,2024,1,63,8.0,1100000.0,2422
8044792,1,1,1,10,2024,2,68,3.0,300000.0,15477
8039832,1,1,1,10,2024,1,27,10.0,4000000.0,3801
8080220,1,2,1,10,2024,2,31,9.0,1800000.0,52606
8040929,1,2,1,10,2024,1,54,3.0,1200000.0,6381
8079874,1,2,1,10,2024,1,67,1.0,1450000.0,51810
8084783,1,1,1,10,2024,1,32,10.0,1300000.0,61904
8084420,1,1,1,10,2024,1,27,10.0,7000000.0,61172
8048716,1,4,1,10,2024,1,54,4.0,1300000.0,24200
8055670,1,1,1,10,2024,2,28,9.0,1300000.0,39764
8054846,1,2,1,10,2024,2,34,11.0,4000000.0,38189
8048865,1,2,1,10,2024,2,38,11.0,4000000.0,24471
8043238,1,4,1,10,2024,1,21,5.0,1462000.0,11459
8078931,1,3,1,10,2024,1,27,5.0,1500000.0,49473
8047837,1,2,1,10,2024,2,26,8.0,1300000.0,22498
8055485,1,2,1,10,2024,2,47,5.0,1300000.0,39442
8083758,1,4,1,10,2024,2,51,5.0,1300000.0,59691
8085749,1,1,1,10,2024,2,53,5.0,700000.0,62781
8040566,1,4,1,10,2024,2,35,10.0,1300000.0,5529
8043329,1,2,1,10,2024,1,53,10.0,10000000.0,11693
8051678,1,1,1,10,2024,2,50,10.0,2200000.0,30752
8055390,1,1,1,10,2024,1,35,5.0,1300000.0,39314
8052918,1,2,1,10,2024,2,42,12.0,5000000.0,33912
8053323,1,1,1,10,2024,2,47,10.0,1800000.0,34892
8075957,1,2,1,10,2024,1,55,3.0,200000.0,42570
8055379,1,2,1,10,2024,1,41,10.0,1400000.0,39282
8056389,1,1,1,10,2024,1,45,1.0,800000.0,41226
8041156,1,1,1,10,2024,2,50,3.0,200000.0,6927
8039876,1,1,1,10,2024,2,28,5.0,1400000.0,3881
8041109,1,3,1,10,2024,1,18,4.0,900000.0,6808
8038391,1,1,1,10,2024,1,26,10.0,2200000.0,549
8076075,1,1,1,10,2024,1,31,5.0,1300000.0,42927
8079647,1,1,1,10,2024,2,33,10.0,3200000.0,51125
8081391,1,3,1,10,2024,1,51,3.0,1200000.0,55030
8084842,1,3,1,10,2024,2,28,8.0,2080000.0,62029
8046663,1,1,1,10,2024,2,55,4.0,1000000.0,20146
8081602,1,1,1,10,2024,2,32,5.0,150000.0,55462
8054498,1,2,1,10,2024,2,26,9.0,2000000.0,37399
8044388,1,1,1,10,2024,2,77,3.0,340000.0,14412
8056185,1,1,1,10,2024,2,45,9.0,1500000.0,40757
8086667,1,2,1,10,2024,2,34,3.0,450000.0,64285
8041459,1,2,1,10,2024,1,44,3.0,1300000.0,7606
8054721,1,2,1,10,2024,2,23,8.0,800000.0,37899
8045064,1,1,1,10,2024,1,36,8.0,2200000.0,16235
8077703,1,2,1,10,2024,1,28,5.0,630000.0,46777
8055215,1,2,1,10,2024,2,21,10.0,1400000.0,38966
8055131,1,1,1,10,2024,1,47,3.0,250000.0,38765
8043478,1,2,1,10,2024,2,50,10.0,3500000.0,12083
8053551,1,2,1,10,2024,2,49,8.0,2000000.0,35366
8076136,1,4,1,10,2024,2,21,5.0,200000.0,43111
8046552,1,2,1,10,2024,1,29,10.0,1300000.0,19859
8076410,1,1,1,10,2024,2,43,5.0,400000.0,43786
8041019,1,2,1,10,2024,2,26,5.0,1300000.0,6598
8078686,1,2,1,10,2024,1,58,4.0,2000000.0,48932
8038530,1,3,1,10,2024,2,27,5.0,2100000.0,840
8077016,1,1,1,10,2024,1,58,3.0,1200000.0,45164
8053632,1,1,1,10,2024,2,53,11.0,5000000.0,35575
8050569,1,2,1,10,2024,2,55,5.0,1600000.0,28338
8078767,1,1,1,10,2024,1,34,5.0,1300000.0,49126
8040221,1,3,1,10,2024,1,64,5.0,2000000.0,4709
8080750,1,1,1,10,2024,1,46,4.0,1000000.0,53681
8052027,1,1,1,10,2024,1,31,4.0,3500000.0,31657
8075677,1,1,1,10,2024,1,46,4.0,1000000.0,41791
8038993,1,1,1,10,2024,2,54,5.0,1462000.0,1993
8081673,1,2,1,10,2024,1,23,5.0,300000.0,55584
8052400,1,4,1,10,2024,2,22,3.0,100000.0,32706
8048713,1,1,1,10,2024,2,56,8.0,800000.0,24181
8048306,1,3,1,10,2024,1,33,6.0,2300000.0,23481
8075711,1,1,1,10,2024,1,33,4.0,700000.0,41885
8076516,1,8,1,10,2024,1,24,6.0,2300000.0,44070
8086859,1,2,1,10,2024,2,54,4.0,1200000.0,64599
8039923,1,1,1,10,2024,1,55,3.0,600000.0,4007
8081540,1,1,1,10,2024,2,38,10.0,5000000.0,55383
8045761,1,1,1,10,2024,1,35,5.0,1300000.0,18123
8076181,1,1,1,10,2024,2,59,1.0,640000.0,43248
8049294,1,1,1,10,2024,2,44,11.0,8000000.0,25295
8051403,1,2,1,10,2024,2,31,5.0,1000000.0,30106
8041198,1,4,1,10,2024,1,27,5.0,1300000.0,7051
8052780,1,1,1,10,2024,1,65,5.0,2500000.0,33581
8044481,1,3,1,10,2024,2,24,5.0,1300000.0,14660
8038467,1,1,1,10,2024,1,47,5.0,1462000.0,701
8047604,1,1,1,10,2024,2,32,9.0,5000000.0,21955
8043786,1,2,1,10,2024,2,38,4.0,600000.0,12903
8053148,1,2,1,10,2024,2,44,12.0,4600000.0,34477
8084073,1,2,1,10,2024,2,47,5.0,3000000.0,60439
8050218,1,1,1,10,2024,1,59,3.0,1300000.0,27382
8052372,1,3,1,10,2024,2,25,5.0,300000.0,32604
8050670,1,1,1,10,2024,1,60,4.0,800000.0,28551
8039170,1,1,1,10,2024,1,49,10.0,22000000.0,2509
8050743,1,3,1,10,2024,2,46,5.0,2600000.0,28720
8042389,1,4,1,10,2024,1,26,8.0,1300000.0,9699
8042602,1,1,1,10,2024,1,59,4.0,1200000.0,10127
8050258,1,1,1,10,2024,2,66,8.0,1150000.0,27483
8044521,1,2,1,10,2024,2,52,5.0,400000.0,14777
8086658,1,3,1,10,2024,2,29,10.0,1300000.0,64259
8044900,1,1,1,10,2024,1,59,10.0,5000000.0,15794
8049328,1,2,1,10,2024,2,51,3.0,1000000.0,25372
8082574,1,1,1,10,2024,1,27,4.0,780000.0,57015
8048014,1,2,1,10,2024,2,38,5.0,2000000.0,22857
8084647,1,1,1,10,2024,1,30,5.0,1200000.0,61594
8052341,1,1,1,10,2024,2,47,8.0,800000.0,32506
8080378,1,2,1,10,2024,2,54,1.0,800000.0,53003
8053638,1,2,1,10,2024,1,58,11.0,3000000.0,35600
8083623,1,1,1,10,2024,2,74,5.0,350000.0,59437
8056357,1,3,1,10,2024,1,25,8.0,1300000.0,41148
8086502,1,2,1,10,2024,2,47,8.0,200000.0,63828
8079831,1,1,1,10,2024,1,27,10.0,3000000.0,51698
8042211,1,3,1,10,2024,1,37,10.0,2000000.0,9333
8082675,1,1,1,10,2024,1,62,10.0,4000000.0,57295
8039319,1,1,1,10,2024,2,33,8.0,1300000.0,2872
8052074,1,2,1,10,2024,1,23,4.0,800000.0,31773
8045721,1,1,1,10,2024,2,41,6.0,2000000.0,18016
8052208,1,4,1,10,2024,2,20,8.0,1300000.0,32108
8044366,1,2,1,10,2024,2,54,5.0,1300000.0,14363
8076473,1,1,1,10,2024,2,42,5.0,700000.0,43946
8046476,1,1,1,10,2024,1,70,10.0,2500000.0,19639
8039548,1,1,1,10,2024,1,43,12.0,10000000.0,3276
8046590,1,1,1,10,2024,2,43,8.0,700000.0,19983
8050522,1,1,1,10,2024,1,50,5.0,1300000.0,28199
8041139,1,1,1,10,2024,2,52,10.0,1800000.0,6885
8082639,1,2,1,10,2024,2,45,5.0,1300000.0,57182
8052579,1,2,1,10,2024,1,50,10.0,1500000.0,33156
8076992,1,1,1,10,2024,2,44,5.0,500000.0,45117
8046011,1,1,1,10,2024,1,46,3.0,1150000.0,18485
8049557,1,2,1,10,2024,2,45,5.0,1092000.0,25754
8083134,1,1,1,10,2024,2,44,10.0,2100000.0,58408
8047877,1,3,1,10,2024,1,24,10.0,1300000.0,22608
8042584,1,3,1,10,2024,1,54,9.0,3000000.0,10100
8044657,1,2,1,10,2024,2,34,8.0,1460000.0,15157
8079097,1,4,1,10,2024,1,21,3.0,1000000.0,49859
8056412,1,1,1,10,2024,1,44,5.0,2400000.0,41296
8081337,1,8,1,10,2024,1,57,3.0,1000000.0,54897
8048067,1,2,1,10,2024,2,18,5.0,300000.0,22967
8080751,1,1,1,10,2024,2,36,5.0,1500000.0,53684
8055579,1,1,1,10,2024,1,26,5.0,1300000.0,39575
8081480,1,6,1,10,2024,2,40,10.0,180000.0,55248
8077402,1,1,1,10,2024,2,65,3.0,100000.0,46175
8053964,1,1,1,10,2024,2,63,3.0,1300000.0,36238
8079468,1,3,1,10,2024,2,27,4.0,1300000.0,50814
8051283,1,1,1,10,2024,2,28,8.0,1400000.0,29760
8054046,1,1,1,10,2024,1,68,11.0,7122135.0,36382
8052890,1,1,1,10,2024,1,56,3.0,600000.0,33839
8083657,1,1,1,10,2024,1,30,5.0,1200000.0,59494
8082872,1,2,1,10,2024,1,20,10.0,480000.0,57798
8053357,1,1,1,10,2024,2,42,5.0,700000.0,34985
8049985,1,6,1,10,2024,2,27,3.0,500000.0,26826
8082542,1,2,1,10,2024,2,31,11.0,1300000.0,56946
8083444,1,1,1,10,2024,2,26,10.0,600000.0,59086
8040319,1,1,1,10,2024,1,38,5.0,2100000.0,4942
8076026,1,1,1,10,2024,1,23,5.0,1750000.0,42782
8047914,1,2,1,10,2024,2,59,5.0,680000.0,22684
8043060,1,1,1,10,2024,1,44,3.0,1000000.0,11053
8045520,1,1,1,10,2024,1,46,1.0,850000.0,17512
8053476,1,2,1,10,2024,1,47,11.0,26500000.0,35229
8046819,1,2,1,10,2024,1,80,11.0,2500000.0,20522
8042205,1,2,1,10,2024,2,42,8.0,600000.0,9320
8076789,1,1,1,10,2024,1,61,5.0,1500000.0,44703
8043377,1,2,1,10,2024,1,43,3.0,1300000.0,11819
8039966,1,1,1,10,2024,2,50,9.0,2600000.0,4093
8082795,1,1,1,10,2024,2,63,3.0,900000.0,57597
8080669,1,1,1,10,2024,1,54,5.0,400000.0,53546
8080390,1,1,1,10,2024,1,61,5.0,1000000.0,53041
8079818,1,1,1,10,2024,1,47,11.0,7000000.0,51654
8038522,1,1,1,10,2024,1,42,5.0,1462000.0,821
8054424,1,1,1,10,2024,2,46,4.0,700000.0,37231
8039123,1,1,1,10,2024,1,54,4.0,1600000.0,2365
8086359,1,1,1,10,2024,1,61,9.0,3000000.0,63527
8039041,1,1,1,10,2024,1,53,4.0,500000.0,2123
8050040,1,1,1,10,2024,1,65,1.0,1300000.0,26967
8047177,1,1,1,10,2024,2,51,9.0,1800000.0,21115
8050423,1,2,1,10,2024,2,41,4.0,1400000.0,27891
8084159,1,3,1,10,2024,1,39,3.0,700000.0,60566
8054111,1,5,1,10,2024,2,31,8.0,600000.0,36516
8082474,1,2,1,10,2024,2,46,10.0,1800000.0,56786
8086639,1,1,1,10,2024,1,25,10.0,6000000.0,64195
8085023,1,2,1,10,2024,2,54,5.0,2300000.0,62437
8076674,1,1,1,10,2024,2,42,6.0,600000.0,44421
8053123,1,3,1,10,2024,1,22,5.0,1300000.0,34444
8084392,1,1,1,10,2024,2,70,3.0,600000.0,61122
8055814,1,1,1,10,2024,1,36,11.0,4000000.0,40039
8079945,1,1,1,10,2024,1,27,10.0,1500000.0,51958
8079997,1,1,1,10,2024,2,33,10.0,3150000.0,52045
8051836,1,1,1,10,2024,2,59,8.0,150000.0,31203
8045921,1,1,1,10,2024,1,31,3.0,950000.0,18232
8047890,1,4,1,10,2024,2,18,4.0,850000.0,22635
8053036,1,2,1,10,2024,2,28,12.0,2800000.0,34279
8077729,1,2,1,10,2024,2,31,5.0,800000.0,46835
8044151,1,1,1,10,2024,2,59,4.0,1300000.0,13766
8038410,1,2,1,10,2024,2,44,10.0,4000000.0,602
8053187,1,2,1,10,2024,2,54,3.0,1518000.0,34564
8044549,1,2,1,10,2024,2,55,5.0,500000.0,14866
8082511,1,1,1,10,2024,2,29,3.0,500000.0,56868
8050825,1,2,1,10,2024,1,50,3.0,1000000.0,28940
8086002,1,3,1,10,2024,2,29,10.0,4000000.0,63181
8081928,1,2,1,10,2024,1,41,5.0,1000000.0,55866
8082869,1,2,1,10,2024,2,40,8.0,1300000.0,57785
8052899,1,1,1,10,2024,2,27,5.0,240000.0,33865
8042911,1,1,1,10,2024,1,18,4.0,1500000.0,10804
8053905,1,3,1,10,2024,1,20,9.0,500000.0,36111
8055329,1,1,1,10,2024,2,42,5.0,0.0,39178
8045584,1,2,1,10,2024,2,53,5.0,2000000.0,17676
8040518,1,6,1,10,2024,2,63,5.0,400000.0,5420
8054964,1,1,1,10,2024,2,59,5.0,1300000.0,38448
8042359,1,1,1,10,2024,2,59,11.0,8735104.0,9640
8047219,1,3,1,10,2024,1,45,5.0,1700000.0,21224
8048356,1,1,1,10,2024,2,25,9.0,0.0,23564
8055296,1,2,1,10,2024,1,21,5.0,1450000.0,39119
8050831,1,2,1,10,2024,2,24,8.0,450000.0,28956
8083880,1,1,1,10,2024,2,30,12.0,2000000.0,59950
8038830,1,2,1,10,2024,2,55,10.0,10000000.0,1595
8084196,1,2,1,10,2024,1,34,3.0,500000.0,60681
8083241,1,1,1,10,2024,1,78,3.0,1000000.0,58645
8040686,1,1,1,10,2024,2,37,10.0,2200000.0,5781
8052962,1,6,1,10,2024,1,75,3.0,250000.0,34046
8045741,1,3,1,10,2024,1,25,10.0,3700000.0,18063
8042165,1,3,1,10,2024,2,27,11.0,2700000.0,9215
8042889,1,2,1,10,2024,2,46,5.0,1000000.0,10759
8052429,1,1,1,10,2024,1,26,5.0,1000000.0,32775
8055217,1,2,1,10,2024,2,50,5.0,200000.0,38976
8055830,1,2,1,10,2024,1,30,10.0,2000000.0,40066
8046813,1,2,1,10,2024,2,53,10.0,4000000.0,20510
8046077,1,2,1,10,2024,2,48,5.0,1500000.0,18663
8044786,1,1,1,10,2024,1,23,8.0,2200000.0,15460
8042881,1,3,1,10,2024,2,27,5.0,600000.0,10746
8046367,1,2,1,10,2024,2,49,3.0,1800000.0,19391
8041856,1,5,1,10,2024,1,20,5.0,1200000.0,8445
8077692,1,1,1,10,2024,1,50,5.0,987500.0,46754
8044516,1,7,1,10,2024,1,22,9.0,800000.0,14763
8049618,1,2,1,10,2024,1,34,5.0,900000.0,25905
8052209,1,2,1,10,2024,1,42,4.0,1400000.0,32110
8049846,1,2,1,10,2024,2,54,5.0,780000.0,26502
8050016,1,1,1,10,2024,1,65,3.0,1500000.0,26902
8078107,1,1,1,10,2024,2,61,3.0,160000.0,47644
8077184,1,1,1,10,2024,2,59,11.0,6000000.0,45672
8086578,1,3,1,10,2024,2,32,5.0,500000.0,64037
8051634,1,2,1,10,2024,2,37,5.0,1100000.0,30654
8040866,1,2,1,10,2024,1,44,5.0,6000000.0,6239
8039673,1,1,1,10,2024,2,75,3.0,200000.0,3485
8050502,1,1,1,10,2024,1,64,4.0,200000.0,28135
8050802,1,3,1,10,2024,1,50,3.0,800000.0,28870
8076741,1,1,1,10,2024,1,47,8.0,10000000.0,44585
8078998,1,1,1,10,2024,2,21,5.0,400000.0,49629
8052198,1,2,1,10,2024,1,72,4.0,1850000.0,32084
8086548,1,1,1,10,2024,1,68,1.0,500000.0,63949
8049176,1,2,1,10,2024,2,54,3.0,1300000.0,25057
8041968,1,1,1,10,2024,2,44,3.0,1780000.0,8758
8086650,1,3,1,10,2024,2,36,10.0,1300000.0,64222
8041007,1,1,1,10,2024,1,64,5.0,800000.0,6555
8078313,1,1,1,10,2024,1,54,1.0,900000.0,48151
8081271,1,2,1,10,2024,2,29,8.0,1300000.0,54755
8053580,1,2,1,10,2024,1,50,5.0,1200000.0,35445
8077720,1,4,1,10,2024,2,20,10.0,600000.0,46803
8043850,1,3,1,10,2024,2,42,8.0,1500000.0,13045
8048791,1,4,1,10,2024,1,26,11.0,2000000.0,24305
8075579,1,2,1,10,2024,2,53,5.0,800000.0,41477
8043850,1,4,1,10,2024,1,39,10.0,1800000.0,13046
8052477,1,1,1,10,2024,2,46,4.0,570000.0,32879
8086365,1,1,1,10,2024,1,61,9.0,3000000.0,63539
8048079,1,4,1,10,2024,1,21,8.0,1600000.0,23002
8052102,1,1,1,10,2024,1,67,3.0,1100000.0,31851
8052883,1,1,1,10,2024,1,67,4.0,1000000.0,33824
8056377,1,3,1,10,2024,1,35,10.0,2600000.0,41203
8040057,1,2,1,10,2024,1,44,5.0,600000.0,4287
8046854,1,1,1,10,2024,1,51,5.0,2000000.0,20581
8083756,1,1,1,10,2024,2,32,5.0,1300000.0,59683
8051834,1,3,1,10,2024,1,56,4.0,300000.0,31195
8055181,1,1,1,10,2024,2,46,3.0,500000.0,38889
8053572,1,3,1,10,2024,1,20,5.0,1300000.0,35421
8049568,1,1,1,10,2024,2,41,7.0,2500000.0,25786
8052715,1,1,1,10,2024,1,76,1.0,1500000.0,33421
8053772,1,1,1,10,2024,1,35,11.0,2809000.0,35869
8084633,1,1,1,10,2024,1,64,4.0,2000000.0,61550
8041188,1,1,1,10,2024,1,49,3.0,1450000.0,7025
8055216,1,4,1,10,2024,1,57,3.0,300000.0,38972
8043125,1,1,1,10,2024,1,55,3.0,1100000.0,11199
8056086,1,2,1,10,2024,2,55,5.0,1200000.0,40569
8050958,1,2,1,10,2024,1,40,4.0,1300000.0,29313
8044454,1,2,1,10,2024,2,28,5.0,1300000.0,14590
8083165,1,1,1,10,2024,1,42,11.0,3000000.0,58474
8048707,1,1,1,10,2024,1,28,5.0,1300000.0,24159
8077199,1,2,1,10,2024,2,50,3.0,450000.0,45708
8084487,1,3,1,10,2024,2,29,8.0,1400000.0,61284
8083581,1,1,1,10,2024,1,35,5.0,3550000.0,59355
8080474,1,2,1,10,2024,2,58,1.0,1300000.0,53145
8038562,1,1,1,10,2024,2,26,3.0,660000.0,908
8081564,1,1,1,10,2024,2,44,3.0,250000.0,55413
8078958,1,1,1,10,2024,2,25,5.0,584000.0,49543
8081251,1,1,1,10,2024,1,55,5.0,1500000.0,54700
8051472,1,2,1,10,2024,2,27,8.0,1300000.0,30278
8056469,1,1,1,10,2024,1,50,4.0,500000.0,41385
8049512,1,2,1,10,2024,2,31,8.0,1300000.0,25650
8048935,1,1,1,10,2024,1,60,3.0,1000000.0,24621
8081038,1,1,1,10,2024,2,35,10.0,600000.0,54275
8083070,1,2,1,10,2024,2,53,6.0,400000.0,58253
8042174,1,1,1,10,2024,1,52,4.0,700000.0,9239
8041872,1,2,1,10,2024,2,45,11.0,5664000.0,8489
8080091,1,2,1,10,2024,2,46,4.0,800000.0,52247
8080630,1,2,1,10,2024,2,24,5.0,1100000.0,53459
8081002,1,2,1,10,2024,1,43,4.0,700000.0,54194
8077133,1,1,1,10,2024,1,76,3.0,500000.0,45521
8077357,1,1,1,10,2024,1,33,4.0,1400000.0,46077
8056338,1,4,1,10,2024,1,31,4.0,960000.0,41102
8053712,1,1,1,10,2024,2,44,8.0,2950000.0,35781
8079601,1,1,1,10,2024,1,61,5.0,1800000.0,51043
8040111,1,2,1,10,2024,1,45,6.0,1368000.0,4397
8052813,1,2,1,10,2024,2,55,3.0,1500000.0,33648
8078683,1,1,1,10,2024,1,49,3.0,1500000.0,48924
8045150,1,1,1,10,2024,1,58,5.0,1300000.0,16467
8051929,1,2,1,10,2024,2,25,5.0,1350000.0,31429
8052911,1,1,1,10,2024,2,22,4.0,2050000.0,33891
8077890,1,1,1,10,2024,2,33,5.0,1300000.0,47152
8039107,1,1,1,10,2024,1,36,10.0,2400000.0,2315
8041748,1,2,1,10,2024,2,48,8.0,1462000.0,8237
8078374,1,3,1,10,2024,2,41,6.0,1400000.0,48284
8048824,1,1,1,10,2024,2,45,5.0,1200000.0,24368
8045100,1,1,1,10,2024,2,44,5.0,1340000.0,16336
8050871,1,1,1,10,2024,1,37,5.0,1300000.0,29054
8046805,1,4,1,10,2024,2,36,10.0,2500000.0,20489
8054790,1,2,1,10,2024,1,33,10.0,1300000.0,38071
8077846,1,1,1,10,2024,1,45,3.0,300000.0,47077
8049081,1,3,1,10,2024,1,47,5.0,400000.0,24873
8040366,1,1,1,10,2024,1,40,4.0,1300000.0,5043
8086742,1,1,1,10,2024,1,24,3.0,400000.0,64414
8053223,1,2,1,10,2024,2,46,8.0,1300000.0,34642
8080342,1,1,1,10,2024,2,61,5.0,1000000.0,52904
8046754,1,1,1,10,2024,2,53,3.0,300000.0,20364
8055808,1,1,1,10,2024,2,57,10.0,3000000.0,40016
8081484,1,1,1,10,2024,2,60,1.0,490000.0,55257
8084675,1,1,1,10,2024,1,34,9.0,1300000.0,61661
8038982,1,2,1,10,2024,2,64,4.0,500000.0,1971
8052460,1,1,1,10,2024,2,63,3.0,250000.0,32840
8075583,1,1,1,10,2024,1,62,4.0,900000.0,41487
8053341,1,1,1,10,2024,1,76,10.0,2000000.0,34928
8048634,1,2,1,10,2024,1,42,5.0,1200000.0,24029
8080373,1,1,1,10,2024,2,58,10.0,5000000.0,52986
8077081,1,1,1,10,2024,2,42,6.0,1420000.0,45369
8056141,1,1,1,10,2024,1,31,8.0,1300000.0,40677
8050546,1,2,1,10,2024,1,29,5.0,1600000.0,28273
8084968,1,10,1,10,2024,2,23,5.0,1300000.0,62326
8039959,1,2,1,10,2024,2,49,10.0,2800000.0,4084
8043396,1,2,1,10,2024,2,43,10.0,6200000.0,11856
8079234,1,1,1,10,2024,1,49,5.0,1500000.0,50227
8044016,1,1,1,10,2024,2,54,5.0,2500000.0,13452
8079731,1,2,1,10,2024,2,49,8.0,1300000.0,51343
8043238,1,3,1,10,2024,1,29,5.0,1350000.0,11458
8077931,1,1,1,10,2024,1,36,1.0,900000.0,47252
8047608,1,3,1,10,2024,2,32,8.0,1300000.0,21967
8040115,1,5,1,10,2024,1,60,10.0,1000000.0,4415
8083990,1,1,1,10,2024,2,44,3.0,800000.0,60167
8082389,1,2,1,10,2024,2,43,11.0,3200000.0,56614
8082556,1,1,1,10,2024,1,51,10.0,3500000.0,56980
8077748,1,1,1,10,2024,2,70,3.0,400000.0,46876
8047940,1,3,1,10,2024,2,58,5.0,300000.0,22722
8056072,1,3,1,10,2024,1,56,5.0,1400000.0,40531
8083480,1,1,1,10,2024,1,46,5.0,2200000.0,59161
8050970,1,1,1,10,2024,2,51,3.0,1000000.0,29349
8041909,1,1,1,10,2024,1,39,6.0,1300000.0,8575
8052297,1,1,1,10,2024,2,43,4.0,768000.0,32375
8041364,1,1,1,10,2024,2,71,3.0,400000.0,7362
8075746,1,1,1,10,2024,1,20,4.0,1200000.0,41963
8078301,1,2,1,10,2024,1,22,8.0,600000.0,48117
8078270,1,1,1,10,2024,1,49,3.0,0.0,48029
8081402,1,1,1,10,2024,1,35,12.0,6835150.0,55074
8038342,1,3,1,10,2024,2,38,10.0,2600000.0,414
8050378,1,2,1,10,2024,2,53,11.0,4000000.0,27804
8076977,1,1,1,10,2024,1,43,3.0,700000.0,45083
8076622,1,3,1,10,2024,2,20,5.0,1000000.0,44297
8039701,1,1,1,10,2024,2,40,5.0,600000.0,3544
8055605,1,1,1,10,2024,1,33,10.0,2000000.0,39625
8086012,1,2,1,10,2024,2,27,10.0,6300000.0,63195
8049510,1,4,1,10,2024,1,31,5.0,1300000.0,25646
8078669,1,2,1,10,2024,1,61,10.0,1320000.0,48904
8080832,1,2,1,10,2024,2,27,10.0,1350000.0,53844
8046153,1,1,1,10,2024,1,52,3.0,800000.0,18829
8042027,1,1,1,10,2024,2,49,5.0,1500000.0,8913
8044046,1,2,1,10,2024,2,59,4.0,800000.0,13511
8041861,1,2,1,10,2024,2,33,10.0,4000000.0,8458
8053843,1,1,1,10,2024,1,42,5.0,1200000.0,35992
8040593,1,1,1,10,2024,1,27,5.0,1000000.0,5612
8076488,1,1,1,10,2024,1,74,1.0,220000.0,43995
8048250,1,1,1,10,2024,1,45,3.0,1000000.0,23370
8042339,1,2,1,10,2024,1,26,10.0,400000.0,9592
8080928,1,1,1,10,2024,2,23,5.0,900000.0,54043
8050797,1,1,1,10,2024,1,46,8.0,1800000.0,28856
8051718,1,1,1,10,2024,2,42,9.0,1300000.0,30864
8048117,1,1,1,10,2024,2,57,3.0,500000.0,23084
8047493,1,3,1,10,2024,2,38,10.0,1700000.0,21717
8040085,1,2,1,10,2024,2,41,8.0,700000.0,4328
8044740,1,2,1,10,2024,2,24,8.0,300000.0,15363
8085800,1,2,1,10,2024,2,26,5.0,1300000.0,62901
8080121,1,2,1,10,2024,1,33,5.0,1300000.0,52345
8051262,1,1,1,10,2024,2,52,3.0,450000.0,29705
8038720,1,2,1,10,2024,1,33,5.0,450000.0,1316
8045633,1,1,1,10,2024,1,40,5.0,1700000.0,17785
8047365,1,1,1,10,2024,1,30,8.0,3000000.0,21518
8076756,1,3,1,10,2024,1,24,10.0,600000.0,44622
8051776,1,1,1,10,2024,1,62,12.0,20000000.0,31019
8040097,1,3,1,10,2024,1,28,10.0,1170000.0,4359
8084489,1,1,1,10,2024,2,41,6.0,1360000.0,61285
8047099,1,1,1,10,2024,2,32,5.0,1300000.0,20987
8075816,1,1,1,10,2024,2,34,5.0,1000000.0,42152
8075752,1,1,1,10,2024,1,43,1.0,900000.0,41974
8041052,1,2,1,10,2024,1,34,5.0,1500000.0,6682
8055692,1,3,1,10,2024,2,38,10.0,1300000.0,39833
8048847,1,1,1,10,2024,2,51,3.0,200000.0,24423
8053980,1,1,1,10,2024,1,39,12.0,5800000.0,36264
8078005,1,1,1,10,2024,1,64,3.0,1000000.0,47440
8040747,1,1,1,10,2024,1,51,5.0,800000.0,5928
8043147,1,2,1,10,2024,2,31,5.0,750000.0,11262
8039010,1,1,1,10,2024,1,36,10.0,800000.0,2028
8038403,1,1,1,10,2024,2,59,3.0,300000.0,582
8083958,1,1,1,10,2024,2,54,8.0,3500000.0,60066
8082829,1,1,1,10,2024,2,73,3.0,200000.0,57681
8052201,1,1,1,10,2024,2,74,1.0,100000.0,32090
8056448,1,1,1,10,2024,2,46,10.0,3000000.0,41349
8050063,1,1,1,10,2024,1,58,3.0,1100000.0,27030
8044282,1,2,1,10,2024,1,25,5.0,800000.0,14112
8049754,1,1,1,10,2024,2,37,5.0,1300000.0,26275
8084805,1,1,1,10,2024,1,28,10.0,2000000.0,61942
8044292,1,3,1,10,2024,2,35,10.0,5600000.0,14155
8053876,1,1,1,10,2024,2,58,5.0,1300000.0,36064
8075573,1,1,1,10,2024,2,60,10.0,250000.0,41462
8082998,1,2,1,10,2024,2,60,9.0,2500000.0,58073
8082478,1,3,1,10,2024,1,25,10.0,1200000.0,56800
8079774,1,1,1,10,2024,1,34,5.0,600000.0,51528
8082080,1,1,1,10,2024,2,55,8.0,1300000.0,56068
8043753,1,4,1,10,2024,1,36,5.0,600000.0,12811
8048275,1,3,1,10,2024,2,37,5.0,400000.0,23413
8040039,1,3,1,10,2024,1,22,5.0,1000000.0,4235
8045779,1,2,1,10,2024,2,28,5.0,1100000.0,18160
8056246,1,1,1,10,2024,2,64,3.0,900000.0,40906
8081807,1,1,1,10,2024,2,47,3.0,800000.0,55769
8049749,1,1,1,10,2024,2,32,3.0,1260000.0,26261
8040574,1,1,1,10,2024,1,58,4.0,320000.0,5556
8052772,1,1,1,10,2024,2,35,10.0,700000.0,33554
8055332,1,4,1,10,2024,1,19,9.0,975000.0,39193
8051021,1,1,1,10,2024,2,38,5.0,1300000.0,29492
8052018,1,1,1,10,2024,2,41,8.0,2500000.0,31633
8076164,1,1,1,10,2024,2,64,3.0,400000.0,43191
8047898,1,6,1,10,2024,2,22,5.0,900000.0,22654
8049384,1,1,1,10,2024,2,39,5.0,1060000.0,25484
8077638,1,2,1,10,2024,1,17,5.0,600000.0,46640
8054631,1,1,1,10,2024,1,29,5.0,2000000.0,37678
8052496,1,1,1,10,2024,1,35,3.0,1100000.0,32928
8043207,1,3,1,10,2024,2,27,10.0,2500000.0,11392
8048858,1,3,1,10,2024,1,28,5.0,1300000.0,24456
8054090,1,1,1,10,2024,2,37,8.0,1462000.0,36480
8044097,1,2,1,10,2024,2,24,5.0,400000.0,13654
8041807,1,2,1,10,2024,2,20,6.0,1300000.0,8317
8051297,1,2,1,10,2024,1,18,5.0,700000.0,29797
8052965,1,1,1,10,2024,2,49,5.0,1300000.0,34052
8046643,1,2,1,10,2024,1,30,9.0,1900000.0,20108
8049283,1,2,1,10,2024,2,29,10.0,2200000.0,25277
8047829,1,2,1,10,2024,1,29,5.0,850000.0,22483
8076247,1,1,1,10,2024,1,46,5.0,500000.0,43389
8076072,1,1,1,10,2024,2,55,1.0,160000.0,42921
8052721,1,1,1,10,2024,1,42,3.0,3000000.0,33432
8079423,1,1,1,10,2024,2,22,3.0,400000.0,50705
8046598,1,3,1,10,2024,2,40,8.0,600000.0,20011
8054072,1,2,1,10,2024,1,25,11.0,3000000.0,36437
8081261,1,1,1,10,2024,1,52,3.0,600000.0,54725
8054849,1,2,1,10,2024,2,23,5.0,800000.0,38195
8077180,1,2,1,10,2024,1,26,5.0,1300000.0,45661
8051421,1,1,1,10,2024,2,55,11.0,6000000.0,30158
8043588,1,3,1,10,2024,1,21,10.0,1300000.0,12384
8045424,1,1,1,10,2024,1,41,3.0,1500000.0,17221
8053365,1,2,1,10,2024,2,46,8.0,1600000.0,35008
8044908,1,1,1,10,2024,1,26,4.0,400000.0,15815
8046526,1,1,1,10,2024,1,38,4.0,1350000.0,19781
8045314,1,1,1,10,2024,2,34,5.0,1300000.0,16919
8045189,1,3,1,10,2024,2,16,5.0,0.0,16586
8081237,1,1,1,10,2024,2,43,6.0,400000.0,54647
8077137,1,2,1,10,2024,2,47,5.0,1300000.0,45534
8075957,1,1,1,10,2024,2,59,3.0,250000.0,42569
8086654,1,1,1,10,2024,2,43,10.0,120000.0,64240
8051834,1,5,1,10,2024,2,42,8.0,1300000.0,31197
8084477,1,1,1,10,2024,1,52,6.0,300000.0,61259
8045635,1,1,1,10,2024,1,50,10.0,900000.0,17791
8081702,1,1,1,10,2024,2,54,4.0,2000000.0,55639
8053091,1,1,1,10,2024,2,49,9.0,1600000.0,34373
8049638,1,1,1,10,2024,1,31,9.0,4500000.0,25967
8083870,1,2,1,10,2024,1,26,9.0,1670000.0,59928
8043510,1,1,1,10,2024,2,45,3.0,600000.0,12200
8053915,1,1,1,10,2024,2,35,10.0,4800000.0,36132
8051744,1,3,1,10,2024,1,38,9.0,1500000.0,30934
8050405,1,1,1,10,2024,1,61,5.0,1300000.0,27861
8044601,1,1,1,10,2024,1,53,10.0,3600000.0,15008
8050949,1,1,1,10,2024,1,60,3.0,600000.0,29278
8040878,1,1,1,10,2024,1,46,10.0,4000000.0,6264
8055949,1,1,1,10,2024,1,66,4.0,400000.0,40317
8082036,1,1,1,10,2024,2,35,5.0,500000.0,56006
8039972,1,1,1,10,2024,2,29,9.0,1400000.0,4103
8044108,1,2,1,10,2024,2,42,10.0,2600000.0,13665
8055512,1,2,1,10,2024,1,48,3.0,1500000.0,39484
8044650,1,7,1,10,2024,2,63,3.0,120000.0,15142
8077285,1,2,1,10,2024,2,37,10.0,4300000.0,45923
8050784,1,1,1,10,2024,2,43,3.0,960000.0,28828
8051963,1,1,1,10,2024,1,62,5.0,3000000.0,31515
8040889,1,3,1,10,2024,2,18,4.0,1400000.0,6285
8078253,1,1,1,10,2024,2,63,3.0,420000.0,47987
8043499,1,6,1,10,2024,1,27,8.0,250000.0,12160
8045224,1,2,1,10,2024,1,22,5.0,800000.0,16699
8046498,1,2,1,10,2024,2,41,4.0,800000.0,19680
8038912,1,1,1,10,2024,1,48,5.0,2000000.0,1797
8046231,1,1,1,10,2024,2,31,5.0,900000.0,19013
8046128,1,1,1,10,2024,1,61,3.0,900000.0,18776
8051746,1,1,1,10,2024,1,47,3.0,1300000.0,30939
8085691,1,1,1,10,2024,1,38,5.0,1100000.0,62641
8086291,1,2,1,10,2024,2,48,11.0,4000000.0,63427
8075672,1,1,1,10,2024,1,65,1.0,800000.0,41784
8048098,1,2,1,10,2024,2,32,8.0,1100000.0,23045
8084524,1,3,1,10,2024,2,20,5.0,800000.0,61359
8048834,1,3,1,10,2024,1,35,5.0,2400000.0,24397
8042165,1,2,1,10,2024,1,58,10.0,0.0,9214
8077273,1,1,1,10,2024,1,32,5.0,1300000.0,45899
8044891,1,1,1,10,2024,2,31,5.0,680000.0,15763
8083778,1,3,1,10,2024,2,38,10.0,1500000.0,59739
8054710,1,2,1,10,2024,2,32,8.0,1300000.0,37863
8047756,1,2,1,10,2024,2,19,8.0,400000.0,22296
8085713,1,1,1,10,2024,1,40,4.0,1300000.0,62678
8076496,1,1,1,10,2024,1,46,3.0,920000.0,44011
8084901,1,2,1,10,2024,1,36,5.0,1200000.0,62165
8039422,1,1,1,10,2024,2,56,5.0,1450000.0,3017
8038845,1,1,1,10,2024,2,47,5.0,1600000.0,1631
8039397,1,1,1,10,2024,1,53,3.0,2500000.0,2971
8080963,1,1,1,10,2024,2,31,12.0,5400000.0,54126
8085882,1,4,1,10,2024,2,64,5.0,1080000.0,62994
8053697,1,2,1,10,2024,2,53,4.0,500000.0,35736
8079480,1,2,1,10,2024,2,23,5.0,1300000.0,50841
8055494,1,2,1,10,2024,2,40,4.0,950000.0,39458
8043322,1,4,1,10,2024,2,17,4.0,300000.0,11675
8084686,1,1,1,10,2024,2,43,8.0,1300000.0,61689
8051280,1,2,1,10,2024,2,21,5.0,800000.0,29753
8075681,1,1,1,10,2024,1,55,3.0,950000.0,41804
8080363,1,2,1,10,2024,2,34,5.0,1300000.0,52958
8049723,1,1,1,10,2024,1,28,5.0,500000.0,26186
8051849,1,1,1,10,2024,2,24,5.0,900000.0,31247
8080078,1,1,1,10,2024,1,34,5.0,1600000.0,52209
8084045,1,1,1,10,2024,1,66,3.0,1800000.0,60337
8076686,1,4,1,10,2024,1,24,10.0,1000000.0,44441
8044809,1,1,1,10,2024,1,26,3.0,1200000.0,15527
8039764,1,1,1,10,2024,2,56,10.0,3000000.0,3683
8076380,1,1,1,10,2024,1,39,3.0,1600000.0,43710
8050535,1,1,1,10,2024,1,34,5.0,1300000.0,28243
8048883,1,1,1,10,2024,1,35,8.0,2000000.0,24504
8054447,1,2,1,10,2024,2,37,5.0,350000.0,37303
8049823,1,2,1,10,2024,2,25,5.0,800000.0,26457
8041210,1,1,1,10,2024,1,69,5.0,280000.0,7079
8076584,1,2,1,10,2024,2,71,3.0,270000.0,44205
8080956,1,2,1,10,2024,1,16,4.0,1000000.0,54107
8051567,1,1,1,10,2024,1,61,9.0,3000000.0,30495
8041108,1,4,1,10,2024,2,31,5.0,700000.0,6803
8044056,1,3,1,10,2024,2,19,4.0,700000.0,13542
8042597,1,2,1,10,2024,2,59,10.0,2000000.0,10119
8084959,1,1,1,10,2024,2,38,5.0,1800000.0,62290
8041237,1,1,1,10,2024,2,27,11.0,2800000.0,7144
8040140,1,1,1,10,2024,1,36,8.0,2500000.0,4478
8083875,1,2,1,10,2024,1,30,5.0,2500000.0,59941
8048840,1,1,1,10,2024,2,46,5.0,300000.0,24407
8056337,1,1,1,10,2024,2,41,5.0,900000.0,41097
8040175,1,4,1,10,2024,1,29,3.0,600000.0,4567
8053516,1,2,1,10,2024,2,49,13.0,3500000.0,35288
8041660,1,4,1,10,2024,1,17,4.0,1500000.0,8091
8044343,1,2,1,10,2024,2,29,8.0,2465000.0,14291
8083473,1,3,1,10,2024,1,36,5.0,800000.0,59147
8038538,1,2,1,10,2024,2,22,6.0,1000000.0,870
8043841,1,2,1,10,2024,2,24,5.0,1300000.0,13032
8049920,1,2,1,10,2024,1,53,5.0,1900000.0,26688
8044415,1,2,1,10,2024,1,61,5.0,1500000.0,14474
8086389,1,1,1,10,2024,1,61,9.0,3000000.0,63587
8081309,1,1,1,10,2024,1,39,3.0,720000.0,54843
8047195,1,1,1,10,2024,2,35,5.0,600000.0,21168
8040094,1,1,1,10,2024,2,58,10.0,1900000.0,4349
8076812,1,2,1,10,2024,1,42,11.0,16000000.0,44733
8048684,1,8,1,10,2024,1,38,5.0,2870000.0,24121
8083518,1,2,1,10,2024,2,28,10.0,1950000.0,59212
8052020,1,2,1,10,2024,2,28,10.0,7000000.0,31642
8079081,1,2,1,10,2024,1,59,5.0,1800000.0,49822
8084061,1,2,1,10,2024,2,56,10.0,2600000.0,60395
8048047,1,1,1,10,2024,1,35,10.0,2000000.0,22904
8077613,1,1,1,10,2024,2,34,6.0,300000.0,46592
8047611,1,1,1,10,2024,1,22,5.0,870000.0,21972
8053123,1,1,1,10,2024,1,26,5.0,1200000.0,34442
8046091,1,2,1,10,2024,2,25,9.0,1300000.0,18697
8048471,1,1,1,10,2024,1,63,4.0,1300000.0,23742
8042478,1,4,1,10,2024,2,26,10.0,3800000.0,9899
8056231,1,1,1,10,2024,2,59,3.0,120000.0,40875
8045369,1,1,1,10,2024,2,44,5.0,1300000.0,17062
8053282,1,2,1,10,2024,1,63,3.0,240000.0,34777
8055980,1,2,1,10,2024,1,39,8.0,1300000.0,40374
8045320,1,2,1,10,2024,2,47,5.0,1300000.0,16936
8077170,1,1,1,10,2024,1,30,4.0,1440000.0,45631
8047318,1,2,1,10,2024,1,45,5.0,1700000.0,21419
8079737,1,3,1,10,2024,1,17,4.0,700000.0,51374
8045047,1,5,1,10,2024,2,18,5.0,1300000.0,16192
8050166,1,1,1,10,2024,2,39,6.0,2400000.0,27254
8039654,1,1,1,10,2024,2,29,10.0,4600000.0,3437
8041126,1,1,1,10,2024,1,63,5.0,1200000.0,6864
8047423,1,3,1,10,2024,2,30,5.0,1300000.0,21597
8052282,1,1,1,10,2024,1,45,8.0,1300000.0,32319
8043734,1,1,1,10,2024,2,49,3.0,350000.0,12752
8042728,1,2,1,10,2024,1,26,5.0,2000000.0,10427
8047051,1,2,1,10,2024,1,61,5.0,280000.0,20895
8047764,1,1,1,10,2024,1,66,12.0,12500000.0,22323
8040555,1,2,1,10,2024,1,36,5.0,1300000.0,5501
8050203,1,1,1,10,2024,1,46,5.0,600000.0,27342
8080000,1,1,1,10,2024,1,59,10.0,1500000.0,52054
8054777,1,1,1,10,2024,1,37,4.0,1300000.0,38046
8047525,1,4,1,10,2024,1,36,10.0,1300000.0,21767
8076487,1,1,1,10,2024,1,67,3.0,1200000.0,43991
8077259,1,1,1,10,2024,2,34,4.0,575000.0,45864
8041200,1,3,1,10,2024,2,61,6.0,600000.0,7056
8041162,1,2,1,10,2024,2,18,5.0,280000.0,6943
8053479,1,2,1,10,2024,1,45,12.0,15000000.0,35232
8045180,1,5,1,10,2024,1,63,3.0,1200000.0,16562
8083485,1,1,1,10,2024,2,23,5.0,1300000.0,59176
8078743,1,1,1,10,2024,2,41,5.0,300000.0,49061
8039869,1,3,1,10,2024,2,26,10.0,700000.0,3870
8047607,1,1,1,10,2024,2,54,6.0,600000.0,21963
8047635,1,4,1,10,2024,1,21,5.0,1300000.0,22037
8083203,1,3,1,10,2024,2,37,5.0,840000.0,58536
8076005,1,1,1,10,2024,1,40,3.0,1300000.0,42713
8056351,1,1,1,10,2024,2,46,11.0,5000000.0,41133
8053209,1,1,1,10,2024,1,34,10.0,1300000.0,34609
8080518,1,2,1,10,2024,2,24,5.0,800000.0,53219
8046096,1,3,1,10,2024,1,34,5.0,1000000.0,18711
8086589,1,2,1,10,2024,1,57,4.0,1000000.0,64072
8079517,1,2,1,10,2024,1,30,10.0,1800000.0,50904
8046510,1,3,1,10,2024,2,52,4.0,900000.0,19726
8084912,1,1,1,10,2024,2,28,5.0,1462000.0,62190
8081664,1,1,1,10,2024,2,25,5.0,1300000.0,55563
8054832,1,1,1,10,2024,1,44,3.0,1000000.0,38159
8044064,1,2,1,10,2024,2,23,5.0,1500000.0,13560
8041076,1,1,1,10,2024,1,46,3.0,500000.0,6729
8051863,1,1,1,10,2024,2,35,10.0,2943000.0,31282
8077286,1,1,1,10,2024,1,24,5.0,1800000.0,45925
8039821,1,1,1,10,2024,2,52,8.0,3200000.0,3783
8083993,1,1,1,10,2024,2,57,3.0,1300000.0,60174
8049570,1,1,1,10,2024,2,41,3.0,580000.0,25790
8055347,1,2,1,10,2024,1,61,5.0,3000000.0,39212
8048082,1,1,1,10,2024,2,50,3.0,160000.0,23006
8046293,1,2,1,10,2024,1,55,3.0,1050000.0,19200
8042760,1,2,1,10,2024,2,47,3.0,1000000.0,10490
8056120,1,3,1,10,2024,1,23,8.0,1462000.0,40636
8039728,1,1,1,10,2024,2,39,8.0,1350000.0,3615
8053393,1,1,1,10,2024,2,67,4.0,240000.0,35100
8047597,1,7,1,10,2024,1,25,10.0,1300000.0,21947
8050397,1,3,1,10,2024,2,43,10.0,5000000.0,27844
8084600,1,1,1,10,2024,1,26,5.0,1300000.0,61500
8040414,1,1,1,10,2024,2,66,4.0,0.0,5153
8075625,1,1,1,10,2024,1,59,5.0,1300000.0,41628
8082473,1,1,1,10,2024,1,24,5.0,1200000.0,56784
8079444,1,1,1,10,2024,2,37,9.0,2400000.0,50767
8045068,1,1,1,10,2024,2,58,4.0,1300000.0,16246
8043147,1,1,1,10,2024,1,46,3.0,1550000.0,11261
8055145,1,1,1,10,2024,2,49,6.0,1300000.0,38798
8046430,1,2,1,10,2024,2,28,9.0,1300000.0,19528
8051044,1,3,1,10,2024,1,50,5.0,1300000.0,29547
8080713,1,2,1,10,2024,1,58,11.0,7000000.0,53625
8039031,1,4,1,10,2024,1,40,5.0,1300000.0,2079
8075980,1,1,1,10,2024,2,44,3.0,730000.0,42651
8045292,1,1,1,10,2024,1,47,5.0,1300000.0,16858
8075792,1,1,1,10,2024,2,68,1.0,600000.0,42093
8045427,1,2,1,10,2024,1,58,5.0,1300000.0,17233
8046561,1,2,1,10,2024,2,26,8.0,1500000.0,19884
8086270,1,2,1,10,2024,1,31,5.0,1000000.0,63365
8081809,1,2,1,10,2024,1,29,5.0,600000.0,55773
8045236,1,3,1,10,2024,2,21,8.0,1300000.0,16739
8043464,1,1,1,10,2024,2,64,4.0,101500.0,12038
8080655,1,3,1,10,2024,1,49,10.0,3500000.0,53525
8056334,1,3,1,10,2024,2,67,7.0,2600000.0,41094
8042969,1,1,1,10,2024,1,40,4.0,1700000.0,10858
8055772,1,3,1,10,2024,1,30,10.0,1800000.0,39932
8051011,1,3,1,10,2024,2,33,8.0,1500000.0,29465
8080409,1,3,1,10,2024,1,29,11.0,4800000.0,53087
8052791,1,7,1,10,2024,1,24,3.0,1300000.0,33608
8051363,1,1,1,10,2024,1,51,3.0,700000.0,29995
8049159,1,1,1,10,2024,1,41,9.0,1300000.0,25025
8041870,1,3,1,10,2024,2,33,10.0,4000000.0,8483
8080102,1,2,1,10,2024,1,49,3.0,1200000.0,52287
8048655,1,1,1,10,2024,1,50,11.0,5000000.0,24059
8079141,1,2,1,10,2024,2,30,9.0,2000000.0,49937
8038607,1,2,1,10,2024,1,35,10.0,7000000.0,983
8049574,1,2,1,10,2024,2,27,10.0,4000000.0,25797
8053951,1,3,1,10,2024,2,26,10.0,5500000.0,36213
8056227,1,1,1,10,2024,1,50,10.0,8400000.0,40861
8075703,1,1,1,10,2024,1,49,3.0,750000.0,41863
8053954,1,1,1,10,2024,1,62,3.0,1300000.0,36215
8079805,1,1,1,10,2024,1,52,9.0,1300000.0,51600
8045201,1,1,1,10,2024,2,56,10.0,6500000.0,16625
8084846,1,1,1,10,2024,1,44,10.0,3500000.0,62036
8047343,1,1,1,10,2024,1,28,5.0,1000000.0,21472
8054403,1,2,1,10,2024,2,52,11.0,3200000.0,37192
8078507,1,1,1,10,2024,1,56,1.0,1350000.0,48561
8043043,1,2,1,10,2024,2,45,8.0,1200000.0,11008
8039858,1,3,1,10,2024,1,20,5.0,300000.0,3852
8039047,1,4,1,10,2024,2,38,3.0,600000.0,2145
8043665,1,2,1,10,2024,2,42,8.0,500000.0,12584
8084997,1,1,1,10,2024,1,42,8.0,6400000.0,62397
8086269,1,1,1,10,2024,1,54,10.0,4000000.0,63363
8047580,1,2,1,10,2024,1,58,5.0,600000.0,21900
8044508,1,2,1,10,2024,2,37,10.0,1600000.0,14732
8038916,1,2,1,10,2024,2,18,5.0,200000.0,1811
8047345,1,1,1,10,2024,2,32,5.0,900000.0,21477
8052204,1,1,1,10,2024,2,23,10.0,1300000.0,32099
8046283,1,1,1,10,2024,2,43,4.0,700000.0,19149
8080367,1,1,1,10,2024,2,61,10.0,5000000.0,52971
8039319,1,2,1,10,2024,1,38,9.0,1300000.0,2873
8076650,1,2,1,10,2024,2,38,3.0,1300000.0,44365
8081903,1,1,1,10,2024,2,36,5.0,500000.0,55824
8076594,1,3,1,10,2024,1,22,5.0,1300000.0,44230
8051934,1,1,1,10,2024,1,59,3.0,1500000.0,31441
8047568,1,1,1,10,2024,1,46,10.0,3000000.0,21872
8050110,1,1,1,10,2024,1,65,3.0,800000.0,27127
8048187,1,1,1,10,2024,1,32,4.0,800000.0,23251
8055331,1,2,1,10,2024,1,32,8.0,1500000.0,39189
8055315,1,1,1,10,2024,1,39,4.0,1700000.0,39149
8080676,1,3,1,10,2024,2,35,10.0,1300000.0,53566
8041428,1,2,1,10,2024,2,37,10.0,1300000.0,7538
8056158,1,2,1,10,2024,1,55,3.0,1300000.0,40717
8050960,1,1,1,10,2024,1,45,4.0,1300000.0,29320
8076663,1,2,1,10,2024,2,38,11.0,2200000.0,44399
8050539,1,2,1,10,2024,1,34,5.0,600000.0,28252
8050404,1,1,1,10,2024,1,60,5.0,1300000.0,27860
8050465,1,2,1,10,2024,1,30,3.0,1300000.0,28002
8083190,1,2,1,10,2024,2,63,5.0,480000.0,58493
8050807,1,2,1,10,2024,1,22,8.0,1300000.0,28885
8042958,1,1,1,10,2024,1,39,3.0,1000000.0,10827
8056427,1,2,1,10,2024,2,28,5.0,1500000.0,41329
8040836,1,3,1,10,2024,2,33,10.0,2378000.0,6131
8039257,1,1,1,10,2024,2,55,5.0,300000.0,2705
8080679,1,3,1,10,2024,1,40,4.0,1300000.0,53572
8047998,1,2,1,10,2024,1,24,4.0,1400000.0,22823
8042732,1,1,1,10,2024,2,18,5.0,900000.0,10435
8078272,1,1,1,10,2024,1,60,3.0,500000.0,48039
8077237,1,1,1,10,2024,1,48,6.0,500000.0,45797
8044244,1,4,1,10,2024,2,22,5.0,120000.0,13957
8038513,2,1,2,10,2024,2,22,10.0,1830000.0,799
8083586,1,3,1,10,2024,1,55,10.0,1500000.0,59369
8055513,1,4,1,10,2024,1,53,5.0,1600000.0,39489
8083324,1,6,1,10,2024,2,51,10.0,3500000.0,58846
8047212,1,3,1,10,2024,1,39,5.0,600000.0,21204
8078642,1,1,1,10,2024,1,36,5.0,1200000.0,48850
8080301,1,2,1,10,2024,2,43,8.0,1300000.0,52803
8039799,1,3,1,10,2024,2,17,5.0,1200000.0,3746
8079160,1,1,1,10,2024,2,72,3.0,200000.0,49999
8043046,1,1,1,10,2024,2,55,4.0,300000.0,11015
8051784,1,3,1,10,2024,1,29,10.0,3500000.0,31035
8045483,1,2,1,10,2024,1,24,5.0,1050000.0,17405
8056451,1,1,1,10,2024,1,44,9.0,3000000.0,41356
8080135,1,3,1,10,2024,2,25,8.0,1000000.0,52385
8051279,1,1,1,10,2024,2,26,7.0,1300000.0,29748
8048070,1,1,1,10,2024,2,38,10.0,1300000.0,22974
8083167,1,2,1,10,2024,2,35,12.0,3800000.0,58476
8079244,1,1,1,10,2024,2,38,5.0,1000000.0,50259
8049758,1,1,1,10,2024,2,52,3.0,600000.0,26281
8079200,1,2,1,10,2024,2,28,8.0,1300000.0,50107
8085774,1,3,1,10,2024,1,28,5.0,1000000.0,62832
8077103,1,1,1,10,2024,2,82,3.0,150000.0,45440
8055467,1,1,1,10,2024,1,35,10.0,4500000.0,39409
8045694,1,1,1,10,2024,1,22,6.0,800000.0,17955
8078449,1,1,1,10,2024,1,35,5.0,800000.0,48434
8079868,1,2,1,10,2024,2,31,10.0,2000000.0,51789
8044704,1,1,1,10,2024,1,42,10.0,1500000.0,15287
8086814,1,2,1,10,2024,2,49,5.0,200000.0,64532
8055891,1,2,1,10,2024,1,21,10.0,1300000.0,40213
8077919,1,1,1,10,2024,1,76,3.0,1000000.0,47215
8077438,1,1,1,10,2024,2,81,3.0,1200000.0,46249
8046693,1,3,1,10,2024,1,27,5.0,600000.0,20211
8041172,1,1,1,10,2024,2,44,5.0,800000.0,6975
8081415,1,1,1,10,2024,2,56,5.0,5000000.0,55110
8086870,1,2,1,10,2024,1,35,10.0,3500000.0,64623
8081311,1,1,1,10,2024,2,42,10.0,2200000.0,54853
8081039,1,1,1,10,2024,1,24,10.0,3000000.0,54276
8042746,1,1,1,10,2024,2,40,3.0,600000.0,10457
8075849,1,2,1,10,2024,1,54,1.0,750000.0,42245
8078198,1,1,1,10,2024,2,52,5.0,500000.0,47853
8078854,1,1,1,10,2024,2,41,8.0,2000000.0,49297
8041905,1,1,1,10,2024,1,22,9.0,1300000.0,8568
8043840,1,1,1,10,2024,1,43,6.0,600000.0,13028
8050158,1,1,1,10,2024,2,42,3.0,200000.0,27225
8047433,1,2,1,10,2024,2,52,10.0,6500000.0,21610
8043783,1,3,1,10,2024,1,34,3.0,900000.0,12892
8038680,1,2,1,10,2024,1,57,4.0,300000.0,1188
8043224,1,3,1,10,2024,2,19,8.0,1300000.0,11433
8053099,1,1,1,10,2024,2,48,5.0,1500000.0,34390
8082670,1,4,1,10,2024,1,44,6.0,1300000.0,57286
8054954,1,1,1,10,2024,2,42,10.0,1500000.0,38434
8046324,1,2,1,10,2024,1,27,5.0,2000000.0,19284
8052201,1,2,1,10,2024,1,42,8.0,800000.0,32091
8048083,1,1,1,10,2024,2,41,10.0,800000.0,23010
8056296,1,1,1,10,2024,1,54,3.0,1000000.0,41010
8085793,1,2,1,10,2024,2,46,5.0,300000.0,62880
8083950,1,2,1,10,2024,1,38,6.0,1300000.0,60045
8043764,1,3,1,10,2024,1,19,4.0,1200000.0,12840
8056148,1,1,1,10,2024,1,58,5.0,1600000.0,40696
8044817,1,4,1,10,2024,1,31,8.0,2000000.0,15557
8053342,1,1,1,10,2024,2,55,5.0,1000000.0,34930
8055843,1,1,1,10,2024,1,38,5.0,1800000.0,40086
8078959,1,2,1,10,2024,2,32,3.0,580000.0,49546
8084089,1,3,1,10,2024,2,27,9.0,1500000.0,60474
8044569,1,1,1,10,2024,1,54,5.0,1500000.0,14917
8082279,1,1,1,10,2024,2,41,4.0,1600000.0,56369
8044346,1,3,1,10,2024,1,23,5.0,1300000.0,14304
8040809,1,3,1,10,2024,1,35,10.0,2300000.0,6079
8077630,1,1,1,10,2024,1,68,1.0,400000.0,46627
8077458,1,1,1,10,2024,1,45,3.0,1300000.0,46290
8042015,1,2,1,10,2024,2,30,5.0,1300000.0,8880
8083410,1,1,1,10,2024,2,65,3.0,900000.0,59010
8081036,1,1,1,10,2024,2,60,4.0,700000.0,54269
8077110,1,1,1,10,2024,2,16,5.0,1000000.0,45456
8049346,1,1,1,10,2024,1,28,5.0,2300000.0,25410
8052509,1,1,1,10,2024,1,48,1.0,900000.0,32962
8048120,1,1,1,10,2024,1,37,3.0,500000.0,23093
8051714,1,1,1,10,2024,2,44,5.0,1500000.0,30850
8045970,1,1,1,10,2024,2,37,8.0,1450000.0,18380
8054849,1,8,1,10,2024,2,26,5.0,800000.0,38201
8077507,1,1,1,10,2024,2,55,3.0,1000000.0,46354
8041563,1,1,1,10,2024,2,43,5.0,300000.0,7859
8047443,1,1,1,10,2024,2,32,3.0,100000.0,21631
8045692,1,4,1,10,2024,2,29,10.0,2000000.0,17949
8039396,1,2,1,10,2024,2,27,5.0,1300000.0,2970
8080299,1,1,1,10,2024,2,40,5.0,1400000.0,52794
8051367,1,2,1,10,2024,2,53,12.0,3700000.0,30011
8082697,1,2,1,10,2024,2,64,10.0,1500000.0,57353
8050285,1,1,1,10,2024,1,49,8.0,2500000.0,27544
8053606,1,5,1,10,2024,1,34,5.0,1500000.0,35512
8044031,1,1,1,10,2024,1,63,3.0,1300000.0,13485
8054975,1,2,1,10,2024,2,29,5.0,1200000.0,38479
8048902,1,1,1,10,2024,2,23,8.0,1500000.0,24554
8079366,1,1,1,10,2024,1,31,4.0,700000.0,50582
8078961,1,1,1,10,2024,1,48,3.0,600000.0,49554
8085994,1,3,1,10,2024,2,47,5.0,1300000.0,63169
8081535,1,1,1,10,2024,2,59,5.0,1460000.0,55377
8053858,1,3,1,10,2024,2,27,8.0,2000000.0,36029
8049372,1,5,1,10,2024,1,72,4.0,1200000.0,25454
8052270,1,2,1,10,2024,1,64,3.0,600000.0,32294
8053425,1,1,1,10,2024,2,29,10.0,3200000.0,35156
8079121,1,1,1,10,2024,1,72,1.0,1000000.0,49902
8038243,1,3,1,10,2024,2,20,10.0,160000.0,143
8044413,1,3,1,10,2024,2,24,10.0,3900000.0,14470
8052576,1,1,1,10,2024,1,28,5.0,1500000.0,33144
8051860,1,1,1,10,2024,2,36,9.0,1800000.0,31278
8050747,1,1,1,10,2024,1,63,8.0,500000.0,28729
8043370,1,3,1,10,2024,2,17,5.0,560000.0,11806
8054621,1,1,1,10,2024,1,34,5.0,1500000.0,37651
8050449,1,2,1,10,2024,2,26,10.0,1300000.0,27956
8042187,1,1,1,10,2024,2,48,5.0,690000.0,9273
8049039,1,1,1,10,2024,2,61,4.0,950000.0,24802
8044724,1,1,1,10,2024,2,61,3.0,250000.0,15325
8044795,1,2,1,10,2024,2,62,3.0,600000.0,15483
8053254,1,3,1,10,2024,2,35,10.0,5200000.0,34718
8048074,1,1,1,10,2024,2,32,5.0,1300000.0,22986
8043125,1,3,1,10,2024,1,30,5.0,1400000.0,11201
8082805,1,3,1,10,2024,1,40,5.0,0.0,57637
8046640,1,1,1,10,2024,2,47,10.0,1400000.0,20105
8086445,1,1,1,10,2024,1,44,5.0,1300000.0,63687
8040055,1,1,1,10,2024,2,52,8.0,1800000.0,4280
8043342,1,2,1,10,2024,2,34,10.0,4200000.0,11743
8078270,1,3,1,10,2024,2,20,3.0,200000.0,48031
8076324,1,1,1,10,2024,2,43,4.0,150000.0,43588
8038401,1,2,1,10,2024,2,35,10.0,10000000.0,575
8041442,1,1,1,10,2024,2,68,11.0,3100000.0,7575
8049725,1,3,1,10,2024,1,34,3.0,1000000.0,26194
8084506,1,2,1,10,2024,2,44,5.0,1615000.0,61330
8051397,1,2,1,10,2024,1,35,10.0,2600000.0,30086
8045682,1,2,1,10,2024,2,46,9.0,240000.0,17919
8078284,1,1,1,10,2024,1,56,1.0,200000.0,48069
8039676,1,1,1,10,2024,2,53,5.0,900000.0,3491
8046457,1,3,1,10,2024,1,48,5.0,1300000.0,19587
8039475,1,1,1,10,2024,2,28,8.0,2500000.0,3120
8075635,1,1,1,10,2024,2,55,4.0,1000000.0,41658
8044567,1,1,1,10,2024,1,37,6.0,5100000.0,14911
8054765,1,2,1,10,2024,2,65,5.0,1200000.0,38012
8084798,1,1,1,10,2024,2,56,11.0,5800000.0,61935
8045114,1,1,1,10,2024,1,46,5.0,1300000.0,16370
8055661,1,3,1,10,2024,2,24,5.0,1300000.0,39738
8038247,1,2,1,10,2024,2,55,3.0,1300000.0,155
8078269,1,1,1,10,2024,1,59,1.0,1800000.0,48027
8085096,1,2,1,10,2024,2,36,8.0,1500000.0,62610
8040173,1,1,1,10,2024,1,57,5.0,650000.0,4560
8040264,1,1,1,10,2024,1,67,5.0,2000000.0,4794
8082425,1,1,1,10,2024,2,59,10.0,4800000.0,56687
8077646,1,1,1,10,2024,1,63,3.0,800000.0,46656
8078664,1,2,1,10,2024,2,58,4.0,200000.0,48895
8042721,1,5,1,10,2024,2,26,3.0,1000000.0,10412
8083077,1,3,1,10,2024,2,55,5.0,120000.0,58271
8084471,1,1,1,10,2024,1,47,5.0,1250000.0,61252
8040292,1,1,1,10,2024,2,22,10.0,500000.0,4877
8047486,1,1,1,10,2024,1,48,5.0,1300000.0,21705
8083544,1,1,1,10,2024,1,48,5.0,1248000.0,59277
8044573,1,1,1,10,2024,2,37,5.0,1300000.0,14927
8076279,1,1,1,10,2024,1,55,8.0,3000000.0,43478
8040013,1,3,1,10,2024,1,46,3.0,1300000.0,4163
8051691,1,1,1,10,2024,2,45,11.0,4500000.0,30784
8081381,1,2,1,10,2024,1,22,5.0,600000.0,55006
8079104,1,4,1,10,2024,2,22,8.0,1100000.0,49874
8041754,1,1,1,10,2024,2,39,4.0,720000.0,8250
8052791,1,8,1,10,2024,2,26,4.0,1300000.0,33609
8040684,1,2,1,10,2024,2,41,5.0,1300000.0,5778
8081301,1,1,1,10,2024,1,52,5.0,1200000.0,54828
8038685,1,4,1,10,2024,2,19,10.0,1400000.0,1211
8046913,1,3,1,10,2024,1,27,10.0,1300000.0,20721
8076986,1,2,1,10,2024,2,49,3.0,200000.0,45106
8080296,1,1,1,10,2024,2,40,3.0,160000.0,52787
8040009,1,1,1,10,2024,2,56,3.0,1050000.0,4149
8083038,1,1,1,10,2024,2,32,5.0,1600000.0,58181
8053637,1,3,1,10,2024,1,65,5.0,1200000.0,35596
8045632,1,1,1,10,2024,2,62,8.0,1462000.0,17784
8082857,1,1,1,10,2024,1,63,5.0,1000000.0,57747
8080133,1,1,1,10,2024,2,56,3.0,1000000.0,52379
8079116,1,1,1,10,2024,2,26,5.0,1000000.0,49887
8079559,1,1,1,10,2024,1,31,10.0,4000000.0,50986
8052289,1,2,1,10,2024,1,38,5.0,950000.0,32353
8083435,1,2,1,10,2024,2,45,11.0,3500000.0,59067
8084700,1,2,1,10,2024,2,41,11.0,1850000.0,61712
8052848,1,1,1,10,2024,2,67,3.0,200000.0,33752
8084200,1,3,1,10,2024,1,23,5.0,1600000.0,60695
8050547,1,1,1,10,2024,1,42,10.0,3600000.0,28275
8049587,1,1,1,10,2024,2,42,3.0,680000.0,25819
8046827,1,3,1,10,2024,1,25,5.0,1300000.0,20539
8075869,1,1,1,10,2024,2,52,3.0,700000.0,42293
8044969,1,1,1,10,2024,2,52,8.0,3000000.0,15962
8039096,1,2,1,10,2024,1,23,5.0,1400000.0,2286
8047625,1,1,1,10,2024,1,41,8.0,1300000.0,22007
8080640,1,2,1,10,2024,1,33,5.0,1000000.0,53486
8052851,1,2,1,10,2024,1,23,4.0,900000.0,33759
8083206,1,3,1,10,2024,2,35,5.0,500000.0,58546
8084999,1,1,1,10,2024,1,51,11.0,6000000.0,62405
8039115,1,3,1,10,2024,1,20,10.0,1300000.0,2346
8042590,1,1,1,10,2024,1,53,4.0,2400000.0,10107
8080541,1,2,1,10,2024,2,22,5.0,1300000.0,53278
8050367,1,1,1,10,2024,2,62,4.0,240000.0,27778
8041118,1,1,1,10,2024,1,30,5.0,1600000.0,6843
8078427,1,2,1,10,2024,2,30,8.0,420000.0,48379
8050471,1,1,1,10,2024,1,60,1.0,600000.0,28025
8052171,1,1,1,10,2024,2,30,5.0,1200000.0,32016
8040163,1,1,1,10,2024,1,20,4.0,1300000.0,4526
8086542,1,1,1,10,2024,2,55,3.0,400000.0,63933
8086306,1,2,1,10,2024,1,63,10.0,14000000.0,63444
8046507,1,2,1,10,2024,1,35,5.0,1000000.0,19710
8075851,1,1,1,10,2024,1,41,5.0,1400000.0,42253
8083012,1,1,1,10,2024,1,34,10.0,1300000.0,58119
8054530,1,3,1,10,2024,1,37,3.0,1500000.0,37477
8038257,1,1,1,10,2024,2,38,12.0,9500000.0,187
8079711,1,11,1,10,2024,1,20,5.0,1000000.0,51264
8054715,1,3,1,10,2024,2,24,5.0,800000.0,37873
8076069,1,1,1,10,2024,1,36,5.0,3000000.0,42910
8046568,1,1,1,10,2024,1,56,3.0,1460000.0,19905
8051245,1,1,1,10,2024,1,22,5.0,700000.0,29668
8077831,1,1,1,10,2024,2,42,3.0,480000.0,47043
8050789,1,1,1,10,2024,2,41,11.0,4200000.0,28845
8052988,1,3,1,10,2024,2,27,5.0,300000.0,34137
8053183,1,1,1,10,2024,1,69,1.0,500000.0,34553
8042467,1,4,1,10,2024,2,29,9.0,1450000.0,9878
8055654,1,1,1,10,2024,1,54,3.0,2400000.0,39710
8043767,1,1,1,10,2024,2,36,5.0,600000.0,12849
8056449,1,1,1,10,2024,1,22,9.0,1670000.0,41352
8055149,1,2,1,10,2024,2,37,10.0,3000000.0,38808
8080247,1,1,1,10,2024,2,75,3.0,350000.0,52674
8041254,1,1,1,10,2024,1,45,5.0,1700000.0,7174
8076102,1,1,1,10,2024,2,61,3.0,400000.0,42992
8039017,1,2,1,10,2024,2,25,8.0,2000000.0,2038
8076056,1,1,1,10,2024,2,49,3.0,410000.0,42873
8044636,1,1,1,10,2024,1,44,3.0,1300000.0,15096
8045059,1,1,1,10,2024,1,52,5.0,2000000.0,16227
8041398,1,1,1,10,2024,1,42,5.0,700000.0,7464
8048959,1,1,1,10,2024,1,29,5.0,900000.0,24672
8055218,1,2,1,10,2024,2,38,6.0,2000000.0,38981
8041205,1,1,1,10,2024,1,58,5.0,900000.0,7068
8055203,1,1,1,10,2024,2,50,8.0,1300000.0,38932
8056374,1,4,1,10,2024,2,28,8.0,1500000.0,41192
8075972,1,2,1,10,2024,2,32,11.0,4259000.0,42625
8084727,1,1,1,10,2024,2,40,5.0,2400000.0,61762
8079424,1,1,1,10,2024,2,39,5.0,600000.0,50707
8051600,1,1,1,10,2024,1,59,5.0,2980000.0,30569
8078788,1,2,1,10,2024,2,45,3.0,600000.0,49163
8052379,1,1,1,10,2024,2,47,3.0,140000.0,32618
8080948,1,1,1,10,2024,2,50,11.0,3500000.0,54087
8044669,1,2,1,10,2024,2,42,8.0,1900000.0,15186
8040867,1,2,1,10,2024,2,60,10.0,1300000.0,6246
8054522,1,2,1,10,2024,2,42,11.0,7000000.0,37457
8045002,1,4,1,10,2024,1,29,9.0,2100000.0,16074
8081963,1,1,1,10,2024,2,38,5.0,650000.0,55923
8044207,1,1,1,10,2024,1,62,5.0,800000.0,13891
8056074,1,5,1,10,2024,1,23,5.0,2200000.0,40539
8044084,1,1,1,10,2024,1,27,4.0,2200000.0,13618
8084159,1,5,1,10,2024,2,32,3.0,300000.0,60568
8078334,1,1,1,10,2024,2,33,3.0,230000.0,48199
8050562,1,2,1,10,2024,1,24,5.0,1500000.0,28320
8048254,1,2,1,10,2024,1,43,3.0,1000000.0,23382
8076442,1,1,1,10,2024,1,48,3.0,700000.0,43846
8046586,1,3,1,10,2024,2,43,10.0,1300000.0,19973
8046635,1,1,1,10,2024,1,55,9.0,4200000.0,20095
8047261,1,1,1,10,2024,1,44,3.0,200000.0,21309
8039113,1,2,1,10,2024,2,36,9.0,2000000.0,2336
8053496,1,2,1,10,2024,1,40,10.0,2500000.0,35259
8078746,1,1,1,10,2024,1,42,8.0,1500000.0,49066
8054719,1,4,1,10,2024,2,22,4.0,1080000.0,37889
8080088,1,3,1,10,2024,1,31,10.0,3700000.0,52234
8053362,1,2,1,10,2024,1,28,10.0,10000000.0,35004
8048535,1,4,1,10,2024,2,29,5.0,1000000.0,23879
8039453,1,1,1,10,2024,1,66,3.0,1300000.0,3076
8079964,1,2,1,10,2024,2,60,3.0,100000.0,51989
8039759,1,1,1,10,2024,1,42,3.0,2600000.0,3673
8053159,1,2,1,10,2024,1,40,11.0,13100000.0,34508
8051786,1,2,1,10,2024,1,48,5.0,1800000.0,31040
8040978,1,1,1,10,2024,2,48,9.0,1300000.0,6490
8042593,1,1,1,10,2024,2,21,6.0,1100000.0,10108
8044197,1,1,1,10,2024,1,33,5.0,500000.0,13867
8052404,1,1,1,10,2024,1,67,3.0,120000.0,32713
8050424,1,1,1,10,2024,2,50,3.0,720000.0,27895
8044863,1,1,1,10,2024,1,52,11.0,4600000.0,15689
8079533,1,1,1,10,2024,2,78,3.0,300000.0,50941
8041085,1,1,1,10,2024,2,36,10.0,2000000.0,6742
8039317,1,3,1,10,2024,1,22,10.0,1300000.0,2868
8039223,1,1,1,10,2024,2,52,5.0,500000.0,2627
8081625,1,1,1,10,2024,1,25,5.0,1300000.0,55493
8076808,1,1,1,10,2024,2,36,9.0,1480000.0,44728
8044173,2,1,2,10,2024,2,33,5.0,1350000.0,13821
8080904,1,2,1,10,2024,2,47,4.0,300000.0,53979
8042872,1,1,1,10,2024,1,63,3.0,400000.0,10734
8040987,1,5,1,10,2024,1,26,10.0,400000.0,6516
8079042,1,4,1,10,2024,1,71,3.0,400000.0,49749
8053060,1,1,1,10,2024,1,54,3.0,1300000.0,34324
8043423,1,1,1,10,2024,1,43,4.0,600000.0,11931
8075684,1,1,1,10,2024,1,61,3.0,1280000.0,41812
8044346,1,4,1,10,2024,2,26,5.0,2500000.0,14305
8079925,1,1,1,10,2024,1,45,9.0,1300000.0,51932
8075852,1,1,1,10,2024,1,24,5.0,800000.0,42254
8047931,1,1,1,10,2024,2,54,9.0,1600000.0,22703
8043911,1,1,1,10,2024,1,50,10.0,2600000.0,13201
8051983,1,1,1,10,2024,2,24,8.0,1600000.0,31565
8079352,1,1,1,10,2024,2,38,5.0,1200000.0,50548
8043308,1,1,1,10,2024,1,75,3.0,1250000.0,11638
8084956,1,2,1,10,2024,1,51,5.0,1500000.0,62275
8078394,1,2,1,10,2024,1,46,3.0,800000.0,48326
8083281,1,1,1,10,2024,2,56,3.0,1250000.0,58734
8041998,1,2,1,10,2024,2,49,4.0,200000.0,8835
8086626,1,1,1,10,2024,1,52,10.0,1800000.0,64163
8082306,1,2,1,10,2024,2,24,5.0,750000.0,56433
8042261,1,1,1,10,2024,1,41,5.0,1000000.0,9448
8050171,1,2,1,10,2024,1,19,8.0,648000.0,27267
8040777,1,1,1,10,2024,2,56,10.0,3000000.0,6025
8039798,1,1,1,10,2024,2,47,3.0,750000.0,3742
8045388,1,1,1,10,2024,1,40,5.0,2000000.0,17111
8052367,1,2,1,10,2024,1,28,4.0,1300000.0,32586
8081911,1,2,1,10,2024,2,46,5.0,1300000.0,55842
8076051,1,5,1,10,2024,2,22,5.0,300000.0,42859
8082914,1,1,1,10,2024,2,32,10.0,2300000.0,57900
8051944,1,6,1,10,2024,2,19,6.0,1480000.0,31473
8051417,1,2,1,10,2024,1,54,3.0,800000.0,30145
8086458,1,1,1,10,2024,2,59,3.0,240000.0,63735
8083080,1,3,1,10,2024,2,48,10.0,800000.0,58281
8054162,1,2,1,10,2024,1,52,10.0,4000000.0,36627
8086287,1,1,1,10,2024,1,32,9.0,3000000.0,63412
8053604,1,2,1,10,2024,1,58,5.0,2200000.0,35503
8077358,1,1,1,10,2024,2,61,4.0,100000.0,46081
8038365,1,1,1,10,2024,2,43,4.0,1000000.0,478
8080917,1,2,1,10,2024,1,28,5.0,1100000.0,54010
8054274,1,1,1,10,2024,2,28,8.0,1300000.0,36846
8055907,1,2,1,10,2024,1,27,10.0,2500000.0,40241
8078751,1,2,1,10,2024,2,40,5.0,1300000.0,49085
8076002,1,1,1,10,2024,1,57,1.0,200000.0,42706
8079891,1,1,1,10,2024,2,45,5.0,2500000.0,51867
8051242,1,1,1,10,2024,1,53,5.0,1300000.0,29659
8040827,1,1,1,10,2024,1,50,11.0,5200000.0,6108
8049496,1,1,1,10,2024,1,50,4.0,800000.0,25606
8077000,1,2,1,10,2024,1,26,4.0,800000.0,45129
8039790,1,2,1,10,2024,2,27,8.0,800000.0,3727
8077956,1,2,1,10,2024,2,41,5.0,350000.0,47304
8055662,1,2,1,10,2024,2,39,8.0,1300000.0,39741
8046840,1,2,1,10,2024,1,40,5.0,800000.0,20555
8082430,1,1,1,10,2024,1,29,8.0,1300000.0,56699
8082379,1,1,1,10,2024,2,46,3.0,720000.0,56591
8081424,1,3,1,10,2024,1,40,5.0,1300000.0,55132
8053458,1,1,1,10,2024,2,59,12.0,5100000.0,35196
8081212,1,2,1,10,2024,2,38,10.0,3000000.0,54582
8076758,1,1,1,10,2024,2,36,10.0,2000000.0,44624
8049543,1,2,1,10,2024,2,45,4.0,800000.0,25715
8078353,1,3,1,10,2024,1,18,8.0,0.0,48258
8045426,1,5,1,10,2024,2,25,6.0,1300000.0,17231
8080364,1,2,1,10,2024,2,40,6.0,1300000.0,52964
8045423,1,4,1,10,2024,2,17,4.0,1000000.0,17219
8084184,1,1,1,10,2024,1,54,5.0,200000.0,60648
8039753,1,1,1,10,2024,1,36,6.0,1800000.0,3654
8081500,1,2,1,10,2024,2,40,5.0,1300000.0,55294
8077665,1,4,1,10,2024,1,28,5.0,1300000.0,46690
8046898,1,1,1,10,2024,2,36,11.0,5000000.0,20691
8083310,1,2,1,10,2024,2,29,6.0,1300000.0,58814
8043800,1,1,1,10,2024,2,34,5.0,740000.0,12944
8050841,1,2,1,10,2024,1,33,3.0,840000.0,28980
8044016,2,1,2,10,2024,2,29,9.0,2000000.0,13456
8040609,1,1,1,10,2024,1,47,5.0,1200000.0,5645
8076654,1,2,1,10,2024,2,27,8.0,2200000.0,44374
8054517,1,1,1,10,2024,2,55,8.0,1000000.0,37438
8049336,1,2,1,10,2024,2,26,4.0,700000.0,25393
8047370,1,3,1,10,2024,1,45,10.0,2600000.0,21539
8049868,1,2,1,10,2024,2,31,8.0,1610000.0,26552
8042182,1,1,1,10,2024,1,51,3.0,750000.0,9256
8084602,1,2,1,10,2024,1,27,5.0,1300000.0,61502
8079765,1,3,1,10,2024,1,55,5.0,1465000.0,51495
8086352,1,1,1,10,2024,1,61,9.0,3000000.0,63513
8082795,1,3,1,10,2024,2,38,3.0,1000000.0,57599
8077931,1,5,1,10,2024,1,68,1.0,320000.0,47256
8054122,1,1,1,10,2024,2,34,5.0,820000.0,36548
8040054,1,1,1,10,2024,2,35,4.0,1300000.0,4276
8056465,1,1,1,10,2024,2,38,3.0,980000.0,41375
8041358,1,1,1,10,2024,2,58,3.0,400000.0,7353
8043952,1,1,1,10,2024,2,57,8.0,150000.0,13308
8085993,1,1,1,10,2024,2,53,4.0,3450000.0,63165
8041278,1,1,1,10,2024,1,59,10.0,5500000.0,7224
8053263,1,3,1,10,2024,1,33,5.0,1300000.0,34744
8044046,1,4,1,10,2024,1,24,10.0,800000.0,13513
8077162,1,1,1,10,2024,1,82,3.0,0.0,45606
8076850,1,2,1,10,2024,2,32,10.0,3800000.0,44825
8038351,1,4,1,10,2024,2,27,4.0,1000000.0,437
8040846,1,1,1,10,2024,1,53,12.0,5000000.0,6165
8086618,1,3,1,10,2024,2,20,8.0,1300000.0,64138
8079807,1,2,1,10,2024,2,41,11.0,3400000.0,51608
8040644,1,1,1,10,2024,1,44,10.0,1500000.0,5700
8052321,1,1,1,10,2024,1,59,3.0,2000000.0,32452
8038330,1,1,1,10,2024,1,38,5.0,1500000.0,387
8076607,1,2,1,10,2024,2,33,5.0,1400000.0,44267
8077828,1,1,1,10,2024,2,43,4.0,600000.0,47035
8045451,1,1,1,10,2024,2,57,11.0,3800000.0,17303
8042239,1,2,1,10,2024,2,59,9.0,350000.0,9399
8054258,1,3,1,10,2024,2,27,8.0,1460000.0,36825
8050837,1,4,1,10,2024,1,57,5.0,1000000.0,28971
8040177,1,1,1,10,2024,1,74,1.0,720000.0,4576
8049251,1,1,1,10,2024,2,54,5.0,400000.0,25193
8039484,1,3,1,10,2024,1,43,3.0,1500000.0,3144
8051603,1,1,1,10,2024,2,44,5.0,1300000.0,30580
8044840,1,1,1,10,2024,2,35,5.0,900000.0,15624
8077813,1,1,1,10,2024,2,36,10.0,1300000.0,47015
8078678,1,1,1,10,2024,1,49,3.0,1200000.0,48914
8041838,1,2,1,10,2024,1,29,6.0,1300000.0,8380
8052394,1,1,1,10,2024,1,54,4.0,900000.0,32682
8052078,1,3,1,10,2024,1,24,10.0,1300000.0,31791
8086558,1,1,1,10,2024,1,38,11.0,1000000.0,63980
8044828,1,1,1,10,2024,2,34,3.0,1000000.0,15594
8044256,1,2,1,10,2024,1,34,8.0,1000000.0,14005
8081377,1,12,1,10,2024,1,71,5.0,750000.0,54994
8050776,1,1,1,10,2024,1,73,11.0,2000000.0,28805
8042856,1,4,1,10,2024,2,29,10.0,700000.0,10711
8045137,1,1,1,10,2024,2,33,3.0,380000.0,16436
8078410,1,1,1,10,2024,2,53,3.0,1480000.0,48346
8085750,1,1,1,10,2024,1,86,3.0,300000.0,62782
8050458,1,2,1,10,2024,2,41,10.0,1300000.0,27974
8081740,1,1,1,10,2024,2,31,5.0,700000.0,55671
8076559,1,1,1,10,2024,2,20,5.0,1000000.0,44150
8079968,1,1,1,10,2024,1,59,5.0,400000.0,51998
8046334,1,3,1,10,2024,1,20,5.0,1300000.0,19313
8046906,1,4,1,10,2024,2,56,5.0,100000.0,20704
8078074,1,1,1,10,2024,2,60,4.0,720000.0,47584
8039269,1,1,1,10,2024,1,36,5.0,1300000.0,2734
8041553,1,1,1,10,2024,2,48,8.0,1000000.0,7836
8080309,1,2,1,10,2024,2,34,8.0,2500000.0,52823
8052165,1,1,1,10,2024,1,44,4.0,1000000.0,31997
8086326,1,1,1,10,2024,1,61,9.0,3000000.0,63465
8083605,1,1,1,10,2024,1,29,9.0,2000000.0,59399
8086430,1,1,1,10,2024,1,39,3.0,800000.0,63655
8053519,1,2,1,10,2024,1,52,8.0,2000000.0,35295
8048849,1,1,1,10,2024,2,43,5.0,1300000.0,24427
8053601,1,3,1,10,2024,2,30,5.0,500000.0,35496
8055210,1,1,1,10,2024,2,64,3.0,750000.0,38950
8054174,1,4,1,10,2024,1,37,5.0,400000.0,36654
8044072,1,2,1,10,2024,2,26,5.0,600000.0,13588
8043879,1,1,1,10,2024,2,34,5.0,2050000.0,13125
8045572,1,2,1,10,2024,2,31,9.0,1300000.0,17647
8055490,1,2,1,10,2024,2,51,8.0,3100000.0,39450
8038985,1,2,1,10,2024,2,41,5.0,1300000.0,1976
8076385,1,1,1,10,2024,1,24,5.0,1300000.0,43724
8053310,1,4,1,10,2024,2,21,5.0,500000.0,34855
8082894,1,1,1,10,2024,2,47,5.0,2400000.0,57856
8081584,1,2,1,10,2024,1,43,10.0,11999690.0,55436
8039152,1,1,1,10,2024,2,48,10.0,1600000.0,2456
8039064,1,3,1,10,2024,1,28,9.0,2100000.0,2185
8077004,1,1,1,10,2024,1,48,3.0,900000.0,45137
8078209,1,1,1,10,2024,2,30,6.0,360000.0,47883
8050002,1,1,1,10,2024,2,42,3.0,900000.0,26864
8056352,1,1,1,10,2024,1,53,5.0,1200000.0,41134
8083820,1,2,1,10,2024,2,50,5.0,1300000.0,59816
8041340,1,2,1,10,2024,2,57,3.0,600000.0,7292
8082902,1,1,1,10,2024,1,56,3.0,600000.0,57877
8048029,1,1,1,10,2024,1,40,4.0,5500000.0,22879
8079124,1,2,1,10,2024,1,55,1.0,960000.0,49909
8045807,1,2,1,10,2024,2,33,10.0,400000.0,18226
8042668,1,2,1,10,2024,1,31,10.0,3000000.0,10266
8042696,1,1,1,10,2024,2,39,3.0,800000.0,10337
8049504,1,2,1,10,2024,2,53,4.0,300000.0,25626
8050403,1,1,1,10,2024,2,24,5.0,1500000.0,27857
8038300,1,1,1,10,2024,1,43,10.0,4800000.0,310
8046037,1,1,1,10,2024,2,34,5.0,1000000.0,18552
8078251,1,2,1,10,2024,1,27,1.0,400000.0,47980
8085066,1,2,1,10,2024,2,39,11.0,2600000.0,62552
8083481,1,2,1,10,2024,2,21,10.0,1100000.0,59167
8086488,1,1,1,10,2024,2,29,5.0,125000.0,63793
8080614,1,2,1,10,2024,2,46,10.0,1500000.0,53428
8054821,1,1,1,10,2024,2,64,10.0,845000.0,38145
8048934,1,1,1,10,2024,2,48,5.0,1000000.0,24618
8082236,1,1,1,10,2024,2,36,5.0,500000.0,56330
8078297,1,1,1,10,2024,1,41,5.0,720000.0,48103
8045293,1,2,1,10,2024,2,35,5.0,1300000.0,16863
8080478,1,2,1,10,2024,2,28,10.0,1300000.0,53155
8055201,1,1,1,10,2024,2,40,8.0,300000.0,38926
8045722,1,1,1,10,2024,2,39,11.0,3800000.0,18018
8053311,1,3,1,10,2024,1,23,8.0,360000.0,34858
8040217,1,1,1,10,2024,1,37,5.0,1300000.0,4699
8083013,1,1,1,10,2024,1,66,3.0,400000.0,58123
8046215,1,1,1,10,2024,2,64,4.0,200000.0,18988
8045388,1,2,1,10,2024,2,40,5.0,1000000.0,17112
8048897,1,3,1,10,2024,2,23,9.0,1300000.0,24548
8045415,1,1,1,10,2024,2,55,8.0,1600000.0,17201
8056482,1,1,1,10,2024,1,31,8.0,1300000.0,41412
8078867,1,1,1,10,2024,2,30,3.0,1800000.0,49319
8086658,1,4,1,10,2024,1,23,10.0,1300000.0,64260
8050449,1,3,1,10,2024,1,41,5.0,1300000.0,27957
8079462,1,1,1,10,2024,2,53,3.0,900000.0,50805
8082024,1,1,1,10,2024,2,41,7.0,400000.0,55993
8054979,1,1,1,10,2024,1,28,5.0,1100000.0,38489
8055681,1,3,1,10,2024,1,19,4.0,1300000.0,39797
8080932,1,2,1,10,2024,1,20,4.0,1500000.0,54053
8086353,1,1,1,10,2024,1,61,9.0,3000000.0,63515
8050428,1,1,1,10,2024,2,29,10.0,2300000.0,27902
8041921,1,2,1,10,2024,1,29,5.0,1800000.0,8613
8041781,1,1,1,10,2024,1,44,4.0,1300000.0,8282
8043836,1,2,1,10,2024,2,54,6.0,1400000.0,13020
8086515,1,4,1,10,2024,1,39,5.0,1500000.0,63856
8049225,1,2,1,10,2024,2,33,5.0,1500000.0,25143
8083107,1,1,1,10,2024,2,44,6.0,1400000.0,58351
8043435,1,1,1,10,2024,2,63,3.0,600000.0,11968
8053071,1,1,1,10,2024,1,42,10.0,9100000.0,34345
8044255,1,2,1,10,2024,1,20,5.0,650000.0,13998
8050654,1,1,1,10,2024,2,39,5.0,1300000.0,28527
8086534,1,1,1,10,2024,1,31,4.0,960000.0,63910
8083351,1,3,1,10,2024,2,49,10.0,2500000.0,58913
8079279,1,1,1,10,2024,1,17,3.0,500000.0,50370
8083644,1,2,1,10,2024,1,24,5.0,1200000.0,59473
8045641,1,2,1,10,2024,1,35,3.0,1300000.0,17812
8045676,1,2,1,10,2024,2,60,3.0,300000.0,17903
8050689,1,2,1,10,2024,2,37,5.0,1000000.0,28595
8077927,1,4,1,10,2024,2,56,1.0,340000.0,47241
8040336,1,1,1,10,2024,2,32,3.0,500000.0,4982
8079292,1,2,1,10,2024,1,42,10.0,3500000.0,50410
8039128,1,4,1,10,2024,1,32,10.0,1800000.0,2392
8040754,1,5,1,10,2024,2,56,3.0,850000.0,5954
8075990,1,2,1,10,2024,1,42,3.0,1300000.0,42678
8043160,1,1,1,10,2024,1,51,3.0,900000.0,11298
8078048,1,1,1,10,2024,2,27,4.0,100000.0,47529
8083449,1,1,1,10,2024,1,62,10.0,4000000.0,59096
8076704,1,1,1,10,2024,1,37,3.0,400000.0,44489
8077399,1,1,1,10,2024,1,65,1.0,500000.0,46168
8040273,1,3,1,10,2024,1,31,5.0,500000.0,4822
8084957,1,2,1,10,2024,1,45,3.0,1300000.0,62282
8044343,1,1,1,10,2024,1,36,9.0,3100000.0,14290
8076497,1,1,1,10,2024,2,38,5.0,300000.0,44014
8079454,2,1,2,10,2024,2,38,8.0,1400000.0,50793
8038688,1,2,1,10,2024,1,54,5.0,1300000.0,1226
8050150,1,1,1,10,2024,1,58,3.0,1300000.0,27209
8083601,1,2,1,10,2024,1,24,8.0,1300000.0,59389
8048062,1,1,1,10,2024,1,34,5.0,2000000.0,22953
8081396,1,1,1,10,2024,1,38,10.0,2515149.0,55044
8038615,1,3,1,10,2024,1,54,5.0,1800000.0,1012
8047578,1,1,1,10,2024,1,42,5.0,2162000.0,21889
8055152,1,1,1,10,2024,2,51,3.0,1300000.0,38818
8048790,1,2,1,10,2024,2,27,8.0,150000.0,24301
8043955,1,1,1,10,2024,1,26,3.0,850000.0,13314
8084756,1,1,1,10,2024,2,32,8.0,1600000.0,61851
8039313,1,1,1,10,2024,2,30,11.0,8400000.0,2856
8047130,1,1,1,10,2024,1,55,5.0,1300000.0,21029
8076624,1,1,1,10,2024,2,32,8.0,1300000.0,44301
8056376,1,2,1,10,2024,2,58,5.0,1300000.0,41198
8078363,1,1,1,10,2024,2,39,10.0,8000000.0,48275
8082486,1,2,1,10,2024,2,32,3.0,350000.0,56819
8047036,1,3,1,10,2024,2,36,5.0,300000.0,20872
8045693,1,1,1,10,2024,1,52,3.0,1300000.0,17951
8052596,1,1,1,10,2024,1,56,3.0,3000000.0,33201
8040366,1,3,1,10,2024,2,22,8.0,800000.0,5045
8049129,1,1,1,10,2024,2,41,5.0,880000.0,24972
8050669,1,1,1,10,2024,1,63,10.0,2400000.0,28549
8052026,1,3,1,10,2024,1,33,5.0,3000000.0,31655
8039504,1,3,1,10,2024,1,44,5.0,1300000.0,3190
8051429,1,1,1,10,2024,1,25,5.0,800000.0,30180
8043148,1,1,1,10,2024,1,81,1.0,320000.0,11265
8040706,1,1,1,10,2024,1,43,12.0,4000000.0,5812
8043615,1,3,1,10,2024,1,35,4.0,500000.0,12453
8041637,1,1,1,10,2024,1,36,10.0,12000000.0,8034
8079551,1,3,1,10,2024,2,28,10.0,2700000.0,50970
8076592,1,2,1,10,2024,2,40,8.0,1300000.0,44225
8044727,1,2,1,10,2024,2,56,3.0,300000.0,15336
8048899,1,1,1,10,2024,2,69,3.0,1400000.0,24550
8049795,1,1,1,10,2024,1,53,4.0,1000000.0,26387
8044776,1,3,1,10,2024,1,26,5.0,1300000.0,15436
8052843,1,3,1,10,2024,1,21,8.0,1300000.0,33737
8076256,1,2,1,10,2024,1,36,4.0,900000.0,43428
8047453,1,1,1,10,2024,1,20,5.0,600000.0,21655
8052388,1,1,1,10,2024,1,49,10.0,2200000.0,32661
8076861,1,2,1,10,2024,1,21,5.0,700000.0,44848
8050800,1,1,1,10,2024,1,30,10.0,3500000.0,28864
8045407,1,2,1,10,2024,2,20,6.0,1500000.0,17174
8052310,1,1,1,10,2024,1,52,1.0,750000.0,32417
8045682,1,1,1,10,2024,1,48,3.0,1900000.0,17918
8045296,1,2,1,10,2024,1,60,8.0,2500000.0,16873
8048233,1,3,1,10,2024,1,24,6.0,1300000.0,23326
8052932,1,1,1,10,2024,1,53,5.0,1500000.0,33948
8043834,1,3,1,10,2024,2,32,8.0,1300000.0,13009
8038697,1,2,1,10,2024,2,28,8.0,450000.0,1259
8046021,1,2,1,10,2024,2,34,10.0,1300000.0,18514
8051374,1,1,1,10,2024,2,52,11.0,6259983.0,30023
8051539,1,1,1,10,2024,1,61,9.0,3000000.0,30439
8045294,1,3,1,10,2024,1,44,3.0,920000.0,16868
8054554,1,1,1,10,2024,1,41,3.0,1000000.0,37506
8052743,1,1,1,10,2024,1,60,4.0,1000000.0,33485
8084260,1,1,1,10,2024,2,39,5.0,500000.0,60832
8080291,1,2,1,10,2024,1,28,10.0,1200000.0,52773
8042519,1,2,1,10,2024,2,48,6.0,150000.0,9991
8047664,1,2,1,10,2024,2,56,3.0,600000.0,22094
8043444,1,1,1,10,2024,2,43,4.0,200000.0,11985
8076052,1,1,1,10,2024,2,34,8.0,0.0,42863
8076301,1,1,1,10,2024,2,45,5.0,900000.0,43533
8080500,1,1,1,10,2024,2,24,10.0,2000000.0,53199
8054708,1,1,1,10,2024,1,28,5.0,850000.0,37853
8042185,1,6,1,10,2024,1,22,5.0,1000000.0,9268
8047585,1,2,1,10,2024,2,39,5.0,300000.0,21917
8076623,1,2,1,10,2024,1,28,4.0,500000.0,44299
8076687,1,1,1,10,2024,2,57,3.0,1000000.0,44444
8045013,1,2,1,10,2024,2,26,5.0,1300000.0,16112
8050946,1,3,1,10,2024,1,34,5.0,1300000.0,29271
8076907,1,1,1,10,2024,1,56,3.0,1100000.0,44942
8045750,1,2,1,10,2024,1,24,6.0,1500000.0,18093
8047316,1,3,1,10,2024,1,30,10.0,1100000.0,21414
8077648,1,1,1,10,2024,1,31,5.0,1500000.0,46658
8044734,1,1,1,10,2024,1,57,10.0,1300000.0,15351
8047562,1,7,1,10,2024,2,38,10.0,4800000.0,21854
8042508,1,1,1,10,2024,2,46,5.0,1000000.0,9973
8054343,1,1,1,10,2024,2,68,5.0,1100000.0,37049
8077899,1,1,1,10,2024,2,73,1.0,350000.0,47164
8056457,1,1,1,10,2024,1,47,5.0,3200000.0,41365
8047010,1,1,1,10,2024,2,61,9.0,700000.0,20829
8084052,1,1,1,10,2024,1,34,10.0,3000000.0,60369
8044551,1,3,1,10,2024,2,27,4.0,400000.0,14872
8084908,1,2,1,10,2024,1,32,8.0,1500000.0,62184
8076122,1,6,1,10,2024,2,23,8.0,800000.0,43069
8086041,1,3,1,10,2024,1,43,8.0,1300000.0,63220
8040955,1,1,1,10,2024,2,65,3.0,900000.0,6431
8044134,1,5,1,10,2024,2,31,10.0,1300000.0,13720
8052993,1,1,1,10,2024,1,56,5.0,650000.0,34158
8077554,1,1,1,10,2024,1,26,4.0,2500000.0,46457
8056382,1,1,1,10,2024,2,38,5.0,1300000.0,41219
8039195,1,2,1,10,2024,1,58,5.0,4000000.0,2549
8045228,1,2,1,10,2024,2,36,5.0,1600000.0,16710
8054320,1,5,1,10,2024,1,68,10.0,1800000.0,37000
8083179,1,1,1,10,2024,1,38,3.0,380000.0,58481
8077797,1,1,1,10,2024,1,56,5.0,1300000.0,46986
8052319,1,1,1,10,2024,1,24,5.0,100000.0,32443
8045356,1,1,1,10,2024,1,41,11.0,2000000.0,17022
8048767,1,1,1,10,2024,2,47,3.0,500000.0,24251
8049007,1,5,1,10,2024,1,41,5.0,1300000.0,24751
8048714,1,1,1,10,2024,1,33,10.0,4000000.0,24186
8078281,1,1,1,10,2024,1,59,5.0,300000.0,48054
8050383,1,3,1,10,2024,2,26,10.0,3000000.0,27817
8084968,1,9,1,10,2024,1,21,5.0,1300000.0,62325
8040013,1,1,1,10,2024,2,62,3.0,1460000.0,4161
8046226,1,1,1,10,2024,2,45,5.0,240000.0,19006
8052364,1,1,1,10,2024,1,27,5.0,300000.0,32576
8055136,1,1,1,10,2024,2,31,8.0,200000.0,38774
8038299,1,1,1,10,2024,2,41,10.0,3500000.0,309
8081270,1,3,1,10,2024,1,22,5.0,700000.0,54751
8054896,1,1,1,10,2024,2,48,5.0,1300000.0,38310
8052008,1,2,1,10,2024,1,46,8.0,1500000.0,31616
8079534,1,3,1,10,2024,2,31,9.0,1300000.0,50944
8083543,1,1,1,10,2024,2,47,12.0,5200000.0,59276
8083942,1,2,1,10,2024,2,44,11.0,5000000.0,60011
8051440,1,1,1,10,2024,1,33,10.0,4000000.0,30209
8041931,1,2,1,10,2024,1,41,5.0,1950000.0,8642
8041087,1,1,1,10,2024,2,56,8.0,3000000.0,6747
8080346,1,3,1,10,2024,2,19,10.0,1300000.0,52912
8080743,1,3,1,10,2024,1,21,10.0,1300000.0,53669
8084386,1,2,1,10,2024,1,21,10.0,5000000.0,61103
8086570,1,2,1,10,2024,1,23,4.0,1300000.0,64010
8053285,1,2,1,10,2024,2,41,10.0,3300000.0,34787
8041410,1,2,1,10,2024,1,53,5.0,1000000.0,7497
8048070,1,3,1,10,2024,1,16,4.0,300000.0,22976
8051981,1,1,1,10,2024,1,36,5.0,4000000.0,31561
8046155,1,3,1,10,2024,1,60,3.0,1550000.0,18836
8084051,1,2,1,10,2024,1,44,12.0,4000000.0,60368
8084033,1,1,1,10,2024,1,44,5.0,1400000.0,60291
8056206,1,1,1,10,2024,1,43,5.0,1600000.0,40803
8053877,1,1,1,10,2024,2,49,5.0,1400000.0,36067
8081695,1,3,1,10,2024,1,18,5.0,200000.0,55622
8051400,1,3,1,10,2024,1,23,8.0,200000.0,30098
8077349,1,1,1,10,2024,2,45,5.0,900000.0,46058
8039507,1,3,1,10,2024,2,26,6.0,1300000.0,3194
8078117,1,2,1,10,2024,1,64,3.0,250000.0,47673
8046003,1,1,1,10,2024,1,27,3.0,1000000.0,18468
8076112,1,5,1,10,2024,1,17,5.0,750000.0,43037
8048047,1,2,1,10,2024,2,28,10.0,1000000.0,22905
8086448,1,2,1,10,2024,1,35,5.0,600000.0,63700
8085697,1,1,1,10,2024,1,70,3.0,600000.0,62657
8048899,1,2,1,10,2024,2,47,5.0,1400000.0,24551
8047606,1,1,1,10,2024,1,41,12.0,2600000.0,21962
8076153,1,1,1,10,2024,1,84,1.0,180000.0,43162
8076495,1,2,1,10,2024,1,50,5.0,400000.0,44008
8081297,1,2,1,10,2024,2,45,3.0,2000000.0,54818
8041146,1,3,1,10,2024,2,52,3.0,1700000.0,6906
8055660,1,3,1,10,2024,2,22,5.0,700000.0,39735
8044370,1,1,1,10,2024,1,33,5.0,1462000.0,14372
8051890,1,1,1,10,2024,1,68,3.0,650000.0,31342
8039403,1,1,1,10,2024,1,38,8.0,1450000.0,2985
8047209,1,1,1,10,2024,2,51,3.0,1200000.0,21195
8049340,1,1,1,10,2024,2,45,8.0,2500000.0,25400
8080178,1,2,1,10,2024,2,59,5.0,100000.0,52493
8084639,1,2,1,10,2024,2,36,5.0,1500000.0,61568
8047284,1,2,1,10,2024,2,27,10.0,1800000.0,21357
8040091,1,1,1,10,2024,1,22,5.0,1300000.0,4343
8078429,1,2,1,10,2024,1,62,3.0,580000.0,48382
8077196,1,1,1,10,2024,2,42,9.0,900000.0,45698
8038754,1,3,1,10,2024,1,27,9.0,900000.0,1416
8080685,1,1,1,10,2024,2,34,5.0,1300000.0,53585
8053222,1,2,1,10,2024,2,49,3.0,1000000.0,34637
8082928,1,1,1,10,2024,2,33,8.0,1300000.0,57924
8040293,1,1,1,10,2024,1,34,5.0,800000.0,4879
8041566,1,1,1,10,2024,2,44,5.0,2600000.0,7865
8039269,1,2,1,10,2024,2,34,10.0,350000.0,2735
8083222,1,1,1,10,2024,1,47,5.0,960000.0,58590
8084722,1,1,1,10,2024,1,38,4.0,1300000.0,61753
8051832,1,1,1,10,2024,2,66,5.0,1300000.0,31190
8083944,1,1,1,10,2024,1,55,9.0,2500000.0,60024
8086382,1,1,1,10,2024,1,61,9.0,3000000.0,63573
8038715,1,1,1,10,2024,2,59,4.0,400000.0,1302
8053344,1,1,1,10,2024,2,71,5.0,400000.0,34937
8078110,1,1,1,10,2024,2,53,3.0,225000.0,47651
8049336,1,4,1,10,2024,2,24,5.0,840000.0,25395
8047637,1,2,1,10,2024,2,51,8.0,2000000.0,22042
8086395,1,1,1,10,2024,1,61,9.0,3000000.0,63597
8045260,1,1,1,10,2024,2,27,10.0,2000000.0,16782
8086633,1,2,1,10,2024,2,24,8.0,1300000.0,64182
8075768,1,2,1,10,2024,1,64,4.0,900000.0,42015
8081242,1,4,1,10,2024,1,32,5.0,1300000.0,54668
8085045,1,1,1,10,2024,1,50,11.0,8000000.0,62521
8052895,1,2,1,10,2024,2,42,3.0,160000.0,33851
8043477,1,2,1,10,2024,1,24,8.0,1300000.0,12079
8049375,1,2,1,10,2024,2,46,8.0,500000.0,25468
8038981,1,1,1,10,2024,2,43,5.0,1700000.0,1967
8045187,1,2,1,10,2024,1,59,3.0,150000.0,16579
8083801,1,1,1,10,2024,2,40,4.0,600000.0,59772
8045085,1,2,1,10,2024,2,30,10.0,1970000.0,16292
8050504,1,1,1,10,2024,2,40,4.0,1200000.0,28143
8045572,1,1,1,10,2024,1,29,5.0,1900000.0,17646
8040209,1,4,1,10,2024,2,20,5.0,1320000.0,4675
8044572,1,1,1,10,2024,2,31,10.0,1300000.0,14926
8056260,1,2,1,10,2024,2,48,5.0,3000000.0,40966
8055041,1,2,1,10,2024,2,39,12.0,3500000.0,38650
8041276,1,1,1,10,2024,2,37,10.0,2000000.0,7221
8081479,1,5,1,10,2024,2,26,10.0,1300000.0,55242
8086242,1,2,1,10,2024,2,22,5.0,800000.0,63346
8055662,1,5,1,10,2024,2,23,6.0,1300000.0,39744
8046358,1,3,1,10,2024,2,34,5.0,600000.0,19370
8041428,1,4,1,10,2024,2,25,5.0,1000000.0,7540
8047011,1,2,1,10,2024,2,48,5.0,1300000.0,20832
8044339,1,1,1,10,2024,2,57,3.0,2000000.0,14276
8041168,1,1,1,10,2024,1,25,5.0,400000.0,6956
8050420,1,1,1,10,2024,2,56,5.0,1300000.0,27879
8080840,1,1,1,10,2024,1,57,5.0,1750000.0,53864
8040483,1,1,1,10,2024,2,50,10.0,2600000.0,5341
8048521,1,2,1,10,2024,1,28,5.0,1300000.0,23845
8046929,1,1,1,10,2024,1,60,9.0,1000000.0,20757
8084069,1,2,1,10,2024,2,52,9.0,2500000.0,60425
8052277,1,3,1,10,2024,2,29,5.0,550000.0,32309
8054299,1,3,1,10,2024,2,34,5.0,750000.0,36930
8041895,1,2,1,10,2024,1,42,10.0,1500000.0,8543
8047982,1,4,1,10,2024,1,55,3.0,850000.0,22791
8046364,1,1,1,10,2024,1,51,9.0,1640000.0,19383
8047984,1,1,1,10,2024,1,63,4.0,1200000.0,22799
8045474,1,1,1,10,2024,2,75,4.0,1000000.0,17379
8048033,1,2,1,10,2024,1,30,5.0,1400000.0,22888
8052375,1,2,1,10,2024,1,44,4.0,1000000.0,32612
8077725,1,1,1,10,2024,1,65,3.0,750000.0,46822
8039578,1,2,1,10,2024,2,33,11.0,4000000.0,3323
8045539,1,1,1,10,2024,1,53,9.0,3700000.0,17556
8078290,1,2,1,10,2024,1,28,1.0,200000.0,48089
8041353,1,2,1,10,2024,1,68,3.0,1200000.0,7332
8079864,1,1,1,10,2024,2,60,3.0,220000.0,51775
8042011,1,4,1,10,2024,2,28,6.0,1300000.0,8867
8047086,1,1,1,10,2024,2,64,4.0,250000.0,20959
8042735,1,1,1,10,2024,2,46,7.0,2000000.0,10437
8084070,1,6,1,10,2024,1,56,3.0,900000.0,60431
8079745,1,1,1,10,2024,2,42,5.0,700000.0,51415
8043449,1,1,1,10,2024,2,34,10.0,1300000.0,12003
8044149,1,1,1,10,2024,2,37,8.0,1600000.0,13762
8055044,1,1,1,10,2024,2,30,10.0,600000.0,38658
8043603,1,1,1,10,2024,1,25,10.0,1000000.0,12414
8049523,1,1,1,10,2024,2,65,4.0,6000000.0,25675
8054982,1,1,1,10,2024,2,49,5.0,800000.0,38495
8041922,1,1,1,10,2024,2,31,3.0,960000.0,8615
8077546,1,1,1,10,2024,1,59,3.0,1200000.0,46443
8054731,1,2,1,10,2024,1,48,5.0,1500000.0,37916
8044712,1,1,1,10,2024,1,22,5.0,1462000.0,15302
8053608,1,4,1,10,2024,2,40,5.0,600000.0,35523
8038854,1,2,1,10,2024,2,56,13.0,18900000.0,1648
8084716,1,1,1,10,2024,1,59,5.0,1700000.0,61741
8041551,1,1,1,10,2024,2,50,5.0,1800000.0,7830
8039730,1,2,1,10,2024,1,28,13.0,6500000.0,3622
8055640,1,7,1,10,2024,1,63,5.0,1300000.0,39669
8043153,1,1,1,10,2024,1,45,3.0,800000.0,11280
8042532,1,1,1,10,2024,2,51,5.0,1400000.0,10012
8039257,1,2,1,10,2024,1,24,10.0,960000.0,2706
8054591,1,2,1,10,2024,1,39,5.0,1300000.0,37569
8082794,1,1,1,10,2024,2,49,6.0,1300000.0,57593
8054800,1,2,1,10,2024,2,32,5.0,600000.0,38092
8084034,1,1,1,10,2024,2,28,10.0,1200000.0,60297
8047477,1,1,1,10,2024,2,40,10.0,2500000.0,21683
8054022,1,1,1,10,2024,1,29,5.0,1300000.0,36335
8048810,1,1,1,10,2024,2,33,5.0,1300000.0,24339
8039014,1,1,1,10,2024,1,43,5.0,950000.0,2029
8078931,1,2,1,10,2024,2,49,5.0,0.0,49472
8043486,1,3,1,10,2024,1,24,5.0,700000.0,12112
8040444,1,1,1,10,2024,2,28,10.0,2000000.0,5240
8043513,1,2,1,10,2024,1,50,5.0,1600000.0,12211
8044455,1,1,1,10,2024,2,19,5.0,1300000.0,14591
8053738,1,2,1,10,2024,1,39,4.0,1600000.0,35847
8054406,1,1,1,10,2024,1,39,5.0,1300000.0,37195
8084590,1,1,1,10,2024,2,39,9.0,2600000.0,61485
8082837,1,1,1,10,2024,2,65,3.0,2500000.0,57707
8075666,1,1,1,10,2024,2,57,1.0,800000.0,41763
8049135,1,4,1,10,2024,2,29,8.0,1300000.0,24983
8077858,1,2,1,10,2024,2,29,5.0,500000.0,47107
8086383,1,1,1,10,2024,1,61,9.0,3000000.0,63575
8077872,1,1,1,10,2024,1,75,5.0,500000.0,47126
8052928,1,1,1,10,2024,1,27,4.0,0.0,33935
8041014,1,1,1,10,2024,2,34,5.0,800000.0,6579
8046470,1,1,1,10,2024,1,29,10.0,2700000.0,19625
8080533,1,1,1,10,2024,1,30,12.0,4000000.0,53258
8051861,1,2,1,10,2024,1,45,10.0,1000000.0,31280
8077994,1,1,1,10,2024,2,49,5.0,1750000.0,47413
8048186,1,1,1,10,2024,2,51,3.0,400000.0,23249
8038523,1,2,1,10,2024,1,24,5.0,1462000.0,826
8044647,1,1,1,10,2024,1,55,11.0,37800000.0,15127
8082297,1,3,1,10,2024,1,38,4.0,1400000.0,56416
8077699,1,1,1,10,2024,1,57,5.0,3800000.0,46768
8045576,1,2,1,10,2024,2,35,10.0,4700000.0,17656
8042656,1,1,1,10,2024,1,41,5.0,1000000.0,10240
8082608,1,2,1,10,2024,2,52,9.0,2500000.0,57090
8084886,1,1,1,10,2024,2,38,5.0,1400000.0,62125
8076008,1,1,1,10,2024,2,32,8.0,1300000.0,42723
8046410,1,3,1,10,2024,2,27,5.0,1300000.0,19478
8051073,1,1,1,10,2024,1,38,5.0,600000.0,29612
8080521,1,3,1,10,2024,1,29,4.0,1300000.0,53226
8082839,1,1,1,10,2024,2,38,10.0,4000000.0,57711
8050118,1,1,1,10,2024,1,36,4.0,1600000.0,27137
8045003,1,2,1,10,2024,1,43,5.0,700000.0,16076
8039305,1,1,1,10,2024,2,44,3.0,400000.0,2839
8049886,1,1,1,10,2024,2,60,3.0,350000.0,26610
8082397,1,1,1,10,2024,1,46,10.0,3000000.0,56623
8078358,1,1,1,10,2024,1,40,4.0,2400000.0,48270
8039038,1,2,1,10,2024,1,48,4.0,800000.0,2112
8054973,1,1,1,10,2024,1,55,1.0,800000.0,38466
8081035,1,1,1,10,2024,2,38,5.0,230000.0,54265
8083014,1,1,1,10,2024,2,56,11.0,3900000.0,58127
8075693,1,1,1,10,2024,2,55,3.0,600000.0,41834
8054694,1,1,1,10,2024,2,48,8.0,2600000.0,37826
8039770,1,2,1,10,2024,2,48,10.0,3100000.0,3698
8042603,1,1,1,10,2024,2,45,10.0,4500000.0,10130
8077957,1,3,1,10,2024,2,21,5.0,160000.0,47307
8048660,1,2,1,10,2024,2,32,5.0,1500000.0,24066
8042017,1,1,1,10,2024,1,65,5.0,1500000.0,8885
8083919,1,1,1,10,2024,2,31,8.0,1880000.0,59985
8045350,1,1,1,10,2024,2,26,9.0,1300000.0,17006
8039465,1,1,1,10,2024,2,46,8.0,1460000.0,3102
8084493,2,1,2,10,2024,1,58,4.0,2000000.0,61303
8053668,1,1,1,10,2024,1,26,10.0,600000.0,35648
8086462,1,1,1,10,2024,1,47,5.0,1900000.0,63744
8077099,1,2,1,10,2024,1,24,4.0,2480000.0,45430
8041200,1,4,1,10,2024,2,54,10.0,900000.0,7057
8045113,1,1,1,10,2024,2,58,3.0,600000.0,16367
8046483,1,1,1,10,2024,2,62,10.0,3000000.0,19651
8050536,1,1,1,10,2024,2,26,6.0,2100000.0,28245
8050809,1,1,1,10,2024,2,48,10.0,1500000.0,28892
8040362,1,1,1,10,2024,2,42,5.0,1600000.0,5029
8038731,1,2,1,10,2024,2,34,5.0,200000.0,1337
8079713,1,1,1,10,2024,1,50,8.0,1900000.0,51274
8042813,1,1,1,10,2024,2,30,5.0,3000000.0,10610
8079873,1,1,1,10,2024,1,27,5.0,320000.0,51805
8051885,1,1,1,10,2024,1,61,3.0,1300000.0,31328
8038506,1,1,1,10,2024,2,33,10.0,3000000.0,782
8080269,1,1,1,10,2024,2,30,8.0,1800000.0,52737
8052188,1,1,1,10,2024,1,39,6.0,880000.0,32053
8047742,1,1,1,10,2024,2,30,5.0,180000.0,22254
8080101,1,1,1,10,2024,1,50,5.0,1300000.0,52282
8047331,1,4,1,10,2024,2,39,5.0,960000.0,21451
8077030,1,1,1,10,2024,1,61,3.0,800000.0,45209
8039683,1,1,1,10,2024,2,27,6.0,2100000.0,3511
8079122,1,1,1,10,2024,1,82,3.0,500000.0,49903
8085908,1,2,1,10,2024,1,44,10.0,2600000.0,63046
8045960,1,1,1,10,2024,2,33,8.0,1000000.0,18343
8053018,1,2,1,10,2024,1,70,1.0,1500000.0,34229
8053231,1,2,1,10,2024,1,62,8.0,1800000.0,34665
8038208,1,2,1,10,2024,1,36,5.0,900000.0,61
8040898,1,3,1,10,2024,1,42,5.0,1462000.0,6308
8084011,1,2,1,10,2024,1,38,5.0,1300000.0,60224
8043829,1,1,1,10,2024,1,67,4.0,800000.0,12996
8078623,1,1,1,10,2024,2,28,10.0,1500000.0,48817
8077600,1,2,1,10,2024,1,39,6.0,2200000.0,46571
8079420,1,4,1,10,2024,1,19,5.0,500000.0,50699
8043958,1,1,1,10,2024,2,33,8.0,1300000.0,13330
8046582,1,1,1,10,2024,1,57,12.0,6500000.0,19960
8055482,1,1,1,10,2024,2,61,8.0,2200000.0,39438
8076532,1,1,1,10,2024,1,48,3.0,100000.0,44101
8052655,1,3,1,10,2024,2,31,4.0,200000.0,33324
8046295,1,3,1,10,2024,1,36,3.0,400000.0,19212
8039754,1,1,1,10,2024,1,50,4.0,600000.0,3658
8078666,1,1,1,10,2024,1,62,3.0,1300000.0,48897
8042009,1,3,1,10,2024,2,26,5.0,1300000.0,8860
8046330,1,1,1,10,2024,2,39,5.0,200000.0,19298
8044522,1,1,1,10,2024,2,50,5.0,1300000.0,14779
8077581,1,3,1,10,2024,1,30,10.0,2300000.0,46535
8043003,1,1,1,10,2024,1,57,8.0,1300000.0,10925
8040803,1,1,1,10,2024,2,62,5.0,2000000.0,6066
8076422,1,2,1,10,2024,1,61,3.0,1000000.0,43810
8081002,1,1,1,10,2024,2,76,3.0,800000.0,54193
8039917,1,2,1,10,2024,2,37,5.0,550000.0,3985
8048153,1,1,1,10,2024,1,45,10.0,1000000.0,23192
8049786,1,1,1,10,2024,1,57,4.0,900000.0,26364
8083686,1,2,1,10,2024,2,55,5.0,800000.0,59550
8039259,1,3,1,10,2024,1,21,8.0,1280000.0,2710
8041659,1,3,1,10,2024,2,25,10.0,2000000.0,8086
8076821,1,1,1,10,2024,1,26,5.0,1200000.0,44753
8048566,1,1,1,10,2024,1,41,4.0,2500000.0,23931
8079703,1,3,1,10,2024,2,28,10.0,2000000.0,51243
8079809,1,1,1,10,2024,1,26,8.0,750000.0,51613
8076487,1,2,1,10,2024,2,61,3.0,1000000.0,43992
8081525,1,1,1,10,2024,2,63,5.0,180000.0,55357
8046383,1,2,1,10,2024,1,27,11.0,5000000.0,19430
8054602,1,2,1,10,2024,2,43,10.0,1300000.0,37590
8049341,1,2,1,10,2024,1,38,5.0,1200000.0,25402
8043850,1,2,1,10,2024,1,71,3.0,400000.0,13044
8054576,1,1,1,10,2024,1,33,10.0,2600000.0,37547
8039705,1,1,1,10,2024,1,36,5.0,800000.0,3554
8079162,1,1,1,10,2024,1,30,5.0,1300000.0,50003
8042560,1,1,1,10,2024,2,32,5.0,1000000.0,10061
8049370,1,2,1,10,2024,1,57,3.0,1200000.0,25445
8081403,1,2,1,10,2024,1,25,5.0,2600000.0,55078
8053109,1,3,1,10,2024,1,22,5.0,2000000.0,34420
8045552,1,2,1,10,2024,2,46,9.0,1300000.0,17583
8049004,1,1,1,10,2024,1,34,10.0,8000000.0,24744
8055648,1,1,1,10,2024,2,49,10.0,3500000.0,39692
8053528,1,2,1,10,2024,1,21,10.0,200000.0,35317
8041751,1,1,1,10,2024,2,41,5.0,1300000.0,8242
8050423,1,1,1,10,2024,1,41,3.0,1300000.0,27890
8047001,1,1,1,10,2024,2,53,3.0,1500000.0,20815
8054457,1,1,1,10,2024,2,41,4.0,300000.0,37328
8086618,1,1,1,10,2024,1,53,3.0,1300000.0,64136
8045357,1,1,1,10,2024,1,41,10.0,3000000.0,17024
8038521,1,1,1,10,2024,2,54,5.0,550000.0,818
8040477,1,2,1,10,2024,2,52,3.0,400000.0,5327
8047831,1,2,1,10,2024,2,25,10.0,400000.0,22488
8045675,1,1,1,10,2024,1,36,4.0,1080000.0,17900
8040207,1,3,1,10,2024,1,20,8.0,600000.0,4666
8076362,1,3,1,10,2024,2,18,5.0,840000.0,43667
8044214,1,1,1,10,2024,1,37,9.0,3400000.0,13903
8039102,1,2,1,10,2024,1,33,8.0,1300000.0,2307
8040041,1,1,1,10,2024,2,46,9.0,3000000.0,4243
8086849,1,2,1,10,2024,2,44,10.0,3300000.0,64562
8049590,1,3,1,10,2024,1,58,8.0,1500000.0,25831
8078489,1,1,1,10,2024,1,29,5.0,1462000.0,48526
8050670,1,3,1,10,2024,1,42,10.0,1400000.0,28553
8043914,1,1,1,10,2024,1,51,10.0,4000000.0,13209
8046186,1,1,1,10,2024,2,43,5.0,2100000.0,18917
8045790,1,2,1,10,2024,2,48,4.0,400000.0,18185
8076533,1,1,1,10,2024,1,33,5.0,1550000.0,44102
8055204,1,1,1,10,2024,2,56,9.0,3000000.0,38934
8049491,1,1,1,10,2024,1,42,5.0,700000.0,25591
8054119,1,2,1,10,2024,2,36,5.0,900000.0,36537
8039846,1,1,1,10,2024,1,27,10.0,10000000.0,3826
8049821,1,2,1,10,2024,1,37,5.0,1200000.0,26447
8048716,1,3,1,10,2024,1,22,4.0,900000.0,24199
8076374,1,1,1,10,2024,2,61,3.0,800000.0,43695
8053298,1,1,1,10,2024,2,69,5.0,600000.0,34814
8052151,1,2,1,10,2024,1,28,8.0,1300000.0,31975
8086499,1,1,1,10,2024,1,29,5.0,1600000.0,63821
8050086,1,2,1,10,2024,2,39,4.0,300000.0,27087
8043927,1,2,1,10,2024,2,40,5.0,1400000.0,13242
8041424,1,3,1,10,2024,2,41,9.0,1000000.0,7528
8041647,1,1,1,10,2024,2,52,3.0,630000.0,8058
8046631,1,1,1,10,2024,2,26,10.0,2500000.0,20086
8039860,1,1,1,10,2024,2,52,10.0,1600000.0,3853
8042790,1,2,1,10,2024,2,22,5.0,200000.0,10550
8041430,1,1,1,10,2024,1,59,5.0,2500000.0,7543
8043701,1,1,1,10,2024,1,28,4.0,1300000.0,12665
8048140,1,1,1,10,2024,2,42,5.0,900000.0,23157
8049390,1,1,1,10,2024,1,63,11.0,5200000.0,25491
8047608,1,1,1,10,2024,2,31,8.0,1300000.0,21965
8048834,1,2,1,10,2024,1,53,3.0,1000000.0,24396
8053262,1,5,1,10,2024,2,52,5.0,2300000.0,34741
8040110,1,2,1,10,2024,2,71,3.0,250000.0,4395
8047751,1,2,1,10,2024,2,29,10.0,1300000.0,22282
8052853,1,1,1,10,2024,2,67,3.0,480000.0,33763
8055207,1,2,1,10,2024,1,20,8.0,0.0,38939
8050976,1,2,1,10,2024,1,57,5.0,3000000.0,29364
8082413,1,1,1,10,2024,2,70,5.0,1300000.0,56667
8043523,1,1,1,10,2024,1,61,9.0,1300000.0,12238
8039436,1,1,1,10,2024,2,39,10.0,2200000.0,3041
8048431,1,4,1,10,2024,1,31,9.0,1300000.0,23670
8043479,1,3,1,10,2024,2,26,10.0,1800000.0,12089
8082859,1,2,1,10,2024,1,18,3.0,1000000.0,57753
8045769,1,1,1,10,2024,1,31,5.0,1400000.0,18138
8079979,1,1,1,10,2024,2,66,4.0,1300000.0,52011
8039262,1,1,1,10,2024,2,39,10.0,1200000.0,2715
8077852,1,1,1,10,2024,1,29,10.0,2000000.0,47095
8041178,1,2,1,10,2024,2,42,4.0,480000.0,6994
8079472,1,3,1,10,2024,1,28,5.0,1000000.0,50827
8051416,1,3,1,10,2024,1,22,5.0,900000.0,30140
8046437,1,2,1,10,2024,1,31,10.0,1600000.0,19537
8039937,1,1,1,10,2024,1,34,9.0,1460000.0,4041
8078082,1,1,1,10,2024,1,54,3.0,250000.0,47585
8043369,1,2,1,10,2024,2,51,3.0,2160000.0,11803
8051353,1,1,1,10,2024,2,42,10.0,380000.0,29975
8043132,1,2,1,10,2024,1,21,4.0,1800000.0,11223
8053251,1,1,1,10,2024,2,34,5.0,900000.0,34713
8050699,1,1,1,10,2024,2,32,5.0,150000.0,28617
8050084,1,1,1,10,2024,1,64,3.0,1000000.0,27082
8083282,1,3,1,10,2024,1,29,5.0,1680000.0,58738
8049510,1,1,1,10,2024,1,60,5.0,1300000.0,25643
8052212,1,1,1,10,2024,2,24,4.0,200000.0,32114
8041612,1,2,1,10,2024,2,41,10.0,3900000.0,7970
8051411,1,2,1,10,2024,2,43,10.0,4000000.0,30126
8055058,1,2,1,10,2024,1,24,10.0,1300000.0,38692
8053698,1,2,1,10,2024,2,45,3.0,800000.0,35738
8040812,1,2,1,10,2024,2,54,8.0,2000000.0,6084
8049268,1,5,1,10,2024,1,18,6.0,1300000.0,25237
8048458,1,1,1,10,2024,1,35,5.0,1300000.0,23715
8082939,1,1,1,10,2024,1,24,5.0,1350000.0,57945
8044114,1,1,1,10,2024,1,47,5.0,1300000.0,13676
8049279,1,1,1,10,2024,2,67,5.0,1300000.0,25266
8053022,1,1,1,10,2024,1,54,5.0,600000.0,34241
8054308,1,2,1,10,2024,2,27,5.0,1200000.0,36954
8086645,1,1,1,10,2024,2,34,11.0,3400000.0,64209
8042658,1,1,1,10,2024,2,57,3.0,400000.0,10242
8055824,1,2,1,10,2024,1,71,5.0,1300000.0,40058
8048656,1,2,1,10,2024,2,29,8.0,1300000.0,24062
8076213,1,1,1,10,2024,1,69,1.0,380000.0,43313
8083752,1,1,1,10,2024,2,66,3.0,700000.0,59678
8076589,1,2,1,10,2024,2,40,8.0,2000000.0,44213
8080233,1,3,1,10,2024,1,51,5.0,900000.0,52638
8078417,1,2,1,10,2024,2,29,5.0,3600000.0,48365
8079186,1,4,1,10,2024,1,41,4.0,300000.0,50069
8056487,1,1,1,10,2024,2,47,5.0,2000000.0,41434
8081464,1,2,1,10,2024,1,49,10.0,6000000.0,55200
8041183,1,1,1,10,2024,2,50,10.0,1700000.0,7016
8049077,1,1,1,10,2024,1,60,3.0,1400000.0,24868
8038878,1,2,1,10,2024,1,31,5.0,1600000.0,1706
8052351,1,2,1,10,2024,1,23,8.0,1000000.0,32549
8043908,1,1,1,10,2024,2,51,12.0,9622700.0,13192
8038753,1,3,1,10,2024,1,42,10.0,1000000.0,1411
8048057,1,3,1,10,2024,1,31,4.0,700000.0,22934
8082971,1,1,1,10,2024,2,28,10.0,2150000.0,58019
8046746,1,1,1,10,2024,2,44,4.0,1300000.0,20343
8075873,1,1,1,10,2024,1,39,5.0,1050000.0,42302
8080987,1,1,1,10,2024,1,40,13.0,6000000.0,54162
8051012,1,1,1,10,2024,2,35,5.0,1100000.0,29467
8083980,1,1,1,10,2024,2,53,3.0,1500000.0,60133
8049506,1,3,1,10,2024,2,25,4.0,900000.0,25631
8051035,1,3,1,10,2024,2,25,10.0,4800000.0,29518
8048142,1,1,1,10,2024,1,61,10.0,400000.0,23163
8041098,1,1,1,10,2024,2,35,12.0,3500000.0,6767
8084841,1,1,1,10,2024,2,62,8.0,3000000.0,62026
8042750,1,1,1,10,2024,2,60,3.0,800000.0,10471
8038262,1,1,1,10,2024,1,42,8.0,1800000.0,201
8077113,2,2,2,10,2024,2,23,8.0,950000.0,45467
8044321,1,1,1,10,2024,1,26,5.0,1700000.0,14233
8086042,1,1,1,10,2024,1,61,8.0,10000000.0,63222
8075909,1,8,1,10,2024,2,21,5.0,100000.0,42408
8041061,1,1,1,10,2024,2,51,5.0,1000000.0,6700
8042617,1,1,1,10,2024,2,41,4.0,300000.0,10163
8056354,1,2,1,10,2024,1,28,10.0,2000000.0,41142
8075646,1,1,1,10,2024,2,68,3.0,200000.0,41716
8084252,1,1,1,10,2024,2,40,8.0,1300000.0,60815
8047062,1,2,1,10,2024,1,38,8.0,2000000.0,20914
8046911,1,1,1,10,2024,1,28,10.0,1300000.0,20715
8077174,1,1,1,10,2024,1,43,3.0,1232000.0,45642
8075940,1,1,1,10,2024,1,59,3.0,200000.0,42516
8055207,1,3,1,10,2024,1,47,3.0,1200000.0,38940
8042802,1,1,1,10,2024,2,42,5.0,640000.0,10589
8040511,1,2,1,10,2024,1,21,4.0,2000000.0,5404
8044371,1,2,1,10,2024,2,25,5.0,1462000.0,14374
8038341,1,1,1,10,2024,2,30,11.0,8000000.0,411
8077551,1,1,1,10,2024,1,52,3.0,1000000.0,46452
8043591,1,1,1,10,2024,2,49,1.0,100000.0,12388
8081396,1,6,1,10,2024,1,29,5.0,1800000.0,55049
8042768,1,1,1,10,2024,2,25,4.0,1200000.0,10507
8041355,1,1,1,10,2024,1,41,5.0,1300000.0,7346
8079825,1,5,1,10,2024,1,65,3.0,800000.0,51682
8045240,1,3,1,10,2024,1,28,8.0,800000.0,16751
8080100,1,2,1,10,2024,1,50,5.0,800000.0,52278
8053521,1,2,1,10,2024,2,44,4.0,1500000.0,35302
8039049,1,1,1,10,2024,2,64,1.0,200000.0,2152
8040037,1,1,1,10,2024,2,23,8.0,1000000.0,4229
8042512,1,2,1,10,2024,1,23,5.0,300000.0,9980
8044301,1,2,1,10,2024,2,41,5.0,3500000.0,14177
8056227,1,3,1,10,2024,1,37,5.0,1500000.0,40863
8086618,1,2,1,10,2024,2,50,3.0,1300000.0,64137
8051289,1,2,1,10,2024,2,43,5.0,400000.0,29777
8045743,1,3,1,10,2024,2,36,5.0,1300000.0,18067
8042123,1,13,1,10,2024,2,20,8.0,520000.0,9101
8056126,1,1,1,10,2024,2,29,9.0,1000000.0,40651
8076638,1,1,1,10,2024,1,65,13.0,10175000.0,44338
8052255,1,2,1,10,2024,1,37,5.0,300000.0,32258
8047775,1,1,1,10,2024,2,51,8.0,1000000.0,22346
8077388,1,1,1,10,2024,2,40,5.0,800000.0,46145
8053181,1,5,1,10,2024,2,30,5.0,1300000.0,34548
8054913,1,2,1,10,2024,2,47,5.0,800000.0,38349
8078934,1,1,1,10,2024,1,38,3.0,400000.0,49483
8081027,1,1,1,10,2024,1,58,5.0,1550000.0,54250
8046354,1,1,1,10,2024,1,55,10.0,800000.0,19362
8049411,1,2,1,10,2024,2,27,10.0,1300000.0,25511
8044879,1,1,1,10,2024,2,27,5.0,800000.0,15740
8053149,1,2,1,10,2024,1,20,5.0,1300000.0,34480
8041362,1,2,1,10,2024,1,40,4.0,1300000.0,7359
8050470,1,5,1,10,2024,1,23,3.0,900000.0,28022
8048429,1,2,1,10,2024,1,54,10.0,4500000.0,23660
8053418,1,4,1,10,2024,2,26,10.0,2200000.0,35149
8042576,1,1,1,10,2024,2,58,10.0,3000000.0,10090
8077794,1,5,1,10,2024,2,23,5.0,1300000.0,46980
8056318,1,2,1,10,2024,2,28,10.0,2800000.0,41060
8076017,1,2,1,10,2024,2,37,4.0,300000.0,42752
8084440,1,2,1,10,2024,2,56,3.0,500000.0,61211
8080187,1,1,1,10,2024,1,54,10.0,2600000.0,52521
8040582,1,2,1,10,2024,2,29,10.0,600000.0,5580
8040101,1,1,1,10,2024,1,25,5.0,1000000.0,4371
8080372,1,1,1,10,2024,2,25,8.0,1500000.0,52984
8045715,1,3,1,10,2024,1,25,8.0,1800000.0,18002
8046789,1,1,1,10,2024,1,33,5.0,1300000.0,20442
8081389,1,1,1,10,2024,1,65,8.0,1500000.0,55024
8083458,1,3,1,10,2024,2,20,10.0,1300000.0,59117
8049322,1,2,1,10,2024,1,62,5.0,1300000.0,25358
8077552,1,1,1,10,2024,1,49,3.0,1600000.0,46453
8051952,1,1,1,10,2024,2,43,3.0,700000.0,31494
8052148,1,1,1,10,2024,2,49,4.0,1000000.0,31968
8056320,1,1,1,10,2024,1,56,3.0,200000.0,41066
8050559,1,1,1,10,2024,2,46,10.0,3500000.0,28309
8043426,1,1,1,10,2024,1,57,4.0,600000.0,11942
8045419,1,1,1,10,2024,2,23,10.0,1600000.0,17210
8043425,1,2,1,10,2024,2,24,5.0,1300000.0,11939
8044064,1,1,1,10,2024,1,23,10.0,3700000.0,13559
8080406,1,1,1,10,2024,2,62,11.0,9200000.0,53079
8046431,1,1,1,10,2024,1,48,1.0,1500000.0,19529
8043819,1,1,1,10,2024,2,66,3.0,200000.0,12985
8055773,1,2,1,10,2024,1,63,3.0,2500000.0,39936
8077978,1,1,1,10,2024,2,48,4.0,710000.0,47360
8079935,1,1,1,10,2024,1,45,11.0,3800000.0,51941
8055318,1,1,1,10,2024,2,38,3.0,1300000.0,39153
8043646,1,2,1,10,2024,2,29,5.0,1100000.0,12532
8076684,1,1,1,10,2024,2,30,11.0,5000000.0,44437
8081370,1,2,1,10,2024,1,47,5.0,1000000.0,54955
8056210,1,2,1,10,2024,1,25,6.0,1300000.0,40817
8080209,1,2,1,10,2024,2,56,8.0,1300000.0,52567
8055676,1,1,1,10,2024,1,33,9.0,1300000.0,39777
8047125,1,1,1,10,2024,1,46,3.0,1300000.0,21023
8051582,1,1,1,10,2024,1,56,3.0,1300000.0,30527
8042065,1,2,1,10,2024,2,28,10.0,2000000.0,8932
8047016,1,3,1,10,2024,2,22,10.0,1800000.0,20843
8050037,1,1,1,10,2024,2,27,4.0,200000.0,26956
8048929,1,1,1,10,2024,1,35,5.0,2200000.0,24610
8042544,1,2,1,10,2024,1,35,3.0,1300000.0,10037
8045194,1,1,1,10,2024,2,48,10.0,3300000.0,16600
8053426,1,2,1,10,2024,2,55,10.0,10000000.0,35158
8044384,1,2,1,10,2024,2,40,8.0,1300000.0,14400
8049783,3,3,3,10,2024,1,26,4.0,900000.0,26350
8051260,1,2,1,10,2024,2,49,10.0,4300000.0,29700
8085081,1,2,1,10,2024,2,49,3.0,400000.0,62577
8042611,1,1,1,10,2024,1,29,3.0,1300000.0,10153
8079575,1,1,1,10,2024,1,47,5.0,1600000.0,50997
8056012,1,1,1,10,2024,2,52,10.0,2000000.0,40425
8039783,1,2,1,10,2024,1,29,10.0,1200000.0,3713
8076092,1,1,1,10,2024,1,52,3.0,1200000.0,42974
8080770,1,3,1,10,2024,2,20,9.0,750000.0,53725
8084668,1,2,1,10,2024,1,44,6.0,2700000.0,61653
8084968,1,1,1,10,2024,1,44,3.0,1600000.0,62317
8040372,1,1,1,10,2024,1,34,6.0,1800000.0,5056
8086431,1,2,1,10,2024,1,66,4.0,1100000.0,63660
8046706,1,1,1,10,2024,1,26,10.0,3000000.0,20252
8047128,1,2,1,10,2024,2,34,10.0,2600000.0,21026
8044760,1,3,1,10,2024,2,47,10.0,2600000.0,15408
8083620,1,1,1,10,2024,1,39,5.0,1300000.0,59432
8043167,1,2,1,10,2024,2,27,5.0,350000.0,11318
8047207,1,2,1,10,2024,1,43,3.0,1300000.0,21192
8044026,1,2,1,10,2024,2,33,6.0,1470000.0,13476
8052817,1,2,1,10,2024,1,66,3.0,1000000.0,33666
8054169,1,1,1,10,2024,2,53,5.0,300000.0,36639
8053100,1,1,1,10,2024,2,31,5.0,1500000.0,34392
8049335,1,3,1,10,2024,1,28,3.0,900000.0,25389
8078761,1,1,1,10,2024,2,42,9.0,1300000.0,49107
8050342,1,1,1,10,2024,1,42,5.0,1300000.0,27689
8084183,1,1,1,10,2024,1,42,4.0,900000.0,60646
8042533,1,2,1,10,2024,2,57,5.0,2500000.0,10014
8051357,1,4,1,10,2024,2,21,5.0,800000.0,29986
8055680,1,2,1,10,2024,2,30,5.0,1300000.0,39792
8077211,1,2,1,10,2024,2,33,3.0,300000.0,45734
8041921,1,1,1,10,2024,2,30,5.0,1300000.0,8612
8078218,1,1,1,10,2024,2,44,8.0,1300000.0,47913
8046375,1,2,1,10,2024,2,32,9.0,1300000.0,19414
8078635,1,2,1,10,2024,2,63,3.0,1850000.0,48839
8043377,1,3,1,10,2024,1,22,5.0,1300000.0,11820
8042343,1,1,1,10,2024,2,31,8.0,200000.0,9597
8043727,1,1,1,10,2024,2,26,3.0,180000.0,12733
8076960,1,1,1,10,2024,2,69,11.0,3600000.0,45049
8046614,1,1,1,10,2024,2,26,10.0,30700000.0,20042
8054975,1,3,1,10,2024,2,32,5.0,600000.0,38480
8055586,1,3,1,10,2024,2,25,9.0,1600000.0,39592
8052803,1,1,1,10,2024,1,70,3.0,600000.0,33630
8048862,1,1,1,10,2024,1,42,5.0,2000000.0,24462
8040323,1,2,1,10,2024,2,35,5.0,1300000.0,4953
8045249,1,1,1,10,2024,2,46,9.0,1600000.0,16761
8051637,1,1,1,10,2024,2,53,3.0,1000000.0,30661
8079961,1,1,1,10,2024,2,43,5.0,600000.0,51976
8048861,1,1,1,10,2024,1,63,5.0,1500000.0,24459
8050881,1,6,1,10,2024,1,32,3.0,1300000.0,29085
8039324,1,1,1,10,2024,1,47,10.0,3000000.0,2888
8041180,1,1,1,10,2024,2,44,5.0,1500000.0,6999
8039052,1,1,1,10,2024,2,38,5.0,460000.0,2155
8043356,1,1,1,10,2024,2,28,5.0,1600000.0,11774
8082416,1,2,1,10,2024,1,47,8.0,1300000.0,56674
8076202,1,1,1,10,2024,2,42,5.0,320000.0,43307
8049045,1,1,1,10,2024,2,40,6.0,1300000.0,24811
8076630,1,2,1,10,2024,1,17,3.0,900000.0,44325
8045975,1,1,1,10,2024,1,47,4.0,1300000.0,18393
8080883,1,1,1,10,2024,2,65,3.0,1000000.0,53946
8052080,1,3,1,10,2024,1,62,3.0,900000.0,31797
8047000,1,1,1,10,2024,1,32,8.0,1300000.0,20812
8054301,1,1,1,10,2024,1,55,4.0,800000.0,36939
8046165,1,1,1,10,2024,1,62,3.0,300000.0,18855
8077850,1,2,1,10,2024,2,40,6.0,500000.0,47090
8055238,1,3,1,10,2024,2,50,10.0,2700000.0,39035
8077407,1,1,1,10,2024,2,20,4.0,1100000.0,46187
8082123,1,2,1,10,2024,2,32,5.0,250000.0,56139
8042849,1,1,1,10,2024,2,48,13.0,5400000.0,10686
8078754,1,1,1,10,2024,2,48,3.0,1300000.0,49099
8038695,1,4,1,10,2024,1,27,4.0,1300000.0,1252
8078872,1,1,1,10,2024,1,76,1.0,600000.0,49329
8044169,1,1,1,10,2024,2,54,10.0,1800000.0,13811
8083943,1,5,1,10,2024,1,33,6.0,800000.0,60018
8041018,1,1,1,10,2024,1,22,4.0,1000000.0,6593
8078019,1,2,1,10,2024,2,86,3.0,130000.0,47476
8053392,1,3,1,10,2024,1,42,4.0,1300000.0,35097
8055977,1,2,1,10,2024,1,25,5.0,1000000.0,40368
8082655,1,6,1,10,2024,1,19,4.0,1000000.0,57232
8038605,1,1,1,10,2024,1,44,9.0,12000000.0,978
8056201,1,2,1,10,2024,2,62,5.0,1500000.0,40789
8052623,1,1,1,10,2024,2,61,4.0,500000.0,33260
8041229,2,1,2,10,2024,1,55,1.0,500000.0,7126
8053820,1,2,1,10,2024,2,61,8.0,650000.0,35947
8081524,1,1,1,10,2024,2,39,10.0,1800000.0,55354
8043771,1,1,1,10,2024,2,34,5.0,500000.0,12860
8054704,1,5,1,10,2024,2,22,5.0,1200000.0,37841
8046481,1,2,1,10,2024,2,50,10.0,700000.0,19648
8086682,1,2,1,10,2024,2,29,5.0,700000.0,64320
8040216,1,3,1,10,2024,2,26,10.0,2500000.0,4698
8077506,1,1,1,10,2024,2,39,8.0,1200000.0,46351
8083603,1,2,1,10,2024,2,25,9.0,1300000.0,59394
8083624,1,2,1,10,2024,2,39,9.0,150000.0,59445
8043488,1,1,1,10,2024,2,68,3.0,0.0,12125
8044576,1,1,1,10,2024,2,38,10.0,1300000.0,14937
8054067,1,1,1,10,2024,2,50,5.0,200000.0,36419
8044892,1,3,1,10,2024,2,40,5.0,400000.0,15769
8078741,1,1,1,10,2024,1,51,3.0,1000000.0,49056
8047383,1,1,1,10,2024,1,44,9.0,2000000.0,21555
8038686,1,5,1,10,2024,2,34,8.0,1350000.0,1216
8048520,1,2,1,10,2024,1,51,3.0,1300000.0,23843
8044496,1,2,1,10,2024,2,29,7.0,1300000.0,14694
8053102,1,2,1,10,2024,2,24,5.0,550000.0,34397
8080052,1,1,1,10,2024,1,46,12.0,10500000.0,52143
8079429,1,1,1,10,2024,2,21,4.0,600000.0,50722
8077996,1,2,1,10,2024,1,22,5.0,900000.0,47421
8080656,1,1,1,10,2024,1,24,10.0,2200000.0,53528
8055364,1,3,1,10,2024,2,21,5.0,750000.0,39249
8040269,1,6,1,10,2024,1,49,3.0,0.0,4811
8077764,1,1,1,10,2024,1,60,9.0,1300000.0,46915
8077601,1,2,1,10,2024,2,19,4.0,100000.0,46575
8083727,1,2,1,10,2024,2,48,5.0,1850000.0,59632
8047330,1,3,1,10,2024,2,44,5.0,800000.0,21439
8050332,1,1,1,10,2024,1,67,10.0,450000.0,27646
8084842,1,2,1,10,2024,1,32,8.0,1600000.0,62028
8086567,1,3,1,10,2024,2,31,5.0,1600000.0,64002
8083682,1,1,1,10,2024,2,28,5.0,1600000.0,59540
8041851,1,2,1,10,2024,2,38,5.0,800000.0,8426
8040237,1,4,1,10,2024,2,44,10.0,2000000.0,4763
8077346,1,1,1,10,2024,2,41,3.0,1300000.0,46049
8039041,1,2,1,10,2024,2,45,5.0,300000.0,2124
8051975,1,2,1,10,2024,2,44,9.0,1500000.0,31547
8075927,1,1,1,10,2024,1,46,3.0,300000.0,42463
8050158,1,2,1,10,2024,1,49,3.0,1000000.0,27226
8043146,1,3,1,10,2024,2,16,6.0,200000.0,11260
8053266,1,1,1,10,2024,2,23,5.0,3000000.0,34748
8042207,1,1,1,10,2024,1,50,8.0,800000.0,9325
8084026,1,4,1,10,2024,1,19,5.0,700000.0,60272
8051526,1,1,1,10,2024,1,61,9.0,3000000.0,30413
8053914,1,1,1,10,2024,2,55,10.0,150000.0,36130
8075942,1,2,1,10,2024,1,19,5.0,150000.0,42519
8039834,1,1,1,10,2024,1,21,10.0,1300000.0,3803
8041572,1,1,1,10,2024,2,27,5.0,1000000.0,7882
8053853,1,1,1,10,2024,2,61,4.0,200000.0,36018
8084571,1,1,1,10,2024,1,60,10.0,3700000.0,61461
8055899,1,1,1,10,2024,2,42,9.0,2000000.0,40230
8076444,1,2,1,10,2024,2,22,5.0,480000.0,43862
8040919,1,1,1,10,2024,2,31,5.0,1462000.0,6358
8050065,1,5,1,10,2024,1,27,4.0,1300000.0,27037
8046326,1,2,1,10,2024,2,45,5.0,600000.0,19291
8054498,1,1,1,10,2024,2,42,3.0,823000.0,37398
8080124,1,2,1,10,2024,2,23,9.0,2800000.0,52350
8086298,1,1,1,10,2024,1,64,10.0,6250000.0,63432
8043831,1,1,1,10,2024,1,44,5.0,1300000.0,13001
8038690,1,1,1,10,2024,2,63,5.0,650000.0,1237
8041897,1,5,1,10,2024,1,37,5.0,800000.0,8551
8077276,1,1,1,10,2024,1,52,11.0,7500000.0,45907
8083944,1,2,1,10,2024,2,54,9.0,2000000.0,60025
8038560,1,1,1,10,2024,1,52,5.0,1000000.0,905
8054387,1,1,1,10,2024,2,31,9.0,1500000.0,37143
8046219,1,1,1,10,2024,1,51,5.0,1300000.0,18991
8075965,1,1,1,10,2024,1,44,1.0,350000.0,42595
8082762,1,1,1,10,2024,1,61,3.0,800000.0,57514
8082478,1,2,1,10,2024,1,60,10.0,2300000.0,56799
8078993,1,1,1,10,2024,2,37,5.0,200000.0,49616
8053873,1,2,1,10,2024,1,44,9.0,1300000.0,36059
8044536,1,2,1,10,2024,1,42,5.0,700000.0,14826
8052519,1,1,1,10,2024,1,53,3.0,400000.0,32988
8083292,1,1,1,10,2024,1,32,5.0,600000.0,58762
8050721,1,2,1,10,2024,1,48,3.0,300000.0,28666
8075949,1,1,1,10,2024,2,49,1.0,390000.0,42540
8053308,1,2,1,10,2024,2,84,3.0,140000.0,34848
8050607,1,2,1,10,2024,2,53,6.0,2100000.0,28424
8040510,1,2,1,10,2024,1,28,5.0,1300000.0,5402
8050324,1,1,1,10,2024,1,68,10.0,16000000.0,27618
8040086,1,1,1,10,2024,2,47,5.0,1300000.0,4331
8054183,1,1,1,10,2024,2,55,11.0,2950000.0,36690
8084229,1,2,1,10,2024,2,47,8.0,1500000.0,60756
8046185,1,4,1,10,2024,1,25,5.0,300000.0,18912
8081463,1,2,1,10,2024,1,47,11.0,3000000.0,55198
8084003,1,1,1,10,2024,1,60,3.0,500000.0,60202
8080850,1,1,1,10,2024,1,50,5.0,1400000.0,53883
8039095,1,1,1,10,2024,1,75,1.0,2000000.0,2282
8038519,1,1,1,10,2024,2,50,11.0,6259000.0,812
8084229,1,1,1,10,2024,2,25,10.0,2500000.0,60755
8041119,1,1,1,10,2024,2,68,3.0,700000.0,6844
8050447,1,2,1,10,2024,2,40,3.0,1300000.0,27952
8043433,1,1,1,10,2024,1,64,3.0,450000.0,11961
8046582,1,2,1,10,2024,2,53,12.0,6000000.0,19961
8050506,1,7,1,10,2024,1,33,5.0,1300000.0,28154
8051535,1,1,1,10,2024,1,61,9.0,3000000.0,30431
8046643,1,1,1,10,2024,2,43,11.0,7635000.0,20107
8049897,1,1,1,10,2024,1,41,3.0,700000.0,26634
8083333,1,2,1,10,2024,1,34,4.0,900000.0,58866
8081484,1,2,1,10,2024,1,25,4.0,130000.0,55258
8084794,1,1,1,10,2024,1,61,5.0,1800000.0,61928
8082783,1,2,1,10,2024,2,37,8.0,2400000.0,57564
8080205,1,1,1,10,2024,2,43,8.0,1600000.0,52560
8056157,1,1,1,10,2024,2,45,5.0,800000.0,40714
8041425,1,1,1,10,2024,1,59,4.0,450000.0,7530
8052546,1,2,1,10,2024,2,20,3.0,550000.0,33056
8053544,1,2,1,10,2024,2,58,10.0,1500000.0,35353
8038557,1,1,1,10,2024,2,40,5.0,1350000.0,898
8041904,1,3,1,10,2024,1,23,5.0,1300000.0,8564
8040255,1,2,1,10,2024,2,58,8.0,2600000.0,4782
8050030,1,1,1,10,2024,1,71,3.0,700000.0,26939
8079670,1,1,1,10,2024,2,45,11.0,5400000.0,51177
8055535,1,2,1,10,2024,2,23,10.0,2200000.0,39525
8082290,1,1,1,10,2024,2,63,4.0,400000.0,56400
8041197,1,2,1,10,2024,1,36,10.0,1450000.0,7047
8086554,1,2,1,10,2024,1,59,3.0,1300000.0,63968
8083768,1,1,1,10,2024,2,59,3.0,150000.0,59715
8086653,1,1,1,10,2024,2,30,5.0,592000.0,64233
8083862,1,1,1,10,2024,2,27,5.0,1300000.0,59910
8051246,1,2,1,10,2024,2,52,5.0,372000.0,29670
8050331,1,2,1,10,2024,2,37,5.0,600000.0,27643
8041338,1,3,1,10,2024,2,22,8.0,1300000.0,7283
8079986,1,1,1,10,2024,1,54,5.0,1300000.0,52026
8045360,1,1,1,10,2024,1,33,6.0,800000.0,17031
8044440,1,1,1,10,2024,1,53,5.0,800000.0,14552
8040436,1,1,1,10,2024,1,53,3.0,1300000.0,5216
8051409,1,1,1,10,2024,2,53,5.0,1000000.0,30121
8052348,1,3,1,10,2024,1,21,4.0,1300000.0,32533
8050751,1,2,1,10,2024,1,42,5.0,800000.0,28738
8077710,1,1,1,10,2024,1,38,5.0,5650000.0,46791
8043080,1,1,1,10,2024,2,30,4.0,600000.0,11105
8043614,1,2,1,10,2024,1,24,5.0,700000.0,12448
8055128,2,1,2,10,2024,1,28,4.0,300000.0,38754
8042314,1,2,1,10,2024,2,28,3.0,300000.0,9542
8052321,1,4,1,10,2024,2,20,8.0,1300000.0,32455
8082646,1,1,1,10,2024,1,75,1.0,1400000.0,57198
8080340,1,2,1,10,2024,2,25,10.0,1500000.0,52902
8052558,1,2,1,10,2024,2,46,5.0,1300000.0,33096
8079617,1,2,1,10,2024,1,40,12.0,3300000.0,51076
8076961,1,1,1,10,2024,1,60,3.0,800000.0,45050
8053917,1,1,1,10,2024,1,70,3.0,100000.0,36135
8053336,1,4,1,10,2024,1,44,10.0,3800000.0,34924
8082256,1,1,1,10,2024,2,48,11.0,3000000.0,56355
8048142,1,3,1,10,2024,2,30,10.0,3500000.0,23165
8054123,1,1,1,10,2024,1,67,10.0,1200000.0,36552
8046044,1,1,1,10,2024,2,38,5.0,1300000.0,18567
8038709,1,3,1,10,2024,2,19,9.0,300000.0,1291
8041120,1,2,1,10,2024,1,36,3.0,1500000.0,6848
8049929,1,1,1,10,2024,1,25,9.0,800000.0,26699
8080385,1,2,1,10,2024,2,61,10.0,8000000.0,53028
8052254,1,1,1,10,2024,1,33,5.0,800000.0,32252
8053015,1,1,1,10,2024,2,26,4.0,300000.0,34218
8079202,1,2,1,10,2024,2,25,5.0,1300000.0,50110
8053275,1,3,1,10,2024,1,29,4.0,800000.0,34755
8046427,1,2,1,10,2024,2,38,5.0,1518000.0,19520
8048711,1,2,1,10,2024,2,54,5.0,400000.0,24174
8082650,1,1,1,10,2024,1,38,5.0,900000.0,57212
8038489,1,2,1,10,2024,2,19,10.0,1300000.0,753
8084199,1,1,1,10,2024,1,47,5.0,1500000.0,60688
8085030,1,1,1,10,2024,1,42,9.0,4108000.0,62462
8083308,1,1,1,10,2024,1,59,5.0,1500000.0,58806
8084219,1,1,1,10,2024,1,47,4.0,600000.0,60733
8047657,1,1,1,10,2024,2,44,10.0,3200000.0,22075
8045101,1,2,1,10,2024,1,28,10.0,7000000.0,16342
8055016,1,1,1,10,2024,2,38,12.0,6883000.0,38574
8049786,1,2,1,10,2024,2,55,10.0,4200000.0,26365
8080379,1,2,1,10,2024,2,40,10.0,1300000.0,53007
8053279,1,1,1,10,2024,2,64,4.0,560000.0,34768
8084256,1,2,1,10,2024,2,37,10.0,3300000.0,60823
8040028,1,1,1,10,2024,2,79,3.0,200000.0,4208
8047979,1,1,1,10,2024,2,55,10.0,3500000.0,22783
8086561,1,2,1,10,2024,2,61,10.0,85000000.0,63986
8039647,1,2,1,10,2024,1,62,4.0,500000.0,3431
8039911,1,2,1,10,2024,1,33,5.0,700000.0,3970
8045561,1,2,1,10,2024,1,58,3.0,1200000.0,17609
8040765,1,3,1,10,2024,2,19,5.0,400000.0,5985
8084066,1,2,1,10,2024,2,27,8.0,3500000.0,60411
8053345,1,2,1,10,2024,2,39,10.0,2800000.0,34940
8051563,1,1,1,10,2024,1,61,9.0,3000000.0,30487
8039971,1,1,1,10,2024,2,42,3.0,550000.0,4099
8043925,1,1,1,10,2024,1,33,5.0,2000000.0,13236
8040739,1,4,1,10,2024,1,16,5.0,1050000.0,5903
8078972,1,1,1,10,2024,1,71,1.0,900000.0,49577
8083492,1,2,1,10,2024,2,22,5.0,1300000.0,59191
8076776,1,2,1,10,2024,2,38,10.0,1300000.0,44674
8045399,1,2,1,10,2024,2,51,5.0,1300000.0,17151
8046350,1,1,1,10,2024,2,58,10.0,1300000.0,19346
8039196,1,3,1,10,2024,2,29,11.0,2700000.0,2556
8046370,1,1,1,10,2024,2,43,12.0,2000000.0,19395
8082659,1,2,1,10,2024,1,48,5.0,600000.0,57247
8076061,1,1,1,10,2024,2,44,3.0,710000.0,42889
8045180,1,3,1,10,2024,2,53,5.0,150000.0,16560
8040576,1,1,1,10,2024,2,51,8.0,1500000.0,5567
8055126,1,1,1,10,2024,2,44,5.0,600000.0,38745
8044434,1,1,1,10,2024,1,51,5.0,500000.0,14539
8055017,1,2,1,10,2024,2,29,5.0,1760000.0,38576
8082726,1,5,1,10,2024,1,2,,,57423
8079493,1,4,1,10,2024,2,30,10.0,1500000.0,50863
8054435,1,1,1,10,2024,2,25,3.0,900000.0,37277
8049261,1,1,1,10,2024,1,34,5.0,850000.0,25217
8042077,1,3,1,10,2024,2,24,8.0,1300000.0,8976
8052578,1,1,1,10,2024,1,31,5.0,2200000.0,33151
8080409,1,2,1,10,2024,1,58,9.0,2000000.0,53086
8054200,1,1,1,10,2024,2,44,3.0,500000.0,36726
8052371,1,1,1,10,2024,1,54,5.0,600000.0,32598
8043467,1,1,1,10,2024,1,32,10.0,3500000.0,12050
8077804,1,1,1,10,2024,2,28,5.0,1300000.0,46997
8054570,1,2,1,10,2024,1,55,5.0,1462000.0,37541
8053947,1,3,1,10,2024,2,34,8.0,1550000.0,36205
8078407,1,1,1,10,2024,2,45,9.0,1300000.0,48343
8055583,1,2,1,10,2024,2,36,5.0,800000.0,39581
8077285,1,1,1,10,2024,1,34,5.0,1400000.0,45922
8039021,1,1,1,10,2024,1,60,5.0,1900000.0,2050
8039131,1,1,1,10,2024,1,31,9.0,1300000.0,2400
8040285,1,2,1,10,2024,2,23,10.0,1240000.0,4859
8082656,1,1,1,10,2024,1,52,5.0,1500000.0,57235
8053817,1,3,1,10,2024,2,33,10.0,1800000.0,35942
8084795,1,2,1,10,2024,1,39,10.0,6200000.0,61931
8052984,1,18,1,10,2024,2,41,5.0,200000.0,34117
8076670,1,3,1,10,2024,1,24,9.0,2100000.0,44416
8041937,1,1,1,10,2024,1,46,13.0,12700000.0,8660
8045120,1,2,1,10,2024,2,38,5.0,300000.0,16389
8050938,1,3,1,10,2024,2,29,8.0,1300000.0,29242
8054762,1,3,1,10,2024,2,33,5.0,1000000.0,38003
8081224,1,1,1,10,2024,2,45,3.0,800000.0,54611
8048234,1,2,1,10,2024,2,36,9.0,500000.0,23330
8054111,1,4,1,10,2024,1,36,5.0,600000.0,36515
8042087,1,1,1,10,2024,1,44,3.0,800000.0,8992
8045417,1,2,1,10,2024,2,55,3.0,1300000.0,17207
8053240,1,1,1,10,2024,2,44,5.0,1600000.0,34686
8084972,1,1,1,10,2024,1,26,3.0,900000.0,62334
8049417,1,1,1,10,2024,1,28,10.0,2423000.0,25524
8078706,1,1,1,10,2024,1,73,3.0,268000.0,48979
8083932,1,1,1,10,2024,2,55,10.0,1300000.0,59988
8053897,1,1,1,10,2024,2,37,5.0,1300000.0,36100
8040504,1,1,1,10,2024,2,60,5.0,800000.0,5381
8049411,1,1,1,10,2024,1,40,5.0,2500000.0,25510
8050011,1,1,1,10,2024,1,38,6.0,2000000.0,26889
8047324,1,1,1,10,2024,2,44,9.0,1300000.0,21430
8045470,1,1,1,10,2024,2,22,3.0,950000.0,17367
8079208,1,1,1,10,2024,1,44,5.0,600000.0,50124
8045574,1,1,1,10,2024,2,26,10.0,3700000.0,17651
8040624,1,1,1,10,2024,1,42,9.0,4200000.0,5670
8084743,1,2,1,10,2024,1,69,3.0,1400000.0,61816
8051061,1,4,1,10,2024,2,67,5.0,1500000.0,29586
8077344,1,2,1,10,2024,2,27,5.0,200000.0,46044
8050696,1,1,1,10,2024,2,54,5.0,1000000.0,28611
8083204,1,2,1,10,2024,2,22,8.0,1300000.0,58539
8085032,1,5,1,10,2024,1,47,5.0,1800000.0,62469
8038662,1,3,1,10,2024,1,57,4.0,400000.0,1128
8056372,1,3,1,10,2024,2,31,8.0,2000000.0,41185
8043786,1,1,1,10,2024,1,52,5.0,900000.0,12902
8039731,1,1,1,10,2024,1,53,5.0,1200000.0,3623
8077313,1,2,1,10,2024,1,46,5.0,1800000.0,45965
8044734,1,3,1,10,2024,1,33,10.0,2500000.0,15353
8042388,1,3,1,10,2024,2,65,3.0,800000.0,9694
8079249,1,1,1,10,2024,1,44,1.0,350000.0,50274
8075793,1,1,1,10,2024,1,60,1.0,450000.0,42098
8038873,1,2,1,10,2024,2,44,5.0,800000.0,1696
8075585,1,1,1,10,2024,1,32,9.0,1800000.0,41495
8051771,1,2,1,10,2024,1,42,10.0,1300000.0,31009
8045664,1,2,1,10,2024,1,56,3.0,400000.0,17880
8055332,1,1,1,10,2024,1,56,3.0,1300000.0,39190
8084111,1,3,1,10,2024,2,23,9.0,1300000.0,60533
8051652,1,1,1,10,2024,1,50,4.0,1980000.0,30698
8049035,1,2,1,10,2024,2,19,5.0,1000000.0,24794
8052482,1,1,1,10,2024,1,36,5.0,1000000.0,32889
8085078,1,2,1,10,2024,2,24,9.0,650000.0,62570
8047853,1,1,1,10,2024,1,56,3.0,800000.0,22535
8039955,1,2,1,10,2024,2,51,5.0,200000.0,4080
8052155,1,1,1,10,2024,1,28,4.0,960000.0,31983
8078006,1,1,1,10,2024,1,30,4.0,1200000.0,47444
8051052,1,1,1,10,2024,2,39,8.0,1300000.0,29566
8075731,1,3,1,10,2024,1,30,3.0,1000000.0,41926
8077680,1,1,1,10,2024,2,54,4.0,1150000.0,46732
8050357,1,2,1,10,2024,2,39,3.0,400000.0,27746
8043841,1,1,1,10,2024,2,55,3.0,400000.0,13031
8052584,1,3,1,10,2024,2,43,10.0,2250000.0,33172
8083083,1,2,1,10,2024,2,23,5.0,1200000.0,58292
8048291,1,1,1,10,2024,2,42,4.0,600000.0,23449
8051013,1,1,1,10,2024,2,51,5.0,1462000.0,29470
8053912,1,2,1,10,2024,2,30,10.0,4000000.0,36125
8082547,1,1,1,10,2024,2,35,10.0,1650000.0,56959
8055272,1,1,1,10,2024,2,24,5.0,1300000.0,39075
8082321,1,2,1,10,2024,1,61,3.0,1300000.0,56469
8079556,1,1,1,10,2024,2,34,9.0,2000000.0,50978
8055698,1,1,1,10,2024,1,51,5.0,1500000.0,39857
8078262,1,1,1,10,2024,1,27,6.0,1200000.0,48009
8077268,1,1,1,10,2024,1,24,5.0,1700000.0,45887
8075831,1,3,1,10,2024,1,46,8.0,2500000.0,42198
8047856,1,2,1,10,2024,1,59,3.0,600000.0,22543
8052943,1,1,1,10,2024,1,37,5.0,1300000.0,33986
8080318,1,1,1,10,2024,2,58,3.0,1500000.0,52845
8084101,1,3,1,10,2024,2,54,5.0,1400000.0,60503
8075829,1,1,1,10,2024,1,59,4.0,1200000.0,42194
8055332,1,2,1,10,2024,2,52,3.0,1300000.0,39191
8084021,1,1,1,10,2024,1,30,10.0,2200000.0,60254
8083478,1,1,1,10,2024,1,61,5.0,600000.0,59156
8054761,1,1,1,10,2024,2,40,4.0,400000.0,38000
8039135,1,2,1,10,2024,1,46,5.0,500000.0,2410
8051942,1,2,1,10,2024,1,32,6.0,1800000.0,31461
8039198,1,4,1,10,2024,1,30,10.0,2000000.0,2564
8050729,1,1,1,10,2024,1,26,6.0,1300000.0,28681
8051421,1,4,1,10,2024,2,36,5.0,1200000.0,30161
8040273,1,4,1,10,2024,2,33,5.0,1300000.0,4823
8048613,1,2,1,10,2024,1,36,4.0,2200000.0,24010
8043719,1,1,1,10,2024,2,43,5.0,1000000.0,12710
8080421,1,2,1,10,2024,2,42,12.0,3700000.0,53106
8084908,1,1,1,10,2024,1,58,5.0,2700000.0,62183
8044326,1,2,1,10,2024,2,31,4.0,1462000.0,14247
8081172,1,1,1,10,2024,1,43,4.0,700000.0,54528
8039071,1,3,1,10,2024,2,18,5.0,100000.0,2211
8084163,1,2,1,10,2024,2,24,10.0,3500000.0,60578
8052513,1,3,1,10,2024,2,44,3.0,900000.0,32975
8084267,1,1,1,10,2024,2,58,5.0,590000.0,60846
8040689,1,1,1,10,2024,2,37,5.0,600000.0,5789
8084737,1,1,1,10,2024,1,41,10.0,1870000.0,61793
8049935,1,1,1,10,2024,2,45,5.0,750000.0,26712
8048710,1,1,1,10,2024,1,69,3.0,20000000.0,24170
8076187,1,3,1,10,2024,1,44,5.0,600000.0,43274
8077569,1,5,1,10,2024,2,21,9.0,1300000.0,46508
8038756,1,2,1,10,2024,2,65,11.0,3600000.0,1421
8079123,1,2,1,10,2024,2,28,8.0,1000000.0,49905
8038736,1,2,1,10,2024,2,35,8.0,1300000.0,1353
8078704,1,1,1,10,2024,1,55,3.0,1380000.0,48974
8042789,1,2,1,10,2024,2,29,8.0,1200000.0,10547
8046552,1,5,1,10,2024,1,58,4.0,200000.0,19862
8038775,1,1,1,10,2024,2,34,10.0,1350000.0,1478
8083393,1,2,1,10,2024,1,60,5.0,1600000.0,58970
8083540,1,3,1,10,2024,1,33,5.0,1300000.0,59269
8045007,1,1,1,10,2024,2,51,12.0,6000000.0,16089
8050536,1,2,1,10,2024,1,31,5.0,2000000.0,28246
8055327,1,2,1,10,2024,1,25,8.0,1600000.0,39175
8083082,1,2,1,10,2024,2,48,5.0,600000.0,58287
8047663,1,1,1,10,2024,2,44,5.0,1462000.0,22090
8039323,1,2,1,10,2024,2,65,5.0,1000000.0,2887
8086551,1,5,1,10,2024,1,28,4.0,1250000.0,63963
8049235,1,1,1,10,2024,1,24,4.0,1400000.0,25163
8086502,1,1,1,10,2024,1,76,3.0,0.0,63827
8081514,1,3,1,10,2024,1,29,8.0,1500000.0,55337
8040721,1,1,1,10,2024,1,36,6.0,1300000.0,5858
8080655,1,4,1,10,2024,1,48,10.0,2000000.0,53526
8052044,1,3,1,10,2024,2,17,5.0,225000.0,31696
8076722,1,2,1,10,2024,2,32,5.0,1300000.0,44531
8046880,1,2,1,10,2024,2,48,10.0,3500000.0,20637
8040851,1,5,1,10,2024,1,71,1.0,1100000.0,6187
8076678,1,2,1,10,2024,1,19,10.0,500000.0,44431
8040533,1,1,1,10,2024,1,62,5.0,4300000.0,5453
8041011,1,2,1,10,2024,2,35,3.0,500000.0,6566
8041110,1,1,1,10,2024,1,43,3.0,1400000.0,6811
8079376,1,2,1,10,2024,1,67,4.0,200000.0,50597
8044468,1,2,1,10,2024,2,48,5.0,1300000.0,14625
8086563,1,5,1,10,2024,1,21,10.0,1460000.0,63991
8044859,1,1,1,10,2024,2,22,5.0,900000.0,15681
8082478,1,1,1,10,2024,2,57,10.0,2300000.0,56798
8054636,1,1,1,10,2024,1,26,5.0,1400000.0,37690
8046584,1,2,1,10,2024,2,51,11.0,1500000.0,19968
8039052,1,2,1,10,2024,1,21,4.0,600000.0,2156
8077740,1,1,1,10,2024,1,43,10.0,13000000.0,46859
8045295,1,1,1,10,2024,2,63,3.0,125000.0,16869
8052557,1,4,1,10,2024,1,41,5.0,700000.0,33093
8043547,1,1,1,10,2024,2,55,4.0,1400000.0,12296
8052270,1,1,1,10,2024,2,55,8.0,350000.0,32293
8081334,1,1,1,10,2024,2,21,5.0,1100000.0,54886
8044084,1,4,1,10,2024,1,17,4.0,200000.0,13621
8050500,1,1,1,10,2024,2,56,10.0,2600000.0,28128
8047974,1,2,1,10,2024,1,21,10.0,1500000.0,22775
8054469,1,4,1,10,2024,2,20,10.0,1400000.0,37353
8051070,1,1,1,10,2024,1,21,4.0,900000.0,29604
8078037,1,1,1,10,2024,1,64,3.0,300000.0,47508
8038804,1,1,1,10,2024,1,53,10.0,8500000.0,1533
8080136,1,1,1,10,2024,2,52,5.0,200000.0,52387
8083882,1,2,1,10,2024,2,62,4.0,240000.0,59952
8078051,1,2,1,10,2024,1,17,5.0,1200000.0,47535
8048507,1,1,1,10,2024,1,39,10.0,2500000.0,23808
8075680,1,1,1,10,2024,2,65,1.0,800000.0,41801
8050735,1,4,1,10,2024,2,27,10.0,5000000.0,28695
8041179,1,1,1,10,2024,2,64,5.0,4000000.0,6997
8039145,1,1,1,10,2024,2,38,8.0,1600000.0,2434
8085010,1,2,1,10,2024,1,33,5.0,1600000.0,62426
8049735,1,1,1,10,2024,2,51,5.0,1300000.0,26217
8044120,1,1,1,10,2024,2,28,6.0,1400000.0,13682
8079610,1,1,1,10,2024,1,49,12.0,8000000.0,51061
8039032,1,1,1,10,2024,1,50,5.0,2850000.0,2082
8053280,1,2,1,10,2024,2,50,5.0,1000000.0,34772
8040167,1,1,1,10,2024,1,58,3.0,1300000.0,4535
8081640,1,2,1,10,2024,2,38,3.0,400000.0,55525
8082146,1,1,1,10,2024,1,35,5.0,1300000.0,56187
8081307,1,2,1,10,2024,1,19,5.0,600000.0,54837
8080831,1,1,1,10,2024,1,25,5.0,1500000.0,53842
8075655,1,1,1,10,2024,2,66,4.0,850000.0,41739
8045428,1,2,1,10,2024,2,67,4.0,0.0,17237
8038990,1,1,1,10,2024,2,52,1.0,600000.0,1988
8049541,1,1,1,10,2024,2,41,5.0,120000.0,25709
8052837,1,2,1,10,2024,2,53,10.0,3000000.0,33726
8044767,1,4,1,10,2024,1,33,10.0,500000.0,15420
8040019,1,1,1,10,2024,1,42,5.0,2000000.0,4176
8040056,1,2,1,10,2024,2,24,5.0,1300000.0,4283
8045409,1,1,1,10,2024,2,38,5.0,1300000.0,17177
8044689,1,1,1,10,2024,2,48,5.0,1462000.0,15239
8078740,1,2,1,10,2024,2,34,5.0,1600000.0,49054
8076852,1,2,1,10,2024,2,27,10.0,3000000.0,44829
8042018,1,1,1,10,2024,2,39,3.0,750000.0,8888
8049769,1,2,1,10,2024,2,23,5.0,1300000.0,26308
8082729,1,1,1,10,2024,1,35,5.0,1700000.0,57435
8052629,1,1,1,10,2024,1,33,10.0,1500000.0,33274
8049142,1,3,1,10,2024,1,52,3.0,2200000.0,25002
8045963,1,1,1,10,2024,1,55,1.0,1480000.0,18353
8043185,1,1,1,10,2024,2,55,3.0,300000.0,11351
8049914,1,2,1,10,2024,2,37,6.0,5000000.0,26671
8076037,1,1,1,10,2024,2,55,5.0,600000.0,42815
8075820,1,2,1,10,2024,2,35,5.0,1300000.0,42166
8049289,1,1,1,10,2024,2,56,5.0,1800000.0,25284
8051795,1,2,1,10,2024,2,40,9.0,1500000.0,31068
8048156,1,2,1,10,2024,2,46,11.0,2500000.0,23205
8082379,1,2,1,10,2024,2,29,3.0,720000.0,56592
8050969,1,3,1,10,2024,2,25,10.0,1462000.0,29347
8040910,1,2,1,10,2024,2,49,10.0,5000000.0,6334
8084818,1,6,1,10,2024,2,36,5.0,500000.0,61977
8042714,1,1,1,10,2024,2,53,3.0,300000.0,10382
8076840,1,1,1,10,2024,1,27,4.0,1750000.0,44811
8040309,1,1,1,10,2024,1,38,5.0,1300000.0,4921
8054254,1,1,1,10,2024,1,29,10.0,3000000.0,36813
8048992,1,2,1,10,2024,1,65,3.0,400000.0,24718
8048440,1,2,1,10,2024,2,34,5.0,1300000.0,23688
8049874,1,1,1,10,2024,1,28,3.0,1000000.0,26569
8052003,1,2,1,10,2024,2,23,5.0,1700000.0,31604
8053297,1,3,1,10,2024,2,39,10.0,1700000.0,34813
8078234,1,1,1,10,2024,2,47,6.0,250000.0,47951
8079760,1,1,1,10,2024,1,52,3.0,1000000.0,51471
8080573,1,1,1,10,2024,1,51,11.0,3600000.0,53341
8043497,1,2,1,10,2024,2,32,10.0,2500000.0,12147
8041728,1,1,1,10,2024,1,30,10.0,1000000.0,8202
8080258,1,2,1,10,2024,2,50,5.0,1300000.0,52707
8046076,1,1,1,10,2024,1,39,5.0,1300000.0,18657
8049378,1,1,1,10,2024,1,70,3.0,400000.0,25475
8049495,1,1,1,10,2024,1,43,4.0,750000.0,25604
8077902,1,1,1,10,2024,1,64,3.0,540000.0,47169
8081634,1,2,1,10,2024,1,41,5.0,1600000.0,55510
8043243,1,3,1,10,2024,2,42,10.0,2500000.0,11473
8050859,1,1,1,10,2024,2,51,5.0,2000000.0,29026
8052564,1,1,1,10,2024,1,48,3.0,1000000.0,33104
8045478,1,2,1,10,2024,2,52,8.0,1650000.0,17390
8075589,1,1,1,10,2024,2,38,4.0,480000.0,41504
8047144,1,1,1,10,2024,1,42,5.0,1300000.0,21064
8080606,1,1,1,10,2024,2,43,5.0,1500000.0,53418
8051288,1,2,1,10,2024,2,34,10.0,6400000.0,29775
8077044,1,4,1,10,2024,1,27,3.0,650000.0,45253
8050534,1,2,1,10,2024,2,36,5.0,350000.0,28239
8046811,1,1,1,10,2024,2,46,8.0,1300000.0,20497
8044516,1,3,1,10,2024,2,51,5.0,600000.0,14759
8078288,1,1,1,10,2024,1,59,3.0,3000000.0,48084
8082291,1,1,1,10,2024,2,47,5.0,1080000.0,56401
8084953,1,2,1,10,2024,1,42,3.0,2500000.0,62265
8047195,1,2,1,10,2024,1,28,5.0,1500000.0,21169
8047280,1,2,1,10,2024,1,38,5.0,4000000.0,21351
8051752,1,1,1,10,2024,2,53,3.0,1000000.0,30958
8076663,1,1,1,10,2024,1,44,10.0,2300000.0,44398
8047630,1,2,1,10,2024,2,53,3.0,240000.0,22024
8043720,1,2,1,10,2024,2,39,4.0,1000000.0,12713
8043945,1,2,1,10,2024,2,30,5.0,1444000.0,13289
8081150,1,2,1,10,2024,2,33,5.0,900000.0,54486
8051293,1,2,1,10,2024,2,49,3.0,200000.0,29787
8075582,1,2,1,10,2024,1,74,3.0,300000.0,41486
8084680,1,1,1,10,2024,2,32,5.0,1688000.0,61676
8039270,1,3,1,10,2024,2,40,5.0,1300000.0,2742
8053493,1,2,1,10,2024,2,55,12.0,45000000.0,35251
8042784,1,3,1,10,2024,1,16,5.0,600000.0,10529
8047874,1,2,1,10,2024,1,35,6.0,1800000.0,22602
8076615,1,1,1,10,2024,1,37,5.0,1200000.0,44283
8083127,1,1,1,10,2024,1,67,12.0,1100000.0,58400
8039680,1,1,1,10,2024,2,32,10.0,400000.0,3503
8078105,1,2,1,10,2024,2,56,3.0,160000.0,47640
8038966,1,2,1,10,2024,2,42,11.0,4000000.0,1930
8041106,1,1,1,10,2024,1,34,4.0,1200000.0,6792
8042987,1,1,1,10,2024,2,62,3.0,100000.0,10893
8042609,1,1,1,10,2024,2,83,3.0,400000.0,10150
8048687,1,1,1,10,2024,1,45,8.0,1800000.0,24130
8080051,1,1,1,10,2024,2,68,12.0,4000000.0,52142
8080201,1,1,1,10,2024,1,53,4.0,250000.0,52548
8078462,1,1,1,10,2024,1,36,3.0,1100000.0,48469
8080473,1,1,1,10,2024,1,58,12.0,8000000.0,53142
8046580,1,3,1,10,2024,1,37,3.0,100000.0,19952
8086650,1,2,1,10,2024,2,37,10.0,1300000.0,64221
8040916,1,4,1,10,2024,2,20,8.0,1300000.0,6352
8079649,1,9,1,10,2024,2,34,5.0,1300000.0,51134
8053560,1,4,1,10,2024,2,29,4.0,600000.0,35380
8045738,1,1,1,10,2024,2,64,1.0,300000.0,18054
8040808,1,1,1,10,2024,1,36,8.0,1900000.0,6075
8054763,1,1,1,10,2024,1,49,5.0,1200000.0,38006
8053356,1,2,1,10,2024,1,41,5.0,950000.0,34981
8078695,1,1,1,10,2024,1,53,5.0,1300000.0,48954
8040835,1,4,1,10,2024,1,33,4.0,700000.0,6127
8083542,1,3,1,10,2024,1,30,10.0,1400000.0,59275
8048406,2,1,2,10,2024,2,54,5.0,600000.0,23632
8056258,1,2,1,10,2024,2,55,10.0,5000000.0,40960
8051939,1,2,1,10,2024,1,45,4.0,1300000.0,31453
8084934,1,1,1,10,2024,1,35,4.0,1000000.0,62234
8051352,1,1,1,10,2024,2,48,10.0,400000.0,29974
8053888,1,1,1,10,2024,2,35,10.0,1100000.0,36077
8051269,1,2,1,10,2024,2,55,5.0,800000.0,29725
8039992,1,1,1,10,2024,1,34,11.0,3000000.0,4134
8053700,1,3,1,10,2024,1,18,5.0,1300000.0,35744
8075837,1,1,1,10,2024,1,21,4.0,900000.0,42207
8075740,1,1,1,10,2024,2,43,4.0,480000.0,41953
8045360,1,2,1,10,2024,2,25,9.0,900000.0,17032
8039897,1,1,1,10,2024,2,31,5.0,650000.0,3934
8085000,1,1,1,10,2024,1,45,4.0,1000000.0,62406
8044235,1,1,1,10,2024,1,60,1.0,500000.0,13920
8046045,1,1,1,10,2024,1,38,3.0,800000.0,18569
8083098,1,1,1,10,2024,2,50,3.0,752000.0,58335
8044248,1,1,1,10,2024,1,36,4.0,800000.0,13972
8083232,1,4,1,10,2024,1,17,5.0,400000.0,58623
8038526,1,1,1,10,2024,1,50,3.0,1450000.0,834
8049894,1,3,1,10,2024,1,40,5.0,1600000.0,26627
8075636,1,2,1,10,2024,1,48,1.0,800000.0,41667
8077549,1,1,1,10,2024,1,54,5.0,0.0,46449
8048938,1,4,1,10,2024,2,52,5.0,1200000.0,24632
8041058,1,1,1,10,2024,1,45,9.0,1200000.0,6692
8077526,1,3,1,10,2024,2,30,10.0,1200000.0,46402
8049426,1,1,1,10,2024,2,62,10.0,1500000.0,25546
8041103,1,1,1,10,2024,2,28,10.0,1500000.0,6779
8044278,1,2,1,10,2024,2,51,1.0,150000.0,14090
8083155,1,1,1,10,2024,1,30,5.0,1300000.0,58459
8046601,1,1,1,10,2024,1,25,9.0,30000000.0,20016
8055264,1,1,1,10,2024,2,28,10.0,4000000.0,39065
8043090,1,1,1,10,2024,2,54,5.0,260000.0,11121
8075769,1,1,1,10,2024,2,60,3.0,800000.0,42020
8043269,1,1,1,10,2024,2,31,9.0,1300000.0,11536
8047746,1,1,1,10,2024,2,31,10.0,1450000.0,22270
8053871,1,2,1,10,2024,1,21,9.0,1560000.0,36053
8080391,1,2,1,10,2024,2,38,13.0,15500000.0,53045
8047248,1,1,1,10,2024,2,34,5.0,1700000.0,21288
8082913,1,1,1,10,2024,2,54,9.0,4100000.0,57899
8039210,1,2,1,10,2024,1,57,10.0,2000000.0,2592
8050519,1,1,1,10,2024,2,67,1.0,400000.0,28192
8076354,1,1,1,10,2024,1,40,5.0,1196000.0,43646
8086402,1,1,1,10,2024,1,61,9.0,3000000.0,63611
8045271,1,1,1,10,2024,1,60,5.0,1500000.0,16813
8048233,1,5,1,10,2024,1,30,5.0,0.0,23328
8043428,1,1,1,10,2024,2,60,5.0,100000.0,11946
8086348,1,1,1,10,2024,1,61,9.0,3000000.0,63507
8043892,1,1,1,10,2024,1,57,10.0,6550000.0,13156
8055906,1,1,1,10,2024,2,36,8.0,2000000.0,40238
8042222,1,2,1,10,2024,2,50,10.0,4000000.0,9354
8076352,1,1,1,10,2024,1,23,5.0,1196000.0,43642
8045198,1,1,1,10,2024,2,37,5.0,200000.0,16613
8049187,1,3,1,10,2024,2,30,10.0,1500000.0,25075
8041167,1,1,1,10,2024,2,42,3.0,1500000.0,6953
8044091,1,1,1,10,2024,2,33,4.0,1350000.0,13639
8042711,1,1,1,10,2024,2,33,5.0,400000.0,10378
8086166,1,1,1,10,2024,1,61,9.0,3000000.0,63335
8050583,1,5,1,10,2024,1,33,8.0,1200000.0,28368
8041161,1,3,1,10,2024,1,21,8.0,1300000.0,6941
8086625,1,1,1,10,2024,2,45,13.0,10000000.0,64161
8054079,1,2,1,10,2024,1,52,10.0,1800000.0,36448
8052790,1,1,1,10,2024,2,56,8.0,1800000.0,33600
8040101,1,3,1,10,2024,1,23,5.0,600000.0,4373
8082455,1,1,1,10,2024,1,77,3.0,1300000.0,56744
8081494,1,1,1,10,2024,1,52,3.0,1000000.0,55278
8050851,1,2,1,10,2024,1,51,10.0,2000000.0,29009
8053508,1,2,1,10,2024,2,50,3.0,700000.0,35275
8046537,1,1,1,10,2024,2,35,5.0,350000.0,19809
8083700,1,4,1,10,2024,1,33,5.0,1500000.0,59580
8040904,1,2,1,10,2024,2,42,5.0,500000.0,6317
8048119,1,1,1,10,2024,1,30,5.0,700000.0,23091
8079229,1,1,1,10,2024,1,49,3.0,500000.0,50205
8042448,1,4,1,10,2024,2,20,8.0,1800000.0,9841
8039970,1,2,1,10,2024,2,38,11.0,4000000.0,4095
8039910,1,4,1,10,2024,1,23,10.0,350000.0,3965
8078915,1,2,1,10,2024,2,76,3.0,200000.0,49434
8053540,1,2,1,10,2024,2,47,5.0,2000000.0,35340
8040458,1,4,1,10,2024,2,24,5.0,1300000.0,5280
8077570,1,1,1,10,2024,1,72,3.0,500000.0,46510
8044627,1,2,1,10,2024,1,20,4.0,1460000.0,15072
8086265,1,2,1,10,2024,1,23,3.0,400000.0,63355
8054431,1,4,1,10,2024,1,27,4.0,1300000.0,37266
8082957,1,3,1,10,2024,1,28,4.0,1300000.0,57973
8041991,1,1,1,10,2024,1,49,3.0,1200000.0,8811
8050054,1,2,1,10,2024,1,60,3.0,2000000.0,27015
8076050,1,2,1,10,2024,2,34,5.0,1300000.0,42851
8077274,1,1,1,10,2024,2,26,5.0,1300000.0,45903
8084658,1,2,1,10,2024,2,48,3.0,1300000.0,61626
8054428,1,1,1,10,2024,1,29,4.0,1500000.0,37244
8044419,1,5,1,10,2024,2,21,8.0,1400000.0,14494
8049738,1,1,1,10,2024,2,26,4.0,700000.0,26227
8040100,1,1,1,10,2024,2,43,5.0,250000.0,4367
8043739,1,2,1,10,2024,2,40,10.0,3000000.0,12764
8042093,1,3,1,10,2024,1,28,8.0,400000.0,9011
8078518,1,2,1,10,2024,2,41,5.0,650000.0,48582
8082806,1,1,1,10,2024,2,39,10.0,5000000.0,57638
8080808,1,1,1,10,2024,1,67,3.0,1800000.0,53799
8040757,1,3,1,10,2024,1,39,5.0,1300000.0,5966
8047604,1,4,1,10,2024,2,40,5.0,1250000.0,21958
8045139,1,1,1,10,2024,2,48,5.0,500000.0,16442
8038629,1,1,1,10,2024,1,77,3.0,100000.0,1044
8082036,1,2,1,10,2024,1,33,4.0,1120000.0,56007
8041473,1,3,1,10,2024,2,25,5.0,1300000.0,7651
8055787,1,4,1,10,2024,2,34,5.0,250000.0,39973
8038400,1,3,1,10,2024,1,46,10.0,2000000.0,572
8048951,1,1,1,10,2024,1,40,8.0,1600000.0,24655
8042398,1,1,1,10,2024,2,27,3.0,100000.0,9721
8052386,1,2,1,10,2024,2,44,8.0,1400000.0,32655
8081123,1,1,1,10,2024,2,29,5.0,1300000.0,54434
8038536,1,4,1,10,2024,1,29,10.0,7000000.0,863
8043877,1,1,1,10,2024,1,39,5.0,2000000.0,13118
8078964,1,1,1,10,2024,2,27,4.0,180000.0,49561
8053496,1,1,1,10,2024,2,78,5.0,6000000.0,35258
8055955,1,1,1,10,2024,2,38,4.0,1600000.0,40328
8079082,1,2,1,10,2024,2,50,3.0,1300000.0,49824
8082557,1,1,1,10,2024,1,65,10.0,1300000.0,56986
8081503,1,2,1,10,2024,2,31,8.0,1300000.0,55304
8078548,1,2,1,10,2024,2,47,4.0,230000.0,48649
8040837,1,3,1,10,2024,2,64,9.0,1000000.0,6134
8044304,1,1,1,10,2024,2,25,9.0,2000000.0,14185
8043059,1,1,1,10,2024,1,35,3.0,1300000.0,11050
8053536,1,1,1,10,2024,1,56,11.0,9000000.0,35333
8078655,1,2,1,10,2024,2,21,5.0,1400000.0,48879
8040433,1,1,1,10,2024,1,33,4.0,500000.0,5208
8038765,1,3,1,10,2024,2,21,5.0,800000.0,1451
8049940,1,1,1,10,2024,1,66,1.0,1300000.0,26721
8049575,1,2,1,10,2024,2,54,7.0,2600000.0,25800
8048314,1,1,1,10,2024,1,51,11.0,7000000.0,23502
8076344,1,2,1,10,2024,2,26,10.0,3039000.0,43617
8050114,1,1,1,10,2024,1,45,9.0,1600000.0,27133
8053948,1,2,1,10,2024,1,19,4.0,1300000.0,36208
8084799,1,1,1,10,2024,2,65,3.0,1200000.0,61936
8079740,1,5,1,10,2024,2,22,8.0,1300000.0,51395
8080103,1,1,1,10,2024,2,48,3.0,600000.0,52292
8050830,1,4,1,10,2024,2,22,5.0,500000.0,28953
8080394,1,1,1,10,2024,2,42,10.0,1300000.0,53055
8050652,1,2,1,10,2024,2,67,3.0,600000.0,28523
8051988,1,3,1,10,2024,2,33,6.0,1400000.0,31572
8053163,1,1,1,10,2024,2,35,10.0,6200000.0,34513
8085879,1,1,1,10,2024,1,44,3.0,500000.0,62987
8083582,1,1,1,10,2024,2,38,5.0,1300000.0,59356
8053619,1,2,1,10,2024,2,56,4.0,300000.0,35548
8078430,1,1,1,10,2024,2,54,3.0,850000.0,48383
8043416,1,1,1,10,2024,1,34,10.0,1300000.0,11918
8076139,1,1,1,10,2024,2,49,8.0,200000.0,43116
8052189,1,5,1,10,2024,1,32,5.0,700000.0,32058
8054318,1,2,1,10,2024,1,42,6.0,1200000.0,36988
8078431,1,1,1,10,2024,1,57,3.0,500000.0,48384
8084222,1,2,1,10,2024,2,22,5.0,300000.0,60741
8041850,2,2,2,10,2024,1,46,3.0,1200000.0,8417
8051069,1,1,1,10,2024,2,41,4.0,600000.0,29600
8079802,1,2,1,10,2024,2,46,13.0,5600000.0,51593
8041912,1,4,1,10,2024,2,20,9.0,1500000.0,8588
8052731,1,2,1,10,2024,1,65,3.0,1540000.0,33459
8083029,1,2,1,10,2024,1,38,10.0,6000000.0,58163
8045105,1,1,1,10,2024,2,53,5.0,540000.0,16348
8038767,1,2,1,10,2024,2,19,8.0,400000.0,1458
8078227,2,1,2,10,2024,2,56,3.0,240000.0,47938
8049391,1,1,1,10,2024,1,31,5.0,700000.0,25501
8056065,1,1,1,10,2024,2,52,10.0,4800000.0,40516
8051680,1,4,1,10,2024,2,37,9.0,1900000.0,30756
8084957,1,1,1,10,2024,2,45,3.0,1600000.0,62281
8048972,1,2,1,10,2024,1,25,5.0,1300000.0,24698
8043852,1,1,1,10,2024,1,29,10.0,5000000.0,13052
8040277,1,1,1,10,2024,2,38,10.0,1100000.0,4839
8078105,1,1,1,10,2024,1,28,4.0,1264000.0,47639
8052403,1,1,1,10,2024,1,57,5.0,900000.0,32712
8038542,1,3,1,10,2024,1,32,5.0,1800000.0,881
8078967,1,1,1,10,2024,1,59,10.0,4000000.0,49566
8051463,1,2,1,10,2024,2,28,9.0,1550000.0,30263
8078925,1,1,1,10,2024,2,63,3.0,1050000.0,49461
8051803,1,2,1,10,2024,2,32,10.0,1900000.0,31093
8077465,1,2,1,10,2024,2,21,5.0,900000.0,46301
8085968,1,1,1,10,2024,1,25,5.0,900000.0,63114
8077812,1,1,1,10,2024,2,23,8.0,1300000.0,47013
8055047,1,1,1,10,2024,2,46,5.0,800000.0,38666
8051014,1,2,1,10,2024,1,68,4.0,1800000.0,29473
8040104,1,4,1,10,2024,1,20,4.0,500000.0,4385
8038552,1,2,1,10,2024,1,20,5.0,1300000.0,894
8078017,1,2,1,10,2024,2,72,3.0,920000.0,47471
8080124,1,5,1,10,2024,2,31,5.0,1600000.0,52353
8053233,1,5,1,10,2024,2,23,5.0,650000.0,34674
8083218,1,2,1,10,2024,1,68,3.0,1000000.0,58578
8081473,1,4,1,10,2024,1,26,10.0,1662000.0,55217
8082209,1,1,1,10,2024,2,46,5.0,150000.0,56282
8084748,1,2,1,10,2024,2,36,10.0,2000000.0,61829
8047199,1,1,1,10,2024,1,37,4.0,200000.0,21178
8084882,1,2,1,10,2024,1,74,3.0,1300000.0,62117
8075795,1,1,1,10,2024,1,60,1.0,900000.0,42103
8047276,1,1,1,10,2024,2,37,10.0,1500000.0,21340
8039164,1,1,1,10,2024,2,27,4.0,600000.0,2484
8045749,1,1,1,10,2024,2,50,5.0,1300000.0,18090
8048425,1,2,1,10,2024,2,38,8.0,1300000.0,23655
8047441,1,1,1,10,2024,2,60,3.0,100000.0,21629
8038352,1,1,1,10,2024,1,53,5.0,2000000.0,441
8046062,1,2,1,10,2024,1,29,5.0,500000.0,18622
8085728,1,5,1,10,2024,2,25,5.0,1300000.0,62727
8078343,1,1,1,10,2024,1,27,4.0,200000.0,48223
8052393,1,2,1,10,2024,2,28,5.0,250000.0,32679
8083869,1,1,1,10,2024,2,44,5.0,1300000.0,59926
8053594,1,1,1,10,2024,2,62,8.0,2000000.0,35472
8055218,1,1,1,10,2024,1,41,5.0,1200000.0,38980
8053980,1,2,1,10,2024,2,41,11.0,8800000.0,36265
8040832,1,1,1,10,2024,2,63,3.0,550000.0,6118
8050000,1,1,1,10,2024,1,41,4.0,300000.0,26857
8042319,1,3,1,10,2024,1,20,6.0,900000.0,9553
8044024,1,4,1,10,2024,2,19,5.0,1300000.0,13468
8055207,2,1,2,10,2024,2,34,3.0,0.0,38942
8082076,1,1,1,10,2024,2,42,5.0,1300000.0,56064
8085830,1,1,1,10,2024,1,48,5.0,780000.0,62934
8055127,1,2,1,10,2024,1,49,4.0,1000000.0,38750
8040950,1,2,1,10,2024,2,37,10.0,3000000.0,6427
8053365,1,1,1,10,2024,1,45,10.0,3700000.0,35007
8075968,1,1,1,10,2024,2,46,4.0,900000.0,42610
8041057,1,1,1,10,2024,1,32,5.0,1400000.0,6689
8082675,1,2,1,10,2024,2,61,5.0,1600000.0,57296
8039449,1,2,1,10,2024,1,36,5.0,1300000.0,3069
8052933,1,1,1,10,2024,1,64,5.0,1000000.0,33953
8081430,1,1,1,10,2024,2,50,10.0,2800000.0,55147
8050276,1,2,1,10,2024,2,49,10.0,2500000.0,27526
8056208,1,1,1,10,2024,2,60,4.0,500000.0,40809
8053512,1,2,1,10,2024,2,29,10.0,2200000.0,35282
8078982,1,2,1,10,2024,2,49,5.0,800000.0,49599
8081995,1,2,1,10,2024,2,54,3.0,100000.0,55960
8051545,1,1,1,10,2024,1,61,9.0,3000000.0,30451
8050633,1,1,1,10,2024,2,30,10.0,1300000.0,28477
8055925,1,2,1,10,2024,2,55,10.0,1500000.0,40277
8083435,1,1,1,10,2024,1,59,11.0,4500000.0,59066
8048702,1,2,1,10,2024,1,64,3.0,1300000.0,24146
8048403,1,1,1,10,2024,1,47,3.0,2000000.0,23620
8056299,1,1,1,10,2024,1,33,6.0,1000000.0,41017
8056402,1,1,1,10,2024,1,36,5.0,2000000.0,41270
8084990,1,1,1,10,2024,2,30,8.0,1040000.0,62374
8078339,1,1,1,10,2024,2,45,1.0,200000.0,48209
8078083,1,1,1,10,2024,1,55,3.0,258000.0,47590
8040092,1,1,1,10,2024,1,28,6.0,1500000.0,4345
8075918,1,1,1,10,2024,2,48,4.0,150000.0,42431
8084712,1,2,1,10,2024,2,67,3.0,420000.0,61734
8051390,1,2,1,10,2024,2,37,5.0,200000.0,30061
8081923,1,1,1,10,2024,2,74,4.0,100000.0,55851
8038202,1,1,1,10,2024,1,45,3.0,1200000.0,42
8054623,1,2,1,10,2024,2,54,10.0,180000.0,37659
8080850,1,2,1,10,2024,2,57,5.0,1300000.0,53884
8083210,1,2,1,10,2024,2,54,3.0,1300000.0,58560
8081972,1,1,1,10,2024,2,32,5.0,1300000.0,55931
8083446,1,1,1,10,2024,2,78,10.0,2500000.0,59091
8041367,1,3,1,10,2024,1,22,5.0,1200000.0,7376
8048139,1,2,1,10,2024,2,29,10.0,2000000.0,23155
8050059,1,1,1,10,2024,2,55,3.0,300000.0,27022
8083016,1,2,1,10,2024,2,40,10.0,1900000.0,58130
8043877,1,2,1,10,2024,2,43,10.0,1300000.0,13119
8054463,1,2,1,10,2024,2,31,11.0,4500000.0,37345
8038609,1,1,1,10,2024,1,55,10.0,1800000.0,988
8080027,1,2,1,10,2024,2,42,12.0,300000.0,52092
8044116,1,1,1,10,2024,2,44,3.0,250000.0,13677
8077006,1,1,1,10,2024,2,50,4.0,700000.0,45145
8081086,1,1,1,10,2024,2,66,11.0,3900000.0,54378
8042008,1,1,1,10,2024,2,63,3.0,1000000.0,8856
8043760,1,2,1,10,2024,2,34,6.0,1496000.0,12829
8075824,1,2,1,10,2024,2,43,5.0,300000.0,42179
8053174,1,1,1,10,2024,2,53,3.0,3090000.0,34534
8077362,1,2,1,10,2024,1,42,5.0,1400000.0,46088
8081565,1,1,1,10,2024,2,62,8.0,400000.0,55416
8053678,1,1,1,10,2024,2,27,8.0,2000000.0,35676
8075838,1,2,1,10,2024,2,45,1.0,500000.0,42210
8038976,1,1,1,10,2024,1,34,5.0,1300000.0,1946
8055043,1,1,1,10,2024,1,61,10.0,1870000.0,38654
8049332,1,1,1,10,2024,2,73,3.0,400000.0,25381
8078485,1,2,1,10,2024,1,22,9.0,2900000.0,48522
8053957,1,2,1,10,2024,1,26,8.0,1300000.0,36224
8043254,1,3,1,10,2024,2,27,8.0,1300000.0,11501
8040544,1,1,1,10,2024,2,29,5.0,1400000.0,5468
8051619,1,1,1,10,2024,2,43,8.0,1300000.0,30615
8085833,1,1,1,10,2024,1,41,11.0,4000000.0,62941
8040452,1,1,1,10,2024,2,51,3.0,900000.0,5261
8077227,1,1,1,10,2024,1,71,3.0,1000000.0,45769
8045999,1,2,1,10,2024,2,39,3.0,1300000.0,18456
8047519,1,1,1,10,2024,2,52,10.0,1900000.0,21753
8054793,1,2,1,10,2024,1,31,8.0,3000000.0,38074
8080487,1,1,1,10,2024,1,29,10.0,1400000.0,53176
8053010,1,1,1,10,2024,1,33,3.0,0.0,34202
8039681,1,1,1,10,2024,1,62,3.0,2000000.0,3507
8076010,1,1,1,10,2024,1,31,5.0,100000.0,42733
8050163,1,1,1,10,2024,2,30,3.0,900000.0,27241
8077547,1,2,1,10,2024,1,30,4.0,1650000.0,46447
8045517,1,2,1,10,2024,1,55,12.0,6259983.0,17506
8080380,1,1,1,10,2024,2,31,11.0,3000000.0,53008
8042712,1,1,1,10,2024,1,53,7.0,6000000.0,10380
8048148,1,2,1,10,2024,2,45,5.0,1300000.0,23179
8055656,1,3,1,10,2024,1,31,10.0,2000000.0,39721
8086283,1,2,1,10,2024,2,48,10.0,2500000.0,63403
8042448,1,3,1,10,2024,1,24,10.0,1000000.0,9840
8054853,1,3,1,10,2024,1,31,10.0,3000000.0,38220
8055039,1,4,1,10,2024,2,24,5.0,700000.0,38644
8042805,1,1,1,10,2024,1,54,9.0,3000000.0,10597
8076396,1,1,1,10,2024,1,58,5.0,1300000.0,43763
8083079,1,1,1,10,2024,1,46,10.0,600000.0,58276
8049876,1,3,1,10,2024,1,15,3.0,600000.0,26579
8056253,1,2,1,10,2024,2,58,12.0,7000000.0,40945
8049359,1,2,1,10,2024,2,43,8.0,2000000.0,25433
8045537,1,3,1,10,2024,1,18,10.0,160000.0,17551
8039298,1,1,1,10,2024,1,32,8.0,1300000.0,2823
8054042,1,1,1,10,2024,2,29,5.0,1400000.0,36373
8052989,1,4,1,10,2024,1,29,5.0,1800000.0,34141
8054822,1,1,1,10,2024,1,54,6.0,1200000.0,38148
8045332,1,1,1,10,2024,1,32,5.0,1300000.0,16963
8047348,1,1,1,10,2024,2,26,6.0,830000.0,21486
8056297,1,2,1,10,2024,2,18,5.0,700000.0,41014
8042083,1,2,1,10,2024,1,50,3.0,900000.0,8985
8040956,1,1,1,10,2024,1,31,10.0,2200000.0,6432
8040838,1,2,1,10,2024,2,25,8.0,1500000.0,6136
8052735,1,1,1,10,2024,1,49,1.0,1770000.0,33465
8080142,1,3,1,10,2024,1,60,5.0,1200000.0,52405
8085980,1,1,1,10,2024,1,30,3.0,1000000.0,63134
8052824,1,1,1,10,2024,1,64,4.0,400000.0,33684
8080465,1,1,1,10,2024,2,32,10.0,2900000.0,53124
8044666,1,1,1,10,2024,1,60,4.0,1500000.0,15174
8083415,1,2,1,10,2024,2,20,4.0,1300000.0,59019
8039538,1,1,1,10,2024,1,36,10.0,2349000.0,3262
8044119,1,3,1,10,2024,1,29,4.0,2000000.0,13681
8052529,1,2,1,10,2024,2,28,4.0,530000.0,33017
8041464,1,2,1,10,2024,2,52,3.0,1432000.0,7624
8056347,1,2,1,10,2024,1,49,4.0,1500000.0,41123
8080783,1,3,1,10,2024,2,26,11.0,3500000.0,53746
8076722,1,1,1,10,2024,1,33,5.0,1300000.0,44530
8040039,1,2,1,10,2024,2,49,10.0,1460000.0,4234
8076424,1,2,1,10,2024,1,59,3.0,700000.0,43815
8051975,1,1,1,10,2024,1,49,9.0,1400000.0,31546
8039583,1,3,1,10,2024,1,25,5.0,1300000.0,3334
8075601,1,1,1,10,2024,2,35,5.0,120000.0,41539
8076360,1,1,1,10,2024,2,66,4.0,260000.0,43658
8041028,1,4,1,10,2024,1,35,5.0,1850000.0,6628
8049410,1,1,1,10,2024,2,56,3.0,600000.0,25509
8051629,1,1,1,10,2024,2,42,5.0,2000000.0,30641
8078594,1,1,1,10,2024,1,65,4.0,600000.0,48750
8078395,1,1,1,10,2024,1,67,3.0,600000.0,48329
8048720,1,1,1,10,2024,2,42,3.0,1950000.0,24210
8082660,1,2,1,10,2024,2,22,4.0,1110000.0,57251
8084082,2,1,2,10,2024,1,23,5.0,1400000.0,60461
8048075,1,1,1,10,2024,1,40,5.0,2074000.0,22989
8076925,1,2,1,10,2024,2,54,3.0,500000.0,44982
8076365,1,1,1,10,2024,2,29,10.0,2000000.0,43673
8043722,1,2,1,10,2024,1,32,5.0,390000.0,12721
8050464,1,1,1,10,2024,2,57,4.0,300000.0,27996
8054278,1,1,1,10,2024,2,61,5.0,1300000.0,36856
8080956,1,1,1,10,2024,2,47,3.0,1000000.0,54106
8055431,1,1,1,10,2024,1,45,10.0,14000000.0,39377
8049163,1,3,1,10,2024,1,25,10.0,4000000.0,25037
8039509,1,1,1,10,2024,2,60,3.0,300000.0,3197
8040607,1,1,1,10,2024,2,58,3.0,560000.0,5639
8039000,1,2,1,10,2024,1,27,9.0,1000000.0,2006
8084394,1,1,1,10,2024,2,57,3.0,1000000.0,61127
8051686,1,1,1,10,2024,2,56,3.0,1500000.0,30770
8083083,1,1,1,10,2024,2,54,3.0,1200000.0,58291
8038666,1,1,1,10,2024,2,70,5.0,300000.0,1143
8079494,1,2,1,10,2024,1,35,5.0,1300000.0,50865
8056286,1,3,1,10,2024,2,24,5.0,1200000.0,41000
8047986,1,1,1,10,2024,2,33,5.0,1300000.0,22801
8053501,1,1,1,10,2024,1,57,10.0,2800000.0,35263
8053416,1,1,1,10,2024,1,42,10.0,800000.0,35144
8049771,1,1,1,10,2024,2,56,10.0,1300000.0,26313
8053287,1,6,1,10,2024,1,64,3.0,1000000.0,34796
8044758,1,2,1,10,2024,1,24,5.0,1300000.0,15401
8048536,1,1,1,10,2024,2,46,1.0,450000.0,23882
8042842,1,3,1,10,2024,1,39,10.0,4000000.0,10675
8052407,1,2,1,10,2024,2,34,4.0,1600000.0,32721
8047825,1,5,1,10,2024,1,35,5.0,800000.0,22467
8054960,1,1,1,10,2024,2,49,11.0,3060000.0,38443
8047045,1,1,1,10,2024,2,67,8.0,3000000.0,20887
8082890,1,2,1,10,2024,1,29,5.0,1300000.0,57842
8047846,1,1,1,10,2024,1,41,5.0,1300000.0,22522
8086463,1,2,1,10,2024,2,41,11.0,1600000.0,63746
8055440,1,1,1,10,2024,1,33,10.0,1700000.0,39381
8049597,1,1,1,10,2024,2,41,8.0,1300000.0,25851
8039301,1,1,1,10,2024,2,41,5.0,1700000.0,2829
8043851,1,1,1,10,2024,1,43,5.0,1400000.0,13048
8082676,1,1,1,10,2024,2,23,5.0,1300000.0,57297
8041945,1,2,1,10,2024,1,61,4.0,1400000.0,8680
8042387,1,2,1,10,2024,1,39,9.0,4000000.0,9691
8050995,1,1,1,10,2024,1,37,10.0,3000000.0,29422
8056383,1,1,1,10,2024,1,34,8.0,2500000.0,41221
8043681,1,2,1,10,2024,2,36,10.0,3500000.0,12621
8046351,1,2,1,10,2024,1,43,5.0,1300000.0,19350
8051040,1,1,1,10,2024,2,43,4.0,500000.0,29532
8046800,1,1,1,10,2024,2,41,3.0,500000.0,20473
8042834,1,6,1,10,2024,2,28,7.0,1300000.0,10647
8044130,1,4,1,10,2024,2,32,10.0,2800000.0,13708
8076152,1,3,1,10,2024,1,30,8.0,200000.0,43160
8050317,1,3,1,10,2024,1,24,5.0,500000.0,27595
8049693,1,1,1,10,2024,2,44,5.0,400000.0,26089
8052600,1,3,1,10,2024,2,37,8.0,1300000.0,33212
8082407,1,1,1,10,2024,2,56,4.0,1462000.0,56648
8049416,1,2,1,10,2024,2,28,10.0,2923800.0,25520
8055408,1,1,1,10,2024,2,28,4.0,1300000.0,39346
8038316,1,1,1,10,2024,1,33,5.0,2230000.0,348
8046878,1,2,1,10,2024,2,26,5.0,1200000.0,20633
8083291,1,1,1,10,2024,2,36,5.0,1300000.0,58759
8081246,1,3,1,10,2024,2,30,5.0,1300000.0,54681
8038330,1,2,1,10,2024,2,37,10.0,5800000.0,388
8041586,1,2,1,10,2024,1,45,5.0,2200000.0,7917
8041186,1,1,1,10,2024,1,51,11.0,5200000.0,7022
8039155,1,2,1,10,2024,1,44,10.0,2500000.0,2462
8048252,1,2,1,10,2024,1,34,6.0,1800000.0,23375
8051447,1,2,1,10,2024,2,55,3.0,300000.0,30227
8039407,1,2,1,10,2024,1,38,10.0,2300000.0,2997
8046931,1,1,1,10,2024,1,47,10.0,1000000.0,20762
8085819,1,2,1,10,2024,1,29,5.0,3000000.0,62922
8076864,1,1,1,10,2024,1,47,3.0,1300000.0,44855
8052387,1,2,1,10,2024,1,37,5.0,500000.0,32660
8053653,1,2,1,10,2024,1,36,5.0,1300000.0,35617
8046374,1,2,1,10,2024,1,38,10.0,1300000.0,19412
8083426,1,1,1,10,2024,2,31,5.0,1500000.0,59042
8053867,1,3,1,10,2024,2,34,12.0,2500000.0,36048
8048927,1,2,1,10,2024,1,26,10.0,2840000.0,24605
8051955,1,1,1,10,2024,2,59,11.0,9000000.0,31506
8043560,1,4,1,10,2024,2,37,5.0,1800000.0,12307
8052766,1,1,1,10,2024,1,50,3.0,800000.0,33541
8043167,1,4,1,10,2024,2,57,3.0,400000.0,11320
8052699,1,1,1,10,2024,1,50,3.0,1400000.0,33385
8075662,1,2,1,10,2024,2,41,10.0,1760000.0,41753
8084047,1,1,1,10,2024,2,35,5.0,4000000.0,60349
8082647,1,6,1,10,2024,2,55,8.0,800000.0,57205
8052556,1,1,1,10,2024,1,42,3.0,1200000.0,33089
8046930,1,2,1,10,2024,1,38,6.0,1000000.0,20760
8053334,1,1,1,10,2024,2,43,5.0,600000.0,34916
8051372,1,1,1,10,2024,1,75,10.0,400000.0,30019
8049293,1,1,1,10,2024,1,61,10.0,5000000.0,25293
8048365,1,2,1,10,2024,1,31,3.0,1300000.0,23571
8048409,1,1,1,10,2024,1,43,10.0,3500000.0,23634
8038248,1,2,1,10,2024,2,54,10.0,600000.0,160
8038719,1,1,1,10,2024,2,32,5.0,400000.0,1313
8076104,1,2,1,10,2024,1,20,3.0,300000.0,42996
8038309,2,2,2,10,2024,2,35,10.0,4800000.0,331
8042546,1,1,1,10,2024,1,44,6.0,1300000.0,10042
8042903,1,1,1,10,2024,2,28,5.0,700000.0,10793
8052905,1,1,1,10,2024,1,51,3.0,480000.0,33877
8042355,1,1,1,10,2024,2,57,6.0,250000.0,9630
8084058,1,3,1,10,2024,1,19,5.0,800000.0,60388
8078791,1,1,1,10,2024,1,72,4.0,1700000.0,49169
8051061,1,1,1,10,2024,2,32,9.0,1800000.0,29583
8078305,1,1,1,10,2024,1,37,3.0,500000.0,48124
8040271,1,1,1,10,2024,2,62,5.0,1300000.0,4817
8039883,1,2,1,10,2024,2,34,4.0,400000.0,3892
8076911,1,1,1,10,2024,1,64,3.0,1500000.0,44952
8047493,1,4,1,10,2024,1,49,8.0,1000000.0,21718
8043758,1,2,1,10,2024,1,30,5.0,1500000.0,12824
8050421,1,2,1,10,2024,2,53,6.0,1300000.0,27883
8038360,1,4,1,10,2024,2,78,3.0,1900000.0,469
8052985,1,1,1,10,2024,2,37,5.0,920000.0,34119
8045335,1,1,1,10,2024,2,52,5.0,1300000.0,16970
8045556,1,2,1,10,2024,2,24,4.0,960000.0,17596
8078135,1,3,1,10,2024,2,40,6.0,220000.0,47699
8043363,1,1,1,10,2024,1,24,10.0,2000000.0,11791
8038776,1,2,1,10,2024,1,27,5.0,400000.0,1482
8086753,1,1,1,10,2024,1,24,5.0,1700000.0,64427
8080039,1,1,1,10,2024,2,26,11.0,6750000.0,52115
8044899,1,2,1,10,2024,2,41,10.0,3800000.0,15791
8045580,1,1,1,10,2024,1,54,11.0,6400000.0,17665
8082922,1,1,1,10,2024,1,69,4.0,1000000.0,57916
8046666,1,2,1,10,2024,1,44,5.0,1600000.0,20155
8076100,1,1,1,10,2024,1,60,1.0,200000.0,42983
8076379,1,1,1,10,2024,2,53,3.0,600000.0,43708
8078190,1,2,1,10,2024,1,38,10.0,2000000.0,47827
8079358,1,1,1,10,2024,1,34,5.0,1400000.0,50563
8051968,1,3,1,10,2024,1,28,10.0,2200000.0,31531
8050532,1,2,1,10,2024,2,31,5.0,2000000.0,28232
8040728,1,1,1,10,2024,2,22,8.0,900000.0,5874
8077613,1,2,1,10,2024,1,30,6.0,1000000.0,46593
8041563,1,2,1,10,2024,1,28,5.0,1500000.0,7860
8086579,1,1,1,10,2024,1,64,5.0,2800000.0,64041
8046342,1,1,1,10,2024,1,39,10.0,5000000.0,19333
8080013,1,2,1,10,2024,2,28,10.0,2900000.0,52065
8054181,1,2,1,10,2024,1,47,10.0,6000000.0,36686
8048919,1,1,1,10,2024,2,29,5.0,1300000.0,24592
8078610,1,4,1,10,2024,1,62,5.0,1300000.0,48793
8086008,1,2,1,10,2024,1,42,11.0,4200000.0,63191
8043956,1,4,1,10,2024,1,29,4.0,850000.0,13322
8082334,1,1,1,10,2024,1,29,11.0,2500000.0,56498
8042334,1,1,1,10,2024,1,44,5.0,1410000.0,9584
8079478,1,2,1,10,2024,1,26,10.0,2500000.0,50836
8056402,1,2,1,10,2024,2,39,5.0,2500000.0,41271
8081925,1,1,1,10,2024,2,37,10.0,2000000.0,55854
8051272,1,2,1,10,2024,1,33,10.0,3500000.0,29733
8038631,1,1,1,10,2024,2,60,10.0,5000000.0,1052
8076013,1,1,1,10,2024,1,31,8.0,1300000.0,42743
8078915,1,5,1,10,2024,1,25,10.0,5800000.0,49437
8082365,1,3,1,10,2024,1,33,5.0,2000000.0,56564
8076106,1,2,1,10,2024,2,42,3.0,960000.0,43004
8045686,1,2,1,10,2024,2,68,8.0,700000.0,17928
8079064,1,2,1,10,2024,2,38,4.0,1300000.0,49796
8078802,1,1,1,10,2024,1,53,11.0,8000000.0,49183
8076966,1,1,1,10,2024,1,78,3.0,700000.0,45055
8046508,1,2,1,10,2024,1,33,5.0,500000.0,19715
8045132,1,1,1,10,2024,1,38,8.0,3000000.0,16427
8081494,1,2,1,10,2024,1,28,5.0,1300000.0,55279
8083940,1,1,1,10,2024,1,44,11.0,3000000.0,60006
8084684,1,1,1,10,2024,2,42,9.0,650000.0,61682
8076721,1,2,1,10,2024,2,31,5.0,1500000.0,44525
8043869,1,1,1,10,2024,1,48,10.0,2000000.0,13089
8076545,1,1,1,10,2024,2,61,3.0,200000.0,44126
8042483,1,2,1,10,2024,2,39,4.0,1300000.0,9906
8076779,1,2,1,10,2024,2,41,3.0,1300000.0,44681
8049700,1,3,1,10,2024,2,25,3.0,500000.0,26112
8078903,1,3,1,10,2024,1,30,4.0,1200000.0,49403
8050816,1,1,1,10,2024,2,36,8.0,1000000.0,28915
8082975,1,1,1,10,2024,1,38,5.0,1200000.0,58029
8078238,1,2,1,10,2024,1,36,5.0,500000.0,47959
8050362,1,2,1,10,2024,1,41,5.0,1000000.0,27765
8077126,1,1,1,10,2024,1,62,3.0,600000.0,45507
8081499,1,1,1,10,2024,1,66,3.0,1400000.0,55292
8083971,1,3,1,10,2024,2,46,5.0,1750000.0,60108
8038529,1,1,1,10,2024,2,66,3.0,500000.0,836
8043011,1,1,1,10,2024,1,50,3.0,1100000.0,10942
8048785,1,1,1,10,2024,2,41,4.0,330000.0,24287
8044156,1,2,1,10,2024,2,50,5.0,1300000.0,13779
8046578,1,2,1,10,2024,2,41,5.0,2000000.0,19942
8038551,1,2,1,10,2024,1,34,12.0,5800000.0,892
8047068,1,1,1,10,2024,2,35,5.0,1300000.0,20921
8049390,1,2,1,10,2024,2,57,5.0,600000.0,25492
8042406,1,2,1,10,2024,1,43,5.0,1600000.0,9746
8047402,1,2,1,10,2024,2,57,5.0,750000.0,21588
8053146,1,1,1,10,2024,1,30,9.0,1300000.0,34473
8084283,1,2,1,10,2024,2,34,5.0,1300000.0,60883
8039031,1,6,1,10,2024,2,34,10.0,3000000.0,2081
8077157,1,1,1,10,2024,2,60,11.0,3800000.0,45591
8045987,1,2,1,10,2024,1,19,5.0,1300000.0,18430
8044093,1,1,1,10,2024,1,32,9.0,2700000.0,13645
8047612,1,2,1,10,2024,1,45,5.0,2600000.0,21974
8056058,2,1,2,10,2024,2,52,3.0,500000.0,40508
8041524,1,1,1,10,2024,1,58,8.0,1800000.0,7765
8045779,1,1,1,10,2024,1,31,3.0,1450000.0,18159
8085033,1,1,1,10,2024,1,37,8.0,2900000.0,62470
8079564,1,2,1,10,2024,1,47,5.0,1300000.0,50992
8076638,1,2,1,10,2024,2,50,10.0,2175000.0,44339
8055649,1,1,1,10,2024,1,43,3.0,1300000.0,39695
8048092,1,2,1,10,2024,1,55,3.0,3000000.0,23028
8048085,1,1,1,10,2024,2,44,11.0,800000.0,23012
8050065,1,3,1,10,2024,1,23,5.0,1200000.0,27035
8075924,1,2,1,10,2024,1,41,3.0,500000.0,42455
8082628,1,5,1,10,2024,2,66,4.0,1500000.0,57147
8041117,1,3,1,10,2024,1,31,3.0,900000.0,6841
8056143,1,1,1,10,2024,1,28,5.0,1500000.0,40683
8054704,1,1,1,10,2024,1,50,3.0,800000.0,37837
8039784,1,1,1,10,2024,2,36,5.0,2000000.0,3714
8043754,1,2,1,10,2024,2,64,10.0,3200000.0,12813
8055662,1,3,1,10,2024,1,20,6.0,1300000.0,39742
8080982,1,1,1,10,2024,1,47,10.0,1500000.0,54153
8045165,1,2,1,10,2024,2,20,4.0,600000.0,16502
8044467,1,2,1,10,2024,2,47,5.0,6500000.0,14622
8044079,1,1,1,10,2024,2,53,5.0,1300000.0,13611
8040364,1,2,1,10,2024,1,49,5.0,2400000.0,5038
8042179,1,2,1,10,2024,2,40,3.0,180000.0,9249
8039348,1,2,1,10,2024,2,26,10.0,600000.0,2904
8084885,1,2,1,10,2024,1,27,6.0,1300000.0,62124
8051667,1,2,1,10,2024,1,54,4.0,1000000.0,30731
8050476,1,1,1,10,2024,2,55,4.0,1100000.0,28037
8081584,1,1,1,10,2024,2,42,10.0,1900000.0,55435
8083970,1,1,1,10,2024,1,54,10.0,1350000.0,60103
8038939,1,3,1,10,2024,1,25,5.0,1200000.0,1877
8039550,1,2,1,10,2024,1,61,4.0,1400000.0,3284
8040482,1,2,1,10,2024,2,54,12.0,5800000.0,5340
8081643,1,1,1,10,2024,2,47,4.0,250000.0,55540
8080919,1,1,1,10,2024,1,41,5.0,800000.0,54017
8049918,1,2,1,10,2024,2,49,4.0,400000.0,26681
8043351,1,1,1,10,2024,2,37,9.0,1300000.0,11764
8078522,1,2,1,10,2024,1,46,3.0,1500000.0,48590
8052391,1,2,1,10,2024,1,28,5.0,1300000.0,32673
8047197,1,2,1,10,2024,2,30,8.0,1462000.0,21177
8039092,1,2,1,10,2024,2,29,9.0,300000.0,2274
8076686,1,3,1,10,2024,2,26,10.0,2800000.0,44440
8053635,1,4,1,10,2024,1,50,9.0,3000000.0,35589
8075807,1,1,1,10,2024,1,49,3.0,2100000.0,42124
8041465,1,2,1,10,2024,1,27,5.0,1300000.0,7626
8051445,1,2,1,10,2024,1,33,9.0,3500000.0,30223
8041681,1,3,1,10,2024,1,21,9.0,1300000.0,8128
8085773,1,2,1,10,2024,2,33,5.0,0.0,62827
8053858,1,1,1,10,2024,2,54,3.0,1300000.0,36027
8047346,1,1,1,10,2024,1,36,4.0,800000.0,21479
8078524,1,3,1,10,2024,2,19,5.0,1300000.0,48597
8054886,1,2,1,10,2024,2,35,5.0,1462000.0,38294
8042437,1,1,1,10,2024,2,44,3.0,1450000.0,9808
8048015,1,2,1,10,2024,2,53,10.0,5000000.0,22860
8079189,1,1,1,10,2024,1,60,4.0,350000.0,50078
8045221,1,2,1,10,2024,2,35,10.0,500000.0,16682
8048798,1,2,1,10,2024,2,60,10.0,3900000.0,24318
8082747,1,1,1,10,2024,1,52,6.0,2600000.0,57484
8049721,1,2,1,10,2024,1,33,5.0,1000000.0,26178
8050629,1,1,1,10,2024,2,57,5.0,1450000.0,28467
8049955,1,1,1,10,2024,2,37,3.0,100000.0,26743
8041784,1,2,1,10,2024,1,42,5.0,1800000.0,8286
8044241,1,2,1,10,2024,2,36,3.0,300000.0,13938
8079128,1,4,1,10,2024,2,24,8.0,1300000.0,49920
8077351,1,1,1,10,2024,1,23,9.0,600000.0,46062
8048870,1,1,1,10,2024,2,39,4.0,3000000.0,24480
8050251,1,1,1,10,2024,1,75,3.0,150000.0,27462
8053038,1,2,1,10,2024,1,42,4.0,2000000.0,34285
8076558,1,2,1,10,2024,2,27,5.0,1600000.0,44148
8039213,1,1,1,10,2024,2,24,10.0,500000.0,2598
8043562,1,2,1,10,2024,2,48,11.0,4000000.0,12314
8079155,1,2,1,10,2024,2,52,4.0,100000.0,49983
8051999,1,2,1,10,2024,2,54,4.0,1300000.0,31591
8078161,1,5,1,10,2024,2,39,5.0,1000000.0,47767
8077796,1,1,1,10,2024,2,64,3.0,600000.0,46984
8050564,1,1,1,10,2024,1,46,12.0,3900000.0,28327
8041041,1,1,1,10,2024,1,29,5.0,800000.0,6653
8083109,1,1,1,10,2024,2,43,10.0,1500000.0,58357
8042179,1,3,1,10,2024,1,20,5.0,550000.0,9250
8040233,1,4,1,10,2024,2,50,5.0,1500000.0,4746
8079526,1,2,1,10,2024,2,26,5.0,1300000.0,50925
8045331,1,2,1,10,2024,2,39,10.0,1500000.0,16962
8081392,1,2,1,10,2024,2,33,5.0,200000.0,55033
8085001,1,1,1,10,2024,1,26,8.0,800000.0,62407
8084292,1,2,1,10,2024,2,42,8.0,1300000.0,60901
8050044,1,1,1,10,2024,1,31,4.0,1500000.0,26978
8054314,1,1,1,10,2024,1,60,4.0,900000.0,36972
8055616,1,1,1,10,2024,2,45,5.0,1869000.0,39635
8082160,1,2,1,10,2024,2,44,5.0,1100000.0,56215
8083105,1,3,1,10,2024,2,33,12.0,3000000.0,58346
8055657,1,1,1,10,2024,1,47,12.0,3000000.0,39723
8075594,1,1,1,10,2024,1,60,4.0,720000.0,41517
8051884,1,3,1,10,2024,2,55,3.0,1300000.0,31327
8052777,1,2,1,10,2024,2,41,3.0,800000.0,33570
8083349,1,1,1,10,2024,1,49,3.0,1500000.0,58906
8078661,1,1,1,10,2024,1,53,1.0,400000.0,48892
8041051,1,4,1,10,2024,1,25,4.0,1200000.0,6680
8039672,1,2,1,10,2024,1,56,5.0,1000000.0,3483
8048098,1,1,1,10,2024,1,46,9.0,1800000.0,23044
8084924,1,1,1,10,2024,2,25,5.0,840000.0,62212
8083749,1,1,1,10,2024,2,29,8.0,1300000.0,59666
8055868,1,2,1,10,2024,2,33,10.0,2400000.0,40164
8040648,1,2,1,10,2024,1,23,5.0,700000.0,5712
8053070,1,1,1,10,2024,2,38,11.0,7800000.0,34344
8053443,1,1,1,10,2024,2,50,5.0,1700000.0,35176
8044252,1,1,1,10,2024,1,79,1.0,170000.0,13986
8080017,1,2,1,10,2024,2,24,11.0,4400000.0,52068
8045797,1,1,1,10,2024,2,54,10.0,4800000.0,18198
8043898,1,1,1,10,2024,1,59,11.0,2000000.0,13167
8041064,1,2,1,10,2024,2,47,5.0,1400000.0,6711
8041642,1,2,1,10,2024,2,36,10.0,4000000.0,8045
8044881,1,1,1,10,2024,1,47,8.0,1400000.0,15743
8078293,1,1,1,10,2024,1,36,3.0,600000.0,48093
8050113,1,2,1,10,2024,2,45,3.0,1300000.0,27131
8040912,1,1,1,10,2024,1,41,8.0,2000000.0,6337
8051511,1,1,1,10,2024,2,28,10.0,6000000.0,30378
8038857,1,1,1,10,2024,2,66,3.0,200000.0,1653
8076604,1,2,1,10,2024,2,21,10.0,1000000.0,44261
8049827,1,2,1,10,2024,1,53,5.0,2000000.0,26471
8051739,1,1,1,10,2024,1,61,3.0,500000.0,30921
8084743,1,3,1,10,2024,1,23,6.0,700000.0,61817
8041610,1,1,1,10,2024,1,42,11.0,5200000.0,7964
8047998,1,5,1,10,2024,1,33,5.0,900000.0,22826
8051293,1,1,1,10,2024,1,58,3.0,1300000.0,29786
8040146,1,1,1,10,2024,1,41,3.0,900000.0,4493
8046357,1,1,1,10,2024,1,48,3.0,1300000.0,19366
8048644,1,1,1,10,2024,2,63,11.0,5400000.0,24044
8051334,1,3,1,10,2024,2,38,5.0,1700000.0,29915
8079654,1,1,1,10,2024,1,61,5.0,500000.0,51142
8046406,1,4,1,10,2024,2,34,4.0,1300000.0,19472
8080154,1,2,1,10,2024,1,58,4.0,1500000.0,52437
8075649,1,2,1,10,2024,2,48,3.0,550000.0,41727
8041236,1,2,1,10,2024,2,35,10.0,1300000.0,7141
8047934,1,1,1,10,2024,2,44,10.0,2600000.0,22707
8083539,1,1,1,10,2024,2,44,8.0,1300000.0,59263
8043512,1,1,1,10,2024,2,64,4.0,150000.0,12208
8081049,1,1,1,10,2024,1,61,8.0,0.0,54310
8077010,1,1,1,10,2024,1,35,8.0,600000.0,45152
8040315,1,2,1,10,2024,1,36,11.0,9500000.0,4933
8042753,1,3,1,10,2024,1,64,3.0,600000.0,10478
8044201,1,1,1,10,2024,1,37,4.0,1500000.0,13876
8048915,1,3,1,10,2024,1,39,10.0,1300000.0,24582
8049352,1,1,1,10,2024,1,32,8.0,1300000.0,25416
8039205,1,2,1,10,2024,2,47,10.0,1300000.0,2578
8043720,1,1,1,10,2024,1,38,5.0,1000000.0,12712
8055383,1,1,1,10,2024,1,43,5.0,1300000.0,39294
8044666,1,2,1,10,2024,2,58,5.0,700000.0,15175
8080527,2,2,2,10,2024,1,26,9.0,1900000.0,53243
8076589,1,3,1,10,2024,1,19,5.0,1500000.0,44214
8080925,1,2,1,10,2024,2,49,12.0,3600000.0,54033
8041367,1,1,1,10,2024,2,44,4.0,320000.0,7374
8044867,1,2,1,10,2024,1,58,3.0,650000.0,15705
8049046,1,1,1,10,2024,2,29,4.0,450000.0,24815
8049700,1,2,1,10,2024,2,19,4.0,400000.0,26111
8078917,1,1,1,10,2024,1,62,3.0,2100000.0,49440
8047423,1,1,1,10,2024,2,62,3.0,600000.0,21595
8045512,1,1,1,10,2024,2,43,8.0,1300000.0,17489
8079742,1,1,1,10,2024,1,52,3.0,600000.0,51400
8055716,1,1,1,10,2024,2,32,8.0,1300000.0,39880
8047581,1,2,1,10,2024,1,30,5.0,500000.0,21906
8078992,1,1,1,10,2024,2,51,3.0,1000000.0,49614
8046353,1,4,1,10,2024,1,31,5.0,1700000.0,19357
8048765,1,2,1,10,2024,2,56,3.0,250000.0,24243
8038967,1,1,1,10,2024,2,37,5.0,1500000.0,1931
8078084,1,1,1,10,2024,1,64,3.0,250000.0,47591
8046320,1,3,1,10,2024,1,50,4.0,2500000.0,19275
8048888,1,3,1,10,2024,1,32,10.0,1600000.0,24523
8043995,1,1,1,10,2024,2,27,3.0,1064000.0,13401
8076783,1,2,1,10,2024,2,27,5.0,1300000.0,44691
8082666,1,1,1,10,2024,1,46,5.0,1032000.0,57273
8049390,1,4,1,10,2024,2,41,8.0,2100000.0,25494
8048190,1,1,1,10,2024,1,22,5.0,1300000.0,23260
8075853,1,1,1,10,2024,2,62,3.0,1340000.0,42257
8055429,1,2,1,10,2024,2,48,13.0,8000000.0,39374
8044800,1,6,1,10,2024,2,24,4.0,900000.0,15499
8042791,1,1,1,10,2024,2,39,4.0,600000.0,10556
8054546,1,4,1,10,2024,2,20,8.0,2600000.0,37498
8047213,1,1,1,10,2024,1,50,4.0,1300000.0,21207
8051472,1,4,1,10,2024,2,22,8.0,1300000.0,30280
8050339,1,1,1,10,2024,1,42,4.0,600000.0,27670
8083986,1,1,1,10,2024,1,58,5.0,1200000.0,60154
8040400,1,1,1,10,2024,1,31,4.0,1300000.0,5118
8084893,1,2,1,10,2024,2,43,5.0,1462000.0,62145
8054462,1,2,1,10,2024,2,24,5.0,1300000.0,37342
8083942,1,1,1,10,2024,1,41,12.0,8000000.0,60010
8079484,1,2,1,10,2024,2,28,10.0,3864000.0,50851
8081113,1,1,1,10,2024,2,57,10.0,900000.0,54417
8040834,1,5,1,10,2024,2,41,5.0,950000.0,6123
8042100,1,1,1,10,2024,2,42,8.0,800000.0,9027
8076793,1,2,1,10,2024,2,40,3.0,800000.0,44710
8084444,1,2,1,10,2024,2,36,3.0,1000000.0,61221
8082871,1,1,1,10,2024,2,45,5.0,700000.0,57793
8054747,1,2,1,10,2024,1,22,8.0,1300000.0,37962
8054288,1,1,1,10,2024,2,28,5.0,1300000.0,36886
8084755,1,1,1,10,2024,1,56,5.0,1000000.0,61850
8083157,1,2,1,10,2024,1,47,12.0,6000000.0,58462
8045655,1,2,1,10,2024,2,45,3.0,960000.0,17860
8084304,1,1,1,10,2024,2,32,8.0,1700000.0,60914
8077610,1,1,1,10,2024,1,62,5.0,1600000.0,46590
8053163,1,2,1,10,2024,1,36,10.0,6200000.0,34514
8056312,1,2,1,10,2024,1,43,4.0,1100000.0,41045
8053705,1,1,1,10,2024,1,41,10.0,1300000.0,35758
8040881,1,2,1,10,2024,1,71,3.0,600000.0,6272
8055294,1,1,1,10,2024,2,42,10.0,2400000.0,39114
8081155,1,1,1,10,2024,1,42,5.0,1300000.0,54499
8076184,1,2,1,10,2024,1,30,3.0,500000.0,43259
8054121,1,3,1,10,2024,2,28,9.0,500000.0,36547
8055145,1,2,1,10,2024,1,56,6.0,1300000.0,38799
8045768,1,1,1,10,2024,1,33,4.0,1200000.0,18134
8082555,1,1,1,10,2024,2,48,5.0,350000.0,56977
8077181,1,1,1,10,2024,2,35,4.0,1000000.0,45663
8045322,1,1,1,10,2024,2,47,3.0,1600000.0,16941
8077903,1,1,1,10,2024,1,56,3.0,400000.0,47171
8042107,1,1,1,10,2024,1,60,10.0,3000000.0,9048
8041104,1,1,1,10,2024,1,49,10.0,2600000.0,6781
8054902,1,1,1,10,2024,2,45,12.0,6400000.0,38325
8084794,1,2,1,10,2024,2,63,5.0,1300000.0,61929
8083145,1,1,1,10,2024,2,53,5.0,1200000.0,58437
8048965,1,1,1,10,2024,1,54,3.0,1250000.0,24690
8077416,1,1,1,10,2024,1,30,10.0,3900000.0,46208
8079610,1,5,1,10,2024,2,54,10.0,500000.0,51065
8046189,1,4,1,10,2024,2,19,4.0,900000.0,18932
8076315,1,1,1,10,2024,1,35,4.0,1000000.0,43566
8044156,1,5,1,10,2024,2,25,9.0,2000000.0,13782
8084271,1,1,1,10,2024,1,37,5.0,1800000.0,60857
8079396,1,1,1,10,2024,1,44,5.0,1500000.0,50631
8054688,1,1,1,10,2024,1,68,4.0,600000.0,37811
8076836,1,1,1,10,2024,1,64,3.0,1500000.0,44802
8078455,1,2,1,10,2024,2,32,3.0,400000.0,48453
8085783,1,1,1,10,2024,2,74,1.0,400000.0,62857
8038470,1,2,1,10,2024,2,62,3.0,400000.0,710
8084787,1,1,1,10,2024,1,28,5.0,1860000.0,61911
8049281,1,2,1,10,2024,2,51,10.0,3500000.0,25271
8075729,1,2,1,10,2024,1,35,4.0,800000.0,41923
8040040,1,1,1,10,2024,1,61,8.0,1300000.0,4240
8080139,1,2,1,10,2024,1,26,8.0,1300000.0,52399
8077976,1,1,1,10,2024,2,50,3.0,1000000.0,47356
8044206,1,2,1,10,2024,2,37,10.0,6000000.0,13890
8083013,1,3,1,10,2024,2,22,5.0,900000.0,58125
8052046,1,1,1,10,2024,1,45,4.0,600000.0,31698
8052091,1,4,1,10,2024,2,45,5.0,1300000.0,31824
8045015,1,2,1,10,2024,1,37,5.0,1200000.0,16118
8046127,1,1,1,10,2024,2,37,3.0,1300000.0,18774
8082243,1,1,1,10,2024,1,44,5.0,1100000.0,56342
8055005,1,1,1,10,2024,1,44,3.0,1200000.0,38538
8041010,1,2,1,10,2024,2,25,4.0,420000.0,6562
8077204,1,2,1,10,2024,1,29,4.0,1500000.0,45717
8052041,1,2,1,10,2024,1,63,3.0,980000.0,31690
8041849,1,2,1,10,2024,2,40,9.0,3700000.0,8413
8086800,1,2,1,10,2024,2,46,12.0,5100000.0,64511
8052766,1,2,1,10,2024,2,40,3.0,192500.0,33542
8054169,1,4,1,10,2024,1,27,9.0,400000.0,36642
8086265,1,1,1,10,2024,1,53,4.0,900000.0,63354
8042191,1,1,1,10,2024,2,48,3.0,860000.0,9286
8079909,1,1,1,10,2024,2,42,6.0,1300000.0,51909
8052174,1,1,1,10,2024,2,43,5.0,1250000.0,32023
8039155,1,1,1,10,2024,2,40,10.0,1500000.0,2461
8082090,1,1,1,10,2024,1,57,3.0,400000.0,56082
8083743,1,1,1,10,2024,1,41,5.0,6000000.0,59657
8080124,1,3,1,10,2024,1,24,8.0,1200000.0,52351
8083351,1,4,1,10,2024,1,52,5.0,1500000.0,58914
8078711,1,1,1,10,2024,1,42,10.0,4000000.0,48988
8047907,1,3,1,10,2024,1,29,5.0,700000.0,22674
8040860,1,1,1,10,2024,2,68,4.0,1300000.0,6217
8039856,1,1,1,10,2024,2,29,5.0,400000.0,3843
8084092,1,1,1,10,2024,2,37,10.0,3000000.0,60480
8050634,1,2,1,10,2024,2,57,5.0,1300000.0,28481
8075974,1,1,1,10,2024,1,66,3.0,120000.0,42631
8040546,1,1,1,10,2024,2,45,5.0,1500000.0,5472
8050245,1,1,1,10,2024,2,56,3.0,600000.0,27444
8039809,1,3,1,10,2024,2,83,3.0,300000.0,3759
8052079,1,2,1,10,2024,2,66,3.0,1060000.0,31794
8043432,1,1,1,10,2024,1,46,1.0,300000.0,11957
8077769,1,2,1,10,2024,2,23,5.0,1300000.0,46928
8077692,1,2,1,10,2024,2,33,5.0,1300000.0,46755
8078722,1,3,1,10,2024,2,32,10.0,1200000.0,49014
8051721,1,2,1,10,2024,2,45,6.0,1300000.0,30871
8079478,1,1,1,10,2024,1,32,9.0,2500000.0,50835
8040164,1,2,1,10,2024,1,31,5.0,1200000.0,4528
8050313,1,1,1,10,2024,2,70,4.0,100000.0,27579
8046225,1,3,1,10,2024,1,40,10.0,2000000.0,19004
8046377,1,1,1,10,2024,2,62,3.0,1700000.0,19417
8076796,1,2,1,10,2024,2,26,8.0,1700000.0,44721
8082625,1,2,1,10,2024,1,19,8.0,1500000.0,57136
8040666,1,3,1,10,2024,1,20,10.0,320000.0,5739
8053277,1,1,1,10,2024,1,62,3.0,700000.0,34759
8041846,1,1,1,10,2024,2,54,9.0,500000.0,8405
8038913,1,2,1,10,2024,1,38,12.0,4000000.0,1803
8042804,1,1,1,10,2024,1,30,4.0,800000.0,10596
8042247,1,2,1,10,2024,2,29,9.0,1700000.0,9417
8050315,1,1,1,10,2024,2,19,5.0,1300000.0,27585
8039890,1,1,1,10,2024,2,22,5.0,1700000.0,3908
8039087,1,4,1,10,2024,2,40,5.0,500000.0,2256
8051702,1,1,1,10,2024,1,46,9.0,5150000.0,30818
8055754,1,2,1,10,2024,2,47,12.0,3000000.0,39890
8082435,1,1,1,10,2024,2,32,8.0,1300000.0,56706
8039165,1,1,1,10,2024,1,24,5.0,1470000.0,2489
8044568,1,2,1,10,2024,2,27,10.0,2000000.0,14915
8079138,1,1,1,10,2024,2,51,10.0,3800000.0,49930
8083739,1,1,1,10,2024,1,76,3.0,900000.0,59650
8078647,1,2,1,10,2024,1,22,5.0,0.0,48862
8053983,1,1,1,10,2024,2,53,5.0,120000.0,36269
8085754,1,1,1,10,2024,2,55,3.0,250000.0,62785
8055259,1,1,1,10,2024,2,38,9.0,1300000.0,39054
8039429,1,1,1,10,2024,2,31,5.0,1300000.0,3029
8086656,1,2,1,10,2024,1,62,5.0,1500000.0,64248
8050659,1,1,1,10,2024,1,38,12.0,19000000.0,28534
8053681,1,1,1,10,2024,2,45,10.0,2600000.0,35683
8043137,1,2,1,10,2024,2,35,7.0,1462000.0,11237
8048837,1,1,1,10,2024,1,44,5.0,500000.0,24399
8052533,1,1,1,10,2024,1,67,4.0,1000000.0,33027
8081061,1,1,1,10,2024,2,55,10.0,2200000.0,54328
8053688,1,1,1,10,2024,1,34,10.0,2000000.0,35700
8038852,1,3,1,10,2024,2,28,11.0,5000000.0,1643
8050763,1,6,1,10,2024,2,22,5.0,500000.0,28772
8054778,1,3,1,10,2024,1,23,9.0,1400000.0,38054
8039379,1,1,1,10,2024,1,62,4.0,1300000.0,2929
8056215,1,1,1,10,2024,1,62,5.0,1960000.0,40831
8045391,1,1,1,10,2024,1,36,5.0,2600000.0,17118
8086008,1,1,1,10,2024,2,34,12.0,4200000.0,63190
8046907,1,1,1,10,2024,2,31,4.0,1000000.0,20705
8079607,1,2,1,10,2024,2,43,10.0,1600000.0,51056
8038709,1,1,1,10,2024,1,56,5.0,2500000.0,1289
8084209,1,4,1,10,2024,2,28,9.0,700000.0,60720
8052486,1,2,1,10,2024,1,17,3.0,1000000.0,32901
8054740,1,2,1,10,2024,1,39,3.0,900000.0,37945
8054201,1,1,1,10,2024,2,26,8.0,300000.0,36729
8048459,1,1,1,10,2024,2,42,5.0,1300000.0,23716
8082659,1,1,1,10,2024,2,37,5.0,350000.0,57246
8047136,1,1,1,10,2024,2,35,5.0,200000.0,21041
8078013,1,2,1,10,2024,2,34,4.0,2460000.0,47463
8082031,1,1,1,10,2024,1,63,3.0,300000.0,56002
8049487,1,1,1,10,2024,1,62,3.0,700000.0,25581
8042319,1,1,1,10,2024,2,51,5.0,720000.0,9551
8051835,1,2,1,10,2024,1,34,5.0,1000000.0,31200
8038555,1,1,1,10,2024,1,23,10.0,3000000.0,895
8041124,1,3,1,10,2024,1,20,4.0,,6859
8041617,1,2,1,10,2024,2,22,5.0,1300000.0,7979
8042837,1,2,1,10,2024,2,30,10.0,5000000.0,10653
8084177,1,1,1,10,2024,2,40,5.0,300000.0,60625
8045521,1,2,1,10,2024,1,40,4.0,700000.0,17514
8055394,1,3,1,10,2024,1,29,5.0,1300000.0,39323
8042728,1,1,1,10,2024,2,40,7.0,3000000.0,10426
8049040,1,2,1,10,2024,1,62,4.0,1200000.0,24806
8080292,1,2,1,10,2024,2,41,10.0,1900000.0,52775
8077323,1,1,1,10,2024,1,74,5.0,1350000.0,45988
8078482,1,2,1,10,2024,2,51,7.0,1500000.0,48519
8084935,1,1,1,10,2024,2,57,3.0,500000.0,62235
8080497,1,2,1,10,2024,2,55,11.0,6000000.0,53196
8041951,1,3,1,10,2024,1,38,5.0,800000.0,8703
8081786,1,1,1,10,2024,1,43,10.0,1300000.0,55744
8082871,1,2,1,10,2024,2,25,5.0,1300000.0,57794
8049717,1,1,1,10,2024,2,51,3.0,1660000.0,26167
8038385,1,1,1,10,2024,2,40,9.0,2000000.0,534
8083737,1,1,1,10,2024,1,41,10.0,6000000.0,59648
8077082,1,3,1,10,2024,1,26,10.0,800000.0,45374
8039803,1,2,1,10,2024,2,34,10.0,3000000.0,3753
8044967,1,1,1,10,2024,2,61,10.0,450000.0,15957
8082098,1,2,1,10,2024,1,28,1.0,1200000.0,56096
8050443,1,1,1,10,2024,1,57,3.0,700000.0,27943
8077980,1,2,1,10,2024,2,20,6.0,1120000.0,47368
8054643,1,1,1,10,2024,1,58,5.0,700000.0,37706
8083972,1,1,1,10,2024,1,30,8.0,1300000.0,60111
8051253,1,2,1,10,2024,2,67,10.0,500000.0,29682
8054920,1,1,1,10,2024,2,42,11.0,7600000.0,38365
8038603,1,3,1,10,2024,2,25,10.0,2800000.0,972
8083030,1,2,1,10,2024,1,44,3.0,5800000.0,58165
8083404,1,2,1,10,2024,1,39,5.0,1300000.0,58998
8047234,1,1,1,10,2024,1,65,5.0,2200000.0,21255
8050646,1,1,1,10,2024,2,28,10.0,5000000.0,28508
8080089,1,1,1,10,2024,1,53,5.0,1300000.0,52236
8079003,1,3,1,10,2024,1,22,5.0,800000.0,49636
8084848,1,2,1,10,2024,2,51,9.0,1400000.0,62041
8039424,1,1,1,10,2024,2,54,5.0,1300000.0,3019
8051263,1,2,1,10,2024,1,46,4.0,1700000.0,29708
8048198,1,1,1,10,2024,1,42,5.0,800000.0,23265
8084493,2,3,2,10,2024,1,21,9.0,2560000.0,61305
8049059,1,2,1,10,2024,2,27,4.0,1300000.0,24847
8051871,1,2,1,10,2024,1,19,4.0,200000.0,31298
8078440,1,1,1,10,2024,2,38,5.0,640000.0,48404
8050235,1,2,1,10,2024,1,34,5.0,1000000.0,27418
8043257,1,2,1,10,2024,2,46,3.0,950000.0,11509
8040864,1,1,1,10,2024,2,42,5.0,1300000.0,6233
8040690,1,1,1,10,2024,2,38,8.0,1450000.0,5792
8044851,1,4,1,10,2024,2,37,10.0,2589510.0,15662
8080385,1,1,1,10,2024,1,61,11.0,9000000.0,53027
8079815,1,1,1,10,2024,2,50,10.0,1500000.0,51641
8049572,1,2,1,10,2024,2,29,4.0,1050000.0,25793
8080257,1,1,1,10,2024,2,49,4.0,350000.0,52703
8042178,1,1,1,10,2024,1,70,3.0,600000.0,9246
8053693,1,1,1,10,2024,1,23,10.0,1300000.0,35717
8042570,1,2,1,10,2024,2,52,3.0,1300000.0,10083
8047133,1,2,1,10,2024,1,33,4.0,1300000.0,21035
8040392,1,2,1,10,2024,2,44,5.0,1300000.0,5102
8045166,1,4,1,10,2024,2,31,9.0,1300000.0,16509
8085872,1,1,1,10,2024,2,23,10.0,1300000.0,62976
8050764,1,3,1,10,2024,1,23,10.0,2900000.0,28777
8046302,1,1,1,10,2024,1,43,10.0,3500000.0,19229
8047366,1,1,1,10,2024,2,37,10.0,2000000.0,21522
8051405,1,1,1,10,2024,2,34,5.0,600000.0,30110
8083148,1,3,1,10,2024,2,54,4.0,1300000.0,58448
8079537,1,1,1,10,2024,2,48,5.0,27000000.0,50949
8080522,1,3,1,10,2024,2,33,12.0,1000000.0,53232
8076784,1,1,1,10,2024,1,50,12.0,8000000.0,44693
8051477,1,1,1,10,2024,1,54,3.0,1200000.0,30292
8046444,1,1,1,10,2024,2,44,5.0,1300000.0,19558
8047271,1,3,1,10,2024,1,41,8.0,1850000.0,21330
8086649,1,1,1,10,2024,1,61,9.0,3000000.0,64218
8046060,1,3,1,10,2024,1,34,3.0,1000000.0,18615
8043486,2,2,2,10,2024,1,40,5.0,600000.0,12115
8043132,1,1,1,10,2024,2,53,5.0,360000.0,11222
8046054,1,3,1,10,2024,1,26,10.0,900000.0,18604
8039076,1,1,1,10,2024,1,30,5.0,1300000.0,2222
8038401,1,1,1,10,2024,1,37,11.0,5000000.0,574
8086650,1,1,1,10,2024,1,41,5.0,1800000.0,64220
8077725,1,2,1,10,2024,2,52,5.0,400000.0,46823
8039403,1,2,1,10,2024,2,36,9.0,1450000.0,2986
8043140,1,2,1,10,2024,1,53,3.0,200000.0,11247
8084663,1,5,1,10,2024,1,38,6.0,1708000.0,61643
8041502,1,2,1,10,2024,2,36,5.0,150000.0,7716
8048806,1,2,1,10,2024,2,47,5.0,300000.0,24333
8079718,1,3,1,10,2024,2,24,3.0,800000.0,51294
8040481,1,2,1,10,2024,2,27,10.0,1200000.0,5337
8082004,1,1,1,10,2024,1,18,4.0,1600000.0,55971
8048361,1,1,1,10,2024,2,43,4.0,1300000.0,23567
8052167,1,2,1,10,2024,2,48,8.0,1000000.0,32007
8042094,1,3,1,10,2024,2,29,5.0,1300000.0,9015
8083240,1,3,1,10,2024,1,42,5.0,500000.0,58641
8045183,1,1,1,10,2024,1,43,10.0,3700000.0,16569
8038823,1,1,1,10,2024,2,55,5.0,1760000.0,1575
8079448,1,5,1,10,2024,2,29,11.0,7000000.0,50781
8049514,1,2,1,10,2024,1,46,5.0,1000000.0,25661
8076065,1,1,1,10,2024,2,38,8.0,1300000.0,42903
8045191,1,2,1,10,2024,1,31,5.0,1300000.0,16593
8081152,1,1,1,10,2024,2,44,5.0,1300000.0,54492
8049152,1,1,1,10,2024,2,44,8.0,1300000.0,25019
8039106,1,1,1,10,2024,1,38,8.0,1300000.0,2311
8050543,1,1,1,10,2024,2,64,3.0,600000.0,28262
8048431,1,3,1,10,2024,2,29,11.0,1400000.0,23669
8056076,1,2,1,10,2024,2,67,6.0,260000.0,40543
8044762,1,2,1,10,2024,2,39,5.0,840000.0,15411
8077324,1,1,1,10,2024,1,49,5.0,3180000.0,45990
8051505,1,3,1,10,2024,1,67,1.0,650000.0,30366
8040379,1,2,1,10,2024,2,35,5.0,1400000.0,5078
8054629,1,2,1,10,2024,2,59,4.0,850000.0,37673
8079483,1,2,1,10,2024,2,29,9.0,2000000.0,50848
8045751,1,1,1,10,2024,2,61,5.0,1800000.0,18096
8054504,1,2,1,10,2024,2,44,5.0,1460000.0,37409
8047697,1,1,1,10,2024,1,42,5.0,1662000.0,22157
8083607,1,1,1,10,2024,2,37,5.0,1300000.0,59405
8085722,1,1,1,10,2024,2,42,4.0,13000000.0,62704
8040666,1,1,1,10,2024,2,43,4.0,100000.0,5737
8076447,1,1,1,10,2024,1,59,3.0,600000.0,43869
8084810,1,2,1,10,2024,1,47,10.0,2300000.0,61954
8050833,1,1,1,10,2024,1,43,5.0,600000.0,28960
8051930,1,2,1,10,2024,1,55,3.0,600000.0,31432
8077045,1,4,1,10,2024,2,42,5.0,300000.0,45260
8076236,1,2,1,10,2024,2,26,4.0,300000.0,43362
8080375,1,1,1,10,2024,1,29,8.0,2000000.0,52990
8049160,1,1,1,10,2024,2,41,10.0,3500000.0,25029
8086589,1,1,1,10,2024,2,51,3.0,400000.0,64071
8052774,1,1,1,10,2024,1,24,5.0,1300000.0,33559
8042997,1,1,1,10,2024,1,27,6.0,1100000.0,10906
8045210,1,2,1,10,2024,1,25,4.0,1000000.0,16649
8076839,1,1,1,10,2024,1,24,6.0,1450000.0,44809
8082809,1,2,1,10,2024,2,26,10.0,1300000.0,57645
8075750,1,2,1,10,2024,2,12,4.0,,41969
8081315,1,1,1,10,2024,1,44,3.0,600000.0,54860
8050187,1,1,1,10,2024,1,49,1.0,300000.0,27292
8051420,1,2,1,10,2024,2,37,8.0,1300000.0,30156
8081304,1,3,1,10,2024,2,41,8.0,900000.0,54831
8079157,1,1,1,10,2024,1,59,3.0,600000.0,49988
8043418,1,1,1,10,2024,1,60,5.0,1000000.0,11924
8084796,1,2,1,10,2024,2,44,10.0,2500000.0,61933
8054980,1,1,1,10,2024,2,39,5.0,600000.0,38492
8046317,1,1,1,10,2024,1,44,11.0,3600000.0,19269
8044206,1,1,1,10,2024,1,66,10.0,2600000.0,13889
8038825,1,1,1,10,2024,2,50,5.0,130000.0,1581
8040371,1,1,1,10,2024,2,35,5.0,1300000.0,5052
8042013,1,4,1,10,2024,2,42,3.0,800000.0,8874
8038784,1,2,1,10,2024,1,25,5.0,400000.0,1505
8038270,1,5,1,10,2024,1,19,4.0,800000.0,232
8079773,1,1,1,10,2024,2,42,4.0,240000.0,51527
8086622,1,2,1,10,2024,1,40,10.0,3000000.0,64151
8081510,1,2,1,10,2024,2,29,10.0,1600000.0,55325
8080185,1,3,1,10,2024,2,25,4.0,1300000.0,52519
8044135,1,1,1,10,2024,2,59,8.0,1500000.0,13721
8049353,1,1,1,10,2024,1,28,9.0,2100000.0,25419
8044430,1,2,1,10,2024,2,24,5.0,1450000.0,14530
8056012,1,5,1,10,2024,1,56,4.0,1500000.0,40429
8046083,1,2,1,10,2024,2,34,10.0,1500000.0,18680
8047536,1,1,1,10,2024,1,53,6.0,1300000.0,21790
8049814,1,1,1,10,2024,1,27,5.0,1100000.0,26431
8053866,1,2,1,10,2024,2,50,10.0,1500000.0,36043
8053009,1,1,1,10,2024,1,51,1.0,150000.0,34201
8044780,1,2,1,10,2024,2,41,10.0,4000000.0,15444
8054976,1,1,1,10,2024,2,35,5.0,1600000.0,38482
8053450,1,1,1,10,2024,2,44,11.0,4200000.0,35185
8042906,1,1,1,10,2024,1,35,5.0,2500000.0,10797
8038958,1,2,1,10,2024,2,30,5.0,1500000.0,1915
8044901,1,2,1,10,2024,2,33,5.0,1200000.0,15797
8046655,1,1,1,10,2024,2,57,10.0,200000.0,20132
8049977,1,3,1,10,2024,1,22,5.0,1300000.0,26798
8077486,1,1,1,10,2024,2,65,3.0,0.0,46344
8044038,1,2,1,10,2024,2,22,5.0,2300000.0,13491
8056002,1,1,1,10,2024,2,50,5.0,1300000.0,40410
8081219,1,2,1,10,2024,1,43,6.0,1000000.0,54601
8044388,1,2,1,10,2024,2,56,3.0,1385000.0,14413
8045437,1,1,1,10,2024,1,38,5.0,500000.0,17255
8045924,1,1,1,10,2024,1,74,1.0,900000.0,18239
8055768,1,1,1,10,2024,1,64,5.0,1300000.0,39917
8048490,1,1,1,10,2024,1,72,6.0,1200000.0,23783
8079779,1,2,1,10,2024,1,24,5.0,1300000.0,51547
8078660,1,2,1,10,2024,2,22,5.0,1600000.0,48890
8046592,1,1,1,10,2024,1,35,8.0,2800000.0,19990
8078718,1,1,1,10,2024,1,56,3.0,1300000.0,49001
8055315,1,2,1,10,2024,2,52,5.0,1300000.0,39150
8049424,1,1,1,10,2024,2,42,5.0,2900000.0,25542
8045637,1,4,1,10,2024,2,34,9.0,2000000.0,17799
8045084,1,1,1,10,2024,2,76,3.0,100000.0,16289
8077785,1,1,1,10,2024,1,73,1.0,476000.0,46952
8050141,1,1,1,10,2024,1,38,5.0,1300000.0,27188
8077029,1,5,1,10,2024,2,19,4.0,160000.0,45207
8084237,1,2,1,10,2024,1,29,9.0,1462000.0,60771
8082778,1,1,1,10,2024,1,42,4.0,1300000.0,57550
8052053,1,1,1,10,2024,2,54,4.0,600000.0,31709
8080671,1,1,1,10,2024,2,35,5.0,500000.0,53551
8046908,1,1,1,10,2024,1,57,5.0,2000000.0,20708
8076327,1,1,1,10,2024,1,57,3.0,300000.0,43596
8044618,1,1,1,10,2024,1,36,11.0,3900000.0,15048
8081175,1,2,1,10,2024,1,42,5.0,1500000.0,54536
8084793,1,1,1,10,2024,2,36,11.0,5000000.0,61926
8042131,1,2,1,10,2024,1,41,4.0,800000.0,9132
8078407,1,3,1,10,2024,2,52,5.0,1300000.0,48345
8045234,1,1,1,10,2024,1,58,5.0,1100000.0,16728
8041560,1,1,1,10,2024,2,44,8.0,1400000.0,7851
8048936,1,1,1,10,2024,1,59,5.0,1500000.0,24623
8050300,1,2,1,10,2024,2,51,5.0,1300000.0,27561
8055663,1,1,1,10,2024,1,51,10.0,3000000.0,39745
8044444,1,2,1,10,2024,2,64,3.0,500000.0,14561
8047479,1,3,1,10,2024,1,35,10.0,2500000.0,21686
8080989,1,1,1,10,2024,1,42,11.0,4000000.0,54168
8053732,1,1,1,10,2024,2,25,5.0,600000.0,35830
8054014,1,1,1,10,2024,1,30,11.0,2000000.0,36330
8041996,1,1,1,10,2024,1,67,4.0,1300000.0,8827
8077103,1,2,1,10,2024,1,30,5.0,300000.0,45441
8043584,1,1,1,10,2024,2,35,10.0,1300000.0,12371
8039099,1,1,1,10,2024,1,49,8.0,1300000.0,2296
8055153,1,6,1,10,2024,2,46,1.0,1000000.0,38825
8052984,1,6,1,10,2024,1,22,5.0,600000.0,34105
8077962,1,3,1,10,2024,1,19,8.0,200000.0,47316
8079669,1,2,1,10,2024,1,37,10.0,2200000.0,51176
8046726,1,2,1,10,2024,2,57,12.0,11500000.0,20296
8041713,1,2,1,10,2024,2,34,10.0,2900000.0,8185
8040192,1,1,1,10,2024,2,52,5.0,300000.0,4620
8045208,1,3,1,10,2024,2,28,5.0,1000000.0,16645
8046722,1,2,1,10,2024,2,59,10.0,1800000.0,20285
8078944,1,1,1,10,2024,1,34,3.0,1300000.0,49504
8078298,1,1,1,10,2024,2,38,4.0,500000.0,48108
8085951,1,2,1,10,2024,2,58,5.0,3000000.0,63085
8051412,1,3,1,10,2024,1,22,10.0,1600000.0,30130
8050246,1,1,1,10,2024,2,34,5.0,750000.0,27448
8055421,1,1,1,10,2024,1,34,6.0,2000000.0,39358
8078794,2,1,2,10,2024,1,59,3.0,990000.0,49176
8041208,1,2,1,10,2024,1,47,4.0,1200000.0,7075
8049295,1,2,1,10,2024,2,45,11.0,15000000.0,25299
8047231,1,1,1,10,2024,2,21,10.0,900000.0,21250
8055192,1,1,1,10,2024,2,25,10.0,1300000.0,38909
8054056,1,2,1,10,2024,2,34,10.0,2700000.0,36405
8083267,1,2,1,10,2024,1,36,5.0,700000.0,58708
8079743,1,1,1,10,2024,1,38,4.0,800000.0,51402
8076147,1,2,1,10,2024,2,50,4.0,120000.0,43149
8078476,1,1,1,10,2024,1,55,5.0,2910000.0,48506
8076775,1,1,1,10,2024,1,56,5.0,1300000.0,44669
8043189,1,1,1,10,2024,1,34,3.0,1300000.0,11359
8082981,1,1,1,10,2024,2,40,5.0,1300000.0,58048
8078098,1,1,1,10,2024,1,50,6.0,400000.0,47625
8038788,1,1,1,10,2024,2,46,8.0,1700000.0,1507
8051017,1,1,1,10,2024,1,27,5.0,4000000.0,29479
8047228,1,2,1,10,2024,1,26,4.0,1000000.0,21239
8079554,1,1,1,10,2024,2,33,5.0,1300000.0,50975
8038567,1,3,1,10,2024,1,21,5.0,1700000.0,923
8041072,1,2,1,10,2024,1,25,10.0,1900000.0,6723
8044746,1,2,1,10,2024,1,62,3.0,1300000.0,15376
8084492,1,1,1,10,2024,2,41,3.0,800000.0,61296
8038926,1,1,1,10,2024,1,78,4.0,600000.0,1836
8043690,1,1,1,10,2024,1,65,3.0,300000.0,12638
8053420,1,1,1,10,2024,1,22,8.0,1700000.0,35152
8054616,1,1,1,10,2024,2,27,10.0,1000000.0,37637
8043285,1,1,1,10,2024,2,66,1.0,100000.0,11585
8041078,1,2,1,10,2024,2,21,6.0,1310000.0,6733
8078471,1,1,1,10,2024,2,44,3.0,1100000.0,48494
8053462,1,1,1,10,2024,1,44,10.0,6000000.0,35204
8046180,1,1,1,10,2024,1,27,4.0,1890000.0,18897
8048970,1,1,1,10,2024,1,52,11.0,4900000.0,24694
8076619,1,1,1,10,2024,1,34,5.0,3200000.0,44292
8041617,1,1,1,10,2024,2,56,5.0,1400000.0,7978
8050123,1,1,1,10,2024,1,42,5.0,1800000.0,27148
8052018,1,3,1,10,2024,1,19,6.0,1300000.0,31635
8044072,1,1,1,10,2024,2,68,3.0,280000.0,13587
8084496,1,1,1,10,2024,2,34,5.0,1300000.0,61309
8044975,1,1,1,10,2024,1,28,3.0,600000.0,15977
8055770,1,2,1,10,2024,2,21,4.0,150000.0,39926
8056098,1,2,1,10,2024,1,39,8.0,1540000.0,40594
8056035,1,1,1,10,2024,2,57,4.0,280000.0,40455
8045209,1,2,1,10,2024,1,40,5.0,1300000.0,16647
8081397,1,4,1,10,2024,1,24,5.0,150000.0,55053
8040982,1,4,1,10,2024,2,50,6.0,1300000.0,6500
8081272,1,4,1,10,2024,2,16,5.0,800000.0,54759
8040313,1,1,1,10,2024,1,32,10.0,5200000.0,4931
8079476,1,3,1,10,2024,1,61,5.0,1600000.0,50834
8082743,1,1,1,10,2024,2,55,12.0,3300000.0,57475
8039376,1,2,1,10,2024,1,38,8.0,1500000.0,2927
8053602,1,1,1,10,2024,1,26,5.0,1000000.0,35499
8043963,1,1,1,10,2024,2,62,8.0,400000.0,13351
8080374,1,1,1,10,2024,1,41,8.0,2300000.0,52989
8076859,1,2,1,10,2024,1,45,1.0,1360000.0,44844
8044851,1,2,1,10,2024,1,69,1.0,1200000.0,15660
8050610,1,1,1,10,2024,2,47,10.0,1500000.0,28432
8047561,1,5,1,10,2024,2,19,10.0,980000.0,21847
8056049,1,1,1,10,2024,2,39,1.0,180000.0,40488
8038735,1,3,1,10,2024,1,49,5.0,1600000.0,1351
8041813,1,1,1,10,2024,2,59,3.0,150000.0,8326
8083686,1,1,1,10,2024,1,55,5.0,2000000.0,59549
8082788,1,2,1,10,2024,2,37,10.0,2000000.0,57573
8040339,1,1,1,10,2024,2,47,6.0,650000.0,4989
8047587,1,2,1,10,2024,1,41,5.0,100000.0,21927
8041198,1,5,1,10,2024,1,26,5.0,1300000.0,7052
8051354,1,1,1,10,2024,2,60,4.0,320000.0,29976
8050628,1,1,1,10,2024,2,64,6.0,1800000.0,28465
8081032,1,1,1,10,2024,1,48,11.0,5300000.0,54258
8081369,1,1,1,10,2024,2,47,10.0,1800000.0,54952
8052118,1,1,1,10,2024,1,57,3.0,600000.0,31890
8054849,1,10,1,10,2024,1,44,3.0,600000.0,38203
8075945,1,1,1,10,2024,1,22,4.0,600000.0,42528
8053427,1,2,1,10,2024,2,30,10.0,5000000.0,35160
8078960,1,2,1,10,2024,2,22,5.0,750000.0,49550
8046792,1,2,1,10,2024,1,33,5.0,700000.0,20447
8083193,1,1,1,10,2024,1,73,3.0,800000.0,58498
8042811,1,1,1,10,2024,2,25,10.0,1450000.0,10607
8038405,1,2,1,10,2024,1,58,5.0,600000.0,590
8077583,1,1,1,10,2024,2,39,6.0,2000000.0,46540
8043275,1,1,1,10,2024,1,51,3.0,0.0,11545
8047558,1,2,1,10,2024,1,25,8.0,1200000.0,21841
8053293,1,1,1,10,2024,1,56,5.0,2250000.0,34800
8039102,1,1,1,10,2024,2,23,8.0,1000000.0,2306
8053707,1,2,1,10,2024,2,30,8.0,1100000.0,35764
8049176,1,1,1,10,2024,1,56,3.0,1000000.0,25056
8080172,1,1,1,10,2024,2,60,12.0,4500000.0,52473
8052922,1,1,1,10,2024,2,32,5.0,1020000.0,33918
8079532,1,1,1,10,2024,1,58,5.0,100000.0,50939
8038613,1,1,1,10,2024,2,48,10.0,10000000.0,1004
8046480,1,4,1,10,2024,2,24,3.0,2100000.0,19646
8040192,1,6,1,10,2024,2,24,5.0,400000.0,4625
8039033,1,3,1,10,2024,2,38,10.0,200000.0,2090
8054847,1,3,1,10,2024,1,33,5.0,2000000.0,38193
8050065,1,1,1,10,2024,1,55,3.0,1300000.0,27033
8084059,1,2,1,10,2024,2,61,5.0,1650000.0,60390
8080059,1,1,1,10,2024,2,27,10.0,1400000.0,52162
8038624,1,1,1,10,2024,1,30,10.0,5000000.0,1035
8050051,1,1,1,10,2024,1,57,3.0,1800000.0,27002
8084558,1,1,1,10,2024,1,34,10.0,8000000.0,61430
8079167,1,1,1,10,2024,2,48,4.0,300000.0,50014
8044873,1,1,1,10,2024,1,60,4.0,600000.0,15728
8041234,1,1,1,10,2024,2,41,5.0,920000.0,7136
8083751,1,2,1,10,2024,2,47,5.0,1800000.0,59674
8082399,1,1,1,10,2024,2,49,8.0,5000000.0,56628
8038601,1,2,1,10,2024,1,34,5.0,2000000.0,964
8055449,1,2,1,10,2024,2,46,10.0,3620000.0,39397
8040398,1,2,1,10,2024,2,37,10.0,4000000.0,5115
8040879,1,1,1,10,2024,1,33,6.0,1000000.0,6268
8042624,1,1,1,10,2024,2,55,4.0,800000.0,10193
8049217,1,1,1,10,2024,2,42,8.0,500000.0,25119
8083518,1,3,1,10,2024,2,33,8.0,1800000.0,59213
8076407,1,1,1,10,2024,1,47,3.0,1500000.0,43779
8079019,1,7,1,10,2024,1,25,4.0,1140000.0,49670
8052907,1,2,1,10,2024,2,54,3.0,150000.0,33881
8046788,1,3,1,10,2024,1,22,10.0,1300000.0,20439
8077119,1,1,1,10,2024,1,48,3.0,900000.0,45484
8048667,1,1,1,10,2024,2,39,5.0,1300000.0,24076
8076308,1,2,1,10,2024,1,39,5.0,800000.0,43551
8047743,1,2,1,10,2024,1,31,5.0,700000.0,22259
8086241,1,1,1,10,2024,2,60,3.0,1000000.0,63343
8078127,1,1,1,10,2024,1,45,3.0,388000.0,47686
8044008,1,2,1,10,2024,1,57,4.0,700000.0,13434
8038443,1,1,1,10,2024,2,54,9.0,2500000.0,669
8054648,1,2,1,10,2024,2,48,10.0,1600000.0,37726
8046443,1,2,1,10,2024,2,56,10.0,4000000.0,19555
8082469,1,1,1,10,2024,1,27,5.0,1200000.0,56778
8043700,1,1,1,10,2024,1,39,10.0,1000000.0,12664
8076168,1,2,1,10,2024,1,26,4.0,800000.0,43205
8046448,1,2,1,10,2024,2,55,11.0,24000000.0,19566
8080561,1,2,1,10,2024,2,26,9.0,1400000.0,53321
8040143,1,2,1,10,2024,2,35,5.0,1460000.0,4485
8054707,1,2,1,10,2024,1,49,6.0,1600000.0,37847
8051406,1,1,1,10,2024,1,31,3.0,1300000.0,30113
8049740,1,2,1,10,2024,1,44,3.0,1600000.0,26237
8079585,1,3,1,10,2024,2,48,8.0,1500000.0,51012
8049587,1,3,1,10,2024,1,20,8.0,500000.0,25821
8046633,1,1,1,10,2024,2,54,4.0,400000.0,20090
8038593,1,1,1,10,2024,2,26,10.0,2000000.0,945
8081549,1,2,1,10,2024,1,56,5.0,1500000.0,55401
8045624,1,3,1,10,2024,1,31,10.0,4000000.0,17756
8050807,1,1,1,10,2024,2,39,4.0,850000.0,28884
8085894,1,2,1,10,2024,2,41,5.0,2600000.0,63013
8046916,1,2,1,10,2024,1,35,5.0,2000000.0,20727
8045491,1,1,1,10,2024,1,46,8.0,0.0,17424
8041256,1,1,1,10,2024,2,54,5.0,1480000.0,7180
8053720,1,1,1,10,2024,1,47,10.0,1300000.0,35801
8080048,1,3,1,10,2024,2,35,8.0,1300000.0,52137
8078321,1,4,1,10,2024,1,18,4.0,400000.0,48165
8085965,1,1,1,10,2024,1,31,10.0,4200000.0,63108
8044340,1,1,1,10,2024,2,36,5.0,1700000.0,14278
8044113,1,1,1,10,2024,2,42,8.0,1300000.0,13674
8047087,1,1,1,10,2024,1,69,10.0,5000000.0,20962
8053075,1,1,1,10,2024,1,51,5.0,1500000.0,34348
8045061,1,2,1,10,2024,2,28,10.0,1300000.0,16231
8044448,1,1,1,10,2024,1,55,5.0,1900000.0,14573
8046213,1,1,1,10,2024,1,44,11.0,3500000.0,18987
8076974,1,2,1,10,2024,1,26,3.0,600000.0,45078
8051676,1,1,1,10,2024,1,53,4.0,1000000.0,30750
8050060,1,2,1,10,2024,2,50,4.0,550000.0,27025
8079010,1,1,1,10,2024,1,56,3.0,2500000.0,49649
8041635,1,2,1,10,2024,2,29,8.0,2300000.0,8029
8041002,1,4,1,10,2024,1,20,5.0,1300000.0,6550
8043799,1,1,1,10,2024,2,53,3.0,320000.0,12942
8082407,1,2,1,10,2024,2,36,10.0,1562000.0,56649
8084097,1,3,1,10,2024,2,62,4.0,1800000.0,60494
8077118,1,1,1,10,2024,1,55,9.0,250000.0,45480
8086095,1,2,1,10,2024,2,58,13.0,7000000.0,63266
8040552,1,1,1,10,2024,1,32,3.0,1300000.0,5485
8077260,1,1,1,10,2024,1,56,5.0,2000000.0,45868
8050354,1,1,1,10,2024,2,25,5.0,1500000.0,27741
8044346,1,7,1,10,2024,1,21,5.0,2920000.0,14308
8086096,1,1,1,10,2024,2,29,5.0,1500000.0,63269
8044816,1,2,1,10,2024,1,24,5.0,700000.0,15548
8051642,1,2,1,10,2024,1,22,10.0,1800000.0,30674
8041059,1,3,1,10,2024,2,38,12.0,5000000.0,6696
8079752,1,4,1,10,2024,1,21,5.0,360000.0,51443
8076728,1,2,1,10,2024,2,55,10.0,1600000.0,44546
8083986,1,3,1,10,2024,1,26,10.0,1800000.0,60156
8080562,1,1,1,10,2024,1,69,8.0,7000000.0,53322
8041624,1,1,1,10,2024,2,28,10.0,1200000.0,7992
8055120,1,1,1,10,2024,1,76,3.0,1680000.0,38730
8039558,1,1,1,10,2024,1,65,11.0,6000000.0,3297
8048595,1,5,1,10,2024,2,56,3.0,480000.0,23976
8080292,1,1,1,10,2024,1,42,8.0,1400000.0,52774
8048091,1,1,1,10,2024,1,43,1.0,1400000.0,23025
8049314,1,4,1,10,2024,1,25,4.0,600000.0,25337
8046914,1,1,1,10,2024,1,27,8.0,230000.0,20723
8054425,1,1,1,10,2024,2,41,5.0,500000.0,37235
8056256,1,2,1,10,2024,2,33,10.0,2500000.0,40950
8051689,1,1,1,10,2024,1,48,12.0,15000000.0,30780
8049718,1,3,1,10,2024,1,51,3.0,1710000.0,26171
8042242,1,2,1,10,2024,2,49,9.0,1500000.0,9404
8084769,1,1,1,10,2024,1,25,9.0,1300000.0,61863
8080744,1,1,1,10,2024,1,35,8.0,1800000.0,53670
8047280,1,1,1,10,2024,2,41,4.0,400000.0,21350
8038270,1,1,1,10,2024,1,26,5.0,1050000.0,228
8086637,1,1,1,10,2024,1,48,8.0,1500000.0,64186
8055450,1,1,1,10,2024,1,75,3.0,1600000.0,39399
8083640,1,2,1,10,2024,2,40,10.0,4000000.0,59466
8038342,1,1,1,10,2024,2,48,9.0,1600000.0,412
8051667,1,4,1,10,2024,2,29,10.0,1300000.0,30733
8053600,1,5,1,10,2024,2,24,5.0,1300000.0,35493
8052000,1,2,1,10,2024,2,60,5.0,1300000.0,31594
8079373,1,1,1,10,2024,1,29,3.0,1000000.0,50591
8046724,1,2,1,10,2024,2,27,11.0,2000000.0,20292
8056198,1,2,1,10,2024,2,51,5.0,1500000.0,40779
8048886,1,3,1,10,2024,1,21,8.0,1462000.0,24513
8086765,1,1,1,10,2024,2,31,5.0,1300000.0,64454
8076534,1,1,1,10,2024,2,40,5.0,200000.0,44105
8082747,1,2,1,10,2024,2,33,10.0,2600000.0,57485
8043659,1,2,1,10,2024,2,34,10.0,1300000.0,12569
8042173,1,1,1,10,2024,1,51,8.0,1300000.0,9238
8054396,1,1,1,10,2024,1,48,3.0,500000.0,37170
8043657,1,2,1,10,2024,2,37,10.0,12000000.0,12565
8044650,1,2,1,10,2024,2,35,10.0,2000000.0,15137
8055760,1,1,1,10,2024,2,24,9.0,1000000.0,39898
8042797,1,2,1,10,2024,2,32,5.0,1300000.0,10578
8084222,1,1,1,10,2024,1,54,5.0,2000000.0,60740
8040409,1,4,1,10,2024,1,18,5.0,1500000.0,5143
8048375,1,2,1,10,2024,2,37,10.0,1200000.0,23583
8053158,1,3,1,10,2024,2,30,10.0,4000000.0,34505
8079317,1,2,1,10,2024,1,51,4.0,600000.0,50482
8078916,1,1,1,10,2024,2,60,4.0,800000.0,49438
8053848,1,1,1,10,2024,1,59,3.0,1600000.0,36005
8040558,1,1,1,10,2024,2,38,8.0,800000.0,5510
8076746,1,3,1,10,2024,2,23,10.0,1600000.0,44601
8085856,1,1,1,10,2024,2,58,3.0,850000.0,62952
8079175,1,3,1,10,2024,2,20,8.0,1300000.0,50047
8044977,1,1,1,10,2024,2,51,3.0,350000.0,15983
8054627,1,1,1,10,2024,1,38,5.0,3600000.0,37664
8086550,1,2,1,10,2024,1,42,5.0,1000000.0,63956
8038283,1,3,1,10,2024,1,29,11.0,1730000.0,259
8043836,1,1,1,10,2024,1,58,6.0,1600000.0,13019
8038864,1,1,1,10,2024,2,44,3.0,400000.0,1674
8044295,1,2,1,10,2024,2,38,5.0,2200000.0,14166
8078149,1,2,1,10,2024,2,47,5.0,1300000.0,47733
8046974,1,1,1,10,2024,1,26,5.0,1300000.0,20772
8079686,1,1,1,10,2024,1,33,5.0,1000000.0,51222
8046883,1,2,1,10,2024,2,38,11.0,6400000.0,20649
8078931,1,1,1,10,2024,1,53,3.0,1500000.0,49471
8046258,1,1,1,10,2024,2,63,4.0,660000.0,19070
8055213,1,1,1,10,2024,2,24,8.0,1300000.0,38960
8039202,1,1,1,10,2024,2,33,11.0,3000000.0,2571
8083428,1,2,1,10,2024,2,39,9.0,4000000.0,59049
8079852,1,2,1,10,2024,2,54,5.0,1350000.0,51747
8049904,1,1,1,10,2024,1,42,5.0,1300000.0,26653
8080248,1,2,1,10,2024,1,16,4.0,300000.0,52678
8052119,1,4,1,10,2024,1,41,5.0,1300000.0,31895
8039831,1,1,1,10,2024,1,45,3.0,1650000.0,3800
8079398,1,2,1,10,2024,2,33,5.0,900000.0,50639
8049780,1,1,1,10,2024,2,66,4.0,900000.0,26332
8082873,1,1,1,10,2024,2,43,5.0,1300000.0,57799
8079779,1,3,1,10,2024,1,20,5.0,1100000.0,51548
8053938,1,3,1,10,2024,2,35,12.0,3400000.0,36188
8051635,1,1,1,10,2024,1,23,5.0,1300000.0,30656
8043370,1,1,1,10,2024,2,35,5.0,800000.0,11804
8082580,1,3,1,10,2024,2,66,4.0,400000.0,57039
8053255,1,1,1,10,2024,1,44,5.0,3000000.0,34721
8054851,1,1,1,10,2024,1,35,5.0,1400000.0,38210
8076196,1,2,1,10,2024,2,66,3.0,300000.0,43294
8053298,1,2,1,10,2024,2,43,10.0,800000.0,34815
8053355,1,4,1,10,2024,2,55,5.0,723000.0,34979
8084835,1,1,1,10,2024,2,54,3.0,650000.0,62012
8043740,1,2,1,10,2024,2,21,5.0,1800000.0,12768
8084070,1,2,1,10,2024,2,22,4.0,300000.0,60427
8044652,1,1,1,10,2024,2,34,10.0,1767200.0,15145
8046043,1,1,1,10,2024,2,22,5.0,700000.0,18565
8080053,1,1,1,10,2024,1,42,5.0,1000000.0,52144
8082645,1,2,1,10,2024,2,59,5.0,1200000.0,57194
8039496,1,1,1,10,2024,2,48,3.0,700000.0,3167
8075958,1,1,1,10,2024,2,26,10.0,300000.0,42572
8041451,1,1,1,10,2024,1,46,10.0,4000000.0,7591
8081068,1,1,1,10,2024,1,48,10.0,1500000.0,54342
8054457,1,2,1,10,2024,1,55,5.0,850000.0,37329
8044576,1,2,1,10,2024,1,44,4.0,1300000.0,14938
8076734,1,2,1,10,2024,1,60,4.0,1300000.0,44567
8051936,1,2,1,10,2024,1,22,5.0,1800000.0,31445
8078542,1,1,1,10,2024,2,66,1.0,600000.0,48639
8080100,1,1,1,10,2024,2,50,4.0,500000.0,52277
8084307,1,3,1,10,2024,1,20,5.0,600000.0,60926
8080079,1,2,1,10,2024,2,35,10.0,2000000.0,52215
8045591,1,1,1,10,2024,1,32,11.0,4400000.0,17690
8054249,1,1,1,10,2024,1,52,11.0,4200000.0,36809
8043888,1,2,1,10,2024,2,38,6.0,300000.0,13147
8042227,1,1,1,10,2024,1,63,11.0,4200000.0,9366
8041148,1,2,1,10,2024,2,26,10.0,200000.0,6913
8054560,1,1,1,10,2024,2,51,10.0,2400000.0,37529
8046436,1,1,1,10,2024,1,43,9.0,8000000.0,19532
8047538,1,1,1,10,2024,1,26,10.0,3000000.0,21796
8077953,1,3,1,10,2024,1,17,4.0,800000.0,47295
8076709,1,1,1,10,2024,1,62,12.0,8400000.0,44505
8050236,1,3,1,10,2024,1,16,5.0,785000.0,27424
8042790,1,5,1,10,2024,2,31,8.0,400000.0,10553
8055043,1,4,1,10,2024,1,29,10.0,2000000.0,38657
8043100,1,1,1,10,2024,1,63,1.0,420000.0,11148
8050322,1,3,1,10,2024,2,18,9.0,400000.0,27612
8050173,1,2,1,10,2024,1,21,5.0,1400000.0,27272
8044751,1,2,1,10,2024,1,70,4.0,840000.0,15385
8038350,1,2,1,10,2024,2,46,10.0,9600000.0,432
8075914,1,1,1,10,2024,1,55,4.0,900000.0,42419
8048904,1,1,1,10,2024,2,60,3.0,1700000.0,24559
8044695,1,1,1,10,2024,1,38,8.0,600000.0,15256
8046188,1,1,1,10,2024,1,22,5.0,1300000.0,18925
8081902,1,2,1,10,2024,1,47,5.0,1300000.0,55820
8042152,1,1,1,10,2024,2,54,5.0,140000.0,9180
8047347,1,1,1,10,2024,2,36,3.0,500000.0,21482
8042953,1,2,1,10,2024,1,50,3.0,900000.0,10815
8045803,1,1,1,10,2024,2,33,11.0,3809000.0,18215
8042025,1,1,1,10,2024,1,56,3.0,1300000.0,8906
8048966,1,2,1,10,2024,1,29,5.0,1300000.0,24693
8055310,1,5,1,10,2024,1,50,3.0,1000000.0,39145
8080754,1,1,1,10,2024,1,57,11.0,430000.0,53693
8041270,1,1,1,10,2024,2,31,10.0,2000000.0,7210
8043076,1,1,1,10,2024,2,29,5.0,250000.0,11094
8042704,1,5,1,10,2024,2,28,5.0,1500000.0,10354
8038294,1,2,1,10,2024,2,51,10.0,1500000.0,293
8042782,1,2,1,10,2024,2,58,5.0,0.0,10524
8048510,1,1,1,10,2024,2,37,5.0,540000.0,23815
8083136,1,1,1,10,2024,2,84,3.0,700000.0,58415
8042528,1,2,1,10,2024,2,30,8.0,1300000.0,10006
8050867,1,2,1,10,2024,2,27,10.0,2000000.0,29047
8086324,1,1,1,10,2024,1,61,9.0,3000000.0,63461
8046126,1,1,1,10,2024,2,50,10.0,2400000.0,18772
8051444,1,1,1,10,2024,1,23,5.0,2800000.0,30218
8041663,1,1,1,10,2024,1,31,8.0,8500000.0,8096
8046730,1,7,1,10,2024,2,38,5.0,1300000.0,20315
8078206,1,1,1,10,2024,1,41,5.0,2000000.0,47874
8040915,1,1,1,10,2024,2,65,3.0,100000.0,6347
8086683,1,1,1,10,2024,1,62,5.0,4850000.0,64321
8043017,1,2,1,10,2024,1,20,5.0,600000.0,10956
8078604,1,3,1,10,2024,2,42,10.0,2800000.0,48776
8084164,1,3,1,10,2024,1,25,5.0,750000.0,60584
8083360,1,1,1,10,2024,2,33,5.0,1000000.0,58920
8055429,1,3,1,10,2024,2,22,10.0,1000000.0,39375
8041772,1,2,1,10,2024,2,20,4.0,1050000.0,8265
8051633,1,1,1,10,2024,2,44,9.0,1300000.0,30651
8043111,1,2,1,10,2024,2,51,5.0,100000.0,11174
8038676,1,3,1,10,2024,2,58,4.0,800000.0,1167
8077996,1,1,1,10,2024,2,47,4.0,450000.0,47420
8086355,1,1,1,10,2024,1,61,9.0,3000000.0,63519
8056257,1,2,1,10,2024,2,32,4.0,800000.0,40954
8046458,1,1,1,10,2024,1,19,5.0,1300000.0,19589
8081139,1,2,1,10,2024,1,55,5.0,1200000.0,54459
8079425,1,1,1,10,2024,2,33,3.0,800000.0,50713
8043144,1,1,1,10,2024,1,42,5.0,3000000.0,11252
8051286,1,1,1,10,2024,1,38,5.0,2900000.0,29766
8082007,1,1,1,10,2024,1,54,4.0,1200000.0,55973
8041096,1,1,1,10,2024,2,34,5.0,1300000.0,6763
8052033,1,2,1,10,2024,2,41,4.0,1400000.0,31676
8082909,1,1,1,10,2024,2,32,5.0,1300000.0,57892
8086428,1,2,1,10,2024,2,60,1.0,300000.0,63653
8086571,1,1,1,10,2024,2,39,8.0,3000000.0,64012
8044441,1,1,1,10,2024,1,69,10.0,4900000.0,14554
8043367,1,1,1,10,2024,2,34,5.0,1210000.0,11798
8046520,1,3,1,10,2024,1,37,5.0,1300000.0,19756
8077819,1,3,1,10,2024,2,20,6.0,1050000.0,47029
8045118,1,3,1,10,2024,2,30,5.0,700000.0,16384
8054080,1,2,1,10,2024,2,28,5.0,800000.0,36452
8047285,1,3,1,10,2024,1,42,5.0,1200000.0,21360
8049534,1,1,1,10,2024,2,55,9.0,1400000.0,25694
8050424,1,2,1,10,2024,1,27,10.0,1600000.0,27896
8051534,1,1,1,10,2024,1,61,9.0,3000000.0,30429
8076750,1,2,1,10,2024,2,60,11.0,3500000.0,44611
8045312,1,3,1,10,2024,1,23,5.0,1300000.0,16916
8084804,1,1,1,10,2024,2,47,3.0,400000.0,61941
8041127,1,1,1,10,2024,2,30,5.0,1000000.0,6868
8050757,1,1,1,10,2024,1,68,11.0,3800000.0,28752
8047013,1,1,1,10,2024,2,64,10.0,600000.0,20838
8083216,1,1,1,10,2024,2,63,4.0,1000000.0,58572
8080334,1,1,1,10,2024,2,29,8.0,1300000.0,52883
8043256,1,2,1,10,2024,2,68,4.0,700000.0,11507
8042846,1,1,1,10,2024,1,50,12.0,4000000.0,10682
8055570,1,1,1,10,2024,1,67,10.0,6000000.0,39561
8044644,1,1,1,10,2024,2,38,9.0,1300000.0,15117
8080706,1,1,1,10,2024,2,62,11.0,10000000.0,53619
8079833,1,2,1,10,2024,2,56,8.0,2000000.0,51701
8083124,1,1,1,10,2024,2,59,5.0,400000.0,58396
8041866,1,2,1,10,2024,2,27,10.0,4000000.0,8471
8053558,1,2,1,10,2024,1,20,5.0,900000.0,35374
8078229,1,1,1,10,2024,1,52,3.0,400000.0,47945
8079722,1,2,1,10,2024,2,30,6.0,1600000.0,51306
8083035,1,1,1,10,2024,2,38,10.0,1800000.0,58178
8054624,1,1,1,10,2024,2,28,8.0,1300000.0,37660
8051417,1,5,1,10,2024,1,26,5.0,1200000.0,30148
8081756,1,1,1,10,2024,2,39,4.0,200000.0,55695
8081538,1,1,1,10,2024,1,23,5.0,3500000.0,55382
8075634,1,2,1,10,2024,1,69,1.0,900000.0,41655
8084271,1,2,1,10,2024,2,37,8.0,2200000.0,60858
8048150,1,2,1,10,2024,1,38,10.0,1600000.0,23187
8083010,1,2,1,10,2024,1,59,4.0,400000.0,58112
8084320,1,1,1,10,2024,1,29,8.0,1300000.0,60961
8038758,1,1,1,10,2024,1,58,4.0,1500000.0,1430
8052327,1,2,1,10,2024,2,52,10.0,4200000.0,32475
8082545,1,1,1,10,2024,1,46,8.0,1400000.0,56952
8050339,1,2,1,10,2024,2,39,8.0,1300000.0,27671
8079749,1,4,1,10,2024,1,19,3.0,550000.0,51430
8042791,1,3,1,10,2024,1,21,5.0,1300000.0,10558
8038670,1,1,1,10,2024,2,46,3.0,1460000.0,1154
8045352,1,1,1,10,2024,2,38,6.0,1300000.0,17009
8051005,1,1,1,10,2024,2,41,5.0,660000.0,29450
8044265,1,3,1,10,2024,2,19,10.0,900000.0,14043
8042563,1,1,1,10,2024,1,33,10.0,6400000.0,10067
8050625,1,1,1,10,2024,2,60,6.0,200000.0,28459
8042890,1,1,1,10,2024,1,59,5.0,600000.0,10761
8039291,1,1,1,10,2024,2,32,10.0,4200000.0,2802
8079049,1,1,1,10,2024,2,23,10.0,2000000.0,49762
8050894,1,1,1,10,2024,1,63,3.0,2000000.0,29118
8076025,1,1,1,10,2024,1,68,4.0,0.0,42778
8086502,1,3,1,10,2024,2,45,8.0,1300000.0,63829
8078139,1,1,1,10,2024,1,30,4.0,720000.0,47708
8040148,1,1,1,10,2024,1,65,10.0,1000000.0,4498
8053412,1,2,1,10,2024,2,27,10.0,6000000.0,35142
8044929,1,2,1,10,2024,1,33,5.0,1000000.0,15872
8042135,1,2,1,10,2024,2,25,5.0,700000.0,9141
8086519,1,5,1,10,2024,1,31,5.0,1500000.0,63868
8076189,1,1,1,10,2024,2,51,3.0,800000.0,43282
8056286,1,1,1,10,2024,2,48,10.0,1200000.0,40998
8084947,1,1,1,10,2024,2,39,1.0,1000000.0,62259
8078482,1,1,1,10,2024,1,63,8.0,2000000.0,48518
8084423,1,3,1,10,2024,1,63,4.0,1300000.0,61176
8051029,1,1,1,10,2024,1,55,11.0,3000000.0,29500
8047716,1,2,1,10,2024,2,36,10.0,2650000.0,22197
8078146,1,2,1,10,2024,2,59,5.0,300000.0,47728
8083439,1,2,1,10,2024,2,30,8.0,1000000.0,59076
8080340,1,1,1,10,2024,2,23,10.0,4200000.0,52901
8079033,1,4,1,10,2024,1,24,4.0,1200000.0,49723
8086866,1,1,1,10,2024,2,34,5.0,600000.0,64617
8054331,1,1,1,10,2024,2,58,9.0,300000.0,37025
8046819,1,3,1,10,2024,2,48,5.0,1200000.0,20523
8046671,1,1,1,10,2024,1,67,3.0,500000.0,20168
8043106,1,1,1,10,2024,1,76,1.0,0.0,11161
8051305,1,1,1,10,2024,1,27,6.0,1300000.0,29831
8083292,1,2,1,10,2024,2,28,5.0,600000.0,58763
8042653,1,2,1,10,2024,2,47,12.0,3500000.0,10233
8084504,1,5,1,10,2024,1,31,4.0,885000.0,61326
8038192,1,2,1,10,2024,2,35,3.0,1000000.0,21
8084490,1,1,1,10,2024,1,57,5.0,1000000.0,61289
8083998,1,1,1,10,2024,2,42,5.0,700000.0,60190
8076430,1,1,1,10,2024,1,21,4.0,800000.0,43827
8042373,1,2,1,10,2024,2,49,10.0,1800000.0,9660
8045649,1,1,1,10,2024,2,67,3.0,200000.0,17840
8083844,1,3,1,10,2024,2,38,9.0,2400000.0,59870
8045161,1,1,1,10,2024,2,24,5.0,1200000.0,16493
8084880,1,2,1,10,2024,2,56,5.0,300000.0,62114
8082336,1,2,1,10,2024,2,19,8.0,600000.0,56507
8080935,1,1,1,10,2024,2,47,5.0,600000.0,54060
8053939,1,4,1,10,2024,2,39,8.0,1300000.0,36192
8039588,1,2,1,10,2024,2,33,4.0,960000.0,3339
8053876,1,2,1,10,2024,1,63,5.0,1500000.0,36065
8038371,1,1,1,10,2024,2,50,12.0,4000000.0,499
8047044,1,1,1,10,2024,2,32,8.0,1300000.0,20884
8048536,1,2,1,10,2024,1,62,3.0,850000.0,23883
8040957,1,2,1,10,2024,2,55,10.0,600000.0,6436
8042528,1,1,1,10,2024,1,36,11.0,2000000.0,10005
8043873,1,2,1,10,2024,2,28,5.0,1700000.0,13102
8051329,1,1,1,10,2024,1,46,11.0,7000000.0,29901
8047162,1,1,1,10,2024,1,39,4.0,1300000.0,21085
8078194,1,3,1,10,2024,1,32,5.0,0.0,47838
8076439,1,1,1,10,2024,1,28,4.0,850000.0,43838
8049493,1,1,1,10,2024,2,32,8.0,500000.0,25599
8081350,1,3,1,10,2024,1,23,5.0,1000000.0,54923
8040916,1,3,1,10,2024,2,38,8.0,1300000.0,6351
8048867,1,2,1,10,2024,2,20,10.0,1300000.0,24475
8054286,1,1,1,10,2024,2,28,5.0,1200000.0,36879
8041924,1,3,1,10,2024,1,40,3.0,1000000.0,8627
8043099,1,1,1,10,2024,2,42,3.0,350000.0,11147
8049884,1,1,1,10,2024,1,60,5.0,3500000.0,26603
8084590,1,3,1,10,2024,2,28,8.0,1300000.0,61487
8041308,1,1,1,10,2024,2,21,5.0,1300000.0,7268
8053387,1,3,1,10,2024,1,27,10.0,2000000.0,35081
8052926,1,1,1,10,2024,1,52,3.0,300000.0,33930
8080992,1,1,1,10,2024,2,44,11.0,3500000.0,54170
8077414,1,1,1,10,2024,1,28,4.0,2520000.0,46201
8055466,1,2,1,10,2024,2,43,10.0,1500000.0,39406
8043178,1,1,1,10,2024,1,46,4.0,1200000.0,11342
8042708,1,1,1,10,2024,2,29,5.0,1000000.0,10367
8053386,1,1,1,10,2024,1,33,8.0,4000000.0,35076
8049783,1,3,1,10,2024,2,26,3.0,800000.0,26341
8055258,1,2,1,10,2024,2,46,8.0,1300000.0,39052
8084894,1,2,1,10,2024,2,46,10.0,5000000.0,62150
8042818,1,1,1,10,2024,2,48,11.0,3800000.0,10619
8051370,1,1,1,10,2024,2,45,6.0,960000.0,30016
8080710,1,2,1,10,2024,1,66,5.0,7000000.0,53622
8039177,1,1,1,10,2024,2,28,10.0,1800000.0,2514
8054844,1,1,1,10,2024,2,42,4.0,240000.0,38181
8038657,1,3,1,10,2024,1,20,5.0,750000.0,1109
8078657,1,2,1,10,2024,2,30,4.0,1300000.0,48883
8054484,1,1,1,10,2024,2,30,8.0,1300000.0,37364
8047380,1,2,1,10,2024,1,32,10.0,1300000.0,21550
8044725,1,2,1,10,2024,2,24,5.0,1000000.0,15329
8052386,1,1,1,10,2024,2,68,3.0,100000.0,32654
8052784,1,2,1,10,2024,2,51,3.0,400000.0,33584
8082709,1,1,1,10,2024,1,53,3.0,400000.0,57375
8043464,1,2,1,10,2024,2,38,5.0,600000.0,12039
8041353,1,3,1,10,2024,1,40,5.0,1300000.0,7333
8078455,1,1,1,10,2024,1,39,3.0,1300000.0,48452
8055449,1,1,1,10,2024,1,48,11.0,10000000.0,39396
8084238,1,2,1,10,2024,1,40,12.0,4500000.0,60775
8077088,1,2,1,10,2024,2,40,10.0,560000.0,45394
8078277,1,2,1,10,2024,1,43,5.0,300000.0,48046
8084334,1,1,1,10,2024,1,50,5.0,1000000.0,60988
8043512,1,2,1,10,2024,1,37,4.0,700000.0,12209
8048549,1,2,1,10,2024,2,25,8.0,1300000.0,23911
8049190,1,3,1,10,2024,2,38,5.0,1800000.0,25082
8046674,1,3,1,10,2024,2,23,5.0,1600000.0,20176
8076977,1,2,1,10,2024,2,33,5.0,400000.0,45084
8053873,1,1,1,10,2024,2,49,5.0,1500000.0,36058
8082940,1,1,1,10,2024,2,46,5.0,600000.0,57946
8049645,1,1,1,10,2024,1,53,3.0,1200000.0,25984
8046657,1,2,1,10,2024,2,32,10.0,3000000.0,20138
8077799,1,2,1,10,2024,2,49,3.0,360000.0,46989
8050363,1,2,1,10,2024,2,27,5.0,1300000.0,27769
8086582,1,1,1,10,2024,1,44,11.0,3000000.0,64049
8053209,1,2,1,10,2024,2,35,10.0,800000.0,34610
8078632,1,1,1,10,2024,2,47,12.0,4500000.0,48833
8050160,1,2,1,10,2024,2,48,3.0,700000.0,27230
8039060,1,2,1,10,2024,2,23,8.0,1300000.0,2172
8047942,1,1,1,10,2024,2,26,5.0,1620000.0,22723
8053526,1,5,1,10,2024,1,63,5.0,6000000.0,35314
8039926,1,3,1,10,2024,2,22,5.0,450000.0,4016
8076551,1,1,1,10,2024,2,75,3.0,900000.0,44139
8077076,1,1,1,10,2024,1,55,5.0,1800000.0,45352
8041109,1,1,1,10,2024,2,40,8.0,1200000.0,6806
8043830,1,1,1,10,2024,2,53,5.0,450000.0,13000
8046520,1,9,1,10,2024,1,29,5.0,1300000.0,19762
8045228,1,1,1,10,2024,1,60,3.0,1400000.0,16709
8055509,1,3,1,10,2024,1,24,10.0,2900000.0,39476
8044803,1,2,1,10,2024,2,30,10.0,3500000.0,15507
8054458,1,2,1,10,2024,2,50,4.0,850000.0,37331
8053026,1,2,1,10,2024,1,28,5.0,1300000.0,34252
8044509,1,2,1,10,2024,2,37,5.0,1300000.0,14736
8042715,1,2,1,10,2024,1,51,5.0,1200000.0,10389
8078550,1,2,1,10,2024,2,60,4.0,300000.0,48653
8048818,1,1,1,10,2024,1,64,5.0,800000.0,24349
8044175,1,1,1,10,2024,2,57,5.0,2200000.0,13826
8085041,1,1,1,10,2024,1,56,7.0,3200000.0,62501
8046523,1,2,1,10,2024,2,40,5.0,300000.0,19771
8053673,1,2,1,10,2024,1,58,8.0,600000.0,35658
8054424,1,3,1,10,2024,2,22,5.0,850000.0,37233
8077977,1,1,1,10,2024,2,62,3.0,150000.0,47359
8047358,1,2,1,10,2024,2,34,5.0,120000.0,21509
8053572,1,1,1,10,2024,2,50,5.0,400000.0,35419
8077994,1,2,1,10,2024,1,20,5.0,300000.0,47414
8046062,1,1,1,10,2024,1,34,4.0,600000.0,18621
8077893,1,4,1,10,2024,1,35,3.0,100000.0,47158
8055619,1,1,1,10,2024,2,33,3.0,300000.0,39638
8046354,1,2,1,10,2024,2,52,5.0,800000.0,19363
8077956,1,1,1,10,2024,1,41,5.0,1000000.0,47303
8077820,1,1,1,10,2024,1,59,3.0,1300000.0,47030
8049536,1,2,1,10,2024,2,25,10.0,120000.0,25698
8045677,1,1,1,10,2024,2,39,8.0,1300000.0,17906
8082771,1,1,1,10,2024,1,48,5.0,1300000.0,57529
8049871,1,1,1,10,2024,1,42,3.0,600000.0,26556
8050987,1,2,1,10,2024,1,61,10.0,5000000.0,29392
8084305,1,4,1,10,2024,1,29,5.0,800000.0,60920
8078282,1,1,1,10,2024,2,60,1.0,200000.0,48058
8043177,1,1,1,10,2024,2,60,5.0,300000.0,11341
8051327,1,2,1,10,2024,2,34,8.0,1000000.0,29895
8081128,1,1,1,10,2024,2,51,5.0,1100000.0,54438
8051562,1,1,1,10,2024,1,61,9.0,3000000.0,30485
8043544,1,1,1,10,2024,2,57,3.0,200000.0,12286
8075834,1,1,1,10,2024,2,59,5.0,2875000.0,42203
8044729,1,2,1,10,2024,2,29,3.0,500000.0,15342
8081483,1,1,1,10,2024,2,64,3.0,200000.0,55256
8048640,1,1,1,10,2024,2,40,8.0,0.0,24037
8044727,1,1,1,10,2024,1,54,1.0,700000.0,15335
8054741,1,1,1,10,2024,1,23,4.0,1200000.0,37949
8048678,1,5,1,10,2024,2,41,4.0,1300000.0,24103
8055604,1,1,1,10,2024,2,36,8.0,2400000.0,39622
8044167,1,1,1,10,2024,1,46,8.0,2800000.0,13809
8047545,1,2,1,10,2024,2,30,10.0,1350000.0,21811
8080528,2,3,2,10,2024,1,26,9.0,1460000.0,53249
8049014,1,3,1,10,2024,1,25,5.0,1500000.0,24766
8084192,1,1,1,10,2024,2,21,10.0,350000.0,60671
8051326,1,2,1,10,2024,2,51,4.0,200000.0,29893
8076600,1,6,1,10,2024,1,18,3.0,560000.0,44250
8079948,1,2,1,10,2024,1,40,9.0,4000000.0,51966
8080106,1,1,1,10,2024,2,32,11.0,2000000.0,52299
8041142,1,2,1,10,2024,2,59,10.0,5000000.0,6893
8047854,1,1,1,10,2024,1,34,10.0,5000000.0,22537
8077737,1,2,1,10,2024,2,24,9.0,800000.0,46854
8081074,1,3,1,10,2024,2,25,10.0,1850000.0,54359
8042360,1,1,1,10,2024,2,42,5.0,1800000.0,9641
8052037,1,1,1,10,2024,2,36,10.0,5000000.0,31680
8054142,1,1,1,10,2024,1,81,5.0,1000000.0,36581
8078310,1,1,1,10,2024,1,57,1.0,1500000.0,48146
8046337,1,1,1,10,2024,1,37,5.0,6000000.0,19315
8045945,1,1,1,10,2024,2,65,3.0,200000.0,18304
8043683,1,1,1,10,2024,2,47,10.0,1300000.0,12624
8086523,1,1,1,10,2024,1,67,11.0,5000000.0,63886
8040994,1,1,1,10,2024,2,62,4.0,300000.0,6530
8040224,1,5,1,10,2024,2,30,5.0,1270000.0,4716
8039255,1,2,1,10,2024,2,43,3.0,600000.0,2700
8053673,1,1,1,10,2024,2,54,8.0,1300000.0,35657
8047453,1,2,1,10,2024,2,18,5.0,1000000.0,21656
8040426,1,1,1,10,2024,1,37,5.0,1400000.0,5184
8044951,1,2,1,10,2024,1,27,10.0,1000000.0,15912
8080249,1,3,1,10,2024,2,25,5.0,1200000.0,52683
8082916,1,1,1,10,2024,2,56,8.0,500000.0,57908
8040982,1,2,1,10,2024,2,25,5.0,1300000.0,6498
8047564,1,3,1,10,2024,1,38,5.0,700000.0,21858
8083612,1,3,1,10,2024,2,29,9.0,1300000.0,59414
8045487,1,1,1,10,2024,2,36,9.0,300000.0,17411
8046437,1,1,1,10,2024,2,53,10.0,1300000.0,19536
8079872,1,2,1,10,2024,2,51,5.0,1200000.0,51802
8055863,1,2,1,10,2024,2,56,8.0,400000.0,40149
8055233,1,1,1,10,2024,1,31,5.0,1300000.0,39029
8040010,1,2,1,10,2024,2,28,5.0,900000.0,4151
8055127,1,3,1,10,2024,2,29,10.0,2600000.0,38751
8080859,1,1,1,10,2024,2,42,5.0,400000.0,53898
8056298,1,1,1,10,2024,2,31,9.0,1600000.0,41015
8078099,1,2,1,10,2024,2,22,5.0,210000.0,47629
8085963,1,1,1,10,2024,2,21,5.0,3000000.0,63106
8045483,1,1,1,10,2024,1,36,5.0,1100000.0,17404
8040438,1,3,1,10,2024,1,29,5.0,900000.0,5221
8045160,1,1,1,10,2024,1,49,3.0,800000.0,16492
8040813,1,1,1,10,2024,1,68,4.0,900000.0,6085
8055655,1,6,1,10,2024,2,27,9.0,1750000.0,39717
8048716,1,2,1,10,2024,2,56,4.0,1000000.0,24198
8050022,1,2,1,10,2024,1,33,10.0,1600000.0,26919
8077167,1,1,1,10,2024,2,32,3.0,600000.0,45620
8044016,1,4,1,10,2024,1,23,10.0,3600000.0,13455
8052321,1,5,1,10,2024,1,22,5.0,400000.0,32456
8047238,1,1,1,10,2024,1,39,3.0,1600000.0,21263
8046394,1,1,1,10,2024,1,31,9.0,1600000.0,19447
8042960,1,3,1,10,2024,2,21,5.0,1300000.0,10835
8052225,1,1,1,10,2024,1,21,5.0,600000.0,32157
8039472,1,1,1,10,2024,2,43,8.0,300000.0,3109
8052450,1,2,1,10,2024,2,58,3.0,100000.0,32812
8048441,1,1,1,10,2024,1,36,10.0,3500000.0,23689
8080554,1,1,1,10,2024,1,49,5.0,1800000.0,53306
8082930,1,1,1,10,2024,1,26,4.0,1750000.0,57928
8045199,1,1,1,10,2024,1,34,5.0,1600000.0,16617
8055009,1,1,1,10,2024,2,65,10.0,2500000.0,38553
8038921,1,1,1,10,2024,2,41,10.0,2100000.0,1822
8079810,1,6,1,10,2024,1,39,8.0,700000.0,51620
8086639,1,2,1,10,2024,2,47,10.0,2700000.0,64196
8045204,1,2,1,10,2024,2,21,5.0,1000000.0,16630
8085007,1,2,1,10,2024,2,19,10.0,1000000.0,62421
8054709,1,1,1,10,2024,1,56,8.0,1300000.0,37857
8076699,1,2,1,10,2024,1,27,5.0,300000.0,44480
8038768,1,1,1,10,2024,2,52,10.0,3200000.0,1459
8050752,1,2,1,10,2024,1,55,11.0,1000000.0,28741
8038421,1,2,1,10,2024,2,22,9.0,1636500.0,631
8086110,1,2,1,10,2024,2,30,10.0,4000000.0,63298
8039418,1,2,1,10,2024,2,31,9.0,1800000.0,3014
8050932,1,2,1,10,2024,1,49,5.0,100000.0,29229
8048768,1,2,1,10,2024,2,57,3.0,130000.0,24256
8076097,1,1,1,10,2024,1,52,3.0,900000.0,42982
8038611,1,2,1,10,2024,1,41,10.0,3600000.0,1000
8077080,1,1,1,10,2024,2,26,10.0,300000.0,45367
8079091,1,2,1,10,2024,2,38,8.0,1600000.0,49841
8055691,1,1,1,10,2024,2,35,10.0,2225000.0,39828
8055653,1,1,1,10,2024,2,61,5.0,1500000.0,39708
8039586,1,2,1,10,2024,2,32,5.0,1300000.0,3337
8055475,1,3,1,10,2024,2,26,6.0,1300000.0,39426
8050315,1,3,1,10,2024,2,20,5.0,800000.0,27587
8081622,1,1,1,10,2024,2,55,4.0,1300000.0,55488
8045533,1,1,1,10,2024,2,62,4.0,1300000.0,17543
8077844,1,1,1,10,2024,2,41,5.0,1560000.0,47069
8047759,1,5,1,10,2024,2,31,5.0,1300000.0,22304
8046300,1,1,1,10,2024,2,36,4.0,320000.0,19221
8077224,1,2,1,10,2024,1,68,3.0,200000.0,45760
8045013,1,1,1,10,2024,1,27,5.0,1300000.0,16111
8050225,1,2,1,10,2024,2,44,5.0,1300000.0,27398
8079079,1,1,1,10,2024,1,67,3.0,1200000.0,49815
8082621,1,2,1,10,2024,2,55,3.0,900000.0,57121
8051259,1,4,1,10,2024,2,19,5.0,900000.0,29697
8044516,1,6,1,10,2024,1,24,5.0,1300000.0,14762
8086337,1,1,1,10,2024,1,61,9.0,3000000.0,63485
8038749,1,3,1,10,2024,2,27,5.0,400000.0,1395
8050817,1,1,1,10,2024,2,46,8.0,900000.0,28918
8047331,1,1,1,10,2024,2,41,5.0,1460000.0,21448
8040738,1,1,1,10,2024,2,23,6.0,1300000.0,5897
8045735,1,2,1,10,2024,1,60,3.0,650000.0,18047
8038757,1,6,1,10,2024,2,32,8.0,300000.0,1427
8055162,1,1,1,10,2024,2,62,6.0,1300000.0,38849
8040938,1,1,1,10,2024,2,55,11.0,6259983.0,6398
8056044,1,2,1,10,2024,2,71,3.0,100000.0,40481
8051310,1,1,1,10,2024,2,56,5.0,550000.0,29848
8052413,1,1,1,10,2024,1,74,1.0,100000.0,32733
8055848,1,1,1,10,2024,1,38,8.0,2000000.0,40097
8053030,1,2,1,10,2024,2,62,3.0,180000.0,34267
8082738,1,4,1,10,2024,1,48,10.0,2500000.0,57461
8044006,1,1,1,10,2024,1,36,8.0,1300000.0,13424
8043333,1,4,1,10,2024,2,29,10.0,4800000.0,11710
8076695,1,1,1,10,2024,1,37,5.0,1300000.0,44462
8042874,1,1,1,10,2024,1,41,10.0,5800000.0,10735
8052384,1,1,1,10,2024,1,58,3.0,1200000.0,32643
8045328,1,3,1,10,2024,1,24,10.0,1500000.0,16955
8076563,1,4,1,10,2024,2,33,4.0,1500000.0,44160
8043487,1,2,1,10,2024,1,50,10.0,2200000.0,12120
8049381,1,1,1,10,2024,2,58,3.0,600000.0,25482
8083698,1,1,1,10,2024,1,24,5.0,3000000.0,59572
8079878,1,1,1,10,2024,2,44,5.0,1500000.0,51825
8044495,1,2,1,10,2024,1,64,3.0,450000.0,14692
8055003,1,3,1,10,2024,2,35,10.0,1300000.0,38532
8045594,1,1,1,10,2024,1,57,4.0,1300000.0,17693
8044399,1,1,1,10,2024,2,21,10.0,1300000.0,14437
8050858,1,1,1,10,2024,2,67,5.0,1300000.0,29024
8084726,1,2,1,10,2024,2,30,10.0,3000000.0,61760
8045008,1,2,1,10,2024,2,49,9.0,1300000.0,16095
8055505,1,1,1,10,2024,1,38,10.0,5000000.0,39465
8079825,1,1,1,10,2024,2,64,5.0,200000.0,51678
8081326,1,1,1,10,2024,1,45,1.0,1500000.0,54878
8050946,1,1,1,10,2024,2,24,5.0,600000.0,29269
8052905,1,2,1,10,2024,2,49,3.0,200000.0,33878
8075630,1,2,1,10,2024,1,22,9.0,1300000.0,41646
8050970,1,2,1,10,2024,1,33,3.0,800000.0,29350
8042484,1,2,1,10,2024,2,35,4.0,1300000.0,9909
8054321,1,1,1,10,2024,2,37,9.0,400000.0,37002
8076082,1,3,1,10,2024,1,20,5.0,240000.0,42951
8051675,1,3,1,10,2024,2,27,4.0,1450000.0,30749
8083699,1,1,1,10,2024,2,55,5.0,400000.0,59575
8054486,1,1,1,10,2024,2,48,5.0,1300000.0,37371
8048087,1,2,1,10,2024,2,26,10.0,1300000.0,23018
8056490,1,1,1,10,2024,2,19,4.0,700000.0,41436
8049603,1,1,1,10,2024,1,42,4.0,1000000.0,25863
8054161,1,2,1,10,2024,2,23,9.0,1300000.0,36623
8041746,1,1,1,10,2024,2,29,10.0,2000000.0,8232
8051692,1,4,1,10,2024,2,48,5.0,650000.0,30790
8047837,1,3,1,10,2024,1,29,8.0,1600000.0,22499
8081241,1,3,1,10,2024,2,25,10.0,2000000.0,54663
8056379,1,1,1,10,2024,1,51,8.0,7200000.0,41210
8054446,1,2,1,10,2024,2,50,4.0,680000.0,37299
8047365,1,2,1,10,2024,2,30,8.0,2000000.0,21519
8055168,1,1,1,10,2024,2,74,4.0,4000000.0,38862
8076984,1,1,1,10,2024,1,45,4.0,800000.0,45101
8078505,1,1,1,10,2024,2,66,4.0,200000.0,48556
8054493,1,2,1,10,2024,2,30,10.0,2000000.0,37393
8052491,1,3,1,10,2024,1,17,5.0,400000.0,32915
8045618,1,1,1,10,2024,2,44,10.0,3100000.0,17732
8050559,1,3,1,10,2024,2,40,5.0,2300000.0,28311
8054155,1,1,1,10,2024,2,54,3.0,400000.0,36611
8082581,1,2,1,10,2024,1,34,4.0,1000000.0,57041
8075922,1,2,1,10,2024,2,80,1.0,150000.0,42445
8039233,1,1,1,10,2024,2,51,10.0,465000.0,2653
8077198,1,4,1,10,2024,2,21,5.0,700000.0,45705
8078652,1,1,1,10,2024,1,21,5.0,1700000.0,48871
8051607,1,3,1,10,2024,1,54,5.0,1300000.0,30590
8085947,1,1,1,10,2024,2,31,8.0,1300000.0,63076
8075933,1,1,1,10,2024,2,54,4.0,120000.0,42487
8045461,1,3,1,10,2024,1,20,9.0,1300000.0,17340
8044199,1,2,1,10,2024,2,59,3.0,200000.0,13871
8085023,1,1,1,10,2024,1,51,5.0,2800000.0,62436
8086478,1,1,1,10,2024,1,74,1.0,2000000.0,63771
8055532,1,1,1,10,2024,1,59,5.0,1472000.0,39513
8076125,1,1,1,10,2024,1,42,8.0,1300000.0,43075
8044079,1,2,1,10,2024,2,32,5.0,1350000.0,13612
8050879,1,1,1,10,2024,1,54,10.0,2000000.0,29075
8040463,1,1,1,10,2024,1,28,3.0,1300000.0,5295
8085020,1,1,1,10,2024,1,44,5.0,1800000.0,62430
8049044,1,1,1,10,2024,1,43,9.0,1800000.0,24810
8044241,1,4,1,10,2024,1,39,3.0,500000.0,13940
8053940,1,1,1,10,2024,2,48,10.0,2600000.0,36193
8044992,1,2,1,10,2024,2,37,10.0,900000.0,16036
8053302,1,1,1,10,2024,2,49,10.0,2300000.0,34829
8076932,1,2,1,10,2024,1,47,5.0,800000.0,44995
8076536,1,1,1,10,2024,1,47,5.0,4300000.0,44109
8052117,1,1,1,10,2024,1,33,4.0,1300000.0,31888
8041731,1,2,1,10,2024,1,41,1.0,380000.0,8206
8050437,1,1,1,10,2024,1,63,10.0,2000000.0,27929
8038352,1,2,1,10,2024,1,20,10.0,1300000.0,442
8056039,1,1,1,10,2024,2,23,5.0,1800000.0,40469
8052966,1,1,1,10,2024,2,54,3.0,300000.0,34055
8051445,1,1,1,10,2024,2,29,8.0,3500000.0,30222
8086551,1,2,1,10,2024,1,45,4.0,1000000.0,63960
8083813,1,1,1,10,2024,2,42,8.0,1980000.0,59795
8049592,1,1,1,10,2024,2,38,4.0,150000.0,25835
8086641,1,2,1,10,2024,2,27,10.0,1300000.0,64198
8076356,1,2,1,10,2024,1,50,5.0,1000000.0,43649
8046458,1,2,1,10,2024,2,20,5.0,1300000.0,19590
8050755,1,2,1,10,2024,2,45,12.0,5500000.0,28748
8082373,1,1,1,10,2024,1,32,5.0,1300000.0,56574
8045444,1,2,1,10,2024,2,35,9.0,1500000.0,17281
8045203,1,1,1,10,2024,1,44,9.0,3000000.0,16627
8042602,1,3,1,10,2024,1,27,6.0,1300000.0,10129
8083709,1,1,1,10,2024,1,42,9.0,900000.0,59597
8047137,1,2,1,10,2024,1,50,11.0,5800000.0,21046
8079531,1,3,1,10,2024,2,33,8.0,600000.0,50936
8083535,1,5,1,10,2024,1,60,4.0,900000.0,59260
8083852,1,2,1,10,2024,2,39,6.0,1300000.0,59889
8051395,1,3,1,10,2024,1,39,5.0,1000000.0,30078
8045225,1,2,1,10,2024,2,22,10.0,1600000.0,16701
8077021,1,2,1,10,2024,2,40,8.0,2600000.0,45181
8083825,1,2,1,10,2024,1,55,1.0,1300000.0,59822
8081090,1,2,1,10,2024,2,52,10.0,5051907.0,54385
8083364,1,1,1,10,2024,1,37,5.0,6500000.0,58931
8048090,1,1,1,10,2024,2,22,4.0,1300000.0,23023
8084101,1,1,1,10,2024,2,56,3.0,900000.0,60501
8082761,1,2,1,10,2024,1,49,5.0,2600000.0,57512
8043465,1,2,1,10,2024,1,41,5.0,1000000.0,12048
8041800,1,1,1,10,2024,1,62,3.0,1000000.0,8306
8050027,1,1,1,10,2024,2,36,5.0,1350000.0,26932
8048672,1,2,1,10,2024,2,44,10.0,1950000.0,24084
8042787,1,2,1,10,2024,1,40,4.0,1500000.0,10538
8052179,1,1,1,10,2024,1,43,5.0,1800000.0,32034
8041017,1,1,1,10,2024,2,61,3.0,150000.0,6591
8049060,1,3,1,10,2024,1,28,10.0,1948000.0,24852
8052835,1,1,1,10,2024,1,87,3.0,1000000.0,33717
8054269,1,1,1,10,2024,2,39,9.0,2000000.0,36836
8038733,1,4,1,10,2024,1,21,10.0,2600000.0,1345
8054372,1,1,1,10,2024,1,47,10.0,3500000.0,37104
8084059,1,1,1,10,2024,2,36,10.0,4500000.0,60389
8079883,1,1,1,10,2024,2,70,3.0,200000.0,51848
8044861,1,1,1,10,2024,1,49,1.0,820000.0,15686
8051597,1,1,1,10,2024,1,30,5.0,1300000.0,30558
8078259,1,2,1,10,2024,2,36,5.0,600000.0,48005
8082941,1,1,1,10,2024,2,25,10.0,1300000.0,57950
8043503,1,2,1,10,2024,2,66,4.0,500000.0,12173
8077988,1,1,1,10,2024,1,53,5.0,2000000.0,47396
8047405,1,1,1,10,2024,2,42,9.0,450000.0,21590
8052939,1,2,1,10,2024,2,49,3.0,1300000.0,33971
8079130,1,2,1,10,2024,2,34,5.0,1600000.0,49923
8048016,1,1,1,10,2024,2,60,5.0,7000000.0,22862
8084537,1,2,1,10,2024,2,37,5.0,2000000.0,61390
8078648,1,3,1,10,2024,1,57,4.0,1000000.0,48865
8081509,1,2,1,10,2024,2,31,8.0,1000000.0,55317
8075973,1,1,1,10,2024,1,38,3.0,1300000.0,42628
8084904,1,2,1,10,2024,1,21,5.0,1800000.0,62170
8045464,1,1,1,10,2024,1,45,10.0,6000000.0,17349
8084242,1,1,1,10,2024,1,62,3.0,700000.0,60783
8075833,1,2,1,10,2024,1,24,11.0,2000000.0,42202
8079193,1,2,1,10,2024,2,28,4.0,120000.0,50095
8083872,1,1,1,10,2024,2,60,3.0,280000.0,59938
8083676,1,1,1,10,2024,2,59,4.0,1000000.0,59527
8039162,1,2,1,10,2024,2,35,8.0,1500000.0,2478
8079811,1,3,1,10,2024,1,34,10.0,1300000.0,51627
8078596,1,3,1,10,2024,2,30,4.0,1300000.0,48753
8084163,1,1,1,10,2024,1,40,10.0,8000000.0,60577
8052422,1,1,1,10,2024,1,48,3.0,600000.0,32757
8046621,1,1,1,10,2024,2,40,10.0,10500000.0,20056
8041206,1,2,1,10,2024,1,27,5.0,3240000.0,7070
8047565,1,2,1,10,2024,2,26,10.0,2000000.0,21863
8053798,1,1,1,10,2024,2,32,5.0,1300000.0,35900
8047621,1,1,1,10,2024,2,43,8.0,1300000.0,21996
8038976,1,2,1,10,2024,2,39,5.0,1300000.0,1947
8054747,1,1,1,10,2024,2,45,10.0,2100000.0,37961
8054338,1,1,1,10,2024,1,39,10.0,500000.0,37038
8077606,1,2,1,10,2024,1,66,3.0,360000.0,46586
8076989,1,1,1,10,2024,1,69,3.0,700000.0,45110
8038424,1,2,1,10,2024,2,33,10.0,3000000.0,636
8084420,1,2,1,10,2024,2,26,10.0,6000000.0,61173
8046736,1,6,1,10,2024,1,24,5.0,1700000.0,20326
8084978,1,1,1,10,2024,1,36,5.0,1850000.0,62359
8046018,1,1,1,10,2024,2,53,3.0,200000.0,18507
8077202,1,2,1,10,2024,1,24,5.0,1300000.0,45713
8078037,1,2,1,10,2024,2,57,5.0,960000.0,47509
8048159,1,2,1,10,2024,2,19,5.0,400000.0,23211
8081047,1,2,1,10,2024,1,34,3.0,1000000.0,54303
8040575,1,3,1,10,2024,2,26,9.0,1600000.0,5565
8053192,1,2,1,10,2024,1,57,5.0,4000000.0,34578
8040635,1,1,1,10,2024,2,36,5.0,240000.0,5689
8046579,1,1,1,10,2024,2,49,3.0,900000.0,19946
8075823,1,1,1,10,2024,2,37,5.0,650000.0,42174
8039937,1,2,1,10,2024,2,33,4.0,1080000.0,4042
8046052,1,1,1,10,2024,1,61,3.0,1200000.0,18598
8044680,1,2,1,10,2024,2,55,5.0,1300000.0,15217
8079862,1,2,1,10,2024,1,44,3.0,1300000.0,51770
8084685,1,2,1,10,2024,2,30,5.0,1400000.0,61686
8049810,1,2,1,10,2024,2,45,8.0,2200000.0,26422
8054935,1,1,1,10,2024,2,44,5.0,960000.0,38395
8083730,1,3,1,10,2024,2,24,5.0,1300000.0,59641
8046885,1,1,1,10,2024,1,50,11.0,9000000.0,20654
8040956,1,2,1,10,2024,2,21,5.0,1400000.0,6433
8082823,1,1,1,10,2024,2,30,3.0,1200000.0,57675
8054611,1,1,1,10,2024,1,29,5.0,1400000.0,37620
8051715,1,2,1,10,2024,2,41,6.0,1300000.0,30853
8079867,1,2,1,10,2024,2,62,8.0,2800000.0,51785
8052844,1,2,1,10,2024,2,40,3.0,1240000.0,33741
8053241,1,1,1,10,2024,1,35,5.0,2000000.0,34689
8085052,1,2,1,10,2024,1,33,10.0,4000000.0,62529
8043669,1,2,1,10,2024,1,28,4.0,500000.0,12597
8044607,1,1,1,10,2024,1,41,12.0,6000000.0,15019
8047869,1,1,1,10,2024,2,50,10.0,3000000.0,22580
8079887,1,2,1,10,2024,2,54,5.0,1000000.0,51857
8052971,1,1,1,10,2024,1,42,4.0,700000.0,34067
8044673,1,1,1,10,2024,1,55,5.0,1300000.0,15192
8051527,1,1,1,10,2024,1,61,9.0,3000000.0,30415
8043940,1,2,1,10,2024,1,63,1.0,400000.0,13265
8052303,1,1,1,10,2024,1,71,1.0,900000.0,32400
8078249,1,1,1,10,2024,1,54,3.0,500000.0,47975
8077116,1,3,1,10,2024,1,48,4.0,400000.0,45476
8079042,1,2,1,10,2024,2,58,3.0,800000.0,49747
8052506,1,2,1,10,2024,2,16,3.0,470000.0,32957
8047617,1,3,1,10,2024,2,26,10.0,1600000.0,21989
8048339,1,1,1,10,2024,2,68,3.0,500000.0,23530
8050502,1,3,1,10,2024,2,30,5.0,300000.0,28137
8044537,1,2,1,10,2024,1,44,5.0,1000000.0,14828
8042177,1,2,1,10,2024,2,48,8.0,1300000.0,9243
8044750,1,1,1,10,2024,2,49,8.0,1200000.0,15381
8038487,1,1,1,10,2024,2,56,12.0,22000000.0,747
8081547,1,2,1,10,2024,1,47,3.0,1000000.0,55395
8054914,1,3,1,10,2024,2,42,5.0,1600000.0,38355
8039491,1,3,1,10,2024,1,59,3.0,1200000.0,3155
8040712,1,2,1,10,2024,2,50,10.0,2000000.0,5830
8083993,1,2,1,10,2024,1,58,5.0,1800000.0,60175
8043599,1,1,1,10,2024,2,48,3.0,900000.0,12408
8044392,1,2,1,10,2024,1,27,5.0,1500000.0,14423
8038910,1,1,1,10,2024,2,48,10.0,1500000.0,1785
8076613,1,1,1,10,2024,2,24,10.0,4400000.0,44282
8054345,1,1,1,10,2024,2,49,5.0,1200000.0,37055
8077708,1,2,1,10,2024,2,43,8.0,800000.0,46789
8079023,1,6,1,10,2024,1,24,3.0,1000000.0,49691
8080854,1,1,1,10,2024,2,53,3.0,1000000.0,53892
8054811,1,1,1,10,2024,2,51,10.0,960000.0,38118
8039457,1,2,1,10,2024,2,22,9.0,2400000.0,3084
8043910,1,2,1,10,2024,2,39,12.0,3000000.0,13199
8039687,1,3,1,10,2024,2,17,8.0,1500000.0,3521
8054861,1,4,1,10,2024,1,20,5.0,1000000.0,38231
8047507,1,2,1,10,2024,1,36,6.0,1200000.0,21742
8048174,2,2,2,10,2024,1,46,5.0,1300000.0,23238
8084283,1,3,1,10,2024,1,32,5.0,850000.0,60884
8079677,1,3,1,10,2024,1,57,4.0,1700000.0,51196
8052600,1,5,1,10,2024,1,33,5.0,1300000.0,33214
8075761,1,1,1,10,2024,1,57,1.0,1000000.0,41997
8082638,1,1,1,10,2024,1,37,5.0,2300000.0,57175
8050188,1,2,1,10,2024,1,40,10.0,5200000.0,27300
8048307,1,1,1,10,2024,2,44,5.0,100000.0,23482
8083649,1,1,1,10,2024,2,38,5.0,720000.0,59479
8056240,1,1,1,10,2024,1,39,4.0,1200000.0,40893
8045639,1,3,1,10,2024,2,38,9.0,1900000.0,17805
8053802,1,2,1,10,2024,1,61,5.0,1300000.0,35909
8047344,1,1,1,10,2024,1,32,10.0,2000000.0,21475
8080102,1,4,1,10,2024,2,45,5.0,600000.0,52289
8038406,1,1,1,10,2024,2,58,9.0,1700000.0,594
8080887,1,1,1,10,2024,1,28,10.0,2070000.0,53952
8044037,1,1,1,10,2024,1,47,3.0,1570000.0,13486
8077038,1,1,1,10,2024,1,53,3.0,700000.0,45233
8084749,1,3,1,10,2024,2,24,5.0,1300000.0,61834
8041529,1,1,1,10,2024,2,43,5.0,1300000.0,7781
8052974,1,2,1,10,2024,1,49,4.0,476000.0,34075
8075584,1,2,1,10,2024,1,48,5.0,600000.0,41490
8041853,1,2,1,10,2024,2,36,5.0,1500000.0,8434
8049201,1,1,1,10,2024,2,44,8.0,1350000.0,25095
8086338,1,1,1,10,2024,1,61,9.0,3000000.0,63487
8053049,1,1,1,10,2024,2,36,11.0,2500000.0,34311
8052270,2,1,2,10,2024,2,21,5.0,400000.0,32295
8043688,1,1,1,10,2024,1,49,1.0,1200000.0,12633
8043114,1,1,1,10,2024,2,56,3.0,150000.0,11178
8083030,1,5,1,10,2024,2,31,11.0,4000000.0,58168
8050288,1,2,1,10,2024,2,33,9.0,1900000.0,27548
8046173,1,1,1,10,2024,2,50,3.0,300000.0,18876
8076751,1,1,1,10,2024,2,52,3.0,1362000.0,44612
8038769,1,2,1,10,2024,2,30,10.0,1300000.0,1465
8046311,1,2,1,10,2024,2,56,10.0,1400000.0,19257
8046781,1,1,1,10,2024,2,61,8.0,2000000.0,20424
8045679,1,1,1,10,2024,2,26,6.0,1300000.0,17909
8040410,1,1,1,10,2024,1,54,4.0,1300000.0,5144
8086319,1,1,1,10,2024,1,61,9.0,3000000.0,63453
8056415,1,1,1,10,2024,2,41,3.0,1150000.0,41304
8051543,1,1,1,10,2024,1,61,9.0,3000000.0,30447
8054301,1,3,1,10,2024,1,35,8.0,1300000.0,36941
8038699,1,3,1,10,2024,2,53,5.0,700000.0,1264
8046033,1,2,1,10,2024,2,37,10.0,3000000.0,18540
8040406,1,1,1,10,2024,2,50,3.0,1000000.0,5133
8039985,1,1,1,10,2024,1,70,3.0,3000000.0,4118
8045070,1,1,1,10,2024,2,48,3.0,820000.0,16252
8049419,1,1,1,10,2024,2,26,9.0,3330000.0,25529
8051342,1,5,1,10,2024,1,24,5.0,1300000.0,29941
8076153,1,2,1,10,2024,1,47,3.0,500000.0,43163
8079691,1,1,1,10,2024,2,40,11.0,5200000.0,51228
8077431,1,1,1,10,2024,2,67,3.0,600000.0,46235
8052722,1,3,1,10,2024,1,18,5.0,1050000.0,33439
8046424,1,3,1,10,2024,2,22,5.0,1460000.0,19512
8078496,1,2,1,10,2024,1,33,3.0,900000.0,48541
8041768,1,1,1,10,2024,2,47,5.0,800000.0,8261
8080763,1,1,1,10,2024,1,51,4.0,1462000.0,53708
8050812,1,1,1,10,2024,1,44,5.0,1460000.0,28904
8040729,1,1,1,10,2024,2,38,5.0,300000.0,5877
8042607,1,4,1,10,2024,2,23,5.0,1300000.0,10145
8085751,1,1,1,10,2024,2,26,5.0,1800000.0,62784
8076143,1,1,1,10,2024,1,52,5.0,1000000.0,43127
8079880,1,4,1,10,2024,2,32,10.0,400000.0,51837
8052734,1,3,1,10,2024,2,19,5.0,630000.0,33463
8052717,1,2,1,10,2024,2,40,3.0,1375000.0,33425
8046254,1,1,1,10,2024,2,24,5.0,150000.0,19054
8056466,1,1,1,10,2024,2,56,5.0,2900000.0,41378
8048917,1,2,1,10,2024,1,37,10.0,2500000.0,24587
8053030,1,4,1,10,2024,1,49,5.0,600000.0,34269
8082727,1,3,1,10,2024,1,50,5.0,1800000.0,57430
8086474,1,1,1,10,2024,1,25,3.0,1300000.0,63758
8081027,1,2,1,10,2024,2,53,5.0,1300000.0,54251
8045114,1,2,1,10,2024,2,47,5.0,1360000.0,16371
8041464,1,1,1,10,2024,1,64,3.0,1200000.0,7623
8043966,1,1,1,10,2024,1,59,1.0,600000.0,13360
8079817,1,1,1,10,2024,2,38,10.0,2600000.0,51652
8046387,1,3,1,10,2024,1,46,11.0,5000000.0,19433
8054205,1,1,1,10,2024,2,62,3.0,800000.0,36741
8082741,1,4,1,10,2024,2,26,5.0,1500000.0,57471
8080331,1,1,1,10,2024,1,35,5.0,1300000.0,52877
8050202,1,1,1,10,2024,2,59,3.0,300000.0,27340
8084027,1,1,1,10,2024,2,43,10.0,5000000.0,60275
8051855,1,3,1,10,2024,2,53,3.0,360000.0,31264
8046552,1,4,1,10,2024,1,62,4.0,1200000.0,19861
8082258,1,1,1,10,2024,2,63,11.0,5600000.0,56361
8082211,1,2,1,10,2024,2,26,10.0,1300000.0,56287
8044087,1,1,1,10,2024,2,44,8.0,1300000.0,13628
8052553,1,3,1,10,2024,1,35,5.0,700000.0,33079
8039516,1,1,1,10,2024,2,28,5.0,1300000.0,3205
8053563,1,4,1,10,2024,2,23,8.0,1500000.0,35395
8086416,1,1,1,10,2024,1,61,9.0,3000000.0,63633
8050663,1,1,1,10,2024,1,60,11.0,4500000.0,28540
8049896,1,3,1,10,2024,1,20,5.0,500000.0,26633
8038466,1,2,1,10,2024,1,31,5.0,1462000.0,698
8049954,1,1,1,10,2024,2,61,3.0,120000.0,26741
8045080,1,1,1,10,2024,2,37,5.0,1600000.0,16282
8043573,1,1,1,10,2024,2,33,5.0,2190000.0,12336
8079714,1,2,1,10,2024,1,20,4.0,200000.0,51279
8056031,1,2,1,10,2024,1,51,3.0,1300000.0,40452
8039276,1,1,1,10,2024,2,48,6.0,1300000.0,2754
8056129,1,1,1,10,2024,2,48,8.0,1300000.0,40653
8082889,1,2,1,10,2024,1,50,5.0,1300000.0,57839
8051654,1,1,1,10,2024,1,41,10.0,1800000.0,30703
8075975,1,2,1,10,2024,1,26,5.0,3000000.0,42633
8049286,1,1,1,10,2024,1,72,5.0,11000000.0,25279
8055203,1,2,1,10,2024,2,30,10.0,3000000.0,38933
8045459,1,1,1,10,2024,2,30,5.0,500000.0,17330
8044429,1,1,1,10,2024,1,54,8.0,3500000.0,14527
8077984,1,1,1,10,2024,2,28,4.0,600000.0,47384
8084111,1,2,1,10,2024,2,27,5.0,1300000.0,60532
8052934,1,3,1,10,2024,2,26,9.0,1300000.0,33959
8079296,1,2,1,10,2024,1,31,1.0,390000.0,50419
8079208,1,2,1,10,2024,2,34,5.0,900000.0,50125
8054562,1,1,1,10,2024,1,22,5.0,1300000.0,37533
8080204,1,3,1,10,2024,2,23,10.0,1600000.0,52556
8048519,1,2,1,10,2024,2,59,5.0,1300000.0,23841
8039056,1,1,1,10,2024,2,50,3.0,200000.0,2166
8051302,1,2,1,10,2024,2,31,3.0,1300000.0,29819
8044041,1,3,1,10,2024,1,31,10.0,1200000.0,13499
8075825,1,3,1,10,2024,1,24,5.0,1000000.0,42184
8053318,1,1,1,10,2024,2,43,10.0,2500000.0,34878
8045266,1,2,1,10,2024,1,60,4.0,800000.0,16799
8042374,1,2,1,10,2024,2,43,5.0,1200000.0,9664
8043795,1,3,1,10,2024,1,65,4.0,250000.0,12934
8080353,1,1,1,10,2024,2,38,5.0,1300000.0,52932
8047143,1,2,1,10,2024,1,25,5.0,1200000.0,21063
8045451,1,2,1,10,2024,1,59,11.0,6000000.0,17304
8052054,1,1,1,10,2024,1,56,5.0,700000.0,31710
8040888,1,2,1,10,2024,2,45,8.0,500000.0,6282
8049659,1,3,1,10,2024,1,16,3.0,900000.0,26009
8052981,1,1,1,10,2024,1,39,5.0,500000.0,34093
8083392,1,2,1,10,2024,2,34,5.0,1300000.0,58965
8053222,1,1,1,10,2024,1,53,3.0,1000000.0,34636
8076175,1,2,1,10,2024,2,51,5.0,2200000.0,43227
8077524,1,2,1,10,2024,1,47,3.0,1450000.0,46398
8040367,1,1,1,10,2024,1,63,4.0,1300000.0,5046
8038254,1,3,1,10,2024,2,34,5.0,540000.0,177
8041613,1,1,1,10,2024,2,27,10.0,1550000.0,7972
8048551,1,2,1,10,2024,2,56,5.0,1000000.0,23915
8080556,1,1,1,10,2024,2,70,4.0,700000.0,53311
8053953,1,1,1,10,2024,2,66,3.0,500000.0,36214
8041704,1,3,1,10,2024,1,29,10.0,2000000.0,8172
8055833,1,1,1,10,2024,1,35,5.0,750000.0,40070
8080238,1,2,1,10,2024,1,36,10.0,1300000.0,52650
8075885,1,1,1,10,2024,2,54,3.0,192000.0,42337
8076011,1,1,1,10,2024,1,23,4.0,1300000.0,42738
8078020,1,1,1,10,2024,2,51,3.0,360000.0,47478
8083802,1,2,1,10,2024,2,24,10.0,120000.0,59775
8049333,1,1,1,10,2024,1,30,4.0,1000000.0,25382
8085038,1,3,1,10,2024,2,39,5.0,1800000.0,62490
8085096,1,1,1,10,2024,1,30,8.0,1475000.0,62609
8052284,1,1,1,10,2024,2,35,10.0,120000.0,32329
8077282,1,1,1,10,2024,1,42,3.0,1462000.0,45915
8043169,1,2,1,10,2024,1,30,5.0,2000000.0,11326
8051837,1,1,1,10,2024,2,34,8.0,1600000.0,31207
8042794,1,2,1,10,2024,2,20,5.0,1400000.0,10570
8039195,1,5,1,10,2024,1,35,11.0,3000000.0,2552
8052281,1,1,1,10,2024,2,59,5.0,400000.0,32317
8048020,1,2,1,10,2024,2,52,10.0,3500000.0,22873
8038910,1,2,1,10,2024,1,49,5.0,1500000.0,1786
8076027,1,1,1,10,2024,1,68,1.0,150000.0,42786
8075832,1,1,1,10,2024,1,33,5.0,1200000.0,42199
8054323,1,1,1,10,2024,2,58,8.0,2000000.0,37008
8050740,1,1,1,10,2024,1,43,11.0,2500000.0,28709
8077114,1,1,1,10,2024,2,62,3.0,200000.0,45468
8055584,1,3,1,10,2024,1,48,5.0,5500000.0,39586
8077912,1,1,1,10,2024,1,37,1.0,200000.0,47191
8047190,1,1,1,10,2024,2,35,10.0,600000.0,21152
8079165,1,2,1,10,2024,1,63,3.0,480000.0,50011
8042190,1,1,1,10,2024,2,57,8.0,3400000.0,9283
8056401,1,2,1,10,2024,2,35,5.0,800000.0,41265
8043139,1,1,1,10,2024,1,32,5.0,1300000.0,11242
8041538,1,1,1,10,2024,1,28,10.0,1000000.0,7809
8048398,1,1,1,10,2024,1,58,10.0,1000000.0,23604
8046509,1,3,1,10,2024,1,42,4.0,600000.0,19718
8050388,1,1,1,10,2024,1,44,5.0,1300000.0,27824
8081248,1,3,1,10,2024,2,34,5.0,1000000.0,54689
8082412,1,1,1,10,2024,1,36,10.0,1462000.0,56664
8045746,1,1,1,10,2024,1,55,4.0,1000000.0,18079
8082359,1,1,1,10,2024,2,43,10.0,4500000.0,56552
8042428,1,2,1,10,2024,2,30,8.0,1800000.0,9783
8039922,1,1,1,10,2024,2,37,9.0,1300000.0,4003
8086657,1,2,1,10,2024,2,54,4.0,2000000.0,64254
8054414,1,1,1,10,2024,2,40,8.0,350000.0,37213
8045702,1,2,1,10,2024,1,23,8.0,2300000.0,17970
8040560,1,1,1,10,2024,2,32,3.0,660000.0,5515
8053621,1,1,1,10,2024,1,47,3.0,500000.0,35553
8046635,1,2,1,10,2024,2,47,9.0,2600000.0,20096
8039728,1,2,1,10,2024,1,40,5.0,2000000.0,3616
8056357,1,1,1,10,2024,1,58,4.0,1300000.0,41146
8051375,1,1,1,10,2024,1,53,10.0,1000000.0,30027
8076058,1,2,1,10,2024,2,29,5.0,250000.0,42879
8049515,1,1,1,10,2024,1,28,9.0,1300000.0,25663
8042729,1,1,1,10,2024,2,46,7.0,2000000.0,10429
8078063,1,1,1,10,2024,2,52,3.0,320000.0,47559
8082966,1,1,1,10,2024,2,39,5.0,500000.0,58002
8049691,1,1,1,10,2024,1,65,3.0,400000.0,26086
8049679,1,1,1,10,2024,1,63,1.0,1000000.0,26053
8040991,1,1,1,10,2024,1,70,1.0,400000.0,6524
8044981,1,2,1,10,2024,2,43,13.0,8000000.0,15990
8083148,1,1,1,10,2024,2,32,8.0,1300000.0,58446
8050271,1,2,1,10,2024,2,46,5.0,2000000.0,27516
8083562,1,1,1,10,2024,2,63,3.0,2500000.0,59310
8077253,1,3,1,10,2024,2,24,5.0,1200000.0,45848
8081511,1,1,1,10,2024,1,61,11.0,4000000.0,55326
8055480,1,2,1,10,2024,2,39,8.0,1300000.0,39434
8038292,1,2,1,10,2024,2,42,12.0,6000000.0,286
8050962,1,1,1,10,2024,1,59,8.0,1600000.0,29325
8075791,1,3,1,10,2024,1,25,5.0,1340000.0,42090
8052124,1,3,1,10,2024,1,26,5.0,1500000.0,31915
8080094,1,1,1,10,2024,2,64,3.0,700000.0,52256
8045434,1,1,1,10,2024,1,24,12.0,4100000.0,17249
8083979,1,1,1,10,2024,2,37,5.0,1300000.0,60127
8076059,1,4,1,10,2024,2,24,9.0,300000.0,42884
8075858,1,1,1,10,2024,2,39,5.0,1500000.0,42274
8045597,1,2,1,10,2024,1,45,6.0,1200000.0,17698
8045335,1,2,1,10,2024,1,52,5.0,1800000.0,16971
8039593,1,1,1,10,2024,2,33,5.0,1300000.0,3346
8084173,1,1,1,10,2024,2,54,4.0,1092000.0,60605
8045466,1,1,1,10,2024,2,32,5.0,2000000.0,17355
8053529,1,3,1,10,2024,2,22,5.0,360000.0,35320
8052371,1,3,1,10,2024,2,25,8.0,800000.0,32600
8052884,1,1,1,10,2024,1,70,3.0,1300000.0,33825
8043601,1,2,1,10,2024,2,26,10.0,200000.0,12412
8055974,1,1,1,10,2024,1,28,5.0,1350000.0,40366
8084180,1,1,1,10,2024,2,65,3.0,400000.0,60640
8046027,1,1,1,10,2024,2,70,3.0,300000.0,18530
8044491,1,1,1,10,2024,2,39,5.0,850000.0,14678
8041836,1,1,1,10,2024,2,24,4.0,900000.0,8372
8075943,1,3,1,10,2024,1,18,4.0,500000.0,42522
8078699,1,1,1,10,2024,1,31,5.0,1600000.0,48962
8049375,1,1,1,10,2024,1,44,8.0,1500000.0,25467
8038297,1,3,1,10,2024,2,30,5.0,1300000.0,302
8054339,1,1,1,10,2024,1,36,8.0,1300000.0,37041
8077640,1,1,1,10,2024,1,35,5.0,5400000.0,46644
8043254,1,1,1,10,2024,1,59,1.0,3050000.0,11499
8078159,1,1,1,10,2024,1,34,10.0,3100000.0,47757
8082866,1,1,1,10,2024,2,59,11.0,6800000.0,57772
8077547,1,1,1,10,2024,2,20,5.0,1350000.0,46446
8042714,1,3,1,10,2024,1,19,3.0,700000.0,10384
8041023,1,2,1,10,2024,2,25,5.0,1400000.0,6614
8047838,1,1,1,10,2024,2,36,6.0,650000.0,22501
8038689,1,3,1,10,2024,2,40,5.0,300000.0,1232
8053910,1,2,1,10,2024,2,20,5.0,150000.0,36119
8039417,1,1,1,10,2024,2,61,10.0,4000000.0,3012
8038393,1,4,1,10,2024,2,52,3.0,2362000.0,555
8042782,1,1,1,10,2024,1,62,11.0,6000000.0,10523
8077850,1,3,1,10,2024,1,23,6.0,1300000.0,47091
8044351,1,1,1,10,2024,2,53,4.0,800000.0,14322
8040172,1,3,1,10,2024,1,32,10.0,2000000.0,4559
8053689,1,2,1,10,2024,2,33,10.0,1800000.0,35704
8056259,1,3,1,10,2024,2,26,10.0,4000000.0,40964
8054827,1,2,1,10,2024,2,55,11.0,3000000.0,38154
8046362,1,2,1,10,2024,1,35,10.0,3200000.0,19379
8052634,1,1,1,10,2024,1,68,11.0,3500000.0,33291
8048001,1,3,1,10,2024,2,24,5.0,1500000.0,22831
8050973,1,1,1,10,2024,2,52,5.0,1200000.0,29354
8055660,1,2,1,10,2024,2,64,4.0,1300000.0,39734
8040550,1,2,1,10,2024,1,23,4.0,900000.0,5479
8050506,1,5,1,10,2024,1,57,4.0,1200000.0,28152
8084016,1,3,1,10,2024,2,45,5.0,1300000.0,60241
8051629,1,2,1,10,2024,1,45,10.0,4000000.0,30642
8055679,1,1,1,10,2024,2,45,5.0,280000.0,39788
8083815,1,3,1,10,2024,1,35,4.0,2000000.0,59801
8079248,1,3,1,10,2024,1,23,3.0,500000.0,50272
8085719,1,3,1,10,2024,1,17,4.0,400000.0,62695
8082904,1,2,1,10,2024,1,45,5.0,1300000.0,57885
8080031,1,2,1,10,2024,2,43,8.0,1000000.0,52103
8052951,1,1,1,10,2024,1,64,3.0,1500000.0,34008
8047182,1,2,1,10,2024,1,35,5.0,1680000.0,21128
8046678,1,1,1,10,2024,2,62,5.0,1800000.0,20182
8083238,1,2,1,10,2024,1,29,5.0,1200000.0,58635
8077029,1,3,1,10,2024,1,21,5.0,600000.0,45205
8055573,1,1,1,10,2024,2,44,13.0,7000000.0,39568
8053803,1,2,1,10,2024,1,53,10.0,1800000.0,35911
8081526,1,1,1,10,2024,1,23,4.0,1300000.0,55360
8083601,1,1,1,10,2024,2,44,5.0,1300000.0,59388
8051311,1,2,1,10,2024,1,57,1.0,1300000.0,29853
8038415,2,5,2,10,2024,2,31,4.0,800000.0,618
8051247,1,2,1,10,2024,2,30,5.0,1000000.0,29672
8083404,1,1,1,10,2024,1,54,4.0,600000.0,58997
8080875,1,1,1,10,2024,2,26,8.0,800000.0,53931
8054517,1,2,1,10,2024,1,32,5.0,1300000.0,37439
8053905,1,1,1,10,2024,1,50,5.0,1300000.0,36109
8051716,1,1,1,10,2024,2,56,11.0,5600000.0,30856
8044469,1,1,1,10,2024,2,46,10.0,1000000.0,14627
8045934,1,1,1,10,2024,2,44,3.0,1000000.0,18272
8080187,1,2,1,10,2024,2,53,8.0,1300000.0,52522
8043164,1,1,1,10,2024,1,71,3.0,1500000.0,11308
8047018,1,1,1,10,2024,2,38,9.0,1000000.0,20845
8078906,1,1,1,10,2024,1,63,3.0,2000000.0,49410
8043697,1,1,1,10,2024,1,56,3.0,1000000.0,12653
8040354,1,1,1,10,2024,1,44,8.0,900000.0,5019
8079367,1,1,1,10,2024,1,49,3.0,1000000.0,50583
8055221,1,1,1,10,2024,1,26,5.0,900000.0,38997
8082519,1,1,1,10,2024,2,28,3.0,1200000.0,56891
8045302,2,2,2,10,2024,2,27,5.0,1300000.0,16891
8085090,1,1,1,10,2024,2,46,8.0,800000.0,62594
8052820,1,1,1,10,2024,2,56,3.0,600000.0,33671
8050137,1,1,1,10,2024,2,39,8.0,640000.0,27182
8038567,1,1,1,10,2024,2,60,3.0,160000.0,921
8048411,1,1,1,10,2024,1,36,11.0,9700000.0,23636
8047712,1,2,1,10,2024,2,57,8.0,1462000.0,22190
8085073,1,1,1,10,2024,2,39,9.0,1923000.0,62565
8077853,1,2,1,10,2024,1,23,4.0,0.0,47098
8082924,1,2,1,10,2024,2,27,8.0,1300000.0,57918
8046306,1,2,1,10,2024,1,50,5.0,6000000.0,19244
8038466,1,1,1,10,2024,2,25,5.0,1462000.0,697
8043874,1,1,1,10,2024,2,40,5.0,1300000.0,13107
8081495,1,1,1,10,2024,2,71,3.0,120000.0,55283
8055776,1,2,1,10,2024,1,39,10.0,2000000.0,39943
8083340,1,3,1,10,2024,2,24,5.0,1000000.0,58886
8055220,1,1,1,10,2024,1,50,11.0,2300000.0,38993
8050583,1,2,1,10,2024,1,30,5.0,1500000.0,28365
8056253,1,3,1,10,2024,1,30,10.0,1300000.0,40946
8042338,1,2,1,10,2024,1,22,5.0,1300000.0,9590
8052383,1,1,1,10,2024,2,32,4.0,0.0,32639
8082830,1,3,1,10,2024,2,24,9.0,200000.0,57690
8077968,1,1,1,10,2024,2,34,5.0,870000.0,47334
8052149,1,1,1,10,2024,1,25,5.0,1280000.0,31972
8083107,1,2,1,10,2024,1,42,10.0,0.0,58352
8076630,1,1,1,10,2024,2,44,4.0,900000.0,44324
8053695,1,3,1,10,2024,1,27,8.0,1300000.0,35727
8052101,1,1,1,10,2024,1,61,4.0,350000.0,31846
8052793,1,1,1,10,2024,1,47,4.0,1300000.0,33614
8042888,1,2,1,10,2024,1,36,8.0,2500000.0,10755
8082337,1,1,1,10,2024,2,27,5.0,1300000.0,56509
8076426,1,1,1,10,2024,2,34,5.0,1200000.0,43819
8049369,1,2,1,10,2024,2,25,4.0,450000.0,25441
8077165,1,1,1,10,2024,1,29,5.0,800000.0,45612
8052962,1,4,1,10,2024,2,28,5.0,1862000.0,34044
8047325,1,1,1,10,2024,1,62,5.0,600000.0,21434
8052125,1,3,1,10,2024,2,26,10.0,600000.0,31919
8084447,1,2,1,10,2024,1,18,5.0,450000.0,61229
8046855,1,1,1,10,2024,2,57,5.0,2100000.0,20582
8040805,1,3,1,10,2024,1,22,5.0,700000.0,6073
8056078,1,3,1,10,2024,2,22,10.0,1300000.0,40549
8051503,1,1,1,10,2024,2,52,11.0,1900000.0,30361
8038715,1,2,1,10,2024,2,43,5.0,800000.0,1303
8039069,1,3,1,10,2024,1,35,9.0,400000.0,2199
8083115,1,3,1,10,2024,2,44,10.0,1800000.0,58372
8080066,1,1,1,10,2024,2,58,4.0,1300000.0,52173
8076470,1,1,1,10,2024,2,45,5.0,4550000.0,43938
8052547,1,1,1,10,2024,1,44,10.0,4800000.0,33057
8053704,2,1,2,10,2024,1,22,9.0,1300000.0,35756
8053633,1,2,1,10,2024,1,24,3.0,1000000.0,35581
8078734,1,3,1,10,2024,2,24,5.0,1300000.0,49040
8044980,1,1,1,10,2024,2,63,3.0,200000.0,15988
8086552,1,1,1,10,2024,2,44,10.0,900000.0,63964
8056031,1,3,1,10,2024,1,30,5.0,3000000.0,40453
8039091,1,3,1,10,2024,1,46,5.0,1300000.0,2272
8082728,1,3,1,10,2024,1,26,5.0,1000000.0,57433
8082395,1,1,1,10,2024,2,26,10.0,3500000.0,56622
8083560,1,2,1,10,2024,1,48,10.0,3000000.0,59307
8045231,1,1,1,10,2024,1,40,5.0,1600000.0,16721
8053941,1,1,1,10,2024,1,23,5.0,450000.0,36196
8081199,1,3,1,10,2024,1,34,10.0,3000000.0,54547
8076252,1,2,1,10,2024,1,62,4.0,1000000.0,43411
8051900,1,2,1,10,2024,1,22,5.0,200000.0,31364
8086042,1,2,1,10,2024,2,55,10.0,3900000.0,63223
8048619,1,1,1,10,2024,2,46,3.0,1300000.0,24014
8038383,1,3,1,10,2024,1,45,4.0,2000000.0,529
8075786,1,2,1,10,2024,2,32,4.0,1000000.0,42071
8048174,1,2,1,10,2024,2,42,5.0,1200000.0,23235
8055698,1,3,1,10,2024,1,26,10.0,1300000.0,39859
8044690,1,3,1,10,2024,1,23,4.0,800000.0,15246
8078266,1,1,1,10,2024,1,55,3.0,600000.0,48020
8041228,1,1,1,10,2024,1,23,10.0,700000.0,7121
8052822,1,2,1,10,2024,2,31,5.0,1300000.0,33678
8049622,1,1,1,10,2024,2,60,3.0,220000.0,25919
8041105,1,7,1,10,2024,1,24,5.0,1300000.0,6790
8040748,1,1,1,10,2024,1,65,3.0,1300000.0,5929
8076675,1,2,1,10,2024,2,26,10.0,1200000.0,44425
8050416,1,3,1,10,2024,2,20,5.0,360000.0,27875
8056011,1,1,1,10,2024,1,33,5.0,2000000.0,40422
8079770,1,1,1,10,2024,1,59,5.0,700000.0,51518
8051404,1,1,1,10,2024,1,52,4.0,500000.0,30107
8082876,1,1,1,10,2024,2,46,3.0,400000.0,57809
8040549,1,1,1,10,2024,1,64,3.0,1800000.0,5474
8052243,1,4,1,10,2024,2,50,5.0,600000.0,32218
8081911,1,1,1,10,2024,1,46,5.0,1300000.0,55841
8042793,1,1,1,10,2024,2,29,5.0,100000.0,10566
8078342,1,1,1,10,2024,2,57,5.0,200000.0,48220
8043605,1,2,1,10,2024,2,28,5.0,400000.0,12423
8039428,1,2,1,10,2024,2,36,5.0,1400000.0,3025
8041821,1,2,1,10,2024,2,45,6.0,1000000.0,8339
8080043,1,2,1,10,2024,2,52,5.0,1300000.0,52126
8044102,1,1,1,10,2024,2,54,5.0,1000000.0,13660
8053027,1,1,1,10,2024,1,48,5.0,1300000.0,34254
8054396,1,3,1,10,2024,1,33,5.0,2500000.0,37172
8049315,1,1,1,10,2024,1,60,3.0,1000000.0,25341
8054116,2,1,2,10,2024,2,65,5.0,1300000.0,36527
8075624,1,1,1,10,2024,2,37,5.0,800000.0,41624
8082584,1,1,1,10,2024,2,31,5.0,180000.0,57048
8044781,1,1,1,10,2024,2,24,5.0,2000000.0,15446
8046419,1,2,1,10,2024,2,50,4.0,300000.0,19503
8077139,1,1,1,10,2024,1,56,4.0,320000.0,45539
8043751,1,2,1,10,2024,1,59,5.0,1000000.0,12800
8047318,1,1,1,10,2024,2,43,9.0,1350000.0,21418
8051939,1,1,1,10,2024,2,30,5.0,800000.0,31452
8041374,1,1,1,10,2024,1,57,1.0,1300000.0,7404
8044938,1,2,1,10,2024,2,37,10.0,2300000.0,15889
8052138,1,3,1,10,2024,2,28,8.0,1400000.0,31952
8080142,1,2,1,10,2024,2,60,4.0,700000.0,52404
8038431,1,1,1,10,2024,2,36,12.0,6000000.0,650
8079763,1,3,1,10,2024,2,23,4.0,550000.0,51487
8042795,1,1,1,10,2024,2,36,9.0,1300000.0,10572
8052573,1,2,1,10,2024,2,38,3.0,1300000.0,33137
8076198,1,1,1,10,2024,1,40,10.0,690000.0,43297
8041182,1,1,1,10,2024,2,59,3.0,400000.0,7010
8051901,1,1,1,10,2024,2,32,3.0,350000.0,31367
8043774,1,1,1,10,2024,2,52,3.0,1100000.0,12871
8045055,1,1,1,10,2024,1,46,4.0,2200000.0,16213
8046306,1,1,1,10,2024,2,53,11.0,13000000.0,19243
8051937,1,2,1,10,2024,2,40,5.0,1550000.0,31447
8044062,1,1,1,10,2024,1,27,5.0,1500000.0,13555
8045108,1,1,1,10,2024,2,46,12.0,5700000.0,16356
8054051,1,1,1,10,2024,2,47,8.0,1400000.0,36393
8039715,1,1,1,10,2024,2,31,7.0,500000.0,3577
8049096,1,1,1,10,2024,2,37,6.0,580000.0,24916
8052828,1,1,1,10,2024,1,37,5.0,1300000.0,33697
8084298,1,2,1,10,2024,2,24,10.0,1300000.0,60908
8053392,1,5,1,10,2024,1,37,9.0,1600000.0,35099
8056329,1,2,1,10,2024,2,28,3.0,750000.0,41077
8079042,1,3,1,10,2024,1,38,3.0,1300000.0,49748
8052072,1,1,1,10,2024,1,40,5.0,1800000.0,31764
8044846,1,3,1,10,2024,2,54,8.0,1300000.0,15651
8083423,1,1,1,10,2024,2,22,5.0,2000000.0,59038
8052238,1,2,1,10,2024,1,36,5.0,800000.0,32204
8055646,1,2,1,10,2024,1,50,3.0,1000000.0,39685
8084308,1,3,1,10,2024,1,16,3.0,100000.0,60931
8049987,1,1,1,10,2024,2,30,10.0,800000.0,26829
8051943,1,2,1,10,2024,1,22,5.0,1200000.0,31466
8085955,1,1,1,10,2024,1,61,5.0,1200000.0,63092
8086040,1,2,1,10,2024,2,62,10.0,2000000.0,63215
8079751,1,1,1,10,2024,2,32,5.0,800000.0,51436
8086085,1,1,1,10,2024,1,48,3.0,1300000.0,63247
8044672,1,1,1,10,2024,2,48,10.0,1800000.0,15191
8044411,1,1,1,10,2024,1,63,11.0,3000000.0,14460
8056217,1,3,1,10,2024,1,26,10.0,1900000.0,40838
8045662,1,2,1,10,2024,2,60,4.0,480000.0,17874
8044760,1,2,1,10,2024,2,75,10.0,3800000.0,15407
8045093,1,3,1,10,2024,1,28,11.0,2540000.0,16318
8078685,1,1,1,10,2024,1,62,5.0,1300000.0,48928
8052058,1,1,1,10,2024,1,59,5.0,700000.0,31722
8046538,1,1,1,10,2024,1,47,5.0,1000000.0,19813
8076639,1,2,1,10,2024,1,25,5.0,800000.0,44342
8047773,1,2,1,10,2024,1,56,5.0,1700000.0,22340
8054797,1,1,1,10,2024,2,62,5.0,700000.0,38083
8077991,1,1,1,10,2024,1,52,12.0,500000.0,47404
8078788,1,4,1,10,2024,2,15,5.0,300000.0,49165
8081140,3,1,3,10,2024,1,26,4.0,450000.0,54465
8076876,1,1,1,10,2024,1,52,1.0,1200000.0,44881
8086036,1,2,1,10,2024,1,20,10.0,200000.0,63210
8052308,1,1,1,10,2024,1,66,5.0,2180000.0,32413
8056165,1,1,1,10,2024,2,58,4.0,400000.0,40736
8048230,1,7,1,10,2024,2,33,5.0,1300000.0,23312
8081675,1,2,1,10,2024,2,24,10.0,1300000.0,55586
8048601,1,1,1,10,2024,1,45,5.0,1000000.0,23991
8052529,1,1,1,10,2024,1,24,5.0,1300000.0,33016
8083982,1,1,1,10,2024,2,29,4.0,1200000.0,60143
8039272,1,2,1,10,2024,1,21,5.0,1300000.0,2749
8053662,1,1,1,10,2024,1,44,11.0,4400000.0,35631
8044434,1,2,1,10,2024,1,21,5.0,1300000.0,14540
8038286,1,1,1,10,2024,2,57,12.0,4200000.0,267
8041260,1,2,1,10,2024,2,70,12.0,10000000.0,7190
8046729,1,2,1,10,2024,2,23,12.0,3100000.0,20306
8077934,1,1,1,10,2024,1,32,4.0,810000.0,47264
8040719,1,1,1,10,2024,1,58,3.0,450000.0,5853
8086573,1,2,1,10,2024,2,40,10.0,2162000.0,64016
8053294,1,2,1,10,2024,2,52,4.0,400000.0,34804
8052995,1,1,1,10,2024,1,50,5.0,1000000.0,34163
8039670,1,1,1,10,2024,1,49,10.0,2800000.0,3480
8048138,1,1,1,10,2024,1,23,3.0,900000.0,23151
8082682,2,2,2,10,2024,2,22,6.0,1300000.0,57316
8048189,1,2,1,10,2024,2,28,5.0,1140000.0,23256
8046526,1,2,1,10,2024,2,35,5.0,900000.0,19782
8076822,1,1,1,10,2024,2,39,4.0,1400000.0,44756
8055378,1,1,1,10,2024,1,51,4.0,1500000.0,39278
8042894,1,1,1,10,2024,2,60,3.0,500000.0,10776
8045382,1,4,1,10,2024,1,38,5.0,900000.0,17097
8076317,1,1,1,10,2024,1,30,5.0,250000.0,43574
8083370,1,1,1,10,2024,2,55,3.0,1600000.0,58941
8086392,1,1,1,10,2024,1,61,9.0,3000000.0,63591
8080336,1,1,1,10,2024,2,27,10.0,1300000.0,52888
8043695,1,3,1,10,2024,1,20,4.0,200000.0,12648
8052248,1,1,1,10,2024,2,71,3.0,600000.0,32237
8079071,1,1,1,10,2024,1,72,3.0,800000.0,49806
8042567,1,2,1,10,2024,1,30,10.0,2300000.0,10074
8077512,1,1,1,10,2024,2,27,6.0,600000.0,46365
8083112,1,1,1,10,2024,2,60,11.0,4500000.0,58362
8080540,1,5,1,10,2024,1,55,5.0,1500000.0,53276
8041491,1,1,1,10,2024,2,38,5.0,180000.0,7696
8039125,1,4,1,10,2024,2,36,8.0,500000.0,2379
8049088,1,2,1,10,2024,2,26,5.0,1300000.0,24892
8050510,1,2,1,10,2024,1,29,5.0,1500000.0,28169
8079120,1,1,1,10,2024,2,35,3.0,920000.0,49898
8081944,1,3,1,10,2024,1,22,5.0,300000.0,55895
8050341,1,1,1,10,2024,2,36,5.0,400000.0,27683
8040769,1,2,1,10,2024,2,25,8.0,1300000.0,5998
8079557,1,2,1,10,2024,2,26,8.0,1585000.0,50983
8077792,1,1,1,10,2024,1,70,3.0,500000.0,46971
8080465,1,2,1,10,2024,1,35,5.0,1800000.0,53125
8079041,1,3,1,10,2024,1,62,3.0,500000.0,49745
8038782,1,1,1,10,2024,2,41,5.0,1200000.0,1501
8076753,1,1,1,10,2024,1,40,11.0,6000000.0,44615
8075944,1,1,1,10,2024,2,50,5.0,1000000.0,42526
8043118,1,1,1,10,2024,1,55,3.0,1600000.0,11185
8049803,1,2,1,10,2024,1,55,3.0,1800000.0,26406
8050028,1,1,1,10,2024,2,43,3.0,300000.0,26934
8044963,1,2,1,10,2024,2,52,5.0,450000.0,15951
8042445,1,3,1,10,2024,2,25,5.0,1350000.0,9834
8080216,1,1,1,10,2024,1,48,5.0,2600000.0,52585
8086674,1,2,1,10,2024,1,53,3.0,1000000.0,64289
8040863,1,2,1,10,2024,1,37,8.0,600000.0,6230
8082624,1,3,1,10,2024,2,21,5.0,1500000.0,57133
8085774,1,2,1,10,2024,1,50,5.0,1000000.0,62831
8082323,1,1,1,10,2024,2,53,3.0,200000.0,56472
8053186,1,1,1,10,2024,2,19,5.0,2000000.0,34561
8046610,1,2,1,10,2024,2,40,5.0,750000.0,20041
8082819,1,1,1,10,2024,1,68,3.0,900000.0,57668
8045007,1,2,1,10,2024,2,28,10.0,2500000.0,16090
8076916,1,1,1,10,2024,1,85,3.0,1700000.0,44960
8077780,1,1,1,10,2024,2,47,3.0,840000.0,46942
8076022,1,2,1,10,2024,1,61,1.0,1450000.0,42771
8041045,1,1,1,10,2024,1,33,11.0,2700000.0,6665
8048962,1,2,1,10,2024,2,48,4.0,1200000.0,24682
8046060,1,1,1,10,2024,2,54,3.0,500000.0,18613
8042381,1,1,1,10,2024,2,63,11.0,5300000.0,9678
8083742,1,1,1,10,2024,1,64,4.0,1500000.0,59655
8046879,1,2,1,10,2024,2,27,10.0,2600000.0,20635
8046445,1,2,1,10,2024,2,38,12.0,4000000.0,19560
8042232,1,1,1,10,2024,1,57,10.0,3000000.0,9382
8077415,1,4,1,10,2024,2,43,3.0,500000.0,46205
8043498,1,3,1,10,2024,1,25,5.0,1000000.0,12152
8039458,1,1,1,10,2024,2,44,5.0,944000.0,3086
8044200,1,1,1,10,2024,1,31,5.0,1100000.0,13873
8076498,1,1,1,10,2024,2,32,5.0,1300000.0,44017
8053158,1,2,1,10,2024,2,55,5.0,150000.0,34504
8045802,1,1,1,10,2024,2,41,5.0,1800000.0,18211
8050216,1,1,1,10,2024,2,36,5.0,1960000.0,27375
8055530,1,1,1,10,2024,2,30,10.0,2600000.0,39509
8078267,1,1,1,10,2024,2,19,6.0,2900000.0,48023
8080150,1,2,1,10,2024,2,38,9.0,1300000.0,52424
8046693,1,1,1,10,2024,2,46,10.0,4000000.0,20209
8048076,1,2,1,10,2024,2,37,5.0,700000.0,22991
8040865,1,2,1,10,2024,1,64,3.0,720000.0,6236
8051797,1,2,1,10,2024,1,56,6.0,2500000.0,31073
8055689,1,1,1,10,2024,2,52,10.0,600000.0,39823
8047490,1,1,1,10,2024,1,62,3.0,1000000.0,21707
8084928,1,1,1,10,2024,2,25,8.0,1000000.0,62219
8079859,1,1,1,10,2024,2,40,11.0,9000000.0,51760
8047790,1,1,1,10,2024,1,38,10.0,2600000.0,22391
8046472,1,2,1,10,2024,2,60,5.0,1460000.0,19628
8038513,3,1,3,10,2024,2,26,9.0,1936000.0,800
8084799,1,2,1,10,2024,2,46,3.0,1100000.0,61937
8052609,1,1,1,10,2024,1,24,5.0,1000000.0,33236
8077614,1,1,1,10,2024,1,41,3.0,1300000.0,46595
8056072,1,1,1,10,2024,2,32,9.0,2000000.0,40529
8055642,1,1,1,10,2024,1,31,4.0,1500000.0,39671
8076122,1,1,1,10,2024,1,44,5.0,1190000.0,43064
8081220,1,1,1,10,2024,2,56,10.0,534000.0,54603
8042188,1,1,1,10,2024,1,33,5.0,1300000.0,9279
8044267,1,1,1,10,2024,2,39,8.0,500000.0,14048
8044123,1,1,1,10,2024,1,60,6.0,1300000.0,13691
8053890,1,4,1,10,2024,1,20,10.0,1000000.0,36084
8086602,1,1,1,10,2024,2,32,5.0,650000.0,64111
8077932,1,1,1,10,2024,2,87,3.0,200000.0,47257
8042420,1,3,1,10,2024,2,63,8.0,1200000.0,9771
8046520,1,2,1,10,2024,1,60,5.0,1300000.0,19755
8042565,1,1,1,10,2024,1,32,9.0,4156000.0,10070
8049342,1,1,1,10,2024,2,59,3.0,500000.0,25406
8054942,1,2,1,10,2024,2,56,10.0,1000000.0,38415
8075692,1,1,1,10,2024,1,54,3.0,1200000.0,41831
8084632,1,2,1,10,2024,2,43,5.0,560000.0,61548
8053004,1,3,1,10,2024,2,17,8.0,600000.0,34191
8047588,1,1,1,10,2024,2,43,10.0,1650000.0,21932
8044473,1,2,1,10,2024,2,32,10.0,1500000.0,14637
8040476,1,2,1,10,2024,2,34,9.0,700000.0,5324
8079649,1,4,1,10,2024,2,43,5.0,1300000.0,51129
8084225,1,1,1,10,2024,1,75,5.0,3000000.0,60746
8054011,1,1,1,10,2024,2,41,8.0,1600000.0,36324
8049552,1,1,1,10,2024,1,47,5.0,1400000.0,25740
8047691,1,1,1,10,2024,2,49,5.0,1462000.0,22149
8038907,1,2,1,10,2024,2,40,8.0,500000.0,1779
8078514,1,1,1,10,2024,2,54,5.0,1300000.0,48570
8052092,1,1,1,10,2024,2,63,3.0,600000.0,31825
8080998,1,2,1,10,2024,2,39,5.0,1500000.0,54180
8045153,1,2,1,10,2024,2,48,5.0,500000.0,16470
8049834,1,3,1,10,2024,2,24,10.0,5000000.0,26494
8044255,1,1,1,10,2024,2,48,3.0,850000.0,13997
8083847,1,3,1,10,2024,2,42,1.0,1000000.0,59878
8053701,1,2,1,10,2024,2,51,10.0,4800000.0,35747
8051439,1,2,1,10,2024,2,42,11.0,1300000.0,30205
8080918,1,3,1,10,2024,2,30,12.0,2000000.0,54015
8049277,1,4,1,10,2024,1,32,8.0,1400000.0,25262
8041444,1,1,1,10,2024,1,60,4.0,1300000.0,7579
8086728,1,1,1,10,2024,2,30,3.0,700000.0,64387
8055018,1,3,1,10,2024,1,35,5.0,900000.0,38579
8042221,1,2,1,10,2024,2,40,12.0,3600000.0,9352
8086068,1,1,1,10,2024,2,25,10.0,1300000.0,63241
8086558,1,2,1,10,2024,2,40,10.0,3000000.0,63981
8042852,1,1,1,10,2024,1,62,3.0,400000.0,10699
8079546,1,1,1,10,2024,2,56,3.0,500000.0,50963
8054072,1,1,1,10,2024,2,46,5.0,1700000.0,36436
8039023,1,1,1,10,2024,2,43,5.0,150000.0,2052
8078659,1,1,1,10,2024,1,71,3.0,0.0,48888
8076214,1,3,1,10,2024,1,33,5.0,300000.0,43316
8048649,1,2,1,10,2024,2,59,10.0,2900000.0,24048
8038747,1,3,1,10,2024,1,26,10.0,2800000.0,1388
8054733,1,1,1,10,2024,1,31,3.0,1800000.0,37922
8049522,1,1,1,10,2024,2,41,5.0,1500000.0,25673
8051795,1,1,1,10,2024,1,46,5.0,3500000.0,31067
8079108,1,1,1,10,2024,2,23,10.0,1400000.0,49880
8052316,1,1,1,10,2024,1,43,4.0,240000.0,32434
8045308,1,4,1,10,2024,1,21,5.0,1300000.0,16905
8047139,1,2,1,10,2024,2,52,11.0,8600000.0,21055
8056311,1,2,1,10,2024,2,67,3.0,1800000.0,41043
8082840,1,2,1,10,2024,2,43,8.0,3000000.0,57715
8083301,1,2,1,10,2024,2,60,3.0,900000.0,58782
8086746,1,1,1,10,2024,1,38,5.0,300000.0,64419
8053856,1,1,1,10,2024,2,45,4.0,1300000.0,36024
8077060,1,1,1,10,2024,1,48,3.0,700000.0,45295
8040976,1,1,1,10,2024,1,56,11.0,6250000.0,6484
8055382,1,3,1,10,2024,1,27,12.0,2400000.0,39293
8043733,1,1,1,10,2024,2,67,1.0,200000.0,12751
8083614,1,1,1,10,2024,1,64,5.0,20000000.0,59421
8082365,1,1,1,10,2024,2,48,5.0,700000.0,56562
8045690,1,1,1,10,2024,1,35,10.0,1900000.0,17939
8041606,1,2,1,10,2024,2,26,8.0,1500000.0,7957
8044089,1,1,1,10,2024,1,36,10.0,1800000.0,13633
8043239,1,1,1,10,2024,2,27,5.0,1300000.0,11461
8043471,1,1,1,10,2024,1,46,5.0,1300000.0,12062
8041064,1,3,1,10,2024,1,22,5.0,780000.0,6712
8049113,1,1,1,10,2024,1,60,5.0,1200000.0,24940
8043852,1,2,1,10,2024,2,28,10.0,3500000.0,13053
8078759,1,1,1,10,2024,2,44,5.0,1500000.0,49105
8050748,1,2,1,10,2024,2,55,9.0,1300000.0,28732
8082315,1,1,1,10,2024,2,44,3.0,1300000.0,56451
8043287,1,1,1,10,2024,2,46,5.0,1150000.0,11586
8050477,1,2,1,10,2024,2,26,8.0,1300000.0,28039
8082350,1,1,1,10,2024,1,30,10.0,3200000.0,56536
8041509,1,2,1,10,2024,1,26,10.0,3700000.0,7729
8079313,1,1,1,10,2024,2,35,10.0,3400000.0,50466
8042473,1,1,1,10,2024,1,34,5.0,1300000.0,9887
8048673,1,5,1,10,2024,2,31,5.0,1800000.0,24090
8080783,1,2,1,10,2024,2,56,6.0,1000000.0,53745
8044803,1,1,1,10,2024,1,42,10.0,5500000.0,15506
8041950,1,4,1,10,2024,1,22,5.0,2200000.0,8699
8054290,1,2,1,10,2024,2,48,5.0,1300000.0,36893
8041416,1,1,1,10,2024,1,30,5.0,1800000.0,7506
8053466,1,1,1,10,2024,1,56,11.0,6000000.0,35213
8044843,1,2,1,10,2024,2,47,13.0,10000000.0,15638
8045096,1,1,1,10,2024,2,58,3.0,160000.0,16325
8054225,1,1,1,10,2024,1,59,5.0,700000.0,36770
8081238,1,1,1,10,2024,2,32,8.0,2800000.0,54653
8042265,1,1,1,10,2024,1,60,9.0,2300000.0,9455
8056155,1,1,1,10,2024,1,40,9.0,4200000.0,40708
8040090,1,2,1,10,2024,2,54,8.0,1300000.0,4342
8049384,1,2,1,10,2024,1,51,3.0,400000.0,25485
8044166,1,2,1,10,2024,2,28,5.0,1600000.0,13807
8043834,1,5,1,10,2024,2,44,8.0,500000.0,13011
8079216,1,1,1,10,2024,2,54,1.0,200000.0,50151
8056257,1,1,1,10,2024,2,53,4.0,360000.0,40953
8038559,1,1,1,10,2024,1,62,5.0,1800000.0,903
8041252,1,1,1,10,2024,1,40,3.0,430000.0,7168
8078273,1,1,1,10,2024,2,29,5.0,1000000.0,48041
8046985,1,1,1,10,2024,2,27,10.0,7000000.0,20790
8051030,1,1,1,10,2024,2,58,3.0,700000.0,29503
8079684,1,4,1,10,2024,2,25,9.0,3280000.0,51220
8077209,1,1,1,10,2024,1,45,3.0,700000.0,45727
8056486,1,8,1,10,2024,1,24,8.0,2300000.0,41429
8049202,1,1,1,10,2024,1,59,8.0,3000000.0,25098
8044194,1,2,1,10,2024,2,31,9.0,2800000.0,13862
8081393,1,2,1,10,2024,2,32,10.0,1700000.0,55035
8040571,1,1,1,10,2024,2,29,3.0,250000.0,5544
8043560,1,2,1,10,2024,2,51,11.0,1462000.0,12305
8044820,1,1,1,10,2024,1,67,4.0,950000.0,15572
8086031,1,2,1,10,2024,1,25,5.0,1200000.0,63204
8046978,1,1,1,10,2024,1,36,11.0,800000.0,20777
8082104,1,2,1,10,2024,1,40,10.0,200000.0,56110
8045679,1,2,1,10,2024,2,18,6.0,1300000.0,17910
8038410,1,1,1,10,2024,1,45,10.0,3000000.0,601
8047323,1,2,1,10,2024,1,40,10.0,2000000.0,21427
8040274,1,1,1,10,2024,2,44,5.0,820000.0,4825
8040389,1,1,1,10,2024,2,41,10.0,2500000.0,5091
8042238,1,1,1,10,2024,2,58,5.0,1000000.0,9396
8076017,1,1,1,10,2024,1,50,3.0,3000000.0,42751
8083818,1,1,1,10,2024,1,36,9.0,2600000.0,59810
8044888,1,1,1,10,2024,2,25,3.0,1580000.0,15758
8049673,1,1,1,10,2024,1,44,8.0,1900000.0,26037
8048945,1,2,1,10,2024,1,56,3.0,2000000.0,24646
8050324,1,2,1,10,2024,2,37,12.0,5800000.0,27619
8081066,1,3,1,10,2024,2,26,10.0,1150000.0,54341
8048544,1,2,1,10,2024,1,19,5.0,1200000.0,23897
8049050,1,1,1,10,2024,2,40,5.0,1712000.0,24829
8042998,1,1,1,10,2024,2,68,3.0,700000.0,10911
8083822,1,1,1,10,2024,2,54,5.0,1300000.0,59818
8040835,1,1,1,10,2024,2,48,4.0,350000.0,6124
8055666,1,1,1,10,2024,1,56,10.0,9000000.0,39756
8049487,1,3,1,10,2024,1,31,5.0,700000.0,25583
8075798,1,2,1,10,2024,1,30,3.0,1000000.0,42114
8081412,1,1,1,10,2024,2,57,5.0,1500000.0,55100
8051752,1,6,1,10,2024,1,57,3.0,200000.0,30963
8086455,1,1,1,10,2024,2,46,3.0,600000.0,63725
8078442,1,2,1,10,2024,2,43,3.0,300000.0,48411
8078602,1,1,1,10,2024,1,52,10.0,2000000.0,48767
8078835,1,1,1,10,2024,1,53,5.0,2000000.0,49261
8043792,1,4,1,10,2024,2,22,4.0,400000.0,12926
8040771,1,1,1,10,2024,2,51,3.0,1100000.0,6001
8077989,1,2,1,10,2024,1,24,10.0,1300000.0,47402
8078881,1,2,1,10,2024,2,65,3.0,600000.0,49355
8081929,1,2,1,10,2024,1,32,10.0,2200000.0,55871
8050708,1,1,1,10,2024,2,51,10.0,200000.0,28635
8078585,1,3,1,10,2024,1,29,10.0,1400000.0,48739
8041009,1,1,1,10,2024,2,47,3.0,630000.0,6559
8051612,1,2,1,10,2024,2,35,12.0,4500000.0,30602
8047674,1,1,1,10,2024,2,19,5.0,1300000.0,22114
8043369,1,1,1,10,2024,1,41,5.0,1600000.0,11802
8041793,1,2,1,10,2024,2,40,5.0,3000000.0,8297
8053827,1,2,1,10,2024,2,43,6.0,1300000.0,35967
8045715,1,1,1,10,2024,2,62,3.0,1200000.0,18000
8078687,1,2,1,10,2024,2,27,5.0,900000.0,48934
8051485,1,1,1,10,2024,2,28,8.0,1800000.0,30315
8053965,1,3,1,10,2024,2,28,10.0,3400000.0,36242
8082327,1,1,1,10,2024,1,32,10.0,3200000.0,56481
8044289,1,5,1,10,2024,2,29,5.0,300000.0,14138
8052671,1,1,1,10,2024,1,45,3.0,800000.0,33367
8080046,1,1,1,10,2024,2,21,5.0,1400000.0,52130
8043890,1,1,1,10,2024,1,21,5.0,500000.0,13151
8047648,1,1,1,10,2024,1,72,1.0,300000.0,22068
8046513,1,1,1,10,2024,1,46,4.0,800000.0,19736
8083461,1,1,1,10,2024,2,30,5.0,1300000.0,59122
8086403,1,1,1,10,2024,1,61,9.0,3000000.0,63613
8080715,1,2,1,10,2024,1,54,11.0,10000000.0,53631
8052115,1,1,1,10,2024,1,64,1.0,800000.0,31883
8086796,1,1,1,10,2024,1,75,3.0,500000.0,64496
8046051,1,1,1,10,2024,1,43,3.0,1500000.0,18593
8077229,1,3,1,10,2024,1,29,5.0,634000.0,45776
8039690,1,1,1,10,2024,2,54,3.0,1300000.0,3529
8040196,1,2,1,10,2024,1,82,1.0,200000.0,4638
8046889,1,1,1,10,2024,1,62,11.0,25000000.0,20663
8086504,1,3,1,10,2024,2,46,8.0,960000.0,63834
8038687,1,1,1,10,2024,1,57,1.0,1000000.0,1219
8051974,1,2,1,10,2024,2,67,5.0,1800000.0,31545
8080641,1,2,1,10,2024,1,63,3.0,200000.0,53490
8083524,1,4,1,10,2024,2,39,5.0,1300000.0,59232
8084176,1,1,1,10,2024,2,83,5.0,800000.0,60617
8079079,1,2,1,10,2024,2,68,3.0,1750000.0,49816
8083948,1,3,1,10,2024,1,24,6.0,1300000.0,60038
8041256,1,2,1,10,2024,1,27,5.0,400000.0,7181
8084159,1,8,1,10,2024,1,22,8.0,1300000.0,60571
8043867,1,1,1,10,2024,2,67,3.0,300000.0,13086
8080526,1,3,1,10,2024,1,48,5.0,1300000.0,53238
8044615,1,2,1,10,2024,2,55,5.0,800000.0,15039
8047546,1,1,1,10,2024,2,33,8.0,1300000.0,21812
8047966,1,1,1,10,2024,1,45,5.0,2200000.0,22757
8076387,1,1,1,10,2024,2,34,3.0,300000.0,43730
8038304,1,1,1,10,2024,2,39,8.0,1300000.0,319
8042275,1,2,1,10,2024,1,77,3.0,900000.0,9468
8043510,1,2,1,10,2024,1,41,5.0,1500000.0,12201
8045135,1,2,1,10,2024,1,31,10.0,1000000.0,16431
8040941,1,3,1,10,2024,1,22,5.0,300000.0,6406
8055116,1,1,1,10,2024,2,50,5.0,1500000.0,38726
8077334,1,2,1,10,2024,1,24,5.0,1300000.0,46012
8079710,1,1,1,10,2024,1,52,4.0,2200000.0,51250
8077971,1,1,1,10,2024,2,30,6.0,100000.0,47341
8040462,1,4,1,10,2024,2,22,5.0,1300000.0,5294
8050979,1,1,1,10,2024,1,40,5.0,1800000.0,29373
8083934,1,2,1,10,2024,1,58,8.0,3500000.0,59995
8046172,1,1,1,10,2024,2,18,8.0,1300000.0,18875
8043750,1,1,1,10,2024,1,57,5.0,1400000.0,12794
8078323,1,2,1,10,2024,1,53,3.0,1200000.0,48167
8076300,1,2,1,10,2024,2,24,4.0,260000.0,43530
8078647,1,1,1,10,2024,1,45,3.0,0.0,48861
8055018,1,2,1,10,2024,2,56,3.0,275000.0,38578
8084285,1,2,1,10,2024,2,38,8.0,1300000.0,60892
8052142,1,1,1,10,2024,2,67,3.0,600000.0,31962
8079712,1,5,1,10,2024,2,22,5.0,300000.0,51270
8049314,1,3,1,10,2024,1,40,3.0,700000.0,25336
8045624,1,4,1,10,2024,1,28,10.0,2000000.0,17757
8076721,1,3,1,10,2024,1,29,5.0,1300000.0,44526
8056231,1,2,1,10,2024,1,49,3.0,1000000.0,40876
8049762,1,1,1,10,2024,1,39,4.0,1200000.0,26291
8043312,1,1,1,10,2024,2,65,1.0,450000.0,11649
8050518,1,1,1,10,2024,1,73,8.0,1000000.0,28189
8041025,1,1,1,10,2024,1,56,3.0,1000000.0,6620
8050229,1,2,1,10,2024,2,56,5.0,1300000.0,27409
8077958,1,1,1,10,2024,1,23,5.0,400000.0,47309
8076351,1,1,1,10,2024,1,30,4.0,1300000.0,43639
8080539,1,2,1,10,2024,2,22,5.0,14700000.0,53270
8055572,1,1,1,10,2024,2,55,11.0,6200000.0,39565
8051376,1,2,1,10,2024,2,25,10.0,1300000.0,30029
8081481,1,1,1,10,2024,2,35,5.0,500000.0,55250
8043853,1,1,1,10,2024,1,34,10.0,3100000.0,13054
8047876,1,3,1,10,2024,2,45,5.0,2000000.0,22605
8053719,1,2,1,10,2024,2,51,3.0,1500000.0,35796
8083349,1,2,1,10,2024,1,23,5.0,800000.0,58907
8080241,1,1,1,10,2024,2,48,11.0,12000000.0,52657
8076624,1,7,1,10,2024,1,19,4.0,1540000.0,44307
8080479,1,2,1,10,2024,2,57,10.0,1300000.0,53157
8039414,1,1,1,10,2024,1,65,5.0,1200000.0,3008
8054753,1,1,1,10,2024,1,46,10.0,2600000.0,37973
8049573,1,2,1,10,2024,1,39,4.0,680000.0,25795
8043926,1,1,1,10,2024,2,57,10.0,200000.0,13239
8048228,1,3,1,10,2024,2,37,5.0,1038000.0,23296
8041594,1,1,1,10,2024,2,33,5.0,1300000.0,7932
8082963,1,1,1,10,2024,2,72,1.0,600000.0,57991
8077668,1,1,1,10,2024,2,58,10.0,2300000.0,46698
8040722,1,3,1,10,2024,2,45,3.0,550000.0,5861
8050836,1,2,1,10,2024,2,19,8.0,1300000.0,28966
8046349,1,1,1,10,2024,1,52,9.0,2300000.0,19342
8048723,1,2,1,10,2024,2,35,8.0,1300000.0,24220
8041773,1,3,1,10,2024,2,24,8.0,1472000.0,8269
8081534,1,1,1,10,2024,1,66,5.0,2600000.0,55373
8041016,1,3,1,10,2024,1,29,5.0,1300000.0,6588
8086109,1,3,1,10,2024,1,28,10.0,3264000.0,63296
8082799,1,3,1,10,2024,2,37,5.0,1150000.0,57617
8084663,1,1,1,10,2024,2,65,1.0,1540000.0,61639
8038524,1,1,1,10,2024,1,30,4.0,1800000.0,829
8042901,1,1,1,10,2024,1,58,5.0,600000.0,10790
8080473,1,2,1,10,2024,2,53,10.0,1800000.0,53143
8046268,1,1,1,10,2024,1,69,1.0,200000.0,19094
8048164,1,2,1,10,2024,2,68,3.0,300000.0,23219
8076465,1,1,1,10,2024,2,43,3.0,900000.0,43917
8086509,1,1,1,10,2024,2,70,11.0,3800000.0,63842
8050346,1,2,1,10,2024,1,31,4.0,900000.0,27704
8050080,1,1,1,10,2024,1,59,4.0,600000.0,27066
8079602,1,3,1,10,2024,1,29,11.0,1600000.0,51048
8043167,1,1,1,10,2024,2,59,4.0,440000.0,11317
8051780,1,1,1,10,2024,2,50,5.0,200000.0,31023
8047555,1,2,1,10,2024,2,38,11.0,18200000.0,21834
8049900,1,1,1,10,2024,1,63,1.0,700000.0,26643
8052773,1,3,1,10,2024,1,77,1.0,320000.0,33558
8040934,1,1,1,10,2024,1,31,3.0,1300000.0,6387
8044510,1,1,1,10,2024,2,38,4.0,700000.0,14739
8055333,1,1,1,10,2024,1,49,9.0,2000000.0,39195
8050327,1,4,1,10,2024,1,35,8.0,500000.0,27633
8051486,1,1,1,10,2024,1,67,3.0,1500000.0,30316
8053263,1,2,1,10,2024,2,33,8.0,1500000.0,34743
8044334,1,1,1,10,2024,2,40,12.0,15000000.0,14268
8045462,1,2,1,10,2024,2,21,5.0,800000.0,17342
8043958,1,2,1,10,2024,1,36,4.0,1100000.0,13331
8044456,1,3,1,10,2024,2,20,5.0,300000.0,14594
8053212,1,1,1,10,2024,1,50,3.0,1400000.0,34617
8053852,1,1,1,10,2024,2,65,3.0,1300000.0,36017
8047425,1,1,1,10,2024,1,55,3.0,1500000.0,21603
8054955,1,2,1,10,2024,2,50,11.0,3000000.0,38437
8081495,1,2,1,10,2024,1,72,3.0,350000.0,55284
8041460,1,2,1,10,2024,1,59,5.0,1500000.0,7610
8084371,1,2,1,10,2024,2,44,4.0,800000.0,61070
8077534,1,1,1,10,2024,1,65,3.0,0.0,46416
8047396,1,1,1,10,2024,1,60,4.0,1300000.0,21577
8052810,1,4,1,10,2024,1,54,3.0,1400000.0,33646
8050462,1,5,1,10,2024,2,39,5.0,1300000.0,27994
8077337,1,1,1,10,2024,1,35,8.0,4000000.0,46019
8052765,1,3,1,10,2024,1,23,10.0,1300000.0,33538
8042756,1,1,1,10,2024,1,48,5.0,1000000.0,10486
8084178,1,3,1,10,2024,1,21,4.0,350000.0,60632
8047341,1,1,1,10,2024,1,22,9.0,650000.0,21463
8048917,1,1,1,10,2024,2,68,3.0,700000.0,24586
8082583,1,1,1,10,2024,2,38,10.0,200000.0,57046
8080120,1,8,1,10,2024,1,31,5.0,400000.0,52339
8054069,1,1,1,10,2024,1,51,8.0,3650000.0,36423
8042744,1,1,1,10,2024,1,27,5.0,800000.0,10452
8081466,1,1,1,10,2024,2,36,5.0,1300000.0,55202
8078660,1,3,1,10,2024,1,20,5.0,700000.0,48891
8039063,1,1,1,10,2024,1,56,6.0,900000.0,2182
8040303,1,1,1,10,2024,1,42,11.0,3000000.0,4912
8052779,1,1,1,10,2024,2,44,5.0,1300000.0,33576
8042836,1,1,1,10,2024,2,23,5.0,1300000.0,10650
8042009,1,2,1,10,2024,2,52,3.0,250000.0,8859
8053857,1,1,1,10,2024,2,66,3.0,100000.0,36026
8080389,1,2,1,10,2024,2,50,10.0,1000000.0,53040
8047342,1,6,1,10,2024,1,19,5.0,834000.0,21470
8078204,1,1,1,10,2024,1,61,4.0,800000.0,47869
8038216,1,1,1,10,2024,1,33,6.0,1500000.0,75
8048639,1,3,1,10,2024,2,25,10.0,5800000.0,24036
8084556,1,1,1,10,2024,2,50,6.0,1300000.0,61424
8040970,1,5,1,10,2024,1,42,5.0,1100000.0,6472
8040192,1,3,1,10,2024,1,33,5.0,2500000.0,4622
8077958,1,2,1,10,2024,2,25,5.0,600000.0,47310
8081120,1,1,1,10,2024,1,61,10.0,1300000.0,54430
8081020,1,3,1,10,2024,1,27,5.0,600000.0,54241
8054984,1,2,1,10,2024,2,36,10.0,1200000.0,38499
8080774,1,3,1,10,2024,1,25,5.0,1000000.0,53733
8055605,1,2,1,10,2024,2,21,5.0,1300000.0,39626
8055620,1,1,1,10,2024,2,75,3.0,700000.0,39640
8075794,1,1,1,10,2024,1,21,4.0,750000.0,42100
8055771,1,2,1,10,2024,1,40,10.0,2000000.0,39928
8083094,1,1,1,10,2024,2,62,3.0,200000.0,58325
8077340,1,1,1,10,2024,1,37,4.0,1300000.0,46032
8075874,1,2,1,10,2024,2,60,1.0,900000.0,42304
8082365,1,2,1,10,2024,1,47,3.0,1600000.0,56563
8075844,1,1,1,10,2024,2,61,10.0,4600000.0,42225
8043897,1,1,1,10,2024,2,34,11.0,10000000.0,13166
8044976,1,2,1,10,2024,1,50,8.0,300000.0,15981
8084231,1,1,1,10,2024,2,45,11.0,2000000.0,60757
8053880,1,1,1,10,2024,2,72,8.0,500000.0,36071
8038705,1,2,1,10,2024,2,34,10.0,3000000.0,1277
8039009,1,1,1,10,2024,1,48,9.0,2500000.0,2024
8080702,1,2,1,10,2024,2,37,5.0,1300000.0,53613
8041869,1,2,1,10,2024,2,53,10.0,1000000.0,8480
8039082,1,2,1,10,2024,2,55,5.0,1400000.0,2245
8048453,1,1,1,10,2024,2,25,5.0,1300000.0,23704
8038314,1,1,1,10,2024,1,37,10.0,2000000.0,345
8083312,1,2,1,10,2024,2,35,8.0,1300000.0,58818
8044449,1,1,1,10,2024,2,54,3.0,250000.0,14575
8051056,1,1,1,10,2024,2,39,10.0,3000000.0,29578
8044253,1,1,1,10,2024,1,39,5.0,200000.0,13991
8052369,1,1,1,10,2024,1,63,1.0,350000.0,32594
8040272,1,1,1,10,2024,1,30,5.0,2103359.0,4819
8086062,1,1,1,10,2024,1,45,10.0,5000000.0,63233
8082658,1,1,1,10,2024,2,27,5.0,500000.0,57241
8055647,1,4,1,10,2024,2,29,5.0,200000.0,39690
8048065,1,3,1,10,2024,1,31,8.0,1300000.0,22964
8048376,1,1,1,10,2024,2,57,3.0,1200000.0,23584
8046564,1,1,1,10,2024,1,30,5.0,1460000.0,19892
8055234,1,1,1,10,2024,2,57,8.0,1300000.0,39030
8086862,1,1,1,10,2024,2,62,3.0,1400000.0,64607
8049643,1,1,1,10,2024,1,30,4.0,1300000.0,25976
8080246,1,1,1,10,2024,1,38,3.0,1560000.0,52672
8076163,1,6,1,10,2024,1,38,5.0,700000.0,43189
8038767,1,1,1,10,2024,2,23,8.0,2000000.0,1457
8044295,1,1,1,10,2024,1,38,10.0,4600000.0,14165
8043742,1,1,1,10,2024,2,54,5.0,1000000.0,12772
8083780,1,1,1,10,2024,1,30,11.0,3200000.0,59742
8077965,1,1,1,10,2024,2,44,5.0,800000.0,47325
8084083,1,1,1,10,2024,1,80,12.0,3000000.0,60462
8084298,1,1,1,10,2024,2,49,8.0,500000.0,60907
8039841,1,1,1,10,2024,2,26,6.0,500000.0,3818
8079726,1,1,1,10,2024,2,65,4.0,100000.0,51324
8050322,1,1,1,10,2024,2,39,9.0,1300000.0,27610
8053607,1,1,1,10,2024,2,57,9.0,2600000.0,35517
8044110,1,3,1,10,2024,1,52,5.0,2450000.0,13670
8043280,1,3,1,10,2024,1,54,3.0,700000.0,11562
8048518,1,1,1,10,2024,2,52,5.0,1000000.0,23837
8050088,1,2,1,10,2024,1,48,5.0,800000.0,27092
8054656,1,1,1,10,2024,2,33,11.0,5000000.0,37738
8047650,1,2,1,10,2024,1,44,5.0,1300000.0,22070
8077201,1,1,1,10,2024,2,37,1.0,800000.0,45709
8085093,1,2,1,10,2024,1,28,4.0,1000000.0,62602
8044414,1,1,1,10,2024,2,52,8.0,1800000.0,14471
8054849,1,4,1,10,2024,1,15,4.0,600000.0,38197
8085878,1,2,1,10,2024,2,67,3.0,1200000.0,62982
8052826,1,2,1,10,2024,2,37,5.0,1300000.0,33690
8080961,1,1,1,10,2024,1,41,5.0,6000000.0,54121
8050449,1,1,1,10,2024,2,47,5.0,1300000.0,27955
8051777,1,1,1,10,2024,2,68,5.0,6000000.0,31021
8056148,1,3,1,10,2024,2,33,10.0,1400000.0,40698
8076656,1,2,1,10,2024,2,51,5.0,350000.0,44379
8041402,1,3,1,10,2024,1,32,5.0,900000.0,7476
8049093,1,1,1,10,2024,2,51,5.0,1300000.0,24905
8052967,1,3,1,10,2024,2,19,5.0,200000.0,34060
8042341,1,1,1,10,2024,2,44,5.0,1200000.0,9595
8038872,1,1,1,10,2024,1,55,3.0,1890000.0,1693
8077332,1,2,1,10,2024,1,30,4.0,1300000.0,46006
8041986,1,1,1,10,2024,2,43,10.0,700000.0,8799
8050962,1,2,1,10,2024,2,51,10.0,5000000.0,29326
8040363,1,1,1,10,2024,2,49,10.0,700000.0,5032
8040259,1,2,1,10,2024,2,27,8.0,500000.0,4791
8039310,1,1,1,10,2024,2,33,8.0,1700000.0,2852
8075619,1,1,1,10,2024,1,77,3.0,500000.0,41611
8076483,1,10,1,10,2024,1,46,5.0,1000000.0,43976
8079163,1,2,1,10,2024,1,70,3.0,350000.0,50008
8046209,1,1,1,10,2024,2,51,8.0,1200000.0,18975
8078954,1,1,1,10,2024,1,59,3.0,300000.0,49530
8045435,1,1,1,10,2024,2,48,10.0,2500000.0,17251
8044241,1,3,1,10,2024,2,34,4.0,150000.0,13939
8039259,1,1,1,10,2024,2,34,10.0,960000.0,2708
8078823,1,1,1,10,2024,1,24,4.0,1390000.0,49229
8047605,1,1,1,10,2024,2,46,10.0,2600000.0,21959
8047867,1,1,1,10,2024,2,27,4.0,650000.0,22578
8076723,1,2,1,10,2024,1,37,12.0,8400000.0,44534
8046129,1,4,1,10,2024,1,25,11.0,400000.0,18780
8079057,1,1,1,10,2024,1,58,3.0,1500000.0,49776
8042442,1,3,1,10,2024,1,24,10.0,1230000.0,9826
8050951,1,1,1,10,2024,1,57,3.0,1300000.0,29285
8083815,1,5,1,10,2024,1,33,5.0,1850000.0,59803
8053265,1,1,1,10,2024,2,44,10.0,3500000.0,34746
8086629,1,1,1,10,2024,2,63,10.0,5000000.0,64168
8085070,1,2,1,10,2024,2,20,10.0,1300000.0,62556
8047142,1,2,1,10,2024,2,36,5.0,1300000.0,21059
8048465,1,1,1,10,2024,1,28,3.0,1300000.0,23729
8078728,1,1,1,10,2024,2,61,4.0,500000.0,49026
8049060,1,2,1,10,2024,2,44,5.0,240000.0,24851
8039452,1,1,1,10,2024,1,38,8.0,4000000.0,3073
8080605,1,2,1,10,2024,2,18,8.0,600000.0,53413
8079335,1,1,1,10,2024,1,40,3.0,1000000.0,50516
8076037,1,2,1,10,2024,1,45,3.0,600000.0,42816
8039993,1,1,1,10,2024,2,24,5.0,1460000.0,4135
8052441,1,1,1,10,2024,1,25,5.0,1500000.0,32799
8079867,1,1,1,10,2024,1,64,8.0,4500000.0,51784
8077379,1,1,1,10,2024,1,67,3.0,1300000.0,46126
8051303,1,1,1,10,2024,2,30,9.0,1500000.0,29825
8048832,1,3,1,10,2024,2,22,10.0,750000.0,24393
8039782,1,1,1,10,2024,2,57,3.0,1200000.0,3710
8051761,1,1,1,10,2024,1,29,11.0,7000000.0,30984
8082737,1,1,1,10,2024,1,38,6.0,1500000.0,57454
8083895,1,1,1,10,2024,1,20,5.0,1300000.0,59966
8047689,1,1,1,10,2024,2,48,5.0,440000.0,22141
8053432,1,1,1,10,2024,2,52,8.0,2000000.0,35168
8044127,1,1,1,10,2024,1,26,6.0,1400000.0,13700
8047269,1,1,1,10,2024,1,61,10.0,3400000.0,21327
8041533,1,1,1,10,2024,2,43,5.0,2000000.0,7799
8076918,1,1,1,10,2024,1,23,5.0,1680000.0,44964
8078624,1,2,1,10,2024,2,17,5.0,1200000.0,48820
8041043,1,1,1,10,2024,2,26,5.0,1462000.0,6659
8046819,1,1,1,10,2024,2,73,12.0,13000000.0,20521
8084524,1,1,1,10,2024,2,48,5.0,1300000.0,61357
8055556,1,1,1,10,2024,2,44,10.0,7000000.0,39537
8048918,1,2,1,10,2024,1,26,5.0,1000000.0,24590
8076015,1,3,1,10,2024,1,73,1.0,840000.0,42749
8047658,1,1,1,10,2024,2,40,11.0,4000000.0,22078
8055831,1,1,1,10,2024,2,25,10.0,1300000.0,40067
8045121,1,3,1,10,2024,1,41,5.0,2500000.0,16394
8046675,1,2,1,10,2024,1,55,9.0,1500000.0,20179
8085931,1,2,1,10,2024,2,25,10.0,2500000.0,63054
8046284,1,2,1,10,2024,1,66,1.0,500000.0,19156
8079827,1,2,1,10,2024,2,58,12.0,5000000.0,51689
8039147,1,2,1,10,2024,2,56,5.0,300000.0,2439
8077837,1,1,1,10,2024,1,54,4.0,1000000.0,47055
8046155,1,1,1,10,2024,1,62,5.0,1000000.0,18834
8046069,1,4,1,10,2024,1,34,1.0,1300000.0,18638
8050975,1,1,1,10,2024,2,64,5.0,1000000.0,29359
8048127,1,1,1,10,2024,2,66,3.0,100000.0,23114
8041982,1,3,1,10,2024,2,22,10.0,1800000.0,8791
8042766,1,1,1,10,2024,2,43,8.0,1850000.0,10504
8054397,1,1,1,10,2024,1,43,5.0,1200000.0,37173
8050127,1,3,1,10,2024,1,20,3.0,1000000.0,27163
8053914,1,2,1,10,2024,2,28,10.0,5759000.0,36131
8048435,1,2,1,10,2024,2,39,10.0,1500000.0,23677
8051937,1,3,1,10,2024,1,23,5.0,1000000.0,31448
8050109,1,2,1,10,2024,2,26,4.0,400000.0,27125
8050399,1,1,1,10,2024,2,53,11.0,22000000.0,27845
8051452,1,1,1,10,2024,1,42,5.0,1300000.0,30238
8079876,1,2,1,10,2024,1,60,5.0,1300000.0,51820
8081892,1,1,1,10,2024,2,38,10.0,2000000.0,55800
8047353,1,1,1,10,2024,2,77,3.0,200000.0,21496
8085819,1,1,1,10,2024,2,45,5.0,1800000.0,62921
8045438,1,1,1,10,2024,1,53,5.0,1300000.0,17258
8041040,1,1,1,10,2024,1,62,10.0,5000000.0,6652
8079616,1,1,1,10,2024,2,62,3.0,520000.0,51074
8075931,1,1,1,10,2024,1,36,6.0,1300000.0,42477
8049380,1,3,1,10,2024,1,30,5.0,400000.0,25481
8053851,1,3,1,10,2024,1,34,10.0,4000000.0,36014
8047898,1,2,1,10,2024,2,47,3.0,900000.0,22650
8076675,1,1,1,10,2024,1,26,4.0,1600000.0,44424
8078844,1,1,1,10,2024,1,62,10.0,1000000.0,49278
8038970,1,1,1,10,2024,2,50,4.0,1640000.0,1933
8076692,1,1,1,10,2024,2,56,5.0,140000.0,44456
8045724,1,2,1,10,2024,2,54,10.0,4000000.0,18024
8039281,1,1,1,10,2024,1,26,5.0,1300000.0,2772
8079594,1,3,1,10,2024,1,40,5.0,24100000.0,51037
8047541,1,1,1,10,2024,1,38,9.0,2500000.0,21802
8081199,1,4,1,10,2024,2,30,10.0,3000000.0,54548
8045115,1,1,1,10,2024,1,45,3.0,1300000.0,16373
8052030,1,2,1,10,2024,2,42,3.0,900000.0,31667
8082917,1,1,1,10,2024,2,53,8.0,2000000.0,57910
8043630,1,1,1,10,2024,2,32,5.0,600000.0,12480
8052951,1,2,1,10,2024,2,31,10.0,200000.0,34009
8044442,1,1,1,10,2024,1,64,5.0,3000000.0,14555
8056166,1,2,1,10,2024,2,49,5.0,1300000.0,40741
8078139,1,2,1,10,2024,2,23,10.0,980000.0,47709
8053590,1,2,1,10,2024,2,34,8.0,1300000.0,35467
8080974,1,1,1,10,2024,2,58,11.0,6000000.0,54139
8038746,1,1,1,10,2024,2,43,10.0,2000000.0,1383
8046329,1,3,1,10,2024,1,26,3.0,1300000.0,19297
8078653,1,1,1,10,2024,2,40,4.0,1700000.0,48872
8046460,1,1,1,10,2024,2,34,5.0,1300000.0,19594
8078418,1,1,1,10,2024,1,19,5.0,1600000.0,48367
8080747,1,1,1,10,2024,1,48,3.0,1700000.0,53677
8051714,1,2,1,10,2024,1,48,3.0,800000.0,30851
8078926,1,1,1,10,2024,2,74,4.0,500000.0,49462
8041123,1,1,1,10,2024,2,47,4.0,550000.0,6855
8046121,1,1,1,10,2024,2,36,3.0,650000.0,18765
8050222,1,1,1,10,2024,1,56,5.0,1300000.0,27392
8054213,1,1,1,10,2024,1,40,5.0,1500000.0,36759
8047389,1,1,1,10,2024,1,61,9.0,1000000.0,21570
8086005,1,1,1,10,2024,1,64,10.0,4900000.0,63183
8052540,1,1,1,10,2024,1,36,3.0,900000.0,33041
8078689,1,1,1,10,2024,2,44,3.0,1900000.0,48945
8084655,1,5,1,10,2024,2,37,5.0,1000000.0,61618
8043600,1,1,1,10,2024,1,66,4.0,2000000.0,12410
8052248,1,2,1,10,2024,1,37,4.0,450000.0,32238
8047344,1,2,1,10,2024,2,50,3.0,1300000.0,21476
8042467,1,1,1,10,2024,2,49,8.0,1300000.0,9875
8047991,1,1,1,10,2024,1,35,5.0,1800000.0,22808
8038887,1,1,1,10,2024,2,60,8.0,1000000.0,1731
8082286,1,2,1,10,2024,1,36,10.0,1800000.0,56395
8041095,1,3,1,10,2024,2,32,10.0,3900000.0,6761
8083052,1,1,1,10,2024,1,53,4.0,1600000.0,58214
8043107,1,1,1,10,2024,1,60,3.0,2500000.0,11162
8040594,1,1,1,10,2024,1,50,5.0,2000000.0,5616
8053897,1,2,1,10,2024,1,39,6.0,1300000.0,36101
8044725,1,1,1,10,2024,2,50,10.0,900000.0,15328
8083325,1,1,1,10,2024,2,27,3.0,1700000.0,58847
8052401,1,1,1,10,2024,2,34,5.0,450000.0,32708
8038739,1,4,1,10,2024,2,28,10.0,300000.0,1364
8077924,1,1,1,10,2024,1,61,3.0,100000.0,47230
8077727,1,1,1,10,2024,1,30,5.0,360000.0,46830
8055384,1,2,1,10,2024,2,26,6.0,400000.0,39299
8046418,1,2,1,10,2024,2,47,5.0,360000.0,19500
8042485,1,2,1,10,2024,2,35,5.0,1300000.0,9913
8076723,1,1,1,10,2024,2,37,11.0,6200000.0,44533
8049762,1,2,1,10,2024,2,39,9.0,400000.0,26292
8044604,1,1,1,10,2024,2,27,5.0,2000000.0,15013
8080697,1,1,1,10,2024,1,57,5.0,1500000.0,53604
8079639,1,3,1,10,2024,1,32,10.0,1670000.0,51100
8043401,1,3,1,10,2024,2,70,10.0,300000.0,11871
8042484,1,1,1,10,2024,1,37,4.0,1300000.0,9908
8042376,1,1,1,10,2024,1,58,12.0,7000000.0,9668
8076004,1,2,1,10,2024,1,21,4.0,1000000.0,42711
8080783,1,1,1,10,2024,1,70,10.0,3600000.0,53744
8042187,1,5,1,10,2024,2,20,5.0,100000.0,9277
8048345,1,2,1,10,2024,2,19,4.0,1500000.0,23546
8039381,1,3,1,10,2024,1,32,10.0,1300000.0,2937
8040459,1,2,1,10,2024,2,37,9.0,1462000.0,5283
8038677,1,2,1,10,2024,2,62,10.0,500000.0,1170
8084489,2,1,2,10,2024,2,34,8.0,1300000.0,61287
8038653,1,3,1,10,2024,2,62,11.0,4000000.0,1094
8043839,1,1,1,10,2024,1,20,5.0,1300000.0,13025
8056200,1,4,1,10,2024,1,33,4.0,150000.0,40786
8080915,1,2,1,10,2024,2,21,10.0,1300000.0,54004
8050162,1,3,1,10,2024,2,28,10.0,1400000.0,27239
8043597,1,2,1,10,2024,1,22,4.0,600000.0,12403
8085044,1,2,1,10,2024,1,28,10.0,3900000.0,62520
8050395,1,1,1,10,2024,2,46,8.0,4500000.0,27838
8086818,1,2,1,10,2024,2,65,3.0,600000.0,64546
8078554,1,1,1,10,2024,1,50,6.0,1200000.0,48658
8042390,1,2,1,10,2024,2,65,5.0,2150000.0,9702
8052665,1,1,1,10,2024,1,51,3.0,500000.0,33352
8078544,1,2,1,10,2024,2,46,1.0,360000.0,48643
8040477,1,1,1,10,2024,1,56,3.0,1000000.0,5326
8078032,1,1,1,10,2024,1,64,12.0,3600000.0,47501
8078700,1,1,1,10,2024,1,59,10.0,2000000.0,48965
8075934,1,1,1,10,2024,1,25,5.0,850000.0,42493
8042248,1,2,1,10,2024,2,45,5.0,600000.0,9419
8045394,1,3,1,10,2024,1,30,10.0,1300000.0,17131
8081032,1,2,1,10,2024,2,45,10.0,1200000.0,54259
8078833,1,2,1,10,2024,2,57,3.0,600000.0,49255
8047638,1,1,1,10,2024,1,55,3.0,1300000.0,22044
8044244,1,1,1,10,2024,2,46,4.0,1000000.0,13954
8084777,1,3,1,10,2024,1,52,4.0,1400000.0,61890
8078050,1,1,1,10,2024,1,23,4.0,1100000.0,47533
8044523,1,1,1,10,2024,2,77,4.0,400000.0,14783
8042198,1,2,1,10,2024,2,58,3.0,750000.0,9305
8084828,1,2,1,10,2024,1,54,5.0,1200000.0,62000
8079869,1,2,1,10,2024,1,56,10.0,2000000.0,51792
8078301,1,1,1,10,2024,2,40,3.0,200000.0,48116
8082932,1,1,1,10,2024,2,34,10.0,1500000.0,57934
8080837,1,2,1,10,2024,2,48,8.0,1500000.0,53862
8077639,1,2,1,10,2024,2,36,5.0,1100000.0,46642
8043964,1,1,1,10,2024,2,72,10.0,3500000.0,13354
8048014,1,1,1,10,2024,1,45,8.0,4000000.0,22856
8042877,1,1,1,10,2024,2,30,8.0,500000.0,10737
8043993,1,3,1,10,2024,1,23,9.0,1300000.0,13400
8043632,1,1,1,10,2024,1,34,3.0,700000.0,12485
8042628,1,2,1,10,2024,1,24,6.0,1600000.0,10198
8044902,1,1,1,10,2024,2,45,12.0,5500000.0,15798
8077793,1,1,1,10,2024,1,50,3.0,1600000.0,46972
8047775,1,2,1,10,2024,1,25,4.0,150000.0,22347
8054602,1,3,1,10,2024,2,49,5.0,800000.0,37591
8056205,1,2,1,10,2024,2,39,6.0,1000000.0,40801
8038757,1,5,1,10,2024,1,30,3.0,800000.0,1426
8041038,1,3,1,10,2024,2,20,5.0,1300000.0,6648
8045165,1,1,1,10,2024,2,41,4.0,1500000.0,16501
8081099,1,3,1,10,2024,1,27,5.0,1000000.0,54399
8039818,1,1,1,10,2024,1,61,5.0,1300000.0,3776
8078170,1,1,1,10,2024,1,50,4.0,300000.0,47792
8083416,1,1,1,10,2024,2,55,4.0,250000.0,59020
8084218,1,1,1,10,2024,2,38,5.0,600000.0,60731
8039778,1,1,1,10,2024,2,41,8.0,600000.0,3706
8056074,1,4,1,10,2024,2,25,5.0,1400000.0,40538
8045403,1,1,1,10,2024,2,43,5.0,600000.0,17164
8042231,1,1,1,10,2024,1,56,5.0,900000.0,9377
8051782,1,2,1,10,2024,2,48,5.0,2000000.0,31029
8044659,1,1,1,10,2024,1,47,12.0,5000000.0,15163
8045954,1,1,1,10,2024,1,64,5.0,415000.0,18331
8055065,1,1,1,10,2024,1,44,5.0,600000.0,38703
8045138,1,2,1,10,2024,2,42,3.0,1300000.0,16439
8044379,1,1,1,10,2024,1,33,10.0,4000000.0,14385
8043224,1,1,1,10,2024,2,44,4.0,1440000.0,11431
8051998,1,1,1,10,2024,2,67,3.0,700000.0,31589
8043996,1,1,1,10,2024,1,43,3.0,1920000.0,13406
8044280,1,1,1,10,2024,2,61,3.0,700000.0,14101
8054411,1,1,1,10,2024,2,36,5.0,500000.0,37206
8047916,1,2,1,10,2024,2,28,10.0,6500000.0,22686
8080096,1,1,1,10,2024,2,28,11.0,700000.0,52260
8043212,1,2,1,10,2024,2,49,8.0,2400000.0,11405
8040845,1,3,1,10,2024,2,44,10.0,1000000.0,6164
8054053,1,1,1,10,2024,1,27,6.0,1400000.0,36396
8081587,1,1,1,10,2024,1,59,3.0,900000.0,55442
8054302,1,2,1,10,2024,1,37,8.0,1300000.0,36944
8050078,1,1,1,10,2024,2,39,5.0,600000.0,27061
8084888,1,2,1,10,2024,2,22,10.0,1300000.0,62129
8081032,1,4,1,10,2024,1,15,5.0,630000.0,54261
8077350,1,1,1,10,2024,2,68,4.0,120000.0,46061
8056208,1,4,1,10,2024,2,41,5.0,1600000.0,40812
8079548,1,4,1,10,2024,1,19,5.0,1300000.0,50967
8083769,1,2,1,10,2024,1,36,5.0,1460000.0,59718
8047196,1,1,1,10,2024,1,45,8.0,2000000.0,21172
8038991,1,1,1,10,2024,1,31,5.0,1400000.0,1990
8038863,1,2,1,10,2024,2,42,10.0,3200000.0,1672
8046569,1,2,1,10,2024,1,36,5.0,1300000.0,19911
8050250,1,1,1,10,2024,2,69,3.0,1300000.0,27458
8050109,1,1,1,10,2024,1,23,3.0,800000.0,27124
8044199,1,3,1,10,2024,2,15,4.0,600000.0,13872
8043228,1,1,1,10,2024,1,46,10.0,3000000.0,11441
8054778,1,1,1,10,2024,2,58,3.0,600000.0,38052
8043500,1,1,1,10,2024,2,43,10.0,3985000.0,12162
8045369,1,2,1,10,2024,1,24,6.0,1200000.0,17063
8047623,1,2,1,10,2024,1,32,5.0,1300000.0,22001
8038657,1,2,1,10,2024,1,44,3.0,600000.0,1108
8079852,1,1,1,10,2024,1,54,10.0,1500000.0,51746
8039264,1,1,1,10,2024,1,44,10.0,3600000.0,2722
8055049,1,2,1,10,2024,2,48,10.0,1000000.0,38673
8044433,1,2,1,10,2024,2,26,5.0,480000.0,14537
8076199,1,1,1,10,2024,1,58,3.0,700000.0,43300
8083279,1,2,1,10,2024,2,28,5.0,0.0,58730
8042503,1,2,1,10,2024,2,35,8.0,800000.0,9955
8078189,1,2,1,10,2024,2,35,10.0,500000.0,47823
8080606,1,3,1,10,2024,1,23,5.0,1600000.0,53420
8053549,1,2,1,10,2024,2,26,5.0,1500000.0,35362
8044328,1,2,1,10,2024,2,37,4.0,560000.0,14255
8039141,1,2,1,10,2024,2,24,5.0,1300000.0,2425
8039441,1,3,1,10,2024,1,25,5.0,1300000.0,3054
8083475,1,3,1,10,2024,2,40,5.0,1000000.0,59151
8045164,1,2,1,10,2024,1,43,3.0,800000.0,16500
8038278,1,2,1,10,2024,2,33,9.0,1300000.0,245
8049553,1,2,1,10,2024,1,51,5.0,480000.0,25743
8041208,1,3,1,10,2024,1,30,5.0,360000.0,7076
8043609,1,1,1,10,2024,2,35,4.0,600000.0,12432
8045495,1,4,1,10,2024,1,37,3.0,1000000.0,17435
8080139,1,1,1,10,2024,2,24,8.0,1300000.0,52398
8049863,1,2,1,10,2024,2,34,10.0,1300000.0,26541
8053394,1,2,1,10,2024,1,25,9.0,1400000.0,35106
8076897,1,1,1,10,2024,1,57,11.0,5000000.0,44921
8044918,1,2,1,10,2024,2,70,3.0,400000.0,15847
8079181,1,1,1,10,2024,2,41,10.0,2500000.0,50058
8077328,1,2,1,10,2024,2,36,10.0,7000000.0,45997
8043335,1,5,1,10,2024,2,44,4.0,2350000.0,11720
8052719,1,2,1,10,2024,1,59,3.0,1400000.0,33429
8048861,1,3,1,10,2024,1,24,10.0,1500000.0,24461
8055637,1,1,1,10,2024,1,76,3.0,240000.0,39652
8052024,1,1,1,10,2024,1,43,3.0,1800000.0,31648
8082636,1,2,1,10,2024,2,32,5.0,250000.0,57168
8082879,1,1,1,10,2024,2,40,5.0,2000000.0,57814
8038356,1,3,1,10,2024,1,21,5.0,1300000.0,454
8039688,1,1,1,10,2024,2,30,5.0,1300000.0,3523
8080130,1,2,1,10,2024,2,40,3.0,600000.0,52372
8039550,1,3,1,10,2024,2,27,11.0,4400000.0,3285
8078254,1,1,1,10,2024,2,58,3.0,300000.0,47989
8048793,1,1,1,10,2024,2,30,8.0,731000.0,24312
8052910,1,2,1,10,2024,1,36,3.0,800000.0,33889
8044960,1,2,1,10,2024,2,55,10.0,2000000.0,15944
8056413,1,1,1,10,2024,2,60,5.0,2000000.0,41302
8084844,1,2,1,10,2024,2,49,12.0,2000000.0,62033
8085795,1,1,1,10,2024,2,39,5.0,800000.0,62887
8085064,1,2,1,10,2024,2,34,11.0,4300000.0,62549
8084227,1,1,1,10,2024,2,36,8.0,300000.0,60749
8040848,1,4,1,10,2024,2,20,9.0,1300000.0,6174
8050953,1,1,1,10,2024,2,45,3.0,1000000.0,29296
8080484,1,3,1,10,2024,1,23,6.0,1300000.0,53171
8052499,1,1,1,10,2024,1,48,3.0,900000.0,32938
8082800,1,2,1,10,2024,2,61,8.0,950000.0,57624
8075748,1,1,1,10,2024,2,41,5.0,150000.0,41965
8079855,1,3,1,10,2024,2,43,5.0,1000000.0,51752
8084264,1,2,1,10,2024,2,30,10.0,2200000.0,60842
8041847,1,2,1,10,2024,2,29,9.0,1300000.0,8409
8082587,1,1,1,10,2024,1,34,5.0,250000.0,57058
8055066,1,1,1,10,2024,2,73,5.0,100000.0,38704
8042401,1,1,1,10,2024,2,49,10.0,3600000.0,9729
8042540,1,1,1,10,2024,1,48,5.0,13000000.0,10032
8046761,1,2,1,10,2024,2,53,8.0,1300000.0,20390
8044883,1,1,1,10,2024,2,20,8.0,1300000.0,15746
8039408,1,2,1,10,2024,1,55,8.0,1460000.0,2999
8054891,1,2,1,10,2024,2,28,10.0,2100000.0,38301
8052703,1,1,1,10,2024,1,58,3.0,1000000.0,33396
8049648,1,1,1,10,2024,2,37,9.0,1300000.0,25989
8042810,1,1,1,10,2024,2,49,8.0,1600000.0,10604
8079780,1,2,1,10,2024,2,24,5.0,1400000.0,51550
8048355,1,1,1,10,2024,2,54,3.0,1300000.0,23563
8039428,1,1,1,10,2024,1,56,4.0,2200000.0,3024
8077563,1,1,1,10,2024,1,35,5.0,1300000.0,46485
8053382,1,2,1,10,2024,1,56,3.0,500000.0,35067
8038813,1,2,1,10,2024,2,43,8.0,1300000.0,1550
8044923,1,1,1,10,2024,2,41,5.0,800000.0,15855
8080882,1,1,1,10,2024,2,23,10.0,500000.0,53944
8044675,1,1,1,10,2024,1,45,10.0,1500000.0,15198
8046795,1,1,1,10,2024,2,48,3.0,1260000.0,20454
8045405,1,2,1,10,2024,1,31,4.0,1500000.0,17171
8048174,2,1,2,10,2024,2,66,3.0,0.0,23237
8048159,1,1,1,10,2024,2,20,4.0,1200000.0,23210
8044974,1,1,1,10,2024,2,43,11.0,8000000.0,15973
8085029,1,4,1,10,2024,2,26,5.0,800000.0,62459
8076870,1,1,1,10,2024,1,48,8.0,1650000.0,44865
8040993,1,2,1,10,2024,2,44,5.0,1600000.0,6527
8052914,1,1,1,10,2024,1,52,7.0,2600000.0,33895
8054917,1,1,1,10,2024,1,37,5.0,1500000.0,38360
8082874,1,2,1,10,2024,2,52,10.0,4500000.0,57804
8084308,1,2,1,10,2024,1,18,3.0,250000.0,60930
8053110,1,2,1,10,2024,2,40,10.0,4132000.0,34422
8038840,1,2,1,10,2024,2,47,11.0,3000000.0,1615
8043756,1,1,1,10,2024,1,27,5.0,1400000.0,12816
8055224,1,1,1,10,2024,1,64,3.0,1600000.0,39007
8043917,1,1,1,10,2024,1,74,11.0,1800000.0,13214
8046219,1,3,1,10,2024,1,23,5.0,1300000.0,18993
8039677,1,1,1,10,2024,2,36,10.0,1700000.0,3494
8049373,1,2,1,10,2024,2,43,3.0,800000.0,25457
8083671,1,1,1,10,2024,1,58,4.0,2000000.0,59515
8076971,1,1,1,10,2024,2,43,4.0,600000.0,45070
8047678,1,2,1,10,2024,2,40,5.0,1200000.0,22122
8038733,1,3,1,10,2024,2,26,10.0,2600000.0,1344
8039494,1,3,1,10,2024,1,26,5.0,1300000.0,3161
8075735,1,1,1,10,2024,1,48,4.0,480000.0,41938
8042319,1,2,1,10,2024,2,26,10.0,1300000.0,9552
8051823,1,1,1,10,2024,2,42,5.0,100000.0,31152
8040891,1,2,1,10,2024,1,34,5.0,1200000.0,6290
8041165,1,1,1,10,2024,2,45,8.0,1300000.0,6947
8078028,1,2,1,10,2024,2,60,3.0,600000.0,47489
8076408,1,1,1,10,2024,1,57,5.0,1200000.0,43781
8055640,1,4,1,10,2024,1,30,5.0,1300000.0,39666
8039292,1,1,1,10,2024,2,39,12.0,5700000.0,2805
8055075,1,1,1,10,2024,2,69,4.0,0.0,38710
8041143,1,1,1,10,2024,1,75,13.0,13000000.0,6894
8046897,1,2,1,10,2024,1,44,6.0,1300000.0,20690
8051313,1,1,1,10,2024,2,41,3.0,1300000.0,29860
8042759,1,2,1,10,2024,1,29,3.0,1500000.0,10488
8055656,1,2,1,10,2024,2,30,10.0,1800000.0,39720
8040498,1,3,1,10,2024,2,43,10.0,4200000.0,5376
8039797,1,1,1,10,2024,1,72,5.0,210000.0,3739
8045129,1,3,1,10,2024,1,20,5.0,130000.0,16422
8042954,1,1,1,10,2024,1,57,3.0,1400000.0,10816
8083604,1,2,1,10,2024,2,39,9.0,1800000.0,59396
8052958,1,1,1,10,2024,1,22,5.0,1500000.0,34028
8039583,1,1,1,10,2024,1,64,4.0,300000.0,3332
8076964,1,1,1,10,2024,2,71,3.0,400000.0,45054
8076444,1,1,1,10,2024,1,24,3.0,750000.0,43861
8049891,1,5,1,10,2024,2,26,3.0,600000.0,26618
8048079,1,3,1,10,2024,2,27,10.0,1800000.0,23001
8083701,1,1,1,10,2024,1,65,3.0,1300000.0,59581
8054430,1,5,1,10,2024,2,43,8.0,1300000.0,37261
8042237,1,2,1,10,2024,1,89,3.0,2400000.0,9394
8078291,1,2,1,10,2024,2,52,3.0,0.0,48091
8039750,1,1,1,10,2024,1,35,10.0,1462000.0,3653
8079490,1,3,1,10,2024,2,30,10.0,4600000.0,50859
8084631,1,1,1,10,2024,1,68,3.0,1800000.0,61543
8045450,1,1,1,10,2024,2,24,11.0,2000000.0,17302
8081030,1,2,1,10,2024,1,35,4.0,400000.0,54257
8044520,1,2,1,10,2024,1,40,3.0,700000.0,14775
8079216,1,2,1,10,2024,1,63,3.0,150000.0,50152
8080114,1,1,1,10,2024,1,45,8.0,1700000.0,52314
8039069,1,4,1,10,2024,2,30,5.0,1300000.0,2200
8076009,1,1,1,10,2024,1,31,4.0,1040000.0,42726
8047525,1,2,1,10,2024,2,38,9.0,500000.0,21765
8043000,1,1,1,10,2024,2,39,3.0,200000.0,10915
8041619,1,1,1,10,2024,2,38,5.0,1300000.0,7981
8052113,1,1,1,10,2024,1,37,5.0,900000.0,31875
8079582,1,1,1,10,2024,2,67,5.0,1250000.0,51006
8083600,1,1,1,10,2024,2,43,8.0,1900000.0,59386
8052077,1,2,1,10,2024,1,32,4.0,600000.0,31784
8038489,1,1,1,10,2024,2,36,5.0,1700000.0,752
8079540,1,2,1,10,2024,2,19,5.0,1000000.0,50957
8047060,1,2,1,10,2024,2,45,10.0,2615000.0,20911
8050952,1,1,1,10,2024,1,30,3.0,1500000.0,29291
8083568,1,1,1,10,2024,2,58,10.0,3800000.0,59321
8080173,1,2,1,10,2024,2,23,5.0,1000000.0,52477
8082973,1,1,1,10,2024,2,44,5.0,1000000.0,58022
8042333,1,2,1,10,2024,1,65,3.0,800000.0,9582
8045508,1,2,1,10,2024,1,27,8.0,400000.0,17477
8082861,1,1,1,10,2024,2,27,5.0,1700000.0,57757
8086642,1,1,1,10,2024,1,52,3.0,600000.0,64199
8076348,1,1,1,10,2024,1,35,3.0,800000.0,43627
8051829,1,4,1,10,2024,2,37,3.0,1650000.0,31179
8049249,1,1,1,10,2024,2,34,10.0,1000000.0,25191
8075772,1,1,1,10,2024,2,54,8.0,1800000.0,42030
8075788,1,1,1,10,2024,1,55,3.0,300000.0,42080
8079831,1,2,1,10,2024,2,27,10.0,4600000.0,51699
8041141,1,2,1,10,2024,1,48,10.0,1200000.0,6891
8084578,1,1,1,10,2024,1,34,6.0,1300000.0,61474
8085833,1,2,1,10,2024,2,33,11.0,4000000.0,62942
8038351,1,2,1,10,2024,2,50,4.0,700000.0,435
8045577,1,1,1,10,2024,1,31,10.0,1890000.0,17659
8056090,1,4,1,10,2024,2,10,3.0,,40578
8079636,1,4,1,10,2024,2,24,4.0,200000.0,51094
8077988,1,3,1,10,2024,2,27,10.0,500000.0,47398
8043409,1,1,1,10,2024,2,56,3.0,720000.0,11894
8053455,1,2,1,10,2024,2,28,8.0,405000.0,35191
8051953,1,1,1,10,2024,1,38,5.0,1700000.0,31498
8056398,1,1,1,10,2024,1,23,4.0,500000.0,41254
8082804,1,1,1,10,2024,1,50,5.0,5000000.0,57631
8078118,1,1,1,10,2024,2,52,3.0,800000.0,47674
8046298,1,3,1,10,2024,1,41,9.0,1300000.0,19219
8052831,1,2,1,10,2024,2,30,4.0,800000.0,33709
8080166,1,2,1,10,2024,2,24,8.0,1300000.0,52458
8038325,1,2,1,10,2024,2,35,10.0,3800000.0,377
8044982,1,2,1,10,2024,2,36,8.0,1800000.0,15993
8042010,1,1,1,10,2024,1,34,10.0,1000000.0,8861
8047976,1,2,1,10,2024,2,24,9.0,1450000.0,22782
8084871,1,3,1,10,2024,2,27,5.0,1600000.0,62100
8051443,1,1,1,10,2024,2,41,10.0,1600000.0,30215
8041824,1,2,1,10,2024,2,46,8.0,1500000.0,8349
8043703,1,2,1,10,2024,1,33,3.0,1200000.0,12675
8052086,1,3,1,10,2024,2,28,8.0,300000.0,31811
8053201,1,3,1,10,2024,1,24,5.0,2200000.0,34594
8039301,1,2,1,10,2024,2,20,8.0,1500000.0,2830
8084289,1,1,1,10,2024,1,66,3.0,400000.0,60897
8038415,1,3,1,10,2024,1,46,3.0,600000.0,612
8081298,1,2,1,10,2024,2,34,9.0,1300000.0,54821
8077793,1,3,1,10,2024,1,26,6.0,480000.0,46974
8043669,1,1,1,10,2024,2,31,3.0,600000.0,12596
8054177,1,1,1,10,2024,2,67,5.0,150000.0,36663
8084879,1,1,1,10,2024,1,39,5.0,2500000.0,62112
8050832,1,3,1,10,2024,2,28,4.0,600000.0,28959
8078939,1,1,1,10,2024,2,62,3.0,300000.0,49495
8052025,1,1,1,10,2024,1,55,10.0,3600000.0,31651
8042385,1,2,1,10,2024,2,65,9.0,800000.0,9684
8051668,1,3,1,10,2024,2,38,11.0,3500000.0,30737
8082958,1,1,1,10,2024,2,26,4.0,500000.0,57974
8044156,1,1,1,10,2024,1,53,5.0,1400000.0,13778
8077620,1,1,1,10,2024,1,81,1.0,1200000.0,46606
8082847,1,4,1,10,2024,2,39,4.0,500000.0,57733
8054173,1,1,1,10,2024,2,38,5.0,700000.0,36649
8082187,1,1,1,10,2024,2,32,8.0,1500000.0,56258
8084596,1,1,1,10,2024,1,68,10.0,2400000.0,61489
8052059,1,1,1,10,2024,1,30,8.0,2300000.0,31725
8038419,1,1,1,10,2024,2,55,3.0,300000.0,626
8042773,1,1,1,10,2024,2,52,4.0,2000000.0,10515
8044356,1,5,1,10,2024,2,29,10.0,1450000.0,14339
8055266,1,2,1,10,2024,2,40,12.0,3500000.0,39070
8084456,1,2,1,10,2024,1,52,4.0,1600000.0,61236
8079487,1,2,1,10,2024,1,51,11.0,4500000.0,50853
8040392,1,1,1,10,2024,1,45,4.0,1300000.0,5101
8043772,1,1,1,10,2024,1,26,5.0,1200000.0,12864
8079318,1,2,1,10,2024,1,67,4.0,600000.0,50486
8052639,1,1,1,10,2024,2,61,3.0,1500000.0,33310
8039305,1,2,1,10,2024,1,57,3.0,400000.0,2840
8041271,1,1,1,10,2024,2,34,5.0,1300000.0,7212
8086516,1,3,1,10,2024,1,24,5.0,1200000.0,63859
8050402,1,1,1,10,2024,2,50,3.0,900000.0,27850
8053348,1,5,1,10,2024,1,22,5.0,900000.0,34947
8047641,1,1,1,10,2024,2,44,10.0,1780000.0,22053
8083599,1,1,1,10,2024,1,51,5.0,1900000.0,59384
8051594,1,1,1,10,2024,2,24,5.0,1300000.0,30551
8053138,1,1,1,10,2024,2,59,10.0,12000000.0,34459
8076768,1,3,1,10,2024,2,29,8.0,1500000.0,44651
8075950,1,1,1,10,2024,1,26,3.0,120000.0,42541
8052737,1,3,1,10,2024,1,29,5.0,1200000.0,33473
8078749,1,2,1,10,2024,2,41,5.0,1440000.0,49077
8083459,1,1,1,10,2024,2,52,10.0,2400000.0,59118
8043198,1,3,1,10,2024,2,48,10.0,200000.0,11382
8050104,1,1,1,10,2024,1,52,5.0,1502000.0,27117
8042488,1,4,1,10,2024,1,32,9.0,2600000.0,9923
8080377,1,3,1,10,2024,2,37,9.0,1300000.0,52999
8046760,1,1,1,10,2024,1,58,4.0,2000000.0,20385
8040598,1,2,1,10,2024,2,37,8.0,1300000.0,5628
8075622,1,2,1,10,2024,2,22,8.0,800000.0,41621
8047282,1,2,1,10,2024,2,23,10.0,1300000.0,21355
8082893,1,2,1,10,2024,2,23,5.0,1600000.0,57855
8053798,1,5,1,10,2024,2,51,5.0,1300000.0,35904
8047960,1,2,1,10,2024,2,56,11.0,5000000.0,22742
8044507,1,1,1,10,2024,2,62,4.0,800000.0,14729
8045394,1,1,1,10,2024,1,61,11.0,5400000.0,17129
8044887,1,2,1,10,2024,2,29,3.0,800000.0,15754
8083387,1,2,1,10,2024,1,57,10.0,5000000.0,58957
8045400,1,2,1,10,2024,2,30,8.0,3400000.0,17154
8043796,1,1,1,10,2024,2,56,6.0,1400000.0,12935
8052937,1,1,1,10,2024,1,55,5.0,1300000.0,33963
8044631,1,1,1,10,2024,1,30,5.0,1800000.0,15082
8041704,1,2,1,10,2024,2,56,3.0,720000.0,8171
8041626,1,1,1,10,2024,2,33,12.0,5500000.0,7998
8045563,1,1,1,10,2024,1,62,5.0,400000.0,17616
8041465,1,1,1,10,2024,2,25,5.0,720000.0,7625
8052346,1,1,1,10,2024,1,24,5.0,1500000.0,32521
8078826,1,1,1,10,2024,2,44,4.0,1100000.0,49237
8077406,1,1,1,10,2024,1,22,5.0,1500000.0,46186
8054357,1,1,1,10,2024,1,44,1.0,900000.0,37076
8080773,1,2,1,10,2024,2,23,10.0,1418000.0,53730
8038462,1,1,1,10,2024,1,72,8.0,1300000.0,690
8042892,1,1,1,10,2024,2,32,10.0,2010000.0,10767
8048591,1,1,1,10,2024,1,72,10.0,3000000.0,23966
8084045,1,5,1,10,2024,2,39,10.0,3500000.0,60341
8043822,1,4,1,10,2024,2,34,11.0,2200000.0,12991
8045541,1,1,1,10,2024,1,62,10.0,11000000.0,17560
8079855,1,2,1,10,2024,2,22,5.0,1300000.0,51751
8053729,1,1,1,10,2024,1,61,3.0,1200000.0,35823
8052061,1,2,1,10,2024,2,28,5.0,400000.0,31733
8043317,1,4,1,10,2024,1,61,3.0,800000.0,11662
8082822,1,1,1,10,2024,1,29,4.0,1300000.0,57674
8039830,1,1,1,10,2024,2,40,5.0,1500000.0,3798
8049734,1,2,1,10,2024,1,68,5.0,5960000.0,26213
8055470,1,1,1,10,2024,1,44,4.0,600000.0,39417
8052312,1,3,1,10,2024,1,17,3.0,400000.0,32423
8053370,1,1,1,10,2024,1,40,10.0,1800000.0,35028
8085044,1,1,1,10,2024,2,26,10.0,3900000.0,62519
8084257,1,1,1,10,2024,2,44,10.0,1900000.0,60826
8051923,1,1,1,10,2024,1,32,5.0,1500000.0,31417
8053022,1,2,1,10,2024,2,50,5.0,500000.0,34242
8055445,1,1,1,10,2024,1,41,10.0,2800000.0,39383
8040987,1,1,1,10,2024,2,50,5.0,200000.0,6512
8044039,1,1,1,10,2024,2,53,3.0,200000.0,13492
8076550,1,1,1,10,2024,2,22,5.0,400000.0,44138
8084009,1,1,1,10,2024,1,24,5.0,2000000.0,60217
8044799,1,2,1,10,2024,2,42,6.0,800000.0,15492
8051944,1,3,1,10,2024,1,24,10.0,2500000.0,31470
8084817,1,1,1,10,2024,1,58,3.0,600000.0,61971
8084559,1,2,1,10,2024,1,43,4.0,980000.0,61433
8045615,1,1,1,10,2024,1,51,3.0,800000.0,17720
8079044,1,2,1,10,2024,1,29,8.0,1400000.0,49752
8084599,1,1,1,10,2024,2,33,5.0,1300000.0,61497
8048301,1,1,1,10,2024,2,48,3.0,1600000.0,23464
8045943,1,3,1,10,2024,1,22,5.0,700000.0,18296
8047900,1,1,1,10,2024,1,66,3.0,1300000.0,22662
8084029,1,3,1,10,2024,2,36,10.0,3500000.0,60281
8053978,1,2,1,10,2024,2,25,8.0,1300000.0,36261
8041604,1,2,1,10,2024,2,32,9.0,600000.0,7952
8047613,1,3,1,10,2024,2,28,5.0,1300000.0,21980
8051594,1,2,1,10,2024,1,25,5.0,1300000.0,30552
8046050,1,1,1,10,2024,1,69,3.0,400000.0,18591
8083393,1,1,1,10,2024,2,41,3.0,850000.0,58969
8047940,1,1,1,10,2024,2,32,8.0,1300000.0,22720
8082964,1,3,1,10,2024,2,22,5.0,560000.0,57995
8038358,1,1,1,10,2024,1,50,11.0,15400000.0,459
8075825,1,4,1,10,2024,1,22,5.0,1000000.0,42185
8084074,1,2,1,10,2024,2,41,5.0,1300000.0,60442
8051854,1,3,1,10,2024,2,29,11.0,4000000.0,31260
8079125,1,1,1,10,2024,1,59,5.0,900000.0,49910
8076004,1,3,1,10,2024,1,17,4.0,240000.0,42712
8082754,1,2,1,10,2024,2,34,5.0,1300000.0,57497
8080093,1,1,1,10,2024,2,44,4.0,480000.0,52252
8055071,1,1,1,10,2024,2,41,10.0,1300000.0,38705
8052825,1,1,1,10,2024,1,69,3.0,820000.0,33686
8045268,1,1,1,10,2024,2,38,9.0,1800000.0,16805
8075796,1,2,1,10,2024,1,53,3.0,1000000.0,42105
8044257,1,2,1,10,2024,1,48,4.0,600000.0,14014
8047023,1,2,1,10,2024,2,40,10.0,5000000.0,20851
8078308,1,1,1,10,2024,2,64,3.0,1000000.0,48142
8049558,1,1,1,10,2024,1,47,9.0,600000.0,25757
8085690,1,3,1,10,2024,2,25,10.0,2200000.0,62638
8079675,1,2,1,10,2024,2,55,5.0,500000.0,51190
8054863,1,1,1,10,2024,1,53,5.0,1100000.0,38236
8076107,1,7,1,10,2024,2,28,5.0,240000.0,43017
8081146,1,1,1,10,2024,2,33,9.0,180000.0,54481
8040935,1,2,1,10,2024,2,37,5.0,900000.0,6389
8048313,1,2,1,10,2024,1,27,4.0,1000000.0,23499
8082654,1,2,1,10,2024,1,51,5.0,880000.0,57221
8042858,1,1,1,10,2024,1,59,4.0,3000000.0,10713
8076163,1,4,1,10,2024,1,20,3.0,700000.0,43187
8040194,1,3,1,10,2024,1,23,5.0,1420000.0,4632
8083237,1,4,1,10,2024,1,22,5.0,850000.0,58633
8042223,1,3,1,10,2024,1,26,10.0,4500000.0,9359
8043401,1,5,1,10,2024,2,31,10.0,1700000.0,11873
8038537,1,1,1,10,2024,1,25,5.0,1100000.0,865
8038941,1,2,1,10,2024,2,55,8.0,500000.0,1882
8050314,1,2,1,10,2024,2,56,3.0,250000.0,27582
8086585,1,4,1,10,2024,1,38,10.0,1500000.0,64061
8054394,1,1,1,10,2024,1,28,8.0,16000000.0,37165
8051340,1,1,1,10,2024,1,70,3.0,2480000.0,29929
8083154,1,1,1,10,2024,1,28,6.0,900000.0,58457
8046136,1,1,1,10,2024,2,57,3.0,1620000.0,18782
8039814,1,1,1,10,2024,1,55,10.0,500000.0,3769
8050823,1,1,1,10,2024,1,40,13.0,15500000.0,28935
8045308,1,2,1,10,2024,1,35,4.0,1300000.0,16903
8075829,1,2,1,10,2024,1,65,3.0,1200000.0,42195
8038366,1,3,1,10,2024,1,45,12.0,5200000.0,484
8076608,1,1,1,10,2024,1,46,3.0,1600000.0,44271
8083087,1,3,1,10,2024,1,41,11.0,5000000.0,58306
8056167,1,1,1,10,2024,2,37,8.0,1500000.0,40743
8042371,1,2,1,10,2024,2,57,9.0,1300000.0,9657
8084048,1,4,1,10,2024,1,57,10.0,3000000.0,60360
8080460,1,1,1,10,2024,1,50,4.0,1300000.0,53121
8038865,1,4,1,10,2024,1,20,5.0,1600000.0,1681
8045382,1,3,1,10,2024,2,48,5.0,300000.0,17096
8084320,1,2,1,10,2024,2,27,10.0,1400000.0,60962
8047966,1,3,1,10,2024,2,26,5.0,1300000.0,22759
8050321,1,3,1,10,2024,2,39,5.0,900000.0,27608
8079117,1,1,1,10,2024,1,62,1.0,1310000.0,49890
8052744,1,1,1,10,2024,1,53,3.0,820000.0,33486
8085870,1,2,1,10,2024,2,27,10.0,1300000.0,62972
8048523,1,1,1,10,2024,2,42,3.0,1300000.0,23849
8083205,1,1,1,10,2024,1,57,3.0,600000.0,58541
8043970,1,1,1,10,2024,2,57,5.0,1300000.0,13365
8077067,1,1,1,10,2024,1,78,3.0,500000.0,45320
8049710,1,1,1,10,2024,1,50,3.0,2000000.0,26147
8044562,1,3,1,10,2024,1,53,5.0,1300000.0,14901
8052849,1,1,1,10,2024,2,42,5.0,600000.0,33753
8082585,1,2,1,10,2024,2,57,3.0,300000.0,57054
8050866,1,1,1,10,2024,1,41,5.0,1300000.0,29042
8082934,1,2,1,10,2024,1,26,8.0,2000000.0,57940
8052157,1,2,1,10,2024,1,31,4.0,1300000.0,31986
8084484,1,1,1,10,2024,1,56,5.0,1300000.0,61273
8045040,1,2,1,10,2024,1,51,5.0,1200000.0,16176
8044320,1,2,1,10,2024,2,38,5.0,4000000.0,14229
8085976,1,2,1,10,2024,2,58,3.0,250000.0,63124
8078830,1,1,1,10,2024,2,29,3.0,270000.0,49249
8049052,1,2,1,10,2024,2,30,12.0,4000000.0,24835
8054541,1,1,1,10,2024,1,28,10.0,2000000.0,37493
8044698,1,2,1,10,2024,2,45,5.0,1100000.0,15262
8084358,1,1,1,10,2024,1,77,3.0,700000.0,61040
8040715,1,3,1,10,2024,2,19,5.0,900000.0,5842
8048366,1,1,1,10,2024,1,65,10.0,2500000.0,23574
8050215,1,2,1,10,2024,2,67,4.0,1700000.0,27372
8076697,1,4,1,10,2024,1,41,4.0,700000.0,44471
8038895,1,1,1,10,2024,2,73,3.0,150000.0,1751
8078233,1,1,1,10,2024,1,51,5.0,1100000.0,47950
8075678,1,2,1,10,2024,1,40,1.0,2100000.0,41795
8051642,1,1,1,10,2024,2,49,8.0,200000.0,30673
8076167,1,2,1,10,2024,1,34,3.0,500000.0,43199
8051708,1,2,1,10,2024,2,46,12.0,8000000.0,30837
8077555,1,3,1,10,2024,1,22,3.0,280000.0,46464
8044213,1,2,1,10,2024,2,29,11.0,3350000.0,13902
8038222,1,1,1,10,2024,2,44,5.0,550000.0,98
8077401,1,1,1,10,2024,1,63,3.0,800000.0,46174
8082366,1,1,1,10,2024,2,58,5.0,0.0,56565
8049698,1,1,1,10,2024,1,27,5.0,1300000.0,26104
8083145,1,2,1,10,2024,2,21,10.0,200000.0,58438
8040710,1,2,1,10,2024,2,58,10.0,3000000.0,5825
8082739,1,1,1,10,2024,2,38,10.0,2600000.0,57462
8076781,1,3,1,10,2024,2,26,10.0,1400000.0,44687
8043641,1,1,1,10,2024,2,51,4.0,350000.0,12511
8041606,1,1,1,10,2024,2,51,10.0,2359000.0,7956
8056394,1,1,1,10,2024,1,26,3.0,800000.0,41244
8083877,1,1,1,10,2024,2,25,8.0,1300000.0,59944
8051693,1,1,1,10,2024,1,47,1.0,600000.0,30791
8051274,1,1,1,10,2024,2,36,5.0,1300000.0,29735
8046461,1,1,1,10,2024,2,31,4.0,600000.0,19596
8040373,1,2,1,10,2024,1,40,8.0,1300000.0,5058
8081469,1,2,1,10,2024,2,35,10.0,3000000.0,55211
8080943,1,2,1,10,2024,1,55,4.0,400000.0,54082
8044355,1,1,1,10,2024,2,49,5.0,960000.0,14331
8048248,1,3,1,10,2024,1,35,10.0,3000000.0,23365
8084194,1,2,1,10,2024,2,31,5.0,220000.0,60677
8083769,1,1,1,10,2024,2,34,5.0,800000.0,59717
8048708,1,2,1,10,2024,1,50,3.0,1500000.0,24162
8080097,1,2,1,10,2024,1,64,3.0,1000000.0,52264
8055859,1,1,1,10,2024,1,47,12.0,1500000.0,40136
8081454,1,1,1,10,2024,1,68,11.0,4200000.0,55184
8083820,1,1,1,10,2024,1,47,5.0,1800000.0,59815
8044025,1,3,1,10,2024,1,32,6.0,800000.0,13472
8046164,1,1,1,10,2024,1,77,3.0,1000000.0,18851
8047638,1,3,1,10,2024,1,20,9.0,1300000.0,22046
8046325,1,1,1,10,2024,2,43,10.0,2100000.0,19286
8078014,1,2,1,10,2024,2,21,6.0,700000.0,47466
8053834,1,2,1,10,2024,2,40,8.0,1550000.0,35978
8076739,1,1,1,10,2024,1,57,5.0,3600000.0,44582
8050290,1,1,1,10,2024,2,53,10.0,3000000.0,27552
8043204,1,1,1,10,2024,1,57,9.0,4000000.0,11388
8043570,1,3,1,10,2024,1,26,10.0,3000000.0,12331
8081290,1,1,1,10,2024,1,45,10.0,1300000.0,54802
8054125,1,2,1,10,2024,1,50,3.0,700000.0,36554
8056310,1,1,1,10,2024,1,30,5.0,2600000.0,41039
8076903,1,1,1,10,2024,2,60,3.0,1000000.0,44937
8046185,1,6,1,10,2024,1,22,3.0,1300000.0,18914
8077139,1,2,1,10,2024,2,18,5.0,200000.0,45540
8050369,1,1,1,10,2024,1,58,3.0,1300000.0,27787
8051658,1,2,1,10,2024,2,52,12.0,2500000.0,30711
8084328,1,1,1,10,2024,2,51,10.0,1000000.0,60973
8077150,1,4,1,10,2024,1,18,4.0,500000.0,45573
8044697,1,1,1,10,2024,1,29,8.0,1462000.0,15260
8040664,1,1,1,10,2024,2,71,3.0,900000.0,5734
8079439,1,1,1,10,2024,1,54,1.0,1000000.0,50750
8077909,1,1,1,10,2024,1,68,1.0,1480000.0,47187
8076563,1,2,1,10,2024,1,63,1.0,1400000.0,44158
8049209,1,1,1,10,2024,2,40,12.0,2350000.0,25108
8082013,1,1,1,10,2024,2,52,5.0,800000.0,55980
8045189,1,2,1,10,2024,1,45,8.0,800000.0,16585
8084889,1,3,1,10,2024,2,26,6.0,1500000.0,62132
8053937,1,1,1,10,2024,2,50,5.0,350000.0,36183
8053229,1,1,1,10,2024,1,48,5.0,1000000.0,34659
8056071,1,2,1,10,2024,2,41,9.0,2800000.0,40527
8038404,1,1,1,10,2024,2,50,5.0,865000.0,585
8078937,1,1,1,10,2024,1,54,3.0,2150000.0,49492
8055674,1,1,1,10,2024,2,32,5.0,1300000.0,39771
8077962,1,1,1,10,2024,2,39,1.0,1280000.0,47314
8078013,1,3,1,10,2024,1,20,5.0,1200000.0,47464
8085771,1,2,1,10,2024,2,27,9.0,5000000.0,62817
8049770,1,1,1,10,2024,1,44,10.0,4000000.0,26309
8076091,1,1,1,10,2024,2,47,9.0,1300000.0,42973
8042031,1,1,1,10,2024,1,35,8.0,1300000.0,8924
8046798,1,1,1,10,2024,2,39,5.0,1300000.0,20466
8082288,1,1,1,10,2024,1,49,11.0,2500000.0,56398
8046572,1,6,1,10,2024,1,34,8.0,1465000.0,19924
8078240,1,1,1,10,2024,1,78,7.0,600000.0,47965
8042784,1,1,1,10,2024,2,34,4.0,300000.0,10527
8052014,1,1,1,10,2024,2,37,5.0,1600000.0,31624
8043193,1,2,1,10,2024,1,66,3.0,1200000.0,11375
8050911,1,1,1,10,2024,1,40,8.0,3000000.0,29161
8077292,1,1,1,10,2024,2,40,5.0,600000.0,45931
8043222,1,1,1,10,2024,1,57,10.0,2400000.0,11430
8054999,1,1,1,10,2024,2,52,3.0,1000000.0,38521
8045071,1,1,1,10,2024,2,38,5.0,600000.0,16255
8046466,1,2,1,10,2024,2,54,10.0,3000000.0,19610
8045518,1,1,1,10,2024,2,19,8.0,744000.0,17507
8052990,1,2,1,10,2024,2,49,5.0,1200000.0,34147
8052897,1,1,1,10,2024,1,60,3.0,650000.0,33856
8041832,1,2,1,10,2024,1,24,6.0,1300000.0,8360
8077223,1,1,1,10,2024,2,62,3.0,1400000.0,45758
8078164,1,1,1,10,2024,1,52,4.0,1200000.0,47777
8053469,1,2,1,10,2024,2,20,8.0,1300000.0,35216
8051053,1,1,1,10,2024,2,35,12.0,2500000.0,29571
8046923,1,2,1,10,2024,2,23,11.0,2000000.0,20750
8055800,1,1,1,10,2024,2,33,8.0,100000.0,40001
8047317,1,1,1,10,2024,2,65,5.0,150000.0,21415
8075594,1,2,1,10,2024,1,26,5.0,920000.0,41518
8048116,1,2,1,10,2024,2,28,10.0,2000000.0,23082
8038329,1,3,1,10,2024,2,23,10.0,1400000.0,386
8078093,1,1,1,10,2024,1,76,1.0,395000.0,47612
8054964,1,3,1,10,2024,1,23,5.0,1300000.0,38450
8079069,1,4,1,10,2024,2,23,10.0,1600000.0,49803
8039238,1,2,1,10,2024,2,27,8.0,1300000.0,2667
8054041,1,3,1,10,2024,1,33,5.0,1650000.0,36371
8049527,1,1,1,10,2024,2,47,8.0,150000.0,25681
8038600,1,3,1,10,2024,1,56,4.0,900000.0,961
8039811,1,2,1,10,2024,2,53,3.0,1000000.0,3762
8050237,1,1,1,10,2024,1,33,5.0,2500000.0,27425
8041487,1,1,1,10,2024,1,55,5.0,1500000.0,7684
8044683,1,1,1,10,2024,1,18,5.0,1300000.0,15226
8084750,1,1,1,10,2024,1,32,5.0,1000000.0,61836
8079777,1,5,1,10,2024,2,28,9.0,1350000.0,51540
8079033,1,7,1,10,2024,2,38,5.0,1000000.0,49726
8083146,1,2,1,10,2024,2,36,6.0,1300000.0,58441
8084054,1,3,1,10,2024,1,27,10.0,3622700.0,60378
8056322,1,1,1,10,2024,2,28,10.0,1200000.0,41072
8045294,1,2,1,10,2024,1,46,3.0,1000000.0,16867
8083719,1,5,1,10,2024,1,24,9.0,1300000.0,59618
8084658,1,1,1,10,2024,1,54,5.0,1300000.0,61625
8054666,1,1,1,10,2024,2,46,10.0,2800000.0,37754
8052671,1,3,1,10,2024,1,20,4.0,800000.0,33369
8086391,1,1,1,10,2024,1,61,9.0,3000000.0,63589
8055575,1,2,1,10,2024,2,28,10.0,5000000.0,39571
8052380,1,2,1,10,2024,1,50,1.0,850000.0,32622
8046834,1,1,1,10,2024,1,49,10.0,2700000.0,20549
8039788,1,1,1,10,2024,2,41,4.0,350000.0,3720
8046603,1,1,1,10,2024,2,49,10.0,1300000.0,20023
8038867,1,1,1,10,2024,1,34,10.0,1300000.0,1686
8038691,1,2,1,10,2024,2,45,5.0,960000.0,1242
8039406,1,1,1,10,2024,2,46,10.0,4400000.0,2993
8044196,1,1,1,10,2024,2,48,5.0,1000000.0,13865
8050039,1,1,1,10,2024,1,50,5.0,1300000.0,26965
8055024,1,1,1,10,2024,1,63,5.0,100000.0,38597
8051753,1,1,1,10,2024,1,57,9.0,2500000.0,30967
8076925,1,3,1,10,2024,1,35,4.0,1300000.0,44983
8042162,1,1,1,10,2024,1,50,5.0,700000.0,9210
8046112,1,5,1,10,2024,1,34,3.0,1500000.0,18739
8040711,1,2,1,10,2024,1,25,10.0,2000000.0,5828
8044350,1,2,1,10,2024,2,37,4.0,1400000.0,14319
8082153,1,1,1,10,2024,1,62,5.0,2500000.0,56199
8075802,1,1,1,10,2024,1,60,3.0,1200000.0,42116
8039017,1,1,1,10,2024,2,51,5.0,800000.0,2037
8051003,1,1,1,10,2024,1,57,5.0,2000000.0,29443
8040090,1,1,1,10,2024,1,69,3.0,1300000.0,4341
8051674,1,1,1,10,2024,2,50,10.0,2000000.0,30746
8043313,1,1,1,10,2024,2,39,5.0,250000.0,11653
8082360,1,1,1,10,2024,2,23,8.0,800000.0,56554
8039303,1,1,1,10,2024,2,36,10.0,2000000.0,2837
8042113,1,1,1,10,2024,2,35,5.0,400000.0,9064
8054910,1,1,1,10,2024,2,43,5.0,1450000.0,38343
8080600,1,1,1,10,2024,1,36,10.0,5000000.0,53405
8047010,1,2,1,10,2024,1,30,8.0,2000000.0,20830
8045774,1,1,1,10,2024,1,23,3.0,1300000.0,18146
8083043,1,2,1,10,2024,2,26,5.0,1300000.0,58191
8078606,1,2,1,10,2024,2,20,8.0,1300000.0,48781
8052393,1,1,1,10,2024,1,32,8.0,1300000.0,32678
8041996,1,3,1,10,2024,1,36,10.0,1300000.0,8829
8078102,1,1,1,10,2024,1,63,4.0,500000.0,47634
8078851,1,1,1,10,2024,1,64,1.0,900000.0,49290
8048492,1,3,1,10,2024,2,37,6.0,400000.0,23788
8043787,1,2,1,10,2024,1,58,1.0,800000.0,12908
8041534,1,2,1,10,2024,1,31,8.0,3000000.0,7804
8078309,1,2,1,10,2024,2,24,5.0,280000.0,48144
8052373,1,2,1,10,2024,1,31,3.0,800000.0,32608
8039823,1,1,1,10,2024,1,52,3.0,1300000.0,3788
8052794,1,3,1,10,2024,2,21,5.0,1300000.0,33618
8043443,1,2,1,10,2024,1,44,5.0,1920000.0,11982
8076388,1,2,1,10,2024,2,43,5.0,1300000.0,43737
8079818,1,5,1,10,2024,2,67,10.0,1500000.0,51658
8079839,1,1,1,10,2024,1,35,8.0,1500000.0,51717
8044825,1,2,1,10,2024,2,25,8.0,1200000.0,15585
8047627,1,2,1,10,2024,2,40,9.0,1800000.0,22012
8039973,1,1,1,10,2024,2,38,10.0,1350000.0,4104
8085721,1,5,1,10,2024,1,69,4.0,500000.0,62703
8042706,1,1,1,10,2024,2,34,5.0,1200000.0,10363
8040286,1,3,1,10,2024,1,31,8.0,1300000.0,4863
8055515,1,4,1,10,2024,2,20,8.0,1300000.0,39494
8050968,1,2,1,10,2024,2,27,10.0,1500000.0,29343
8086546,1,3,1,10,2024,2,25,10.0,4000000.0,63944
8083571,1,3,1,10,2024,1,32,8.0,1300000.0,59332
8052058,1,2,1,10,2024,2,52,10.0,3500000.0,31723
8040217,1,2,1,10,2024,2,31,10.0,2720000.0,4700
8077779,1,2,1,10,2024,2,23,6.0,1000000.0,46941
8049617,1,2,1,10,2024,1,60,3.0,400000.0,25901
8038249,1,1,1,10,2024,2,37,10.0,1950000.0,161
8077995,1,3,1,10,2024,2,44,5.0,900000.0,47417
8051680,1,6,1,10,2024,1,68,5.0,450000.0,30758
8075783,1,1,1,10,2024,1,67,3.0,600000.0,42063
8044934,1,1,1,10,2024,2,43,5.0,1200000.0,15880
8055376,1,1,1,10,2024,2,40,12.0,6500000.0,39275
8079883,1,2,1,10,2024,2,70,1.0,200000.0,51849
8053807,1,1,1,10,2024,2,55,5.0,950000.0,35920
8038267,1,4,1,10,2024,2,32,11.0,2100000.0,223
8050428,1,2,1,10,2024,1,43,6.0,1300000.0,27903
8086433,1,1,1,10,2024,2,42,11.0,2800000.0,63663
8080822,1,1,1,10,2024,2,53,5.0,1500000.0,53820
8085997,1,1,1,10,2024,1,47,5.0,350000.0,63171
8049228,1,1,1,10,2024,1,53,10.0,1300000.0,25147
8086106,1,1,1,10,2024,1,32,10.0,2700000.0,63283
8076953,1,1,1,10,2024,2,29,8.0,1300000.0,45031
8042569,1,4,1,10,2024,2,37,10.0,1800000.0,10081
8051321,1,1,1,10,2024,1,53,11.0,3000000.0,29882
8083195,1,4,1,10,2024,1,28,3.0,900000.0,58509
8050429,1,2,1,10,2024,2,39,10.0,1500000.0,27906
8049518,1,1,1,10,2024,2,67,4.0,700000.0,25668
8079593,1,1,1,10,2024,2,36,10.0,5000000.0,51031
8051615,1,1,1,10,2024,1,53,3.0,1600000.0,30607
8045770,1,1,1,10,2024,2,30,5.0,1200000.0,18139
8084020,1,4,1,10,2024,2,27,5.0,1000000.0,60253
8044537,1,1,1,10,2024,2,51,9.0,1300000.0,14827
8041147,1,1,1,10,2024,1,49,6.0,1200000.0,6907
8056359,1,2,1,10,2024,2,28,5.0,1300000.0,41151
8083463,1,1,1,10,2024,2,45,5.0,1300000.0,59126
8054785,1,1,1,10,2024,2,61,5.0,950000.0,38062
8086800,1,1,1,10,2024,1,54,12.0,5300000.0,64510
8085772,1,2,1,10,2024,1,53,3.0,1300000.0,62821
8045787,1,1,1,10,2024,1,35,9.0,2000000.0,18178
8080168,1,2,1,10,2024,2,31,9.0,1300000.0,52460
8039314,1,1,1,10,2024,2,35,12.0,2700000.0,2857
8050446,1,1,1,10,2024,1,25,8.0,4500000.0,27950
8050304,1,1,1,10,2024,2,56,5.0,1680000.0,27568
8052558,1,3,1,10,2024,2,25,5.0,500000.0,33097
8078917,1,4,1,10,2024,2,21,5.0,800000.0,49443
8050534,1,1,1,10,2024,1,52,5.0,1800000.0,28238
8049994,1,1,1,10,2024,2,55,4.0,600000.0,26845
8040158,1,1,1,10,2024,1,31,9.0,1300000.0,4511
8077155,1,1,1,10,2024,1,49,3.0,668000.0,45582
8047403,1,1,1,10,2024,2,36,10.0,2500000.0,21589
8083029,1,1,1,10,2024,2,30,10.0,4700000.0,58162
8056070,1,2,1,10,2024,1,26,5.0,1600000.0,40525
8045423,1,5,1,10,2024,2,25,5.0,1300000.0,17220
8078712,1,3,1,10,2024,2,27,10.0,3500000.0,48991
8076855,1,1,1,10,2024,2,26,5.0,550000.0,44834
8049852,1,2,1,10,2024,1,44,5.0,1462000.0,26510
8051912,1,3,1,10,2024,2,17,4.0,350000.0,31394
8079873,1,2,1,10,2024,2,21,5.0,400000.0,51806
8083202,1,3,1,10,2024,1,30,6.0,1300000.0,58533
8047597,1,1,1,10,2024,2,44,10.0,1300000.0,21941
8050046,1,1,1,10,2024,1,54,5.0,400000.0,26990
8046676,1,2,1,10,2024,1,46,5.0,2000000.0,20181
8083022,1,1,1,10,2024,2,65,3.0,180000.0,58147
8084198,1,1,1,10,2024,1,49,3.0,800000.0,60682
8075905,1,1,1,10,2024,1,52,3.0,330000.0,42391
8047973,1,2,1,10,2024,1,27,10.0,2200000.0,22772
8086100,1,1,1,10,2024,2,33,10.0,4000000.0,63280
8080796,1,1,1,10,2024,1,25,3.0,600000.0,53769
8086477,1,2,1,10,2024,2,31,8.0,700000.0,63769
8082383,1,2,1,10,2024,2,47,10.0,3400000.0,56601
8052385,1,1,1,10,2024,1,41,5.0,900000.0,32649
8075818,1,1,1,10,2024,1,36,1.0,1200000.0,42161
8048473,1,2,1,10,2024,2,51,9.0,2600000.0,23749
8049989,1,2,1,10,2024,2,57,5.0,1300000.0,26834
8044730,1,3,1,10,2024,2,32,3.0,400000.0,15347
8038194,1,2,1,10,2024,2,31,5.0,400000.0,29
8039003,1,3,1,10,2024,2,64,3.0,3350000.0,2014
8086560,1,1,1,10,2024,1,56,10.0,10000000.0,63982
8081599,1,2,1,10,2024,1,23,3.0,400000.0,55461
8052135,1,1,1,10,2024,1,21,4.0,1600000.0,31945
8086281,1,5,1,10,2024,1,63,3.0,400000.0,63397
8054177,2,2,2,10,2024,1,30,10.0,2500000.0,36667
8044492,1,1,1,10,2024,2,69,4.0,800000.0,14682
8042156,1,1,1,10,2024,1,52,1.0,1800000.0,9197
8084899,1,2,1,10,2024,1,26,6.0,1400000.0,62161
8044256,1,6,1,10,2024,1,34,5.0,1300000.0,14009
8048972,1,1,1,10,2024,1,34,5.0,1500000.0,24697
8084866,1,2,1,10,2024,1,32,6.0,1300000.0,62085
8084024,1,7,1,10,2024,2,24,5.0,600000.0,60265
8053368,1,4,1,10,2024,1,25,5.0,2000000.0,35017
8079675,1,3,1,10,2024,2,30,10.0,1300000.0,51191
8055688,1,2,1,10,2024,2,40,5.0,300000.0,39820
8044714,1,2,1,10,2024,1,40,3.0,960000.0,15307
8040589,1,6,1,10,2024,1,21,5.0,300000.0,5603
8080260,1,1,1,10,2024,1,62,3.0,500000.0,52710
8082437,1,1,1,10,2024,2,67,5.0,150000.0,56711
8082517,1,1,1,10,2024,2,50,5.0,800000.0,56884
8041689,1,1,1,10,2024,1,60,8.0,6500000.0,8144
8053001,1,1,1,10,2024,2,51,3.0,220000.0,34179
8040288,1,4,1,10,2024,1,25,5.0,750000.0,4870
8040042,1,1,1,10,2024,1,46,9.0,1300000.0,4246
8042076,1,2,1,10,2024,1,68,3.0,400000.0,8973
8083936,1,1,1,10,2024,1,50,10.0,7500000.0,59997
8049739,1,1,1,10,2024,2,66,1.0,400000.0,26231
8054921,1,2,1,10,2024,2,32,5.0,2000000.0,38368
8082630,1,1,1,10,2024,1,44,4.0,1000000.0,57149
8081232,1,1,1,10,2024,1,23,6.0,1600000.0,54640
8077521,1,3,1,10,2024,1,17,4.0,900000.0,46390
8044161,1,2,1,10,2024,1,36,5.0,1550000.0,13791
8040415,1,1,1,10,2024,1,44,5.0,1300000.0,5155
8077395,1,2,1,10,2024,1,68,1.0,150000.0,46158
8085713,1,3,1,10,2024,1,19,5.0,1200000.0,62680
8080806,1,1,1,10,2024,1,63,5.0,1915000.0,53792
8075741,1,1,1,10,2024,1,27,4.0,450000.0,41955
8078014,1,1,1,10,2024,2,45,3.0,1240000.0,47465
8044038,1,1,1,10,2024,1,44,8.0,3000000.0,13490
8079821,1,1,1,10,2024,2,42,5.0,3000000.0,51664
8040555,1,1,1,10,2024,2,28,5.0,1300000.0,5500
8055887,1,1,1,10,2024,2,60,11.0,5000000.0,40204
8076457,1,1,1,10,2024,2,35,4.0,600000.0,43896
8043414,1,1,1,10,2024,2,40,5.0,1680000.0,11911
8052316,1,2,1,10,2024,2,44,5.0,220000.0,32435
8047316,1,2,1,10,2024,2,35,10.0,300000.0,21413
8042601,1,1,1,10,2024,1,49,6.0,1600000.0,10123
8050682,1,3,1,10,2024,2,24,5.0,500000.0,28582
8046915,1,1,1,10,2024,1,32,5.0,1300000.0,20724
8083476,1,1,1,10,2024,2,55,8.0,1800000.0,59152
8053470,1,2,1,10,2024,2,43,5.0,1300000.0,35218
8040742,1,1,1,10,2024,2,45,4.0,300000.0,5908
8053356,1,1,1,10,2024,2,39,5.0,400000.0,34980
8078818,1,1,1,10,2024,1,62,3.0,935000.0,49219
8086457,1,1,1,10,2024,1,41,5.0,2000000.0,63728
8079996,1,1,1,10,2024,1,43,12.0,2500000.0,52043
8047597,1,9,1,10,2024,2,28,10.0,1300000.0,21949
8045714,1,1,1,10,2024,2,49,3.0,1600000.0,17997
8045619,1,2,1,10,2024,2,42,8.0,300000.0,17737
8076304,1,1,1,10,2024,2,57,4.0,1200000.0,43539
8044417,1,2,1,10,2024,2,42,5.0,900000.0,14479
8041759,1,1,1,10,2024,2,24,5.0,1300000.0,8256
8051462,1,2,1,10,2024,2,41,5.0,1300000.0,30259
8038459,1,2,1,10,2024,2,22,8.0,1300000.0,686
8040926,1,1,1,10,2024,1,68,5.0,1600000.0,6373
8038441,1,5,1,10,2024,2,27,10.0,2500000.0,666
8084193,1,2,1,10,2024,1,59,4.0,500000.0,60674
8051278,1,1,1,10,2024,1,33,5.0,600000.0,29746
8084789,1,3,1,10,2024,2,24,11.0,1500000.0,61918
8054553,1,1,1,10,2024,2,73,5.0,2000000.0,37505
8084322,1,1,1,10,2024,1,48,12.0,3000000.0,60964
8083898,1,1,1,10,2024,1,53,6.0,2200000.0,59970
8080067,1,2,1,10,2024,2,26,5.0,0.0,52175
8046352,1,1,1,10,2024,2,43,5.0,1300000.0,19351
8075911,1,2,1,10,2024,2,54,10.0,3835604.0,42412
8054408,1,2,1,10,2024,2,38,10.0,5000000.0,37200
8084503,1,1,1,10,2024,1,39,4.0,1724000.0,61319
8044341,1,2,1,10,2024,1,34,9.0,2235000.0,14284
8078523,1,2,1,10,2024,2,55,5.0,300000.0,48594
8048250,1,2,1,10,2024,2,38,5.0,500000.0,23371
8047251,1,1,1,10,2024,2,52,3.0,150000.0,21294
8042659,1,1,1,10,2024,2,43,4.0,800000.0,10244
8045004,1,1,1,10,2024,2,25,5.0,500000.0,16081
8041574,1,1,1,10,2024,1,72,1.0,500000.0,7887
8051070,1,2,1,10,2024,2,19,4.0,400000.0,29605
8081166,1,2,1,10,2024,1,20,5.0,680000.0,54520
8038675,1,1,1,10,2024,1,59,4.0,1000000.0,1163
8046339,1,1,1,10,2024,2,24,8.0,1533000.0,19324
8048838,1,1,1,10,2024,2,51,5.0,1300000.0,24404
8045285,1,1,1,10,2024,2,50,1.0,1190000.0,16840
8051583,1,1,1,10,2024,2,60,3.0,800000.0,30529
8052152,1,2,1,10,2024,1,59,1.0,1300000.0,31979
8039111,1,2,1,10,2024,1,20,8.0,480000.0,2328
8055871,1,2,1,10,2024,2,59,5.0,3000000.0,40171
8054939,1,1,1,10,2024,1,60,11.0,0.0,38405
8052301,1,5,1,10,2024,2,32,3.0,300000.0,32391
8043883,1,1,1,10,2024,2,65,3.0,1240000.0,13134
8079795,1,1,1,10,2024,2,74,10.0,1500000.0,51586
8050218,1,2,1,10,2024,2,52,5.0,1300000.0,27383
8040638,1,1,1,10,2024,2,26,5.0,400000.0,5694
8086490,1,1,1,10,2024,1,43,11.0,6500000.0,63796
8082356,1,1,1,10,2024,1,32,5.0,5000000.0,56545
8046020,1,2,1,10,2024,1,52,4.0,1300000.0,18512
8048050,1,1,1,10,2024,1,20,4.0,1600000.0,22917
8052266,1,1,1,10,2024,2,49,9.0,500000.0,32289
8042219,1,1,1,10,2024,2,49,9.0,2400000.0,9342
8040180,1,1,1,10,2024,1,47,11.0,3500000.0,4586
8050943,1,5,1,10,2024,1,45,3.0,1300000.0,29262
8077829,1,1,1,10,2024,2,44,3.0,440000.0,47038
8079730,1,3,1,10,2024,2,35,8.0,1200000.0,51339
8050904,1,1,1,10,2024,2,31,5.0,200000.0,29146
8050752,1,4,1,10,2024,1,25,10.0,300000.0,28743
8080475,1,1,1,10,2024,2,31,8.0,1300000.0,53150
8038679,1,1,1,10,2024,2,55,5.0,1200000.0,1177
8043617,1,2,1,10,2024,2,46,3.0,1300000.0,12457
8075790,1,1,1,10,2024,2,40,5.0,300000.0,42085
8044630,1,1,1,10,2024,1,59,5.0,1800000.0,15080
8043972,1,1,1,10,2024,2,33,8.0,0.0,13368
8055354,1,3,1,10,2024,1,46,10.0,3500000.0,39229
8043464,1,8,1,10,2024,1,43,4.0,1820000.0,12045
8078499,1,1,1,10,2024,1,63,3.0,400000.0,48547
8052282,1,2,1,10,2024,2,44,9.0,500000.0,32320
8086809,1,2,1,10,2024,2,26,12.0,3000000.0,64526
8076607,1,4,1,10,2024,2,21,5.0,1500000.0,44269
8079836,1,2,1,10,2024,2,54,1.0,400000.0,51711
8052937,1,4,1,10,2024,2,36,5.0,2000000.0,33966
8082410,1,2,1,10,2024,2,47,3.0,200000.0,56659
8084663,1,2,1,10,2024,2,45,5.0,840000.0,61640
8046239,1,5,1,10,2024,1,24,4.0,900000.0,19028
8054923,1,1,1,10,2024,1,32,12.0,6995200.0,38372
8078378,1,2,1,10,2024,2,57,1.0,1300000.0,48291
8052777,1,1,1,10,2024,1,59,3.0,1450000.0,33569
8080378,1,4,1,10,2024,1,20,3.0,1260000.0,53005
8046619,1,2,1,10,2024,1,60,3.0,1200000.0,20051
8048473,1,5,1,10,2024,2,74,1.0,300000.0,23752
8039032,1,2,1,10,2024,2,50,5.0,3000000.0,2083
8078646,1,3,1,10,2024,1,47,4.0,800000.0,48860
8080249,1,2,1,10,2024,2,55,4.0,200000.0,52682
8054801,1,2,1,10,2024,1,52,5.0,1600000.0,38096
8083343,1,1,1,10,2024,2,52,10.0,1500000.0,58893
8042664,1,2,1,10,2024,2,36,5.0,1200000.0,10254
8084299,1,1,1,10,2024,1,35,10.0,4000000.0,60909
8041748,1,3,1,10,2024,1,45,5.0,960000.0,8238
8042129,1,1,1,10,2024,1,45,1.0,1300000.0,9122
8042769,1,1,1,10,2024,1,42,8.0,2000000.0,10509
8043463,1,1,1,10,2024,2,71,1.0,600000.0,12035
8051929,1,1,1,10,2024,2,44,5.0,1470000.0,31428
8043939,1,1,1,10,2024,1,67,3.0,400000.0,13263
8082295,1,1,1,10,2024,1,44,8.0,1300000.0,56407
8051827,1,1,1,10,2024,2,42,4.0,500000.0,31171
8076120,1,2,1,10,2024,1,20,1.0,300000.0,43060
8043138,1,1,1,10,2024,2,36,9.0,2000000.0,11240
8051967,1,3,1,10,2024,2,37,9.0,1600000.0,31527
8038721,1,2,1,10,2024,2,41,10.0,2000000.0,1318
8051260,1,1,1,10,2024,1,48,10.0,7000000.0,29699
8038464,1,3,1,10,2024,1,24,9.0,1462000.0,693
8076717,1,1,1,10,2024,1,61,4.0,900000.0,44517
8079414,1,1,1,10,2024,2,37,5.0,650000.0,50675
8045311,1,2,1,10,2024,1,49,5.0,1300000.0,16912
8049147,1,1,1,10,2024,1,41,3.0,1440000.0,25007
8048271,1,1,1,10,2024,1,41,11.0,3900000.0,23402
8049169,1,1,1,10,2024,2,45,5.0,2000000.0,25041
8046623,1,5,1,10,2024,1,21,10.0,1500000.0,20066
8042291,1,3,1,10,2024,2,33,10.0,1200000.0,9501
8041682,1,1,1,10,2024,2,63,5.0,700000.0,8129
8054054,1,2,1,10,2024,2,43,10.0,2800000.0,36398
8045704,1,2,1,10,2024,2,40,3.0,1000000.0,17976
8076597,1,3,1,10,2024,1,33,3.0,900000.0,44240
8038396,1,1,1,10,2024,2,41,10.0,250000.0,558
8079191,1,3,1,10,2024,2,26,5.0,500000.0,50088
8052071,1,2,1,10,2024,2,23,5.0,1500000.0,31758
8044058,1,3,1,10,2024,2,38,5.0,600000.0,13549
8044904,1,1,1,10,2024,2,46,3.0,1000000.0,15806
8085728,1,6,1,10,2024,1,39,3.0,1430000.0,62728
8045082,1,1,1,10,2024,2,70,5.0,150000.0,16287
8044598,1,1,1,10,2024,2,50,10.0,600000.0,15001
8051054,1,2,1,10,2024,2,42,5.0,1300000.0,29575
8038186,1,2,1,10,2024,2,32,3.0,600000.0,6
8086103,1,2,1,10,2024,2,42,10.0,2500000.0,63282
8077314,1,1,1,10,2024,1,37,3.0,1000000.0,45968
8051744,1,4,1,10,2024,1,34,9.0,1500000.0,30935
8081404,1,1,1,10,2024,1,43,10.0,3800000.0,55080
8050941,1,2,1,10,2024,2,34,5.0,480000.0,29254
8044581,1,1,1,10,2024,2,39,5.0,300000.0,14950
8050648,1,1,1,10,2024,2,55,5.0,8585000.0,28512
8038597,1,1,1,10,2024,1,36,4.0,900000.0,951
8051980,1,1,1,10,2024,1,39,5.0,1000000.0,31557
8043368,1,1,1,10,2024,1,28,5.0,1520000.0,11801
8043545,1,4,1,10,2024,1,22,4.0,1500000.0,12293
8082670,1,2,1,10,2024,1,70,5.0,1100000.0,57284
8044581,1,2,1,10,2024,1,44,5.0,1300000.0,14951
8053580,1,1,1,10,2024,2,34,5.0,500000.0,35444
8048924,1,1,1,10,2024,2,58,3.0,530000.0,24600
8039247,1,2,1,10,2024,2,31,8.0,1300000.0,2682
8085083,1,1,1,10,2024,2,24,5.0,600000.0,62584
8046462,1,2,1,10,2024,2,35,8.0,1500000.0,19600
8046740,1,1,1,10,2024,2,27,5.0,1300000.0,20331
8083636,1,1,1,10,2024,2,44,10.0,4000000.0,59461
8045431,1,1,1,10,2024,2,30,10.0,3000000.0,17242
8083763,1,3,1,10,2024,2,24,5.0,1420000.0,59701
8042203,1,1,1,10,2024,2,60,10.0,0.0,9313
8053996,1,1,1,10,2024,2,55,5.0,1300000.0,36295
8046549,1,1,1,10,2024,2,47,8.0,150000.0,19847
8041950,1,1,1,10,2024,2,47,5.0,1800000.0,8696
8080588,1,1,1,10,2024,2,26,8.0,1300000.0,53375
8050573,1,2,1,10,2024,2,26,10.0,3000000.0,28346
8039497,1,2,1,10,2024,2,42,5.0,1300000.0,3171
8084244,1,1,1,10,2024,2,56,3.0,590000.0,60785
8038836,1,2,1,10,2024,2,38,10.0,4300000.0,1608
8038377,1,1,1,10,2024,2,33,5.0,2000000.0,513
8081163,1,1,1,10,2024,1,26,10.0,2000000.0,54512
8053624,1,5,1,10,2024,2,60,4.0,200000.0,35563
8042723,1,2,1,10,2024,1,42,4.0,1500000.0,10416
8054555,1,1,1,10,2024,1,26,5.0,1700000.0,37513
8042675,1,1,1,10,2024,2,51,8.0,500000.0,10282
8054300,1,1,1,10,2024,1,36,5.0,1800000.0,36934
8041772,1,1,1,10,2024,1,25,5.0,1900000.0,8264
8053030,1,6,1,10,2024,2,38,5.0,200000.0,34271
8077482,1,1,1,10,2024,2,23,8.0,2000000.0,46338
8053191,1,2,1,10,2024,2,40,5.0,1438000.0,34574
8044192,1,1,1,10,2024,1,28,8.0,2460000.0,13858
8039204,1,2,1,10,2024,1,42,12.0,4000000.0,2576
8047650,1,3,1,10,2024,1,40,5.0,1300000.0,22071
8047664,1,1,1,10,2024,1,47,8.0,1900000.0,22093
8049093,1,2,1,10,2024,1,49,5.0,400000.0,24906
8086241,1,2,1,10,2024,2,18,5.0,1000000.0,63344
8075988,1,1,1,10,2024,1,30,8.0,1800000.0,42669
8083594,1,1,1,10,2024,1,39,10.0,14200000.0,59381
8082812,1,3,1,10,2024,1,26,10.0,3000000.0,57655
8050479,1,2,1,10,2024,2,23,8.0,1350000.0,28046
8076175,1,1,1,10,2024,1,62,11.0,4000000.0,43226
8055510,1,2,1,10,2024,1,30,5.0,1300000.0,39478
8041705,1,1,1,10,2024,1,75,3.0,600000.0,8173
8050700,1,2,1,10,2024,1,45,3.0,250000.0,28621
8050653,1,3,1,10,2024,1,36,10.0,2300000.0,28526
8082397,1,2,1,10,2024,2,45,11.0,4000000.0,56624
8080967,1,1,1,10,2024,2,42,10.0,2100000.0,54130
8082306,1,3,1,10,2024,1,21,4.0,800000.0,56434
8081376,1,5,1,10,2024,1,24,8.0,1000000.0,54982
8075919,1,2,1,10,2024,2,23,5.0,100000.0,42435
8050723,1,1,1,10,2024,2,30,5.0,500000.0,28669
8044586,1,2,1,10,2024,2,41,11.0,10000000.0,14963
8050722,1,1,1,10,2024,1,43,5.0,1000000.0,28667
8046909,1,3,1,10,2024,2,38,11.0,5400000.0,20711
8053806,1,2,1,10,2024,2,39,3.0,1500000.0,35918
8082259,1,2,1,10,2024,1,70,11.0,7000000.0,56363
8051983,1,2,1,10,2024,1,33,5.0,1300000.0,31566
8077209,1,2,1,10,2024,2,47,3.0,400000.0,45728
8077658,1,1,1,10,2024,1,51,8.0,200000.0,46670
8042893,1,2,1,10,2024,2,38,8.0,1500000.0,10773
8055380,1,4,1,10,2024,2,40,8.0,1300000.0,39288
8078312,1,1,1,10,2024,2,62,3.0,1200000.0,48150
8086547,1,2,1,10,2024,2,47,5.0,1600000.0,63946
8048613,1,1,1,10,2024,1,38,5.0,2200000.0,24009
8048093,1,1,1,10,2024,1,47,4.0,1200000.0,23031
8084177,1,3,1,10,2024,2,18,8.0,180000.0,60627
8079145,1,2,1,10,2024,1,27,4.0,600000.0,49948
8054289,1,2,1,10,2024,2,31,9.0,1300000.0,36889
8075886,1,2,1,10,2024,1,29,5.0,250000.0,42341
8051715,1,1,1,10,2024,1,40,6.0,1300000.0,30852
8040595,1,1,1,10,2024,1,30,10.0,1500000.0,5619
8081316,1,1,1,10,2024,1,72,3.0,600000.0,54864
8079619,1,1,1,10,2024,2,44,8.0,1300000.0,51077
8047872,1,6,1,10,2024,1,59,4.0,1300000.0,22593
8044735,1,1,1,10,2024,1,71,10.0,800000.0,15355
8040439,1,1,1,10,2024,2,51,3.0,1200000.0,5224
8048139,1,1,1,10,2024,2,62,4.0,1650000.0,23154
8044512,1,2,1,10,2024,1,37,3.0,1300000.0,14748
8085895,1,1,1,10,2024,2,24,5.0,1000000.0,63016
8045973,1,3,1,10,2024,1,51,10.0,3000000.0,18389
8086477,1,1,1,10,2024,1,33,9.0,1300000.0,63768
8052778,1,1,1,10,2024,2,40,5.0,1820000.0,33573
8080086,1,1,1,10,2024,1,53,5.0,1600000.0,52226
8077206,1,1,1,10,2024,2,49,4.0,1200000.0,45718
8080874,1,2,1,10,2024,2,26,5.0,400000.0,53929
8084549,1,1,1,10,2024,1,35,8.0,2600000.0,61403
8053184,1,1,1,10,2024,2,49,8.0,1300000.0,34555
8049371,1,3,1,10,2024,2,51,4.0,300000.0,25448
8054406,1,2,1,10,2024,2,41,8.0,1300000.0,37196
8083131,1,1,1,10,2024,1,43,10.0,2160000.0,58405
8080510,1,1,1,10,2024,2,47,4.0,1300000.0,53211
8056345,1,1,1,10,2024,1,59,11.0,10000000.0,41116
8086503,1,1,1,10,2024,1,32,13.0,2100000.0,63831
8038936,1,4,1,10,2024,2,29,10.0,1300000.0,1866
8047700,1,4,1,10,2024,1,22,5.0,1000000.0,22167
8048002,1,1,1,10,2024,2,38,10.0,1000000.0,22835
8052012,1,1,1,10,2024,2,37,8.0,1350000.0,31619
8040224,1,6,1,10,2024,2,26,5.0,450000.0,4717
8051637,1,2,1,10,2024,2,30,5.0,1800000.0,30662
8083475,1,2,1,10,2024,2,60,3.0,2000000.0,59150
8052618,1,1,1,10,2024,1,48,5.0,2500000.0,33254
8078294,1,1,1,10,2024,1,57,4.0,0.0,48095
8053955,1,1,1,10,2024,1,55,3.0,2500000.0,36217
8048118,2,1,2,10,2024,2,45,3.0,820000.0,23088
8082925,1,1,1,10,2024,2,26,10.0,2000000.0,57919
8080474,1,3,1,10,2024,1,22,5.0,1300000.0,53146
8042409,1,1,1,10,2024,2,62,5.0,2000000.0,9755
8056082,1,2,1,10,2024,2,56,5.0,1600000.0,40558
8040317,1,4,1,10,2024,2,20,5.0,650000.0,4941
8078199,1,3,1,10,2024,1,26,4.0,800000.0,47858
8055026,1,1,1,10,2024,1,65,9.0,700000.0,38600
8080264,1,1,1,10,2024,1,51,3.0,1200000.0,52719
8042903,1,2,1,10,2024,1,27,3.0,800000.0,10794
8053314,1,1,1,10,2024,1,45,5.0,1800000.0,34864
8051830,1,1,1,10,2024,2,45,4.0,500000.0,31183
8076595,1,1,1,10,2024,1,59,3.0,600000.0,44233
8055595,1,2,1,10,2024,2,23,9.0,1300000.0,39610
8048010,1,2,1,10,2024,2,35,9.0,1820000.0,22851
8052608,1,4,1,10,2024,2,26,4.0,900000.0,33233
8048382,1,1,1,10,2024,2,24,10.0,2000000.0,23593
8054153,1,1,1,10,2024,1,29,10.0,4000000.0,36605
8045207,1,2,1,10,2024,2,43,5.0,1300000.0,16639
8042584,1,2,1,10,2024,2,39,10.0,1300000.0,10099
8083027,1,2,1,10,2024,2,34,11.0,3000000.0,58160
8086569,1,2,1,10,2024,2,37,5.0,700000.0,64007
8047752,1,1,1,10,2024,2,32,5.0,1300000.0,22285
8078008,1,2,1,10,2024,1,20,5.0,800000.0,47454
8082624,1,2,1,10,2024,2,48,10.0,2600000.0,57132
8051671,1,2,1,10,2024,2,31,10.0,2500000.0,30743
8047968,1,2,1,10,2024,1,23,5.0,1613000.0,22762
8077302,1,2,1,10,2024,2,48,5.0,1300000.0,45948
8043900,1,1,1,10,2024,1,30,9.0,5000000.0,13170
8053103,1,1,1,10,2024,2,29,9.0,1300000.0,34398
8045278,1,1,1,10,2024,2,27,9.0,4000000.0,16829
8078043,1,1,1,10,2024,1,24,3.0,400000.0,47519
8054446,1,4,1,10,2024,2,36,5.0,1000000.0,37301
8082686,1,2,1,10,2024,2,42,10.0,3000000.0,57328
8081073,1,2,1,10,2024,2,43,3.0,500000.0,54354
8039764,1,2,1,10,2024,1,52,5.0,3500000.0,3684
8079734,4,2,4,10,2024,2,24,8.0,1320000.0,51366
8079855,1,4,1,10,2024,1,20,5.0,1300000.0,51753
8048144,1,2,1,10,2024,2,57,5.0,1200000.0,23169
8049300,1,1,1,10,2024,2,50,5.0,1500000.0,25307
8044896,1,1,1,10,2024,2,54,10.0,4000000.0,15784
8048197,1,3,1,10,2024,1,21,3.0,100000.0,23264
8082842,1,2,1,10,2024,2,24,5.0,1300000.0,57721
8079318,1,1,1,10,2024,2,53,5.0,600000.0,50485
8045633,1,2,1,10,2024,2,43,5.0,1300000.0,17786
8044328,1,3,1,10,2024,1,19,4.0,1300000.0,14256
8038530,1,1,1,10,2024,1,42,5.0,2000000.0,838
8046193,1,1,1,10,2024,1,59,6.0,5000000.0,18935
8049090,1,3,1,10,2024,2,42,5.0,1462000.0,24897
8082995,1,2,1,10,2024,2,61,5.0,700000.0,58066
8040221,1,1,1,10,2024,2,26,10.0,30000000.0,4707
8082649,1,2,1,10,2024,1,44,5.0,1300000.0,57210
8080355,1,1,1,10,2024,1,38,3.0,1450000.0,52937
8051294,1,2,1,10,2024,2,30,5.0,500000.0,29789
8080670,1,1,1,10,2024,2,61,3.0,600000.0,53548
8055299,1,1,1,10,2024,2,51,3.0,400000.0,39124
8048552,1,3,1,10,2024,1,48,11.0,2300000.0,23919
8039020,1,1,1,10,2024,2,51,8.0,1000000.0,2045
8082415,1,1,1,10,2024,1,28,5.0,1462000.0,56671
8082552,1,1,1,10,2024,1,30,8.0,3800000.0,56969
8044141,1,2,1,10,2024,1,28,6.0,2300000.0,13740
8050696,1,4,1,10,2024,1,30,10.0,2500000.0,28614
8077858,1,1,1,10,2024,1,25,5.0,700000.0,47106
8053141,1,1,1,10,2024,2,38,10.0,11000000.0,34462
8084543,1,1,1,10,2024,1,37,10.0,4000000.0,61400
8053517,1,2,1,10,2024,2,55,10.0,1800000.0,35291
8086091,1,1,1,10,2024,2,37,5.0,1600000.0,63259
8053663,1,1,1,10,2024,2,45,3.0,700000.0,35633
8045486,1,2,1,10,2024,1,25,5.0,800000.0,17410
8047851,1,1,1,10,2024,2,48,3.0,900000.0,22533
8050770,2,1,2,10,2024,1,36,10.0,2000000.0,28793
8049885,1,1,1,10,2024,1,52,5.0,350000.0,26606
8076172,1,1,1,10,2024,2,39,10.0,2045000.0,43220
8051295,1,2,1,10,2024,2,32,10.0,2100000.0,29792
8080835,1,1,1,10,2024,1,29,5.0,1300000.0,53854
8086495,1,2,1,10,2024,1,45,5.0,1800000.0,63810
8078810,1,1,1,10,2024,2,44,3.0,500000.0,49198
8086584,1,4,1,10,2024,2,23,8.0,1300000.0,64056
8046805,1,5,1,10,2024,1,42,5.0,1500000.0,20490
8043218,1,2,1,10,2024,2,35,4.0,165000.0,11418
8076950,1,2,1,10,2024,1,47,5.0,800000.0,45029
8086472,1,2,1,10,2024,2,45,10.0,1800000.0,63752
8077354,1,1,1,10,2024,2,34,10.0,3000000.0,46070
8052864,1,2,1,10,2024,2,49,5.0,1300000.0,33787
8041792,1,1,1,10,2024,2,34,5.0,2800000.0,8292
8043613,1,1,1,10,2024,1,34,5.0,2600000.0,12443
8045460,1,2,1,10,2024,2,35,12.0,6000000.0,17337
8049273,1,1,1,10,2024,1,56,9.0,2200000.0,25248
8081343,1,4,1,10,2024,2,32,10.0,1460000.0,54912
8039232,1,2,1,10,2024,1,33,5.0,600000.0,2650
8055886,1,2,1,10,2024,2,39,13.0,3000000.0,40203
8081099,1,4,1,10,2024,2,27,5.0,280000.0,54400
8045773,1,2,1,10,2024,2,18,5.0,1300000.0,18145
8050839,1,2,1,10,2024,1,40,8.0,1300000.0,28974
8043435,1,2,1,10,2024,1,43,5.0,1300000.0,11969
8050620,1,3,1,10,2024,1,34,12.0,1300000.0,28449
8049492,1,1,1,10,2024,2,82,3.0,336000.0,25596
8075848,1,2,1,10,2024,1,22,5.0,750000.0,42241
8084709,1,1,1,10,2024,1,24,6.0,2700000.0,61726
8046380,1,1,1,10,2024,2,36,11.0,3000000.0,19426
8081588,1,2,1,10,2024,2,31,10.0,2000000.0,55444
8045410,1,1,1,10,2024,2,68,5.0,700000.0,17180
8042635,1,1,1,10,2024,2,60,4.0,600000.0,10211
8045550,1,1,1,10,2024,2,40,5.0,1300000.0,17576
8048573,1,2,1,10,2024,2,39,5.0,1300000.0,23944
8076628,1,2,1,10,2024,2,30,8.0,1300000.0,44317
8043120,1,1,1,10,2024,1,43,3.0,3600000.0,11189
8049319,1,2,1,10,2024,1,64,5.0,600000.0,25350
8040017,1,1,1,10,2024,1,74,3.0,300000.0,4171
8048232,1,2,1,10,2024,1,58,1.0,1200000.0,23318
8079724,1,4,1,10,2024,2,29,5.0,500000.0,51314
8046728,1,3,1,10,2024,2,39,8.0,1800000.0,20302
8079560,1,1,1,10,2024,1,43,9.0,1800000.0,50988
8055391,1,1,1,10,2024,1,61,5.0,1300000.0,39317
8048672,1,1,1,10,2024,1,47,10.0,2600000.0,24083
8084433,1,2,1,10,2024,1,61,3.0,1000000.0,61195
8076192,1,1,1,10,2024,2,47,8.0,400000.0,43283
8039425,1,1,1,10,2024,1,32,5.0,1060000.0,3020
8043109,1,4,1,10,2024,1,19,6.0,900000.0,11168
8052013,1,1,1,10,2024,2,70,3.0,1300000.0,31622
8050641,1,1,1,10,2024,2,36,5.0,1300000.0,28497
8040211,1,2,1,10,2024,1,33,5.0,2020000.0,4677
8038850,1,1,1,10,2024,2,32,10.0,7000000.0,1638
8042122,1,4,1,10,2024,1,22,5.0,600000.0,9088
8054879,1,1,1,10,2024,2,42,5.0,1200000.0,38270
8056132,1,1,1,10,2024,2,51,5.0,1300000.0,40655
8043965,1,1,1,10,2024,1,42,11.0,12000000.0,13356
8044062,1,2,1,10,2024,2,25,4.0,1000000.0,13556
8078085,1,2,1,10,2024,1,71,1.0,195000.0,47594
8052349,1,5,1,10,2024,1,23,8.0,1300000.0,32540
8052211,1,1,1,10,2024,1,40,5.0,1850000.0,32113
8078051,1,1,1,10,2024,2,56,3.0,1200000.0,47534
8041348,1,2,1,10,2024,2,51,12.0,5600000.0,7319
8076583,1,3,1,10,2024,2,35,9.0,1300000.0,44200
8047106,1,1,1,10,2024,1,31,10.0,15000000.0,21001
8040975,1,1,1,10,2024,1,34,11.0,3126000.0,6482
8085930,1,1,1,10,2024,1,67,6.0,1550000.0,63052
8075817,1,2,1,10,2024,1,64,5.0,800000.0,42157
8050171,1,3,1,10,2024,1,18,6.0,184000.0,27268
8079759,1,1,1,10,2024,1,66,3.0,2300000.0,51470
8040556,1,2,1,10,2024,2,44,10.0,3600000.0,5505
8080092,1,1,1,10,2024,2,47,4.0,600000.0,52248
8077637,1,2,1,10,2024,1,18,4.0,1000000.0,46637
8056285,1,1,1,10,2024,2,75,1.0,1300000.0,40997
8086554,1,3,1,10,2024,2,57,4.0,1420000.0,63969
8079724,1,7,1,10,2024,2,27,5.0,1000000.0,51317
8051565,1,1,1,10,2024,1,61,9.0,3000000.0,30491
8039528,1,1,1,10,2024,1,49,5.0,1300000.0,3243
8079356,1,1,1,10,2024,2,37,5.0,580000.0,50557
8075643,1,1,1,10,2024,2,52,5.0,1400000.0,41701
8050599,1,1,1,10,2024,1,27,9.0,1300000.0,28402
8038424,1,1,1,10,2024,1,34,4.0,10000000.0,635
8083049,1,1,1,10,2024,2,43,5.0,1300000.0,58206
8077171,1,2,1,10,2024,1,57,3.0,800000.0,45634
8049282,1,2,1,10,2024,1,24,6.0,1300000.0,25274
8076956,1,3,1,10,2024,1,19,5.0,700000.0,45042
8048400,1,1,1,10,2024,1,20,5.0,1600000.0,23612
8079381,1,1,1,10,2024,1,83,3.0,800000.0,50606
8079058,1,1,1,10,2024,1,70,3.0,800000.0,49781
8080072,1,2,1,10,2024,2,33,5.0,1300000.0,52194
8081402,1,2,1,10,2024,2,34,12.0,6835150.0,55075
8044991,1,2,1,10,2024,1,49,5.0,1300000.0,16033
8050484,1,1,1,10,2024,2,30,4.0,720000.0,28060
8042868,1,1,1,10,2024,1,31,10.0,4800000.0,10729
8040208,1,1,1,10,2024,2,40,3.0,290000.0,4668
8055544,1,1,1,10,2024,1,39,5.0,2000000.0,39529
8045780,1,3,1,10,2024,1,22,10.0,450000.0,18165
8083042,1,1,1,10,2024,2,39,4.0,800000.0,58187
8047921,1,1,1,10,2024,2,23,5.0,300000.0,22691
8043035,1,4,1,10,2024,2,20,8.0,1040000.0,10989
8081116,1,2,1,10,2024,1,35,5.0,1600000.0,54422
8078813,1,1,1,10,2024,1,23,8.0,1080000.0,49207
8082664,1,1,1,10,2024,2,44,5.0,1600000.0,57268
8054683,1,5,1,10,2024,1,30,10.0,1300000.0,37799
8075755,1,1,1,10,2024,1,51,4.0,700000.0,41981
8045375,1,3,1,10,2024,2,21,5.0,1300000.0,17077
8042570,1,1,1,10,2024,1,51,5.0,1300000.0,10082
8080134,1,1,1,10,2024,1,68,5.0,400000.0,52382
8040923,1,1,1,10,2024,2,64,5.0,1300000.0,6368
8049316,1,2,1,10,2024,2,33,5.0,1300000.0,25343
8083555,1,2,1,10,2024,2,46,10.0,1300000.0,59297
8040707,1,2,1,10,2024,2,57,13.0,4000000.0,5817
8053944,1,1,1,10,2024,1,48,5.0,1300000.0,36198
8046092,1,1,1,10,2024,2,50,5.0,1300000.0,18699
8050351,1,1,1,10,2024,1,49,8.0,1200000.0,27725
8081285,1,2,1,10,2024,1,25,5.0,1200000.0,54789
8038387,1,2,1,10,2024,1,21,5.0,1300000.0,540
8077029,1,1,1,10,2024,1,56,3.0,800000.0,45203
8076817,1,1,1,10,2024,1,47,11.0,2900000.0,44742
8054196,1,1,1,10,2024,1,38,9.0,500000.0,36722
8042132,1,1,1,10,2024,1,44,4.0,1200000.0,9133
8040395,1,2,1,10,2024,2,69,3.0,1500000.0,5108
8041648,1,3,1,10,2024,1,26,8.0,1726000.0,8063
8080489,1,1,1,10,2024,2,40,4.0,1300000.0,53177
8041342,1,4,1,10,2024,2,32,6.0,1300000.0,7298
8043253,1,1,1,10,2024,1,36,5.0,3500000.0,11493
8084018,1,1,1,10,2024,1,62,3.0,1500000.0,60246
8054282,1,1,1,10,2024,2,37,5.0,150000.0,36865
8038841,1,2,1,10,2024,2,30,12.0,3800000.0,1618
8043322,1,1,1,10,2024,1,26,5.0,2000000.0,11672
8043229,1,1,1,10,2024,1,73,10.0,1000000.0,11443
8083372,1,1,1,10,2024,2,48,9.0,1000000.0,58945
8052158,1,1,1,10,2024,1,65,1.0,800000.0,31987
8080248,1,1,1,10,2024,2,35,3.0,300000.0,52677
8040691,1,1,1,10,2024,1,34,5.0,1400000.0,5798
8047317,1,3,1,10,2024,1,31,8.0,700000.0,21417
8056123,1,2,1,10,2024,2,55,6.0,1300000.0,40645
8050882,1,1,1,10,2024,1,18,4.0,400000.0,29090
8053603,1,2,1,10,2024,1,21,5.0,1000000.0,35501
8043919,1,1,1,10,2024,1,34,8.0,960000.0,13219
8044352,1,2,1,10,2024,2,38,9.0,700000.0,14325
8082306,1,4,1,10,2024,2,30,5.0,600000.0,56435
8055783,1,1,1,10,2024,2,60,5.0,300000.0,39957
8049604,1,1,1,10,2024,2,54,5.0,150000.0,25864
8080551,1,1,1,10,2024,1,66,5.0,600000.0,53300
8080583,1,1,1,10,2024,1,53,5.0,5000000.0,53367
8042716,1,2,1,10,2024,1,53,3.0,1000000.0,10391
8077424,1,1,1,10,2024,1,44,4.0,1400000.0,46223
8049699,1,1,1,10,2024,1,27,3.0,700000.0,26107
8047828,1,1,1,10,2024,1,53,5.0,2000000.0,22478
8044580,1,1,1,10,2024,2,71,3.0,600000.0,14948
8040839,1,2,1,10,2024,2,28,10.0,2200000.0,6140
8048093,1,3,1,10,2024,1,20,4.0,500000.0,23033
8079925,1,3,1,10,2024,2,25,12.0,2000000.0,51934
8078606,1,1,1,10,2024,2,45,8.0,250000.0,48780
8051381,1,1,1,10,2024,1,61,3.0,240000.0,30044
8038495,1,2,1,10,2024,2,55,5.0,330000.0,758
8042257,1,2,1,10,2024,2,54,3.0,1300000.0,9441
8045523,1,1,1,10,2024,1,39,3.0,350000.0,17522
8045038,1,3,1,10,2024,1,53,5.0,1500000.0,16172
8083988,1,1,1,10,2024,1,51,3.0,1000000.0,60164
8046925,1,1,1,10,2024,1,29,10.0,1000000.0,20752
8050803,1,2,1,10,2024,1,23,4.0,800000.0,28873
8038743,1,3,1,10,2024,2,61,10.0,3000000.0,1375
8076007,1,1,1,10,2024,1,33,4.0,600000.0,42719
8041225,1,1,1,10,2024,2,57,3.0,240000.0,7114
8056091,1,1,1,10,2024,1,49,5.0,1350000.0,40579
8081424,1,2,1,10,2024,2,41,3.0,150000.0,55131
8055633,1,1,1,10,2024,1,34,4.0,2000000.0,39647
8083212,1,1,1,10,2024,2,55,5.0,700000.0,58564
8042981,1,1,1,10,2024,1,72,3.0,1000000.0,10878
8046112,1,4,1,10,2024,2,31,10.0,1600000.0,18738
8083071,1,1,1,10,2024,1,60,10.0,500000.0,58255
8077636,1,1,1,10,2024,2,48,3.0,1344000.0,46634
8039280,1,1,1,10,2024,1,61,11.0,2000000.0,2770
8079538,1,1,1,10,2024,2,50,3.0,2500000.0,50953
8038956,1,1,1,10,2024,2,50,4.0,1800000.0,1911
8051909,1,4,1,10,2024,2,43,8.0,1600000.0,31388
8084550,1,1,1,10,2024,2,36,5.0,1358000.0,61406
8086850,1,1,1,10,2024,1,27,4.0,1500000.0,64565
8081227,1,1,1,10,2024,1,53,3.0,1500000.0,54621
8050528,1,2,1,10,2024,1,47,3.0,700000.0,28218
8044461,1,2,1,10,2024,2,39,5.0,1450000.0,14606
8053195,1,1,1,10,2024,1,33,5.0,2000000.0,34587
8078348,1,3,1,10,2024,1,17,5.0,300000.0,48241
8041943,1,1,1,10,2024,2,20,5.0,1300000.0,8675
8082326,1,2,1,10,2024,2,63,10.0,4800000.0,56479
8045626,2,2,2,10,2024,2,59,3.0,600000.0,17765
8056079,1,5,1,10,2024,1,61,9.0,1400000.0,40556
8044387,1,1,1,10,2024,1,32,8.0,2600000.0,14411
8046472,1,4,1,10,2024,2,50,4.0,1640000.0,19630
8044740,2,1,2,10,2024,2,25,8.0,150000.0,15366
8043064,1,1,1,10,2024,1,45,3.0,800000.0,11060
8052945,1,1,1,10,2024,1,22,5.0,1450000.0,33991
8054492,1,2,1,10,2024,2,38,5.0,1300000.0,37389
8053157,1,3,1,10,2024,2,24,8.0,1300000.0,34501
8042189,1,2,1,10,2024,1,60,10.0,4000000.0,9282
8054239,1,4,1,10,2024,1,29,5.0,700000.0,36805
8079777,1,1,1,10,2024,1,45,5.0,2500000.0,51536
8039372,1,2,1,10,2024,2,58,11.0,4300000.0,2923
8079578,1,2,1,10,2024,1,34,10.0,6000000.0,51004
8038861,1,1,1,10,2024,2,43,5.0,200000.0,1664
8045943,1,4,1,10,2024,1,33,5.0,1300000.0,18297
8086380,1,1,1,10,2024,1,61,9.0,3000000.0,63569
8043021,1,1,1,10,2024,1,66,3.0,400000.0,10964
8077240,1,1,1,10,2024,1,25,3.0,1100000.0,45806
8048051,1,1,1,10,2024,1,32,4.0,200000.0,22918
8081167,1,2,1,10,2024,2,27,4.0,600000.0,54522
8055226,1,2,1,10,2024,2,43,3.0,140000.0,39020
8077320,1,1,1,10,2024,2,63,3.0,1600000.0,45985
8054293,1,1,1,10,2024,2,33,5.0,1300000.0,36909
8056267,1,4,1,10,2024,2,30,6.0,1350000.0,40975
8044689,1,3,1,10,2024,1,19,10.0,2400000.0,15241
8084605,1,1,1,10,2024,2,45,5.0,1000000.0,61507
8055880,1,2,1,10,2024,2,24,10.0,1300000.0,40196
8041157,1,2,1,10,2024,2,52,3.0,240000.0,6929
8078690,1,1,1,10,2024,1,42,5.0,1300000.0,48947
8080594,1,1,1,10,2024,1,51,3.0,1300000.0,53387
8041660,1,3,1,10,2024,2,18,4.0,1000000.0,8090
8054080,1,3,1,10,2024,1,17,10.0,1200000.0,36453
8078393,1,1,1,10,2024,1,46,3.0,800000.0,48324
8042460,1,2,1,10,2024,1,34,5.0,1500000.0,9858
8044423,1,1,1,10,2024,1,39,5.0,1460000.0,14506
8049256,1,1,1,10,2024,1,32,10.0,5800000.0,25208
8049963,1,2,1,10,2024,2,45,8.0,1300000.0,26761
8047242,1,3,1,10,2024,2,22,10.0,1180000.0,21277
8039481,1,2,1,10,2024,2,39,8.0,1300000.0,3137
8051300,1,1,1,10,2024,2,30,10.0,300000.0,29810
8084772,1,1,1,10,2024,2,55,3.0,1300000.0,61867
8077282,1,2,1,10,2024,2,36,5.0,1500000.0,45916
8055320,1,2,1,10,2024,2,37,5.0,1300000.0,39161
8080971,1,3,1,10,2024,1,4,1.0,,54138
8044956,1,1,1,10,2024,2,53,3.0,750000.0,15929
8081244,1,1,1,10,2024,1,50,5.0,2000000.0,54671
8081442,1,1,1,10,2024,2,54,9.0,1800000.0,55166
8084105,1,1,1,10,2024,1,57,9.0,1500000.0,60511
8081375,1,3,1,10,2024,2,52,10.0,3328000.0,54975
8086659,1,1,1,10,2024,2,21,9.0,1600000.0,64261
8054349,1,2,1,10,2024,2,56,5.0,1460000.0,37066
8055692,1,1,1,10,2024,1,63,10.0,15000000.0,39831
8080280,1,4,1,10,2024,1,37,5.0,1000000.0,52758
8079403,1,1,1,10,2024,2,42,5.0,300000.0,50650
8038563,1,1,1,10,2024,2,32,5.0,250000.0,910
8083130,1,1,1,10,2024,1,48,11.0,3300000.0,58404
8053986,1,4,1,10,2024,2,33,8.0,1300000.0,36277
8051519,1,3,1,10,2024,1,39,3.0,1500000.0,30397
8045441,1,1,1,10,2024,1,20,5.0,1700000.0,17271
8050473,1,2,1,10,2024,2,19,5.0,1300000.0,28034
8052085,1,1,1,10,2024,2,56,8.0,1300000.0,31806
8040327,1,1,1,10,2024,1,35,10.0,1300000.0,4962
8051757,1,2,1,10,2024,2,44,5.0,1300000.0,30979
8056198,1,1,1,10,2024,1,53,10.0,1500000.0,40778
8045525,1,2,1,10,2024,1,31,5.0,1200000.0,17528
8039861,1,1,1,10,2024,1,37,12.0,4000000.0,3854
8052671,1,2,1,10,2024,2,38,4.0,120000.0,33368
8082693,1,4,1,10,2024,1,69,5.0,900000.0,57344
8056377,1,4,1,10,2024,2,24,5.0,1300000.0,41204
8044037,1,2,1,10,2024,2,39,5.0,1570000.0,13487
8043812,1,2,1,10,2024,2,48,8.0,1800000.0,12970
8086271,1,2,1,10,2024,2,53,8.0,1125000.0,63369
8081413,1,1,1,10,2024,1,33,11.0,3000000.0,55104
8039989,1,1,1,10,2024,2,40,10.0,2000000.0,4130
8046740,1,2,1,10,2024,1,31,5.0,800000.0,20332
8079192,1,1,1,10,2024,2,39,5.0,160000.0,50090
8050945,1,2,1,10,2024,2,47,5.0,300000.0,29267
8049355,1,1,1,10,2024,2,44,8.0,1800000.0,25422
8044800,1,2,1,10,2024,1,22,3.0,800000.0,15495
8053623,1,1,1,10,2024,2,27,10.0,1320000.0,35557
8046268,1,2,1,10,2024,2,61,3.0,128000.0,19095
8040585,1,1,1,10,2024,1,63,3.0,280000.0,5587
8045058,1,2,1,10,2024,1,67,5.0,1300000.0,16225
8050287,1,2,1,10,2024,2,27,10.0,2000000.0,27546
8041009,1,2,1,10,2024,2,30,5.0,150000.0,6560
8081383,1,1,1,10,2024,1,49,5.0,500000.0,55010
8045172,1,1,1,10,2024,1,47,10.0,1300000.0,16533
8050160,1,4,1,10,2024,2,22,5.0,1200000.0,27232
8075813,1,1,1,10,2024,1,40,10.0,1300000.0,42139
8077817,1,1,1,10,2024,2,51,3.0,1300000.0,47024
8048162,1,1,1,10,2024,2,43,12.0,1300000.0,23216
8051842,1,1,1,10,2024,1,61,4.0,900000.0,31220
8077930,1,2,1,10,2024,2,38,3.0,400000.0,47248
8079350,1,3,1,10,2024,2,70,1.0,100000.0,50545
8076970,1,6,1,10,2024,2,30,5.0,400000.0,45069
8043835,1,2,1,10,2024,2,56,1.0,830000.0,13015
8039669,1,1,1,10,2024,2,38,4.0,1000000.0,3475
8044676,1,3,1,10,2024,2,29,10.0,800000.0,15203
8075614,1,1,1,10,2024,1,70,3.0,700000.0,41601
8044262,1,2,1,10,2024,2,67,3.0,1200000.0,14033
8043917,1,2,1,10,2024,2,61,10.0,3800000.0,13215
8050875,1,1,1,10,2024,2,28,5.0,1300000.0,29065
8049029,1,1,1,10,2024,2,63,5.0,500000.0,24788
8084408,1,1,1,10,2024,2,24,10.0,1924000.0,61151
8050726,1,1,1,10,2024,1,65,4.0,500000.0,28676
8047923,1,1,1,10,2024,2,45,3.0,1000000.0,22693
8052320,1,6,1,10,2024,1,71,1.0,500000.0,32451
8041204,1,2,1,10,2024,2,33,5.0,1300000.0,7064
8077180,1,1,1,10,2024,2,41,3.0,0.0,45660
8054075,1,1,1,10,2024,2,52,5.0,1950000.0,36442
8046320,1,1,1,10,2024,1,55,3.0,800000.0,19273
8050977,1,2,1,10,2024,2,47,11.0,5551000.0,29367
8038793,1,1,1,10,2024,2,27,10.0,2700000.0,1517
8048588,1,2,1,10,2024,2,48,10.0,3000000.0,23962
8052850,1,1,1,10,2024,2,58,3.0,1120000.0,33756
8042552,1,2,1,10,2024,2,44,4.0,200000.0,10055
8045537,1,1,1,10,2024,2,44,11.0,4100000.0,17549
8038425,1,1,1,10,2024,1,69,4.0,100000.0,638
8079953,1,1,1,10,2024,1,70,10.0,1000000.0,51970
8044670,1,1,1,10,2024,2,43,8.0,1000000.0,15187
8048786,1,1,1,10,2024,2,57,4.0,200000.0,24291
8040946,1,1,1,10,2024,1,43,5.0,1000000.0,6416
8077754,1,2,1,10,2024,1,33,4.0,1300000.0,46888
8042142,1,3,1,10,2024,1,33,4.0,1800000.0,9155
8047032,1,1,1,10,2024,2,42,10.0,1500000.0,20862
8050026,1,1,1,10,2024,2,42,5.0,950000.0,26928
8048076,1,1,1,10,2024,1,41,5.0,1500000.0,22990
8085692,1,2,1,10,2024,2,24,5.0,800000.0,62646
8081421,1,1,1,10,2024,2,40,5.0,450000.0,55124
8045173,1,1,1,10,2024,2,39,12.0,4000000.0,16535
8052285,1,2,1,10,2024,2,42,5.0,450000.0,32334
8053296,1,3,1,10,2024,2,40,3.0,1400000.0,34810
8044499,1,1,1,10,2024,2,22,5.0,800000.0,14703
8039120,1,1,1,10,2024,2,29,6.0,1600000.0,2351
8083782,1,1,1,10,2024,1,42,3.0,700000.0,59748
8045663,1,2,1,10,2024,2,45,5.0,100000.0,17876
8042256,1,1,1,10,2024,2,35,10.0,1800000.0,9437
8055772,1,4,1,10,2024,2,39,10.0,1800000.0,39933
8083313,1,1,1,10,2024,1,36,8.0,1200000.0,58820
8082297,1,2,1,10,2024,2,31,5.0,1400000.0,56415
8083688,1,4,1,10,2024,1,23,5.0,500000.0,59559
8054630,1,1,1,10,2024,1,29,5.0,500000.0,37675
8045383,1,1,1,10,2024,1,22,9.0,1300000.0,17098
8083409,1,1,1,10,2024,2,51,10.0,4000000.0,59009
8084730,1,2,1,10,2024,2,54,5.0,1000000.0,61772
8078002,1,2,1,10,2024,2,61,3.0,300000.0,47432
8047387,1,2,1,10,2024,2,27,8.0,180000.0,21564
8055814,1,4,1,10,2024,2,29,5.0,1650000.0,40042
8050300,1,1,1,10,2024,2,52,5.0,1300000.0,27560
8086684,1,2,1,10,2024,2,48,5.0,4000000.0,64325
8053352,1,4,1,10,2024,1,75,3.0,400000.0,34963
8041222,1,1,1,10,2024,1,64,10.0,3000000.0,7106
8083577,1,1,1,10,2024,1,53,5.0,1300000.0,59348
8048036,1,2,1,10,2024,2,43,11.0,2500000.0,22892
8047872,1,2,1,10,2024,2,40,10.0,3000000.0,22589
8042631,1,2,1,10,2024,1,62,12.0,4800000.0,10207
8044954,1,4,1,10,2024,2,30,10.0,2200000.0,15922
8056093,1,2,1,10,2024,2,24,6.0,1300000.0,40583
8078783,1,1,1,10,2024,2,26,8.0,2000000.0,49150
8053029,1,4,1,10,2024,2,51,3.0,1462000.0,34264
8041710,1,2,1,10,2024,1,36,5.0,1800000.0,8179
8081978,1,1,1,10,2024,2,34,5.0,900000.0,55938
8076734,1,1,1,10,2024,2,61,5.0,1000000.0,44566
8053378,1,1,1,10,2024,1,53,3.0,600000.0,35050
8045141,1,1,1,10,2024,2,53,5.0,1358000.0,16446
8086050,1,1,1,10,2024,1,32,11.0,2300000.0,63228
8082862,1,2,1,10,2024,2,24,4.0,1350000.0,57764
8043938,1,1,1,10,2024,1,58,3.0,1000000.0,13261
8044813,1,1,1,10,2024,2,64,10.0,3600000.0,15537
8056150,1,1,1,10,2024,1,48,11.0,10000000.0,40702
8055022,1,1,1,10,2024,1,53,3.0,500000.0,38591
8080840,1,2,1,10,2024,2,53,3.0,400000.0,53865
8054027,1,1,1,10,2024,1,57,12.0,4200000.0,36343
8084813,1,1,1,10,2024,1,49,5.0,800000.0,61960
8050904,1,2,1,10,2024,1,38,5.0,300000.0,29147
8044037,1,3,1,10,2024,2,23,8.0,1020000.0,13488
8077853,1,1,1,10,2024,2,49,3.0,300000.0,47097
8043010,1,1,1,10,2024,2,53,3.0,500000.0,10937
8049343,1,1,1,10,2024,2,55,3.0,400000.0,25408
8079879,1,2,1,10,2024,1,46,4.0,1300000.0,51831
8039247,1,1,1,10,2024,2,56,3.0,700000.0,2681
8082887,1,4,1,10,2024,2,24,10.0,1300000.0,57834
8045737,1,1,1,10,2024,2,34,8.0,1462000.0,18052
8039822,1,1,1,10,2024,1,33,10.0,2000000.0,3787
8080100,1,3,1,10,2024,1,27,10.0,2500000.0,52279
8050529,1,2,1,10,2024,2,50,4.0,1000000.0,28223
8081090,1,3,1,10,2024,1,54,8.0,1300000.0,54386
8046686,1,1,1,10,2024,1,72,9.0,3700000.0,20194
8048722,1,2,1,10,2024,2,45,8.0,2000000.0,24216
8078963,1,2,1,10,2024,2,21,6.0,480000.0,49560
8053586,1,2,1,10,2024,1,44,8.0,1300000.0,35459
8047401,1,1,1,10,2024,2,37,5.0,900000.0,21586
8040308,1,1,1,10,2024,2,42,5.0,2100000.0,4919
8052843,1,1,1,10,2024,1,63,3.0,1600000.0,33735
8046637,1,2,1,10,2024,2,54,11.0,5000000.0,20102
8045355,1,2,1,10,2024,2,25,10.0,200000.0,17019
8080530,1,1,1,10,2024,1,31,5.0,1300000.0,53251
8080223,1,1,1,10,2024,2,51,5.0,500000.0,52615
8053736,1,2,1,10,2024,2,62,5.0,700000.0,35843
8083377,1,1,1,10,2024,2,53,10.0,2500000.0,58952
8079224,1,2,1,10,2024,1,29,3.0,600000.0,50182
8084536,1,2,1,10,2024,1,39,10.0,3200000.0,61385
8051374,1,3,1,10,2024,2,26,10.0,2000000.0,30025
8080960,1,1,1,10,2024,1,35,3.0,1300000.0,54117
8042293,1,2,1,10,2024,1,28,10.0,1600000.0,9503
8078681,1,1,1,10,2024,2,69,3.0,100000.0,48919
8077973,1,1,1,10,2024,2,41,5.0,850000.0,47348
8045760,1,1,1,10,2024,1,62,8.0,2500000.0,18119
8049318,1,1,1,10,2024,2,26,5.0,1100000.0,25347
8044957,1,1,1,10,2024,2,40,10.0,2500000.0,15935
8084326,1,1,1,10,2024,1,52,3.0,1500000.0,60968
8081004,1,2,1,10,2024,1,16,5.0,750000.0,54198
8079270,1,1,1,10,2024,2,34,9.0,250000.0,50342
8054633,1,1,1,10,2024,2,38,5.0,1500000.0,37686
8053396,1,1,1,10,2024,1,54,5.0,2000000.0,35113
8040122,1,2,1,10,2024,2,26,11.0,1300000.0,4430
8056074,1,3,1,10,2024,1,29,5.0,1300000.0,40537
8055045,1,3,1,10,2024,2,21,7.0,300000.0,38663
8080270,1,1,1,10,2024,1,58,3.0,700000.0,52741
8043077,1,1,1,10,2024,1,61,3.0,600000.0,11096
8078752,1,4,1,10,2024,2,33,5.0,1462000.0,49097
8042103,1,3,1,10,2024,1,31,5.0,1300000.0,9035
8077879,1,2,1,10,2024,2,62,5.0,300000.0,47134
8046520,1,5,1,10,2024,1,30,5.0,1300000.0,19758
8038252,1,1,1,10,2024,1,58,3.0,1300000.0,168
8044252,1,3,1,10,2024,2,39,5.0,500000.0,13988
8076036,1,1,1,10,2024,1,24,5.0,600000.0,42814
8044480,1,1,1,10,2024,2,48,4.0,600000.0,14657
8043832,1,1,1,10,2024,1,67,4.0,300000.0,13003
8038637,1,2,1,10,2024,1,58,10.0,2000000.0,1064
8052140,1,1,1,10,2024,2,40,5.0,900000.0,31956
8080730,1,1,1,10,2024,2,25,8.0,800000.0,53647
8056368,1,1,1,10,2024,1,54,8.0,1300000.0,41170
8086751,1,1,1,10,2024,2,32,10.0,1000000.0,64424
8076879,1,1,1,10,2024,1,20,5.0,1400000.0,44888
8051280,1,1,1,10,2024,1,21,5.0,1350000.0,29752
8083548,1,1,1,10,2024,2,50,10.0,200000.0,59284
8041353,1,1,1,10,2024,2,58,3.0,500000.0,7331
8041490,1,1,1,10,2024,2,54,3.0,400000.0,7693
8054719,1,1,1,10,2024,1,68,4.0,1300000.0,37886
8076544,1,1,1,10,2024,1,81,1.0,1000000.0,44123
8078592,1,1,1,10,2024,1,45,5.0,1400000.0,48747
8052059,1,2,1,10,2024,2,25,8.0,2300000.0,31726
8052929,1,2,1,10,2024,2,31,5.0,200000.0,33939
8038291,1,2,1,10,2024,2,42,5.0,1680000.0,283
8047373,1,2,1,10,2024,2,41,11.0,2000000.0,21542
8039833,1,1,1,10,2024,1,20,5.0,1300000.0,3802
8044685,1,2,1,10,2024,1,50,4.0,1500000.0,15233
8046129,1,2,1,10,2024,2,55,11.0,4000000.0,18778
8048263,1,2,1,10,2024,2,21,5.0,1000000.0,23390
8050838,1,1,1,10,2024,1,38,5.0,1000000.0,28972
8080170,1,2,1,10,2024,1,57,8.0,4000000.0,52468
8043253,1,2,1,10,2024,2,35,3.0,1300000.0,11494
8050671,1,1,1,10,2024,1,31,10.0,700000.0,28555
8054530,1,1,1,10,2024,1,54,5.0,1000000.0,37475
8045988,1,2,1,10,2024,2,50,5.0,200000.0,18432
8039278,1,1,1,10,2024,2,53,5.0,3100000.0,2763
8051320,1,2,1,10,2024,1,17,5.0,400000.0,29879
8042724,1,1,1,10,2024,2,19,5.0,1200000.0,10421
8051735,1,7,1,10,2024,1,36,4.0,1300000.0,30909
8054533,1,1,1,10,2024,1,34,9.0,2500000.0,37482
8040363,1,2,1,10,2024,1,50,5.0,1000000.0,5033
8038704,1,1,1,10,2024,2,48,5.0,1900000.0,1272
8083055,1,1,1,10,2024,2,48,6.0,1400000.0,58220
8053472,1,2,1,10,2024,2,60,5.0,1300000.0,35222
8051395,1,2,1,10,2024,2,44,5.0,800000.0,30077
8041561,1,2,1,10,2024,2,33,5.0,400000.0,7854
8079128,1,3,1,10,2024,1,21,9.0,1300000.0,49919
8054731,1,1,1,10,2024,2,48,3.0,800000.0,37915
8078030,1,2,1,10,2024,2,34,5.0,400000.0,47497
8084269,1,1,1,10,2024,1,61,10.0,1000000.0,60851
8080606,1,2,1,10,2024,1,29,4.0,1300000.0,53419
8078328,1,1,1,10,2024,1,42,5.0,400000.0,48179
8081166,1,1,1,10,2024,2,56,3.0,500000.0,54519
8043253,1,6,1,10,2024,2,51,3.0,1600000.0,11498
8041285,1,2,1,10,2024,1,46,12.0,1300000.0,7246
8045558,1,1,1,10,2024,2,44,4.0,900000.0,17606
8086393,1,1,1,10,2024,1,61,9.0,3000000.0,63593
8082317,1,1,1,10,2024,2,46,5.0,1300000.0,56454
8079173,1,2,1,10,2024,1,32,3.0,750000.0,50037
8055191,1,2,1,10,2024,2,29,8.0,1300000.0,38908
8038989,1,1,1,10,2024,1,54,5.0,1300000.0,1986
8083361,1,3,1,10,2024,1,33,4.0,1080000.0,58925
8050284,1,1,1,10,2024,2,33,5.0,2100000.0,27541
8051427,1,1,1,10,2024,2,26,4.0,1000000.0,30172
8083636,1,2,1,10,2024,2,42,5.0,1550000.0,59462
8051276,1,1,1,10,2024,1,39,10.0,600000.0,29740
8044794,1,1,1,10,2024,2,58,4.0,1300000.0,15481
8049825,1,4,1,10,2024,2,49,5.0,650000.0,26466
8047983,1,7,1,10,2024,2,21,4.0,800000.0,22798
8043043,1,3,1,10,2024,1,28,9.0,1200000.0,11009
8080984,1,1,1,10,2024,1,31,9.0,3000000.0,54158
8055386,1,1,1,10,2024,1,62,3.0,1300000.0,39305
8053428,1,1,1,10,2024,2,52,5.0,1510000.0,35161
8044860,1,1,1,10,2024,2,54,10.0,2000000.0,15683
8081367,1,2,1,10,2024,2,28,5.0,1300000.0,54943
8085032,1,1,1,10,2024,2,53,3.0,500000.0,62465
8079772,1,2,1,10,2024,2,26,6.0,240000.0,51525
8082631,1,1,1,10,2024,2,30,5.0,300000.0,57153
8083852,1,3,1,10,2024,2,20,10.0,1300000.0,59890
8047838,1,2,1,10,2024,1,42,5.0,1400000.0,22502
8049268,1,4,1,10,2024,2,38,6.0,1400000.0,25236
8046530,1,1,1,10,2024,2,22,3.0,1080000.0,19796
8080612,1,2,1,10,2024,2,28,10.0,2100000.0,53424
8051016,1,2,1,10,2024,1,49,10.0,2800000.0,29478
8043507,1,1,1,10,2024,1,48,5.0,1300000.0,12189
8055784,1,3,1,10,2024,2,28,8.0,1300000.0,39960
8046735,1,1,1,10,2024,2,75,3.0,400000.0,20320
8081004,1,1,1,10,2024,2,20,8.0,1250000.0,54197
8079476,1,2,1,10,2024,1,40,5.0,1462000.0,50833
8043051,1,1,1,10,2024,2,50,3.0,100000.0,11034
8041597,1,1,1,10,2024,2,32,5.0,1300000.0,7942
8085055,1,1,1,10,2024,2,36,5.0,600000.0,62540
8039359,1,1,1,10,2024,2,42,11.0,2200000.0,2914
8078190,1,3,1,10,2024,2,31,10.0,1600000.0,47828
8051011,1,1,1,10,2024,1,65,3.0,1500000.0,29463
8076184,1,1,1,10,2024,2,38,9.0,150000.0,43258
8053038,1,7,1,10,2024,1,25,9.0,1300000.0,34290
8042164,1,1,1,10,2024,2,43,5.0,400000.0,9212
8044160,1,1,1,10,2024,2,41,5.0,1300000.0,13786
8086371,1,1,1,10,2024,1,61,9.0,3000000.0,63551
8079362,1,2,1,10,2024,1,33,5.0,1000000.0,50575
8079810,1,5,1,10,2024,2,42,4.0,1450000.0,51619
8050989,1,2,1,10,2024,1,31,4.0,1950000.0,29401
8043280,1,2,1,10,2024,1,55,3.0,1000000.0,11561
8077018,1,1,1,10,2024,2,54,4.0,400000.0,45173
8038747,1,2,1,10,2024,2,61,10.0,5500000.0,1387
8083611,1,1,1,10,2024,1,29,10.0,3200000.0,59410
8051802,1,3,1,10,2024,1,21,9.0,1300000.0,31089
8055150,1,1,1,10,2024,1,42,5.0,1200000.0,38811
8039080,1,2,1,10,2024,1,40,3.0,1500000.0,2240
8053957,1,3,1,10,2024,2,22,10.0,800000.0,36225
8083011,1,1,1,10,2024,1,49,6.0,1800000.0,58115
8041197,1,1,1,10,2024,2,60,5.0,600000.0,7046
8080604,1,2,1,10,2024,2,40,10.0,1500000.0,53410
8042064,1,1,1,10,2024,2,43,3.0,360000.0,8929
8046983,1,2,1,10,2024,1,47,5.0,1800000.0,20786
8075633,1,2,1,10,2024,1,27,10.0,2250000.0,41652
8049423,1,2,1,10,2024,1,49,5.0,1000000.0,25538
8079816,1,6,1,10,2024,2,44,4.0,300000.0,51650
8043621,1,1,1,10,2024,2,25,11.0,7300000.0,12467
8080919,1,2,1,10,2024,2,41,5.0,600000.0,54018
8051619,1,2,1,10,2024,2,24,10.0,7000000.0,30616
8080901,1,2,1,10,2024,1,55,3.0,1300000.0,53973
8086679,1,1,1,10,2024,1,68,10.0,6300000.0,64310
8047172,1,1,1,10,2024,1,47,4.0,1462000.0,21100
8055071,1,3,1,10,2024,1,18,4.0,600000.0,38707
8040428,1,1,1,10,2024,2,23,5.0,600000.0,5197
8077128,1,2,1,10,2024,2,23,5.0,500000.0,45514
8086662,1,1,1,10,2024,1,30,5.0,2300000.0,64271
8050561,1,4,1,10,2024,1,62,5.0,3000000.0,28318
8077921,1,2,1,10,2024,2,27,3.0,384000.0,47220
8079670,1,2,1,10,2024,1,48,5.0,1800000.0,51178
8051540,1,1,1,10,2024,1,61,9.0,3000000.0,30441
8055148,1,1,1,10,2024,1,50,3.0,1300000.0,38804
8046127,1,2,1,10,2024,2,17,6.0,188000.0,18775
8048161,1,1,1,10,2024,2,45,11.0,10000000.0,23215
8047757,1,1,1,10,2024,1,66,5.0,,22297
8077349,1,3,1,10,2024,1,53,3.0,1300000.0,46060
8040739,1,1,1,10,2024,2,54,4.0,2000000.0,5900
8084192,1,2,1,10,2024,1,25,5.0,800000.0,60672
8053185,1,2,1,10,2024,2,46,3.0,800000.0,34560
8080152,1,1,1,10,2024,1,52,9.0,1100000.0,52429
8047576,1,1,1,10,2024,2,27,10.0,1800000.0,21887
8080920,1,2,1,10,2024,2,37,4.0,100000.0,54021
8075642,1,2,1,10,2024,1,55,1.0,900000.0,41699
8041404,1,2,1,10,2024,2,42,5.0,1450000.0,7487
8055291,1,1,1,10,2024,2,40,10.0,2300000.0,39103
8051009,1,1,1,10,2024,2,61,10.0,2487000.0,29460
8042329,1,1,1,10,2024,2,29,6.0,1300000.0,9575
8047887,1,2,1,10,2024,1,35,9.0,1400000.0,22626
8076930,1,2,1,10,2024,1,51,6.0,2000000.0,44987
8080995,1,2,1,10,2024,2,51,3.0,240000.0,54173
8083698,1,2,1,10,2024,2,29,8.0,3500000.0,59573
8044549,1,1,1,10,2024,1,52,5.0,2600000.0,14865
8047902,1,1,1,10,2024,1,43,10.0,1800000.0,22665
8052550,1,2,1,10,2024,1,50,3.0,800000.0,33064
8042509,1,1,1,10,2024,1,19,5.0,1300000.0,9975
8046085,1,2,1,10,2024,1,49,9.0,2500000.0,18685
8044878,1,1,1,10,2024,2,24,6.0,200000.0,15739
8038513,1,1,1,10,2024,2,88,3.0,1000000.0,798
8081672,1,1,1,10,2024,1,36,3.0,650000.0,55577
8051717,1,2,1,10,2024,1,38,4.0,1000000.0,30859
8083956,1,1,1,10,2024,2,27,10.0,1300000.0,60062
8043990,1,2,1,10,2024,2,47,10.0,1300000.0,13393
8043140,1,1,1,10,2024,2,53,5.0,1400000.0,11246
8053380,1,1,1,10,2024,2,42,5.0,1400000.0,35056
8045240,1,1,1,10,2024,2,57,5.0,840000.0,16749
8045681,1,1,1,10,2024,2,44,5.0,1150000.0,17915
8041747,1,2,1,10,2024,2,37,10.0,4000000.0,8234
8046661,1,2,1,10,2024,2,30,10.0,1300000.0,20144
8038797,1,1,1,10,2024,2,32,10.0,2000000.0,1523
8043052,1,1,1,10,2024,2,52,3.0,700000.0,11036
8043267,1,3,1,10,2024,1,26,5.0,1300000.0,11533
8048631,1,2,1,10,2024,1,56,4.0,1300000.0,24023
8078941,1,2,1,10,2024,2,33,5.0,600000.0,49499
8053731,1,2,1,10,2024,2,57,5.0,100000.0,35829
8051237,1,2,1,10,2024,1,36,10.0,1700000.0,29646
8080663,1,2,1,10,2024,2,41,4.0,1400000.0,53540
8085054,1,1,1,10,2024,1,40,8.0,3200000.0,62535
8044336,1,2,1,10,2024,2,34,10.0,10000000.0,14272
8045168,1,4,1,10,2024,1,37,5.0,1450000.0,16518
8050126,1,1,1,10,2024,1,62,3.0,1500000.0,27160
8078928,1,1,1,10,2024,1,53,3.0,1000000.0,49467
8046915,1,2,1,10,2024,2,22,10.0,1300000.0,20725
8055200,1,1,1,10,2024,1,42,4.0,800000.0,38923
8084493,1,2,1,10,2024,2,49,5.0,400000.0,61300
8039791,1,1,1,10,2024,1,66,4.0,2400000.0,3729
8042206,1,1,1,10,2024,2,44,10.0,2000000.0,9323
8041441,1,2,1,10,2024,2,58,5.0,950000.0,7574
8049326,1,1,1,10,2024,2,41,5.0,700000.0,25362
8041454,1,2,1,10,2024,2,55,8.0,1500000.0,7600
8083525,1,1,1,10,2024,1,39,8.0,1300000.0,59234
8077278,1,1,1,10,2024,2,41,5.0,100000.0,45909
8086114,1,1,1,10,2024,2,29,5.0,500000.0,63307
8083220,1,1,1,10,2024,1,50,5.0,1300000.0,58582
8079998,1,4,1,10,2024,1,52,5.0,1300000.0,52049
8080040,1,2,1,10,2024,2,36,9.0,850000.0,52117
8042184,1,1,1,10,2024,1,33,5.0,2000000.0,9262
8056160,1,1,1,10,2024,1,51,5.0,1462000.0,40723
8044721,1,5,1,10,2024,2,24,10.0,400000.0,15321
8080064,1,1,1,10,2024,1,49,3.0,1380000.0,52171
8040182,1,1,1,10,2024,2,48,3.0,450000.0,4593
8043965,1,2,1,10,2024,2,44,10.0,3000000.0,13357
8050663,1,3,1,10,2024,2,59,5.0,1300000.0,28542
8045484,1,1,1,10,2024,2,40,5.0,500000.0,17406
8052485,1,1,1,10,2024,1,38,3.0,1200000.0,32896
8048782,1,2,1,10,2024,2,39,4.0,600000.0,24281
8050803,1,1,1,10,2024,2,27,4.0,600000.0,28872
8041100,1,2,1,10,2024,2,60,5.0,1300000.0,6773
8041752,1,3,1,10,2024,2,30,9.0,1472000.0,8247
8051874,1,2,1,10,2024,2,39,5.0,1300000.0,31303
8040301,1,1,1,10,2024,2,30,11.0,3000000.0,4908
8044668,1,1,1,10,2024,2,50,3.0,600000.0,15183
8054236,1,2,1,10,2024,2,50,5.0,200000.0,36794
8076772,1,2,1,10,2024,2,42,11.0,4000000.0,44659
8086068,1,2,1,10,2024,1,27,10.0,1600000.0,63242
8083377,1,2,1,10,2024,2,29,10.0,400000.0,58953
8046377,1,4,1,10,2024,2,25,5.0,1450000.0,19420
8040099,1,3,1,10,2024,2,23,5.0,1300000.0,4365
8041824,1,1,1,10,2024,1,48,11.0,2500000.0,8348
8044959,1,3,1,10,2024,1,17,10.0,750000.0,15941
8050582,1,1,1,10,2024,2,52,4.0,1380000.0,28362
8085931,1,3,1,10,2024,2,23,10.0,2300000.0,63055
8053156,1,1,1,10,2024,2,56,10.0,6300000.0,34497
8077085,1,1,1,10,2024,1,40,5.0,1800000.0,45383
8046333,1,1,1,10,2024,2,40,5.0,1300000.0,19309
8050135,1,3,1,10,2024,2,29,8.0,1200000.0,27178
8053375,1,3,1,10,2024,2,28,10.0,2600000.0,35046
8082844,1,2,1,10,2024,1,24,10.0,1462000.0,57724
8046617,1,2,1,10,2024,2,41,10.0,4000000.0,20048
8049422,1,1,1,10,2024,2,56,5.0,1400000.0,25536
8044959,1,2,1,10,2024,1,25,10.0,1300000.0,15940
8047019,1,1,1,10,2024,2,50,10.0,1000000.0,20847
8040424,1,2,1,10,2024,2,22,3.0,800000.0,5179
8081477,1,1,1,10,2024,1,57,8.0,3000000.0,55228
8049189,1,1,1,10,2024,2,34,10.0,2000000.0,25078
8080702,1,5,1,10,2024,1,62,3.0,300000.0,53616
8054906,1,1,1,10,2024,1,41,5.0,1500000.0,38332
8038906,1,1,1,10,2024,1,44,12.0,1800000.0,1774
8077089,1,1,1,10,2024,1,32,3.0,1390000.0,45397
8051340,1,3,1,10,2024,2,28,8.0,1300000.0,29931
8053871,1,4,1,10,2024,2,30,8.0,1500000.0,36055
8045923,1,1,1,10,2024,1,65,3.0,1280000.0,18238
8081477,1,5,1,10,2024,2,32,5.0,384000.0,55232
8052762,1,1,1,10,2024,1,47,4.0,1700000.0,33529
8040841,1,3,1,10,2024,1,36,10.0,1300000.0,6149
8048843,1,1,1,10,2024,1,35,1.0,450000.0,24412
8076887,1,1,1,10,2024,1,39,5.0,700000.0,44900
8054289,1,1,1,10,2024,1,39,9.0,1300000.0,36888
8045342,1,2,1,10,2024,2,60,10.0,3400000.0,16991
8042514,1,1,1,10,2024,1,43,10.0,200000.0,9985
8051846,1,1,1,10,2024,2,55,8.0,300000.0,31235
8051495,1,2,1,10,2024,2,55,9.0,1900000.0,30339
8044642,1,2,1,10,2024,2,32,8.0,1400000.0,15114
8055229,1,2,1,10,2024,2,27,5.0,1080000.0,39024
8049905,1,1,1,10,2024,2,32,3.0,600000.0,26657
8078019,1,3,1,10,2024,1,40,5.0,500000.0,47477
8052258,1,1,1,10,2024,1,58,1.0,1420000.0,32267
8050240,1,2,1,10,2024,2,27,10.0,5000000.0,27432
8044408,1,1,1,10,2024,2,60,10.0,5000000.0,14450
8076465,1,2,1,10,2024,2,18,5.0,0.0,43918
8038978,1,1,1,10,2024,2,37,5.0,1300000.0,1955
8054006,1,1,1,10,2024,1,43,5.0,1300000.0,36311
8080598,1,1,1,10,2024,2,47,5.0,1650000.0,53399
8044890,1,2,1,10,2024,2,59,11.0,3000000.0,15762
8082779,1,1,1,10,2024,2,20,4.0,1450000.0,57554
8049121,1,2,1,10,2024,1,37,5.0,2000000.0,24952
8044614,1,1,1,10,2024,2,38,5.0,1400000.0,15036
8049909,1,1,1,10,2024,1,47,3.0,600000.0,26666
8048030,1,1,1,10,2024,1,41,5.0,1400000.0,22880
8045207,1,1,1,10,2024,1,24,9.0,1300000.0,16638
8080305,1,2,1,10,2024,1,48,3.0,800000.0,52813
8077974,1,4,1,10,2024,1,20,10.0,252000.0,47353
8040188,1,2,1,10,2024,2,42,11.0,3500000.0,4612
8051900,1,3,1,10,2024,2,29,5.0,1300000.0,31365
8043403,1,2,1,10,2024,2,48,11.0,2900000.0,11882
8045340,1,2,1,10,2024,2,20,5.0,1300000.0,16985
8051342,1,3,1,10,2024,2,33,11.0,1300000.0,29939
8076610,1,1,1,10,2024,1,42,11.0,5960000.0,44276
8046498,1,1,1,10,2024,1,45,5.0,1600000.0,19679
8051649,1,1,1,10,2024,2,47,11.0,6500000.0,30694
8053206,1,2,1,10,2024,2,34,9.0,900000.0,34604
8054102,1,1,1,10,2024,1,54,8.0,1462000.0,36492
8084795,1,1,1,10,2024,2,38,10.0,6800000.0,61930
8050083,1,6,1,10,2024,1,18,4.0,600000.0,27081
8082961,2,2,2,10,2024,1,36,5.0,1200000.0,57986
8081036,1,2,1,10,2024,1,57,5.0,1300000.0,54270
8055527,1,2,1,10,2024,2,25,5.0,1400000.0,39505
8084268,1,1,1,10,2024,1,46,11.0,650000.0,60849
8046799,1,1,1,10,2024,2,45,5.0,1400000.0,20471
8084774,1,7,1,10,2024,2,34,5.0,1300000.0,61879
8047541,1,2,1,10,2024,2,36,8.0,1800000.0,21803
8040639,1,1,1,10,2024,1,40,5.0,1200000.0,5697
8085931,1,1,1,10,2024,2,25,10.0,2500000.0,63053
8038736,1,1,1,10,2024,1,38,8.0,2600000.0,1352
8080200,1,1,1,10,2024,2,63,5.0,1800000.0,52545
8039054,1,2,1,10,2024,1,44,3.0,1000000.0,2161
8083726,1,1,1,10,2024,1,50,3.0,1000000.0,59628
8042346,1,1,1,10,2024,2,54,4.0,560000.0,9608
8046159,1,1,1,10,2024,2,62,3.0,1000000.0,18842
8046292,1,3,1,10,2024,1,35,3.0,1200000.0,19198
8081747,1,1,1,10,2024,2,27,10.0,1200000.0,55682
8041679,1,3,1,10,2024,2,28,12.0,3000000.0,8124
8051741,1,3,1,10,2024,1,37,5.0,1600000.0,30927
8050517,1,1,1,10,2024,1,68,4.0,1600000.0,28186
8084025,1,1,1,10,2024,2,52,4.0,1300000.0,60266
8043900,1,2,1,10,2024,2,28,10.0,3000000.0,13171
8038681,1,3,1,10,2024,2,32,5.0,430000.0,1193
8050469,1,1,1,10,2024,2,37,5.0,150000.0,28014
8078730,1,1,1,10,2024,1,29,3.0,1480000.0,49032
8044645,1,3,1,10,2024,1,20,10.0,200000.0,15123
8086530,1,1,1,10,2024,2,39,5.0,600000.0,63905
8054368,1,1,1,10,2024,1,62,3.0,1500000.0,37098
8048244,1,1,1,10,2024,1,29,5.0,500000.0,23351
8043682,1,1,1,10,2024,2,51,5.0,1200000.0,12623
8076752,1,1,1,10,2024,2,43,5.0,2500000.0,44614
8043764,1,1,1,10,2024,1,46,3.0,1500000.0,12838
8050160,1,1,1,10,2024,1,33,3.0,1800000.0,27229
8051928,1,1,1,10,2024,2,49,5.0,600000.0,31426
8084781,1,2,1,10,2024,2,30,11.0,2200000.0,61902
8042093,1,4,1,10,2024,2,22,7.0,300000.0,9012
8048783,1,3,1,10,2024,2,36,9.0,1400000.0,24285
8055567,1,1,1,10,2024,2,54,8.0,1300000.0,39553
8043492,1,2,1,10,2024,1,22,5.0,720000.0,12137
8041394,1,1,1,10,2024,2,39,4.0,340000.0,7449
8076224,1,1,1,10,2024,2,53,3.0,530000.0,43334
8076546,1,1,1,10,2024,1,82,1.0,200000.0,44129
8041300,1,1,1,10,2024,2,32,5.0,1300000.0,7266
8047137,1,1,1,10,2024,2,52,13.0,6200000.0,21045
8078968,1,2,1,10,2024,2,27,5.0,400000.0,49570
8086582,1,2,1,10,2024,2,63,9.0,2500000.0,64050
8078516,1,1,1,10,2024,2,42,5.0,1000000.0,48576
8042180,1,3,1,10,2024,1,59,5.0,850000.0,9254
8055692,1,4,1,10,2024,1,36,10.0,7000000.0,39834
8051536,1,1,1,10,2024,1,61,9.0,3000000.0,30433
8048307,1,3,1,10,2024,1,23,5.0,1300000.0,23484
8082979,1,1,1,10,2024,1,40,11.0,3500000.0,58039
8081984,1,3,1,10,2024,1,39,5.0,2000000.0,55949
8055756,1,3,1,10,2024,1,24,5.0,800000.0,39894
8044635,1,6,1,10,2024,1,57,5.0,3000000.0,15095
8053256,1,1,1,10,2024,2,42,10.0,2000000.0,34724
8081549,1,1,1,10,2024,2,57,4.0,600000.0,55400
8046762,1,1,1,10,2024,1,41,5.0,1300000.0,20394
8050270,1,2,1,10,2024,2,54,8.0,1700000.0,27513
8086577,1,2,1,10,2024,1,33,5.0,2000000.0,64031
8079468,1,1,1,10,2024,2,21,4.0,1300000.0,50812
8082861,1,4,1,10,2024,2,60,4.0,200000.0,57760
8045517,1,1,1,10,2024,2,56,10.0,5943000.0,17505
8044314,1,1,1,10,2024,1,61,10.0,5000000.0,14207
8048272,1,2,1,10,2024,2,30,11.0,3700000.0,23405
8038685,1,3,1,10,2024,1,24,8.0,1300000.0,1210
8047784,1,2,1,10,2024,2,48,10.0,1200000.0,22381
8052616,1,1,1,10,2024,2,38,6.0,800000.0,33251
8084375,1,1,1,10,2024,1,43,5.0,1200000.0,61079
8055875,1,1,1,10,2024,1,73,3.0,1000000.0,40184
8048311,1,1,1,10,2024,1,57,5.0,0.0,23490
8051237,1,1,1,10,2024,2,55,4.0,3000000.0,29645
8043851,1,2,1,10,2024,2,42,3.0,1300000.0,13049
8046504,1,1,1,10,2024,1,45,4.0,2000000.0,19700
8050861,1,1,1,10,2024,2,43,5.0,1300000.0,29032
8082971,1,2,1,10,2024,1,37,10.0,2100000.0,58020
8038685,1,1,1,10,2024,1,62,4.0,900000.0,1208
8079104,1,1,1,10,2024,1,51,3.0,1200000.0,49871
8044598,1,2,1,10,2024,1,43,5.0,1200000.0,15002
8041967,1,1,1,10,2024,2,59,3.0,1250000.0,8756
8053373,1,2,1,10,2024,2,47,10.0,1300000.0,35042
8048399,1,4,1,10,2024,1,28,6.0,800000.0,23609
8052608,1,3,1,10,2024,1,40,4.0,1300000.0,33232
8051734,1,2,1,10,2024,1,46,3.0,1000000.0,30900
8082811,1,2,1,10,2024,2,46,8.0,1900000.0,57649
8043788,1,1,1,10,2024,2,39,3.0,700000.0,12909
8046812,1,2,1,10,2024,2,36,8.0,1300000.0,20504
8044800,1,3,1,10,2024,2,30,4.0,600000.0,15496
8077852,1,2,1,10,2024,1,26,10.0,1200000.0,47096
8039054,1,3,1,10,2024,2,25,5.0,300000.0,2162
8078344,1,1,1,10,2024,2,38,3.0,800000.0,48225
8038676,1,4,1,10,2024,1,25,5.0,1300000.0,1168
8045018,1,1,1,10,2024,1,43,5.0,1200000.0,16124
8044501,1,3,1,10,2024,2,29,4.0,140000.0,14711
8054236,1,3,1,10,2024,2,33,10.0,1500000.0,36795
8076045,1,1,1,10,2024,2,54,1.0,350000.0,42833
8083414,1,1,1,10,2024,1,61,3.0,1800000.0,59015
8078571,1,1,1,10,2024,1,50,3.0,1300000.0,48693
8050901,1,1,1,10,2024,2,24,8.0,2000000.0,29139
8053601,1,1,1,10,2024,2,56,3.0,600000.0,35494
8045780,1,1,1,10,2024,2,51,5.0,250000.0,18163
8056075,1,1,1,10,2024,1,30,10.0,1700000.0,40540
8056151,1,2,1,10,2024,2,61,5.0,1300000.0,40706
8042815,1,1,1,10,2024,1,36,10.0,2700000.0,10615
8077745,1,2,1,10,2024,2,25,6.0,800000.0,46868
8043659,1,1,1,10,2024,1,39,5.0,1300000.0,12568
8075967,1,1,1,10,2024,1,46,4.0,800000.0,42605
8039484,1,1,1,10,2024,2,52,5.0,1000000.0,3142
8054485,1,3,1,10,2024,1,26,5.0,700000.0,37370
8045392,1,2,1,10,2024,1,32,5.0,1700000.0,17124
8048154,1,1,1,10,2024,1,59,4.0,0.0,23196
8053287,1,1,1,10,2024,1,61,3.0,600000.0,34791
8080073,1,1,1,10,2024,2,42,5.0,1500000.0,52195
8049271,1,1,1,10,2024,1,35,5.0,3200000.0,25242
8053438,1,1,1,10,2024,2,58,4.0,200000.0,35170
8076395,1,1,1,10,2024,2,58,3.0,200000.0,43760
8055956,1,1,1,10,2024,1,62,10.0,2500000.0,40333
8040592,1,1,1,10,2024,1,43,8.0,1500000.0,5611
8083553,1,1,1,10,2024,2,58,8.0,1300000.0,59292
8046830,1,2,1,10,2024,2,34,11.0,3000000.0,20541
8077148,1,1,1,10,2024,1,29,5.0,1000000.0,45565
8046359,1,1,1,10,2024,1,32,8.0,1300000.0,19372
8050835,1,1,1,10,2024,2,57,4.0,960000.0,28961
8040970,1,4,1,10,2024,1,33,5.0,1400000.0,6471
8082844,1,1,1,10,2024,2,25,5.0,700000.0,57723
8080806,1,3,1,10,2024,1,39,8.0,2000000.0,53794
8077556,1,1,1,10,2024,1,34,3.0,1500000.0,46465
8040474,1,1,1,10,2024,1,54,3.0,1200000.0,5319
8079991,1,1,1,10,2024,2,55,5.0,1450000.0,52032
8083806,1,1,1,10,2024,1,52,10.0,2260000.0,59783
8084779,1,1,1,10,2024,1,57,10.0,2800000.0,61894
8085712,1,1,1,10,2024,2,52,4.0,0.0,62677
8038713,1,1,1,10,2024,1,50,4.0,800000.0,1300
8039993,1,2,1,10,2024,1,28,8.0,1460000.0,4136
8083207,1,5,1,10,2024,1,36,5.0,1300000.0,58552
8044365,1,1,1,10,2024,1,54,9.0,2650000.0,14359
8081072,1,1,1,10,2024,2,26,6.0,1200000.0,54352
8083516,1,1,1,10,2024,1,60,3.0,300000.0,59208
8040980,1,1,1,10,2024,2,45,5.0,1462000.0,6494
8050569,1,1,1,10,2024,1,53,10.0,4000000.0,28337
8083492,1,1,1,10,2024,2,40,10.0,2000000.0,59190
8084802,1,1,1,10,2024,1,26,10.0,2700000.0,61939
8043707,1,2,1,10,2024,2,61,10.0,17000000.0,12689
8083529,1,2,1,10,2024,1,28,10.0,1800000.0,59245
8041681,1,2,1,10,2024,1,47,5.0,2400000.0,8127
8053796,1,1,1,10,2024,2,50,5.0,1300000.0,35891
8039322,1,2,1,10,2024,2,45,11.0,3000000.0,2883
8077091,1,1,1,10,2024,1,31,4.0,600000.0,45404
8049708,1,1,1,10,2024,1,51,4.0,2000000.0,26143
8079764,1,1,1,10,2024,1,67,3.0,750000.0,51489
8081108,1,1,1,10,2024,1,68,3.0,1000000.0,54408
8045186,1,1,1,10,2024,1,42,10.0,8000000.0,16577
8078314,1,2,1,10,2024,2,19,4.0,300000.0,48157
8077504,1,2,1,10,2024,2,27,5.0,500000.0,46348
8038664,1,4,1,10,2024,2,26,5.0,150000.0,1136
8054441,1,2,1,10,2024,1,25,5.0,1500000.0,37295
8047481,1,3,1,10,2024,2,22,10.0,1460000.0,21693
8043516,1,1,1,10,2024,2,22,9.0,3050000.0,12215
8045534,1,1,1,10,2024,1,51,3.0,600000.0,17544
8049958,1,1,1,10,2024,2,57,3.0,1300000.0,26750
8078397,1,2,1,10,2024,1,74,3.0,1500000.0,48335
8054614,1,2,1,10,2024,1,43,5.0,1400000.0,37630
8050619,1,1,1,10,2024,2,53,10.0,3500000.0,28445
8040532,1,1,1,10,2024,1,56,5.0,1650000.0,5452
8079817,1,2,1,10,2024,1,36,7.0,1600000.0,51653
8044767,1,2,1,10,2024,2,64,3.0,1200000.0,15418
8081005,1,1,1,10,2024,2,29,12.0,4000000.0,54199
8075636,1,4,1,10,2024,1,18,1.0,500000.0,41669
8047626,1,1,1,10,2024,1,52,8.0,1500000.0,22010
8082773,1,2,1,10,2024,2,40,8.0,500000.0,57533
8076215,1,1,1,10,2024,2,19,5.0,200000.0,43319
8039549,1,1,1,10,2024,2,52,11.0,4000000.0,3280
8078877,1,1,1,10,2024,2,40,5.0,750000.0,49344
8041641,1,1,1,10,2024,1,45,9.0,4500000.0,8040
8044626,1,2,1,10,2024,2,52,10.0,2200000.0,15070
8043044,1,1,1,10,2024,2,31,8.0,500000.0,11012
8082012,1,2,1,10,2024,2,21,8.0,600000.0,55978
8077058,1,2,1,10,2024,1,60,3.0,1000000.0,45291
8048921,1,1,1,10,2024,2,34,10.0,1700000.0,24595
8045110,1,1,1,10,2024,2,64,3.0,200000.0,16361
8077028,1,1,1,10,2024,2,53,5.0,1300000.0,45199
8077876,1,2,1,10,2024,2,43,5.0,450000.0,47132
8081520,1,1,1,10,2024,2,51,8.0,1400000.0,55344
8079595,1,1,1,10,2024,1,26,5.0,3000000.0,51038
8038329,1,2,1,10,2024,2,28,10.0,4700000.0,385
8084251,1,1,1,10,2024,1,33,10.0,2800000.0,60811
8081509,1,5,1,10,2024,2,34,10.0,690000.0,55320
8085853,1,1,1,10,2024,1,49,10.0,2000000.0,62951
8054158,1,1,1,10,2024,1,40,10.0,4500000.0,36617
8055200,1,2,1,10,2024,2,44,4.0,400000.0,38924
8050545,1,4,1,10,2024,2,48,10.0,1300000.0,28266
8085086,1,1,1,10,2024,1,48,5.0,700000.0,62588
8082503,1,1,1,10,2024,2,67,3.0,600000.0,56859
8045733,1,1,1,10,2024,1,42,10.0,3500000.0,18041
8046531,1,1,1,10,2024,1,31,9.0,1700000.0,19799
8042410,1,2,1,10,2024,1,53,3.0,1100000.0,9759
8048097,1,1,1,10,2024,1,50,9.0,2500000.0,23039
8051345,1,1,1,10,2024,2,57,3.0,600000.0,29949
8055787,1,3,1,10,2024,1,33,5.0,750000.0,39972
8079753,1,1,1,10,2024,1,50,3.0,600000.0,51444
8055965,1,1,1,10,2024,2,22,4.0,600000.0,40345
8078915,1,4,1,10,2024,2,42,5.0,150000.0,49436
8075723,1,3,1,10,2024,2,29,10.0,1800000.0,41908
8053808,1,1,1,10,2024,2,28,5.0,1300000.0,35923
8041624,1,3,1,10,2024,1,27,10.0,1400000.0,7994
8052474,1,2,1,10,2024,2,22,3.0,200000.0,32868
8044193,1,2,1,10,2024,2,46,10.0,3600000.0,13860
8045402,1,2,1,10,2024,1,38,8.0,1300000.0,17162
8045745,1,1,1,10,2024,2,33,9.0,1900000.0,18076
8053765,1,2,1,10,2024,1,46,11.0,3700000.0,35866
8075781,1,1,1,10,2024,1,47,5.0,900000.0,42057
8084042,1,2,1,10,2024,2,43,10.0,1700000.0,60327
8053063,1,2,1,10,2024,2,34,9.0,2000000.0,34335
8048706,1,1,1,10,2024,2,45,10.0,2000000.0,24155
8080886,1,1,1,10,2024,1,40,12.0,4168000.0,53947
8053277,1,4,1,10,2024,1,32,9.0,1300000.0,34762
8041973,1,1,1,10,2024,1,70,10.0,2000000.0,8770
8078141,1,1,1,10,2024,1,54,5.0,1000000.0,47712
8041107,1,1,1,10,2024,2,37,8.0,600000.0,6795
8076855,1,2,1,10,2024,1,29,4.0,1300000.0,44835
8078466,1,1,1,10,2024,2,33,5.0,900000.0,48485
8051253,1,3,1,10,2024,2,23,10.0,1300000.0,29683
8041177,1,1,1,10,2024,2,50,3.0,400000.0,6992
8054557,1,1,1,10,2024,1,38,9.0,2350000.0,37518
8049560,1,1,1,10,2024,2,41,5.0,200000.0,25763
8078863,1,1,1,10,2024,2,69,3.0,350000.0,49312
8047134,1,2,1,10,2024,2,32,9.0,1300000.0,21037
8052475,1,1,1,10,2024,1,36,5.0,500000.0,32870
8050319,1,1,1,10,2024,2,45,3.0,300000.0,27600
8038641,1,1,1,10,2024,1,35,10.0,4000000.0,1074
8051862,1,1,1,10,2024,1,40,6.0,1650000.0,31281
8077894,1,2,1,10,2024,1,45,3.0,920000.0,47161
8080535,1,3,1,10,2024,1,29,10.0,1700000.0,53262
8054796,1,2,1,10,2024,2,51,3.0,900000.0,38079
8038725,1,3,1,10,2024,2,30,8.0,1300000.0,1331
8055687,1,1,1,10,2024,1,55,8.0,1300000.0,39815
8082815,1,1,1,10,2024,2,54,8.0,180000.0,57661
8045192,1,2,1,10,2024,2,43,10.0,4200000.0,16595
8054270,1,1,1,10,2024,1,32,10.0,1700000.0,36841
8083570,1,1,1,10,2024,1,41,3.0,1300000.0,59326
8047528,1,1,1,10,2024,2,56,4.0,500000.0,21772
8040461,1,1,1,10,2024,2,45,4.0,800000.0,5286
8086126,1,1,1,10,2024,1,35,8.0,3000000.0,63332
8078741,1,3,1,10,2024,2,25,9.0,1300000.0,49058
8049210,1,3,1,10,2024,2,19,5.0,200000.0,25112
8079110,1,1,1,10,2024,1,69,3.0,900000.0,49881
8049833,1,1,1,10,2024,1,72,3.0,1200000.0,26491
8078302,1,2,1,10,2024,2,31,5.0,640000.0,48119
8055705,1,1,1,10,2024,2,46,3.0,780000.0,39873
8079776,1,2,1,10,2024,2,42,8.0,1350000.0,51533
8078177,1,1,1,10,2024,2,52,5.0,1500000.0,47803
8077326,1,1,1,10,2024,2,29,10.0,2880000.0,45991
8047282,1,1,1,10,2024,1,42,9.0,2600000.0,21354
8043881,1,1,1,10,2024,1,57,8.0,1300000.0,13130
8047142,1,4,1,10,2024,1,22,5.0,1300000.0,21061
8050185,1,2,1,10,2024,2,55,3.0,200000.0,27289
8077169,1,1,1,10,2024,1,33,4.0,1000000.0,45627
8039318,1,2,1,10,2024,2,56,3.0,1020000.0,2870
8076702,1,1,1,10,2024,2,36,5.0,1600000.0,44484
8055507,1,1,1,10,2024,2,48,8.0,800000.0,39471
8045484,1,2,1,10,2024,1,34,5.0,1300000.0,17407
8083190,1,1,1,10,2024,1,60,3.0,800000.0,58492
8050363,1,1,1,10,2024,2,24,10.0,1300000.0,27768
8047031,1,4,1,10,2024,1,31,6.0,1400000.0,20861
8044497,1,1,1,10,2024,2,67,8.0,1300000.0,14697
8045399,1,3,1,10,2024,1,25,8.0,1300000.0,17152
8046212,1,1,1,10,2024,1,48,10.0,3000000.0,18983
8050920,1,2,1,10,2024,2,18,8.0,1200000.0,29200
8079719,1,1,1,10,2024,2,25,5.0,500000.0,51297
8086863,1,3,1,10,2024,1,33,10.0,6000000.0,64610
8044442,1,2,1,10,2024,2,70,4.0,400000.0,14556
8044208,1,1,1,10,2024,1,54,3.0,700000.0,13893
8048616,1,1,1,10,2024,1,75,3.0,180000.0,24012
8038780,1,2,1,10,2024,2,40,5.0,7000000.0,1499
8047228,1,1,1,10,2024,2,27,5.0,1450000.0,21238
8083574,1,2,1,10,2024,1,26,6.0,1300000.0,59340
8047579,1,1,1,10,2024,1,28,5.0,1500000.0,21894
8086661,1,1,1,10,2024,1,68,5.0,1300000.0,64268
8044395,1,2,1,10,2024,2,39,4.0,1462000.0,14429
8077623,1,1,1,10,2024,1,56,3.0,1200000.0,46612
8040667,1,1,1,10,2024,2,54,1.0,300000.0,5741
8078680,1,1,1,10,2024,1,38,10.0,3000000.0,48916
8051253,1,1,1,10,2024,1,60,4.0,500000.0,29681
8051413,1,2,1,10,2024,2,40,9.0,1300000.0,30133
8077662,1,1,1,10,2024,2,41,4.0,1600000.0,46680
8084992,1,2,1,10,2024,2,17,8.0,1500000.0,62383
8048457,1,1,1,10,2024,2,26,4.0,600000.0,23713
8080101,1,3,1,10,2024,1,26,4.0,1000000.0,52284
8086797,1,1,1,10,2024,2,40,5.0,1200000.0,64500
8081676,1,1,1,10,2024,2,45,10.0,3800000.0,55588
8082303,1,1,1,10,2024,2,49,4.0,300000.0,56427
8056097,1,1,1,10,2024,1,60,3.0,300000.0,40591
8045714,1,2,1,10,2024,1,27,5.0,2500000.0,17998
8078341,1,2,1,10,2024,2,70,1.0,400000.0,48219
8077333,1,1,1,10,2024,2,31,5.0,320000.0,46009
8051947,1,3,1,10,2024,2,25,8.0,2100000.0,31481
8052392,1,1,1,10,2024,1,62,1.0,600000.0,32675
8054609,1,1,1,10,2024,2,57,4.0,300000.0,37617
8084074,1,1,1,10,2024,1,38,5.0,1500000.0,60441
8083087,1,1,1,10,2024,1,64,12.0,500000.0,58304
8048567,1,4,1,10,2024,1,23,5.0,1300000.0,23938
8038568,1,1,1,10,2024,1,25,4.0,1450000.0,924
8078880,1,1,1,10,2024,1,41,8.0,1300000.0,49350
8044524,1,1,1,10,2024,2,53,3.0,1040000.0,14791
8084036,1,1,1,10,2024,1,30,9.0,2000000.0,60304
8082947,1,3,1,10,2024,2,26,10.0,1800000.0,57966
8055012,1,1,1,10,2024,2,59,3.0,480000.0,38560
8039535,1,1,1,10,2024,2,59,5.0,500000.0,3254
8043534,1,2,1,10,2024,2,39,8.0,1900000.0,12263
8048001,1,2,1,10,2024,2,42,5.0,1300000.0,22830
8044566,1,1,1,10,2024,2,38,11.0,10000000.0,14908
8038611,1,1,1,10,2024,2,40,10.0,3600000.0,999
8038254,1,4,1,10,2024,1,44,5.0,1000000.0,178
8043387,1,1,1,10,2024,2,37,4.0,1300000.0,11840
8055972,1,1,1,10,2024,2,37,5.0,1300000.0,40359
8050372,1,4,1,10,2024,2,27,10.0,3500000.0,27794
8084293,1,1,1,10,2024,1,60,3.0,1600000.0,60903
8078099,1,1,1,10,2024,2,67,3.0,500000.0,47628
8049538,1,1,1,10,2024,1,43,3.0,900000.0,25702
8048290,1,2,1,10,2024,1,29,5.0,950000.0,23446
8040013,1,4,1,10,2024,2,22,5.0,1460000.0,4164
8084224,1,1,1,10,2024,1,32,10.0,4000000.0,60742
8044592,1,1,1,10,2024,2,38,3.0,400000.0,14981
8076545,1,2,1,10,2024,2,22,5.0,800000.0,44127
8083687,1,2,1,10,2024,1,29,9.0,1800000.0,59554
8081590,1,1,1,10,2024,2,68,4.0,700000.0,55449
8043290,1,1,1,10,2024,2,58,3.0,250000.0,11597
8041986,1,2,1,10,2024,1,44,10.0,7500000.0,8800
8082204,1,5,1,10,2024,2,54,10.0,6000000.0,56276
8038769,1,1,1,10,2024,2,55,5.0,200000.0,1464
8084253,1,1,1,10,2024,1,67,12.0,5000000.0,60818
8085767,1,1,1,10,2024,1,59,1.0,600000.0,62810
8048528,1,1,1,10,2024,2,62,3.0,1200000.0,23867
8056078,1,2,1,10,2024,2,38,8.0,1500000.0,40548
8075811,1,1,1,10,2024,2,51,5.0,1000000.0,42133
8042338,1,1,1,10,2024,2,39,8.0,240000.0,9589
8039623,1,4,1,10,2024,1,44,3.0,800000.0,3389
8084486,1,1,1,10,2024,2,43,4.0,1144000.0,61278
8040451,1,1,1,10,2024,2,45,3.0,1200000.0,5259
8085094,1,1,1,10,2024,2,56,5.0,1800000.0,62605
8050351,1,3,1,10,2024,2,26,9.0,1400000.0,27727
8041820,1,1,1,10,2024,2,28,10.0,1300000.0,8337
8045308,1,3,1,10,2024,1,31,4.0,1300000.0,16904
8044155,1,2,1,10,2024,2,42,5.0,1462000.0,13775
8083009,1,1,1,10,2024,1,44,3.0,1300000.0,58108
8084918,1,5,1,10,2024,1,33,5.0,1000000.0,62198
8043664,1,1,1,10,2024,1,32,5.0,3000000.0,12579
8042850,1,1,1,10,2024,1,51,9.0,3200000.0,10688
8055866,1,1,1,10,2024,2,51,5.0,280000.0,40158
8081684,1,1,1,10,2024,2,49,3.0,500000.0,55598
8077731,1,3,1,10,2024,1,27,5.0,1620000.0,46840
8084429,1,1,1,10,2024,2,37,5.0,1300000.0,61187
8053849,1,1,1,10,2024,1,48,4.0,1500000.0,36008
8041753,1,1,1,10,2024,2,44,5.0,1300000.0,8249
8056091,1,2,1,10,2024,2,35,4.0,250000.0,40580
8042231,1,3,1,10,2024,2,31,8.0,450000.0,9379
8040275,1,1,1,10,2024,2,47,4.0,1200000.0,4833
8039298,1,2,1,10,2024,2,34,11.0,1300000.0,2824
8078290,1,1,1,10,2024,1,30,1.0,400000.0,48088
8048347,1,1,1,10,2024,2,31,5.0,1300000.0,23552
8077143,1,1,1,10,2024,1,58,3.0,700000.0,45553
8050510,1,3,1,10,2024,2,20,5.0,1300000.0,28170
8076045,1,2,1,10,2024,1,21,5.0,210000.0,42834
8084778,1,1,1,10,2024,1,60,5.0,1600000.0,61892
8042667,1,2,1,10,2024,2,54,10.0,3500000.0,10264
8040325,1,1,1,10,2024,2,20,9.0,1300000.0,4957
8039007,1,3,1,10,2024,2,60,5.0,280000.0,2023
8082521,1,1,1,10,2024,1,49,9.0,2200000.0,56894
8077483,1,1,1,10,2024,1,43,5.0,2100000.0,46339
8055023,1,3,1,10,2024,1,30,10.0,1462000.0,38596
8048713,1,2,1,10,2024,1,60,4.0,1500000.0,24182
8041125,1,2,1,10,2024,1,18,1.0,800000.0,6862
8050672,1,2,1,10,2024,2,27,6.0,1700000.0,28557
8082316,1,2,1,10,2024,2,20,10.0,700000.0,56453
8083033,1,1,1,10,2024,2,49,12.0,3800000.0,58175
8053429,1,1,1,10,2024,1,32,5.0,2500000.0,35162
8047863,1,2,1,10,2024,2,29,3.0,1350000.0,22574
8045039,1,2,1,10,2024,2,50,5.0,300000.0,16174
8040970,1,3,1,10,2024,1,40,5.0,1200000.0,6470
8054788,1,2,1,10,2024,2,47,10.0,2600000.0,38068
8053872,1,1,1,10,2024,2,31,8.0,1000000.0,36056
8054114,1,1,1,10,2024,1,59,3.0,1500000.0,36520
8040836,1,1,1,10,2024,2,55,9.0,1480000.0,6129
8084654,1,1,1,10,2024,2,55,3.0,150000.0,61611
8040083,1,1,1,10,2024,1,57,5.0,1300000.0,4323
8078986,1,1,1,10,2024,1,21,5.0,2640000.0,49601
8038271,1,1,1,10,2024,1,39,4.0,600000.0,234
8050705,1,1,1,10,2024,2,43,5.0,120000.0,28629
8054325,1,1,1,10,2024,2,57,11.0,5000000.0,37011
8082374,1,2,1,10,2024,2,43,8.0,1850000.0,56579
8049250,1,1,1,10,2024,1,32,10.0,1600000.0,25192
8050487,1,1,1,10,2024,2,53,4.0,160000.0,28070
8038223,1,2,1,10,2024,2,38,3.0,350000.0,102
8085896,1,2,1,10,2024,2,55,5.0,900000.0,63020
8054584,1,3,1,10,2024,1,50,5.0,2000000.0,37555
8079388,1,1,1,10,2024,2,60,10.0,3000000.0,50617
8052370,1,2,1,10,2024,2,56,3.0,200000.0,32597
8042395,1,4,1,10,2024,2,30,5.0,1462000.0,9714
8043506,1,1,1,10,2024,1,54,5.0,600000.0,12184
8081702,1,2,1,10,2024,1,55,4.0,2400000.0,55640
8084156,1,5,1,10,2024,1,20,5.0,850000.0,60556
8048109,1,1,1,10,2024,2,61,12.0,5000000.0,23057
8051066,1,1,1,10,2024,2,54,1.0,400000.0,29595
8048198,1,2,1,10,2024,2,45,10.0,2600000.0,23266
8081074,1,1,1,10,2024,1,59,3.0,500000.0,54357
8040447,1,2,1,10,2024,2,51,5.0,1300000.0,5248
8040145,1,1,1,10,2024,1,50,3.0,1000000.0,4492
8083631,1,3,1,10,2024,1,27,3.0,1000000.0,59455
8047230,1,1,1,10,2024,2,24,5.0,600000.0,21247
8045646,1,2,1,10,2024,2,60,3.0,250000.0,17829
8047301,1,1,1,10,2024,1,32,6.0,1600000.0,21382
8053188,1,1,1,10,2024,1,64,5.0,2000000.0,34567
8053704,1,1,1,10,2024,1,53,3.0,2200000.0,35755
8038360,1,2,1,10,2024,2,57,10.0,6000000.0,467
8077430,1,1,1,10,2024,2,79,1.0,480000.0,46234
8046498,1,3,1,10,2024,1,40,5.0,800000.0,19681
8039195,1,3,1,10,2024,1,34,12.0,5000000.0,2550
8056218,1,2,1,10,2024,1,31,5.0,1300000.0,40841
8045798,1,2,1,10,2024,2,36,5.0,1600000.0,18202
8051954,1,2,1,10,2024,2,56,10.0,6700000.0,31503
8044613,1,1,1,10,2024,1,60,5.0,500000.0,15035
8043401,1,6,1,10,2024,1,30,10.0,2500000.0,11874
8079749,1,3,1,10,2024,1,20,3.0,600000.0,51429
8076905,1,1,1,10,2024,1,49,4.0,1400000.0,44940
8080614,1,1,1,10,2024,1,60,10.0,5200000.0,53427
8042293,1,1,1,10,2024,2,48,9.0,1000000.0,9502
8050079,1,1,1,10,2024,2,27,5.0,800000.0,27063
8055515,1,3,1,10,2024,1,27,10.0,2600000.0,39493
8045629,1,1,1,10,2024,1,47,5.0,1300000.0,17776
8046592,1,2,1,10,2024,1,25,10.0,3000000.0,19991
8079033,1,5,1,10,2024,1,39,5.0,1300000.0,49724
8038892,1,1,1,10,2024,2,56,8.0,3000000.0,1742
8047645,1,1,1,10,2024,1,25,5.0,1000000.0,22064
8052100,1,1,1,10,2024,2,46,5.0,600000.0,31842
8048177,1,3,1,10,2024,2,32,10.0,2200000.0,23245
8050147,1,2,1,10,2024,1,54,3.0,1000000.0,27202
8046701,1,3,1,10,2024,1,29,10.0,2500000.0,20238
8081533,1,1,1,10,2024,2,39,8.0,1300000.0,55370
8076358,1,2,1,10,2024,2,45,10.0,1800000.0,43654
8080548,1,1,1,10,2024,1,24,5.0,1300000.0,53294
8044566,1,2,1,10,2024,1,38,8.0,4000000.0,14909
8048449,1,1,1,10,2024,2,63,3.0,1300000.0,23698
8054985,1,1,1,10,2024,2,38,8.0,400000.0,38502
8055122,1,2,1,10,2024,1,37,10.0,1300000.0,38734
8053288,1,1,1,10,2024,1,57,5.0,1900000.0,34797
8086459,1,2,1,10,2024,2,49,12.0,3500000.0,63737
8052054,1,3,1,10,2024,2,20,8.0,100000.0,31712
8040573,1,1,1,10,2024,1,38,5.0,1300000.0,5552
8083054,1,1,1,10,2024,2,48,3.0,900000.0,58219
8044745,1,1,1,10,2024,2,62,3.0,500000.0,15374
8077514,1,1,1,10,2024,1,52,3.0,600000.0,46371
8047618,1,2,1,10,2024,2,22,9.0,1300000.0,21991
8076450,1,4,1,10,2024,1,53,3.0,1300000.0,43879
8084493,1,1,1,10,2024,1,43,5.0,1300000.0,61299
8048600,1,2,1,10,2024,2,37,8.0,1300000.0,23987
8080698,1,1,1,10,2024,2,49,5.0,1300000.0,53605
8044211,1,1,1,10,2024,1,29,8.0,3200000.0,13899
8050491,1,4,1,10,2024,1,32,8.0,1800000.0,28086
8082695,1,4,1,10,2024,2,24,10.0,1500000.0,57351
8050241,1,3,1,10,2024,2,36,9.0,1500000.0,27435
8044569,1,3,1,10,2024,2,28,10.0,800000.0,14919
8039495,1,2,1,10,2024,1,44,5.0,1300000.0,3164
8047439,1,1,1,10,2024,2,38,10.0,2600000.0,21626
8084664,1,2,1,10,2024,1,35,6.0,1462000.0,61645
8053674,1,5,1,10,2024,2,75,3.0,1300000.0,35663
8042908,1,2,1,10,2024,1,15,4.0,1550000.0,10800
8040996,1,1,1,10,2024,2,42,1.0,810000.0,6536
8044420,1,1,1,10,2024,2,57,5.0,400000.0,14496
8084193,1,1,1,10,2024,2,61,4.0,350000.0,60673
8079711,1,1,1,10,2024,2,55,4.0,140000.0,51254
8053677,1,2,1,10,2024,2,39,12.0,2300000.0,35673
8048543,1,1,1,10,2024,2,44,13.0,4700000.0,23894
8040373,1,1,1,10,2024,2,25,8.0,1000000.0,5057
8086087,1,1,1,10,2024,2,58,8.0,700000.0,63250
8052109,1,2,1,10,2024,2,60,3.0,120000.0,31866
8084432,1,1,1,10,2024,1,27,10.0,1300000.0,61191
8055119,1,2,1,10,2024,1,39,5.0,1300000.0,38728
8050381,1,1,1,10,2024,2,50,12.0,24000000.0,27808
8052914,1,7,1,10,2024,1,48,5.0,1000000.0,33901
8080357,1,3,1,10,2024,2,19,10.0,400000.0,52945
8038534,1,3,1,10,2024,2,58,4.0,2200000.0,856
8083394,1,3,1,10,2024,2,35,4.0,1100000.0,58975
8046674,1,2,1,10,2024,2,52,10.0,3800000.0,20175
8046175,1,1,1,10,2024,1,41,5.0,1500000.0,18881
8055292,1,4,1,10,2024,2,31,5.0,824000.0,39109
8084080,1,1,1,10,2024,2,49,5.0,3000000.0,60454
8077214,1,1,1,10,2024,1,40,3.0,1000000.0,45742
8080089,1,3,1,10,2024,2,30,10.0,2600000.0,52238
8049014,1,1,1,10,2024,1,52,4.0,950000.0,24764
8084781,1,1,1,10,2024,1,31,11.0,4600000.0,61901
8053932,1,1,1,10,2024,2,49,5.0,800000.0,36167
8041069,1,1,1,10,2024,1,32,5.0,1462000.0,6720
8044391,1,1,1,10,2024,1,43,5.0,600000.0,14420
8043808,1,3,1,10,2024,2,39,13.0,5600000.0,12961
8080739,1,2,1,10,2024,2,39,5.0,1300000.0,53665
8079754,1,5,1,10,2024,2,54,3.0,1300000.0,51454
8052677,1,1,1,10,2024,2,48,3.0,340000.0,33372
8044131,1,1,1,10,2024,2,50,4.0,1500000.0,13710
8038993,1,2,1,10,2024,1,20,9.0,1462000.0,1994
8039036,1,4,1,10,2024,2,40,4.0,360000.0,2107
8047568,1,2,1,10,2024,2,40,5.0,2500000.0,21873
8055575,1,1,1,10,2024,1,30,11.0,8000000.0,39570
8080826,1,2,1,10,2024,1,32,5.0,3500000.0,53830
8078162,1,1,1,10,2024,2,36,4.0,900000.0,47770
8043273,1,1,1,10,2024,2,33,5.0,1100000.0,11542
8084305,1,1,1,10,2024,1,58,1.0,850000.0,60917
8038537,1,4,1,10,2024,1,22,8.0,480000.0,868
8044376,1,1,1,10,2024,1,33,10.0,2658000.0,14379
8041648,1,4,1,10,2024,1,20,5.0,1680000.0,8064
8086580,1,1,1,10,2024,2,47,10.0,4000000.0,64044
8086644,1,3,1,10,2024,1,23,5.0,1400000.0,64207
8053472,1,1,1,10,2024,1,61,10.0,4000000.0,35221
8079528,1,1,1,10,2024,2,34,5.0,1300000.0,50930
8055292,1,3,1,10,2024,1,25,9.0,1300000.0,39108
8038779,1,1,1,10,2024,1,36,5.0,900000.0,1494
8044483,1,2,1,10,2024,2,53,5.0,600000.0,14666
8044816,1,1,1,10,2024,2,52,4.0,300000.0,15547
8053379,1,2,1,10,2024,2,38,12.0,5400000.0,35052
8077172,1,2,1,10,2024,1,41,3.0,400000.0,45636
8052185,1,1,1,10,2024,1,80,3.0,700000.0,32047
8076267,1,1,1,10,2024,1,37,5.0,700000.0,43453
8081381,1,3,1,10,2024,1,48,5.0,1500000.0,55007
8082636,1,1,1,10,2024,1,36,5.0,500000.0,57167
8046074,1,2,1,10,2024,2,31,8.0,1170000.0,18653
8082664,1,2,1,10,2024,1,69,1.0,900000.0,57269
8078214,1,1,1,10,2024,1,35,5.0,1300000.0,47901
8042391,1,3,1,10,2024,2,56,5.0,200000.0,9707
8051750,1,1,1,10,2024,1,37,4.0,1200000.0,30952
8041976,1,2,1,10,2024,2,32,10.0,2000000.0,8778
8048889,1,2,1,10,2024,2,66,3.0,280000.0,24525
8038262,1,2,1,10,2024,2,30,5.0,0.0,202
8046529,1,1,1,10,2024,2,52,8.0,1300000.0,19793
8045502,1,1,1,10,2024,1,38,8.0,1462000.0,17456
8082916,1,2,1,10,2024,2,24,10.0,2200000.0,57909
8052945,1,2,1,10,2024,1,44,3.0,1600000.0,33992
8083552,1,1,1,10,2024,1,54,10.0,1500000.0,59290
8053948,1,1,1,10,2024,2,71,3.0,100000.0,36207
8055325,1,1,1,10,2024,1,72,4.0,600000.0,39171
8053052,1,1,1,10,2024,1,28,5.0,2100000.0,34315
8086320,1,1,1,10,2024,1,61,9.0,3000000.0,63455
8043678,1,1,1,10,2024,2,36,5.0,600000.0,12616
8077962,1,2,1,10,2024,2,20,10.0,280000.0,47315
8053789,1,1,1,10,2024,1,47,10.0,4500000.0,35882
8056165,1,3,1,10,2024,2,29,5.0,1300000.0,40738
8048900,1,1,1,10,2024,1,56,4.0,600000.0,24553
8078658,1,2,1,10,2024,2,49,1.0,400000.0,48887
8078708,1,2,1,10,2024,2,34,4.0,1200000.0,48983
8041928,1,2,1,10,2024,2,50,3.0,1150000.0,8634
8048655,1,2,1,10,2024,2,47,11.0,4000000.0,24060
8081450,1,1,1,10,2024,2,57,9.0,1300000.0,55180
8084929,1,1,1,10,2024,1,44,5.0,1200000.0,62223
8049783,3,1,3,10,2024,1,57,1.0,900000.0,26348
8053998,1,2,1,10,2024,2,20,8.0,1300000.0,36300
8086288,1,2,1,10,2024,2,67,10.0,1000000.0,63417
8077375,1,1,1,10,2024,1,54,3.0,800000.0,46112
8044090,1,2,1,10,2024,2,55,9.0,1600000.0,13638
8077992,1,1,1,10,2024,1,50,3.0,1200000.0,47410
8055969,1,2,1,10,2024,1,44,3.0,500000.0,40348
8080719,1,2,1,10,2024,2,22,10.0,1300000.0,53636
8041131,1,1,1,10,2024,2,37,8.0,1300000.0,6879
8052753,1,1,1,10,2024,1,43,1.0,475000.0,33509
8045107,1,1,1,10,2024,2,64,3.0,3800000.0,16352
8053530,1,1,1,10,2024,2,25,4.0,400000.0,35324
8044098,1,1,1,10,2024,1,60,10.0,7000000.0,13657
8084019,1,1,1,10,2024,2,40,5.0,1200000.0,60248
8084425,1,2,1,10,2024,2,29,5.0,220000.0,61180
8053491,1,1,1,10,2024,1,69,4.0,1360000.0,35247
8046563,1,1,1,10,2024,1,50,8.0,0.0,19889
8078750,1,4,1,10,2024,2,26,5.0,1300000.0,49083
8052971,1,2,1,10,2024,2,36,4.0,150000.0,34068
8084280,1,1,1,10,2024,2,41,10.0,1462000.0,60876
8041904,1,2,1,10,2024,2,30,5.0,1000000.0,8563
8039987,1,2,1,10,2024,1,24,5.0,1000000.0,4124
8045250,1,1,1,10,2024,1,42,10.0,2800000.0,16762
8045567,1,1,1,10,2024,2,28,10.0,1300000.0,17631
8082531,1,1,1,10,2024,2,38,10.0,3000000.0,56917
8084219,1,3,1,10,2024,2,26,8.0,1300000.0,60735
8044588,1,2,1,10,2024,2,21,4.0,300000.0,14971
8053261,1,1,1,10,2024,1,44,5.0,140000.0,34735
8084015,1,2,1,10,2024,1,43,5.0,1600000.0,60236
8054364,1,2,1,10,2024,1,22,5.0,910000.0,37096
8045017,1,1,1,10,2024,2,39,3.0,1300000.0,16122
8041351,1,1,1,10,2024,1,53,5.0,2000000.0,7325
8045385,1,1,1,10,2024,1,55,10.0,3600000.0,17103
8084975,1,1,1,10,2024,1,36,5.0,1300000.0,62351
8080932,1,1,1,10,2024,2,53,11.0,6300000.0,54052
8046739,1,2,1,10,2024,2,50,4.0,500000.0,20329
8044144,1,1,1,10,2024,2,42,5.0,600000.0,13747
8080319,1,2,1,10,2024,2,69,5.0,300000.0,52847
8076001,1,1,1,10,2024,2,30,8.0,500000.0,42705
8038710,1,4,1,10,2024,2,49,10.0,2500000.0,1295
8049701,1,2,1,10,2024,2,48,10.0,1400000.0,26115
8054090,1,4,1,10,2024,1,62,1.0,1300000.0,36483
8052665,1,4,1,10,2024,2,27,5.0,0.0,33355
8080654,1,1,1,10,2024,2,52,5.0,1300000.0,53522
8038518,1,1,1,10,2024,1,75,3.0,200000.0,808
8046761,1,3,1,10,2024,2,31,11.0,4000000.0,20391
8046447,1,1,1,10,2024,1,55,11.0,23500000.0,19564
8038878,1,5,1,10,2024,2,34,8.0,1300000.0,1709
8038456,1,2,1,10,2024,2,22,10.0,600000.0,682
8038717,1,1,1,10,2024,1,44,5.0,4500000.0,1308
8046700,1,2,1,10,2024,2,33,8.0,1200000.0,20233
8082764,1,2,1,10,2024,2,39,11.0,2600000.0,57519
8075607,1,7,1,10,2024,2,40,10.0,160000.0,41575
8051694,1,1,1,10,2024,1,64,1.0,400000.0,30798
8056088,1,2,1,10,2024,2,49,5.0,1300000.0,40574
8078560,1,1,1,10,2024,1,69,1.0,1360000.0,48673
8047316,1,1,1,10,2024,2,61,8.0,1380000.0,21412
8075574,1,2,1,10,2024,2,55,5.0,900000.0,41464
8045382,1,1,1,10,2024,2,69,3.0,100000.0,17094
8049139,1,1,1,10,2024,2,26,5.0,1300000.0,24994
8039038,1,6,1,10,2024,1,21,3.0,300000.0,2116
8086480,1,1,1,10,2024,1,64,4.0,245000.0,63775
8076600,1,1,1,10,2024,1,39,3.0,1200000.0,44245
8039911,1,1,1,10,2024,2,33,8.0,820000.0,3969
8079718,1,4,1,10,2024,2,25,4.0,200000.0,51295
8079738,1,4,1,10,2024,2,36,9.0,1700000.0,51384
8076678,1,1,1,10,2024,2,38,12.0,5500000.0,44430
8079040,1,2,1,10,2024,1,18,5.0,1500000.0,49741
8081351,1,1,1,10,2024,1,59,10.0,4000000.0,54925
8040288,1,3,1,10,2024,2,22,5.0,1300000.0,4869
8052983,1,2,1,10,2024,1,67,3.0,400000.0,34098
8042025,1,3,1,10,2024,2,22,9.0,1300000.0,8908
8038987,1,1,1,10,2024,1,43,8.0,1350000.0,1981
8041475,1,1,1,10,2024,1,44,4.0,1700000.0,7655
8046894,1,2,1,10,2024,2,23,5.0,750000.0,20682
8054670,1,2,1,10,2024,2,23,10.0,300000.0,37771
8047610,1,2,1,10,2024,2,27,5.0,720000.0,21970
8078128,1,1,1,10,2024,1,85,1.0,0.0,47690
8078947,1,2,1,10,2024,2,42,3.0,1600000.0,49509
8078585,1,1,1,10,2024,2,27,10.0,1500000.0,48737
8077088,1,1,1,10,2024,1,44,6.0,800000.0,45393
8038938,2,2,2,10,2024,2,33,8.0,1600000.0,1872
8050157,1,1,1,10,2024,1,66,1.0,1000000.0,27223
8041067,1,3,1,10,2024,2,24,10.0,4200000.0,6718
8078826,1,2,1,10,2024,1,70,1.0,900000.0,49238
8054716,1,1,1,10,2024,2,32,10.0,1300000.0,37875
8044736,1,2,1,10,2024,1,38,5.0,1300000.0,15357
8041882,1,1,1,10,2024,2,23,10.0,3000000.0,8512
8052957,1,1,1,10,2024,2,46,3.0,1100000.0,34025
8054731,1,4,1,10,2024,2,19,8.0,1300000.0,37918
8047359,1,1,1,10,2024,2,39,8.0,1000000.0,21511
8083059,1,1,1,10,2024,2,44,4.0,100000.0,58226
8039228,1,1,1,10,2024,2,41,5.0,160000.0,2639
8053583,1,1,1,10,2024,2,47,3.0,600000.0,35455
8040034,1,2,1,10,2024,2,35,10.0,2000000.0,4223
8077655,1,1,1,10,2024,1,69,5.0,1200000.0,46666
8051360,1,1,1,10,2024,2,52,5.0,100000.0,29991
8049532,1,1,1,10,2024,2,48,10.0,420000.0,25690
8042469,1,2,1,10,2024,1,38,5.0,560000.0,9882
8076689,1,1,1,10,2024,1,56,3.0,1500000.0,44448
8052208,1,1,1,10,2024,2,58,4.0,180000.0,32105
8085026,1,5,1,10,2024,1,28,8.0,2500000.0,62445
8083851,1,1,1,10,2024,1,45,5.0,1350000.0,59886
8075612,1,1,1,10,2024,1,86,3.0,600000.0,41596
8048727,1,1,1,10,2024,2,49,10.0,4000000.0,24234
8050050,1,2,1,10,2024,2,48,3.0,1000000.0,27000
8042389,1,5,1,10,2024,1,24,9.0,1300000.0,9700
8079734,4,1,4,10,2024,1,35,5.0,1200000.0,51365
8053280,1,1,1,10,2024,1,58,10.0,1400000.0,34771
8084443,1,1,1,10,2024,1,53,5.0,2400000.0,61215
8055423,1,1,1,10,2024,1,41,8.0,2500000.0,39361
8040456,1,1,1,10,2024,2,52,3.0,1500000.0,5270
8039324,1,2,1,10,2024,2,47,10.0,500000.0,2889
8086713,1,1,1,10,2024,2,36,10.0,1300000.0,64366
8044771,1,2,1,10,2024,1,44,8.0,800000.0,15430
8075608,1,2,1,10,2024,1,54,5.0,800000.0,41579
8039123,1,6,1,10,2024,2,23,8.0,1300000.0,2370
8053530,1,2,1,10,2024,1,27,5.0,1400000.0,35325
8053020,1,2,1,10,2024,1,51,3.0,900000.0,34234
8084446,1,2,1,10,2024,2,47,10.0,1400000.0,61225
8079154,1,1,1,10,2024,2,66,1.0,200000.0,49976
8077746,1,3,1,10,2024,2,29,5.0,544000.0,46871
8040489,1,3,1,10,2024,1,32,5.0,1300000.0,5357
8048450,1,2,1,10,2024,2,37,5.0,700000.0,23700
8040093,1,2,1,10,2024,1,71,4.0,250000.0,4348
8044552,1,2,1,10,2024,2,57,3.0,1050000.0,14875
8049602,1,1,1,10,2024,2,44,10.0,800000.0,25862
8047769,1,1,1,10,2024,2,45,11.0,2800000.0,22334
8052543,1,1,1,10,2024,2,32,10.0,5900000.0,33049
8041236,1,1,1,10,2024,1,36,13.0,3500000.0,7140
8048821,1,3,1,10,2024,1,28,10.0,200000.0,24357
8038983,1,1,1,10,2024,2,22,5.0,2000000.0,1972
8055802,1,1,1,10,2024,2,50,4.0,800000.0,40007
8049612,1,2,1,10,2024,2,53,12.0,5325000.0,25889
8047284,1,1,1,10,2024,2,52,8.0,1300000.0,21356
8038321,1,2,1,10,2024,2,30,10.0,1300000.0,363
8039296,1,2,1,10,2024,2,46,4.0,100000.0,2814
8084209,1,1,1,10,2024,2,46,5.0,400000.0,60717
8081495,1,3,1,10,2024,1,45,5.0,1000000.0,55285
8082729,1,2,1,10,2024,2,21,8.0,1000000.0,57436
8050490,1,1,1,10,2024,2,48,4.0,1200000.0,28080
8056409,1,1,1,10,2024,2,40,5.0,2000000.0,41293
8047761,1,3,1,10,2024,2,22,10.0,4800000.0,22309
8077092,1,1,1,10,2024,1,73,3.0,700000.0,45407
8043529,1,2,1,10,2024,2,59,10.0,1300000.0,12253
8083230,1,1,1,10,2024,2,39,5.0,900000.0,58615
8038380,1,2,1,10,2024,2,32,10.0,3000000.0,518
8086274,1,3,1,10,2024,1,37,5.0,1300000.0,63379
8041717,1,1,1,10,2024,1,34,5.0,1300000.0,8189
8043911,1,2,1,10,2024,2,35,5.0,1300000.0,13202
8083687,1,1,1,10,2024,2,24,8.0,1300000.0,59553
8084559,1,6,1,10,2024,2,22,4.0,1285000.0,61437
8082649,1,1,1,10,2024,2,44,5.0,500000.0,57209
8038661,1,1,1,10,2024,1,53,4.0,1500000.0,1123
8047438,1,2,1,10,2024,2,54,10.0,3500000.0,21625
8039928,1,1,1,10,2024,2,33,9.0,1400000.0,4018
8081479,1,2,1,10,2024,1,39,5.0,2322000.0,55239
8054385,1,1,1,10,2024,1,25,10.0,1100000.0,37141
8049258,1,1,1,10,2024,1,31,5.0,1650000.0,25215
8046053,1,1,1,10,2024,1,64,3.0,0.0,18600
8040587,1,1,1,10,2024,2,33,8.0,1000000.0,5592
8082464,1,4,1,10,2024,2,20,8.0,750000.0,56763
8056332,1,1,1,10,2024,1,24,5.0,2600000.0,41089
8056407,1,1,1,10,2024,1,72,3.0,800000.0,41288
8039904,1,1,1,10,2024,2,42,11.0,3000000.0,3948
8046723,1,1,1,10,2024,1,47,5.0,1600000.0,20287
8082847,1,1,1,10,2024,1,40,3.0,1800000.0,57730
8043289,1,1,1,10,2024,2,43,5.0,1200000.0,11591
8048961,1,3,1,10,2024,2,80,3.0,1300000.0,24679
8046248,1,2,1,10,2024,2,51,9.0,6000000.0,19045
8038891,1,1,1,10,2024,2,47,4.0,1450000.0,1739
8045783,1,2,1,10,2024,2,20,5.0,800000.0,18169
8077687,1,1,1,10,2024,2,60,5.0,1300000.0,46747
8079521,1,2,1,10,2024,1,47,4.0,1300000.0,50913
8038237,1,1,1,10,2024,1,51,10.0,5200000.0,127
8047003,1,1,1,10,2024,1,57,4.0,480000.0,20821
8076436,1,1,1,10,2024,2,35,10.0,600000.0,43832
8052872,1,1,1,10,2024,2,43,3.0,300000.0,33800
8080492,1,2,1,10,2024,1,30,3.0,1300000.0,53190
8040098,1,3,1,10,2024,2,26,6.0,1250000.0,4362
8052951,1,4,1,10,2024,1,34,4.0,1500000.0,34011
8038656,1,5,1,10,2024,1,23,4.0,1000000.0,1104
8046316,1,1,1,10,2024,2,24,10.0,2000000.0,19267
8081152,1,2,1,10,2024,1,48,5.0,1500000.0,54493
8052110,1,1,1,10,2024,2,70,3.0,1600000.0,31867
8052882,1,1,1,10,2024,2,54,8.0,3300000.0,33822
8054156,1,1,1,10,2024,2,40,5.0,700000.0,36613
8054459,1,1,1,10,2024,2,26,10.0,1300000.0,37333
8045182,1,1,1,10,2024,2,37,10.0,2600000.0,16567
8084026,1,3,1,10,2024,1,22,4.0,1000000.0,60271
8083749,1,5,1,10,2024,2,44,8.0,1300000.0,59670
8076627,1,1,1,10,2024,1,37,10.0,2800000.0,44315
8051427,1,2,1,10,2024,1,27,5.0,920000.0,30173
8076819,1,1,1,10,2024,1,77,1.0,1000000.0,44745
8054571,1,2,1,10,2024,2,35,5.0,400000.0,37543
8042500,1,3,1,10,2024,1,30,10.0,3700000.0,9948
8041544,1,2,1,10,2024,1,17,3.0,1000000.0,7819
8043126,1,1,1,10,2024,2,57,3.0,100000.0,11202
8039290,1,1,1,10,2024,2,39,8.0,1300000.0,2800
8078251,1,3,1,10,2024,2,23,5.0,200000.0,47981
8040131,1,1,1,10,2024,2,32,5.0,700000.0,4453
8038924,1,3,1,10,2024,2,28,5.0,1300000.0,1831
8056340,1,1,1,10,2024,2,41,12.0,5200000.0,41103
8054291,1,1,1,10,2024,1,64,3.0,1300000.0,36897
8084345,1,1,1,10,2024,2,41,5.0,1300000.0,61012
8049361,1,1,1,10,2024,1,29,5.0,1300000.0,25438
8054337,1,1,1,10,2024,2,40,8.0,900000.0,37034
8075946,1,2,1,10,2024,2,30,3.0,150000.0,42532
8054615,1,3,1,10,2024,2,31,5.0,240000.0,37636
8045235,1,3,1,10,2024,2,46,5.0,1300000.0,16735
8078305,1,3,1,10,2024,1,19,5.0,1000000.0,48126
8086584,1,1,1,10,2024,2,56,8.0,1300000.0,64053
8076144,1,1,1,10,2024,2,45,5.0,100000.0,43135
8044293,1,1,1,10,2024,1,25,10.0,2000000.0,14160
8046396,1,2,1,10,2024,2,42,8.0,1000000.0,19453
8040882,1,1,1,10,2024,2,31,10.0,3700000.0,6274
8055607,1,1,1,10,2024,2,41,11.0,5000000.0,39628
8041566,1,2,1,10,2024,1,26,8.0,1300000.0,7866
8043383,1,1,1,10,2024,1,60,5.0,1800000.0,11833
8054188,1,4,1,10,2024,2,32,11.0,3000000.0,36705
8080651,1,1,1,10,2024,1,43,4.0,3000000.0,53514
8079411,1,1,1,10,2024,1,37,5.0,800000.0,50669
8056486,1,1,1,10,2024,2,50,8.0,1600000.0,41422
8051261,1,1,1,10,2024,2,43,8.0,1300000.0,29703
8080417,1,2,1,10,2024,2,41,11.0,3200000.0,53103
8081142,1,2,1,10,2024,2,54,5.0,1300000.0,54470
8045318,1,2,1,10,2024,1,51,3.0,2000000.0,16932
8054005,1,3,1,10,2024,2,42,10.0,2900000.0,36310
8083861,1,1,1,10,2024,2,33,8.0,1430000.0,59909
8078502,1,2,1,10,2024,2,36,8.0,900000.0,48551
8079294,1,1,1,10,2024,1,32,4.0,1200000.0,50415
8075690,1,1,1,10,2024,1,78,3.0,1100000.0,41826
8046565,1,1,1,10,2024,2,34,8.0,1300000.0,19896
8084237,1,1,1,10,2024,2,28,10.0,1462000.0,60770
8082183,1,2,1,10,2024,2,46,5.0,1100000.0,56254
8078273,1,2,1,10,2024,1,24,3.0,1000000.0,48042
8043277,1,6,1,10,2024,2,23,9.0,1300000.0,11555
8043073,1,1,1,10,2024,2,34,5.0,120000.0,11082
8078347,1,2,1,10,2024,2,50,3.0,800000.0,48235
8083265,1,1,1,10,2024,2,51,3.0,900000.0,58699
8038542,1,1,1,10,2024,2,55,4.0,1500000.0,879
8040431,1,1,1,10,2024,2,49,3.0,1300000.0,5203
8041929,1,2,1,10,2024,2,47,5.0,300000.0,8637
8055476,1,2,1,10,2024,2,45,9.0,1300000.0,39428
8084079,1,1,1,10,2024,2,45,10.0,3000000.0,60453
8048912,1,1,1,10,2024,2,59,4.0,800000.0,24575
8083399,1,1,1,10,2024,2,35,9.0,1200000.0,58983
8046421,1,2,1,10,2024,2,63,3.0,320000.0,19506
8084504,1,1,1,10,2024,2,50,5.0,250000.0,61322
8048798,1,5,1,10,2024,2,32,10.0,1100000.0,24321
8054868,1,1,1,10,2024,2,49,9.0,2038000.0,38242
8045430,1,2,1,10,2024,2,52,5.0,1300000.0,17241
8077137,1,1,1,10,2024,1,55,8.0,2000000.0,45533
8075617,1,1,1,10,2024,1,43,3.0,1200000.0,41608
8083001,1,4,1,10,2024,2,60,1.0,1300000.0,58083
8039450,1,1,1,10,2024,2,47,8.0,2000000.0,3072
8086552,1,2,1,10,2024,1,52,8.0,1500000.0,63965
8080904,1,1,1,10,2024,1,50,3.0,900000.0,53978
8078092,1,2,1,10,2024,2,48,3.0,255000.0,47610
8076449,1,1,1,10,2024,2,19,5.0,500000.0,43873
8077280,1,1,1,10,2024,1,32,12.0,3000000.0,45913
8040297,1,6,1,10,2024,1,28,5.0,800000.0,4900
8056070,1,1,1,10,2024,2,30,10.0,4500000.0,40524
8053572,1,2,1,10,2024,1,22,5.0,1300000.0,35420
8084047,1,8,1,10,2024,2,20,4.0,2100000.0,60356
8051333,1,2,1,10,2024,2,29,5.0,500000.0,29912
8047509,1,1,1,10,2024,2,63,4.0,800000.0,21747
8043164,1,3,1,10,2024,1,30,5.0,1000000.0,11310
8083199,1,5,1,10,2024,2,22,4.0,500000.0,58524
8049141,1,2,1,10,2024,1,41,5.0,1300000.0,24998
8040187,1,1,1,10,2024,1,63,5.0,1100000.0,4609
8055663,1,2,1,10,2024,2,47,11.0,3900000.0,39746
8076780,1,2,1,10,2024,1,24,4.0,1300000.0,44684
8052176,1,2,1,10,2024,2,55,4.0,1100000.0,32031
8076511,1,1,1,10,2024,2,78,3.0,500000.0,44048
8053619,1,3,1,10,2024,2,48,5.0,1300000.0,35549
8043441,1,1,1,10,2024,1,67,3.0,1500000.0,11980
8051334,1,2,1,10,2024,2,60,3.0,1000000.0,29914
8083574,1,4,1,10,2024,2,30,9.0,1600000.0,59342
8038612,1,2,1,10,2024,1,23,4.0,1300000.0,1003
8080726,1,1,1,10,2024,2,24,10.0,2000000.0,53645
8044053,1,3,1,10,2024,2,23,5.0,1300000.0,13530
8044056,1,1,1,10,2024,1,22,5.0,1400000.0,13540
8050966,1,2,1,10,2024,1,66,10.0,2000000.0,29337
8038420,1,1,1,10,2024,2,61,5.0,1450000.0,629
8049507,1,2,1,10,2024,2,44,5.0,1150000.0,25634
8080900,1,1,1,10,2024,2,26,3.0,1000000.0,53969
8039656,1,6,1,10,2024,2,18,5.0,1000000.0,3446
8082085,1,3,1,10,2024,2,30,5.0,800000.0,56077
8039461,1,2,1,10,2024,1,36,5.0,1668000.0,3096
8080507,1,1,1,10,2024,1,25,5.0,1300000.0,53207
8076979,1,2,1,10,2024,2,40,5.0,800000.0,45091
8084077,1,2,1,10,2024,1,63,4.0,1500000.0,60450
8046630,1,1,1,10,2024,1,65,3.0,900000.0,20082
8051612,1,1,1,10,2024,1,45,12.0,7200000.0,30601
8078144,1,2,1,10,2024,2,38,5.0,1300000.0,47723
8038894,1,2,1,10,2024,2,55,10.0,2500000.0,1748
8086563,1,4,1,10,2024,1,47,5.0,1700000.0,63990
8080412,1,1,1,10,2024,2,46,5.0,1300000.0,53094
8083853,1,2,1,10,2024,1,25,11.0,3000000.0,59893
8039766,1,2,1,10,2024,1,19,10.0,1462000.0,3690
8084838,1,3,1,10,2024,1,20,5.0,2500000.0,62018
8048343,1,2,1,10,2024,1,25,4.0,900000.0,23538
8048321,1,1,1,10,2024,2,41,9.0,150000.0,23510
8045932,1,1,1,10,2024,1,35,5.0,1200000.0,18264
8039521,1,1,1,10,2024,1,44,5.0,2400000.0,3224
8079602,1,1,1,10,2024,2,56,4.0,3000000.0,51046
8046034,1,3,1,10,2024,2,26,5.0,1800000.0,18544
8078822,1,1,1,10,2024,1,74,4.0,1450000.0,49228
8052314,1,1,1,10,2024,2,70,5.0,500000.0,32431
8041249,1,1,1,10,2024,2,39,10.0,1400000.0,7163
8038221,1,2,1,10,2024,2,26,6.0,700000.0,95
8046108,1,1,1,10,2024,1,51,8.0,500000.0,18723
8044351,1,2,1,10,2024,1,31,5.0,1462000.0,14323
8043397,1,1,1,10,2024,2,45,9.0,4500000.0,11858
8054446,1,1,1,10,2024,1,60,4.0,1200000.0,37298
8077951,1,1,1,10,2024,1,18,3.0,400000.0,47290
8046929,1,2,1,10,2024,2,48,9.0,1300000.0,20758
8054557,1,2,1,10,2024,2,35,5.0,1000000.0,37519
8046065,1,1,1,10,2024,1,71,3.0,500000.0,18631
8043439,1,1,1,10,2024,1,23,4.0,720000.0,11975
8079074,1,2,1,10,2024,2,47,3.0,1462000.0,49811
8085070,1,1,1,10,2024,1,37,8.0,2000000.0,62555
8041662,1,1,1,10,2024,1,66,4.0,1300000.0,8094
8046453,1,4,1,10,2024,2,28,10.0,2436000.0,19577
8053703,1,1,1,10,2024,1,53,5.0,4000000.0,35751
8047031,1,2,1,10,2024,2,39,11.0,3500000.0,20859
8054461,1,1,1,10,2024,1,70,3.0,300000.0,37336
8038204,1,2,1,10,2024,2,50,3.0,350000.0,50
8038245,1,1,1,10,2024,1,47,5.0,1500000.0,148
8083569,1,3,1,10,2024,1,33,5.0,1300000.0,59324
8054485,1,2,1,10,2024,1,49,5.0,1000000.0,37369
8077393,1,1,1,10,2024,1,61,3.0,2700000.0,46152
8048826,1,2,1,10,2024,2,40,10.0,800000.0,24372
8043201,1,1,1,10,2024,1,59,11.0,4800000.0,11386
8048700,1,1,1,10,2024,2,50,4.0,600000.0,24137
8044793,1,1,1,10,2024,2,34,4.0,200000.0,15478
8041920,1,2,1,10,2024,1,42,5.0,1300000.0,8610
8044445,1,1,1,10,2024,2,24,5.0,1300000.0,14565
8040136,1,2,1,10,2024,2,45,5.0,1000000.0,4467
8045575,1,2,1,10,2024,1,37,10.0,2500000.0,17654
8075757,1,1,1,10,2024,2,41,5.0,500000.0,41987
8078451,1,1,1,10,2024,1,36,3.0,1500000.0,48440
8051785,1,2,1,10,2024,1,32,5.0,1300000.0,31037
8085835,1,1,1,10,2024,2,41,8.0,2300000.0,62945
8041282,1,3,1,10,2024,2,38,11.0,3696000.0,7239
8056069,1,1,1,10,2024,1,44,10.0,1500000.0,40521
8049552,1,2,1,10,2024,2,42,3.0,2562000.0,25741
8081766,1,1,1,10,2024,1,35,5.0,900000.0,55730
8055699,1,2,1,10,2024,2,32,5.0,1300000.0,39861
8053202,1,1,1,10,2024,1,32,8.0,2000000.0,34595
8081602,1,2,1,10,2024,1,49,5.0,300000.0,55463
8044578,1,1,1,10,2024,1,21,8.0,1320000.0,14944
8041938,1,1,1,10,2024,2,18,5.0,800000.0,8661
8054810,1,1,1,10,2024,2,62,3.0,200000.0,38116
8049112,1,2,1,10,2024,1,15,4.0,120000.0,24937
8079948,1,4,1,10,2024,1,30,8.0,2500000.0,51968
8041382,1,1,1,10,2024,2,50,1.0,500000.0,7425
8050744,1,1,1,10,2024,1,68,9.0,3700000.0,28722
8046785,1,4,1,10,2024,1,31,10.0,3600000.0,20432
8075641,1,1,1,10,2024,2,32,5.0,1000000.0,41692
8083338,1,1,1,10,2024,1,51,10.0,1300000.0,58879
8040454,1,3,1,10,2024,1,41,5.0,1300000.0,5267
8082622,1,1,1,10,2024,2,59,4.0,800000.0,57122
8080149,1,2,1,10,2024,2,52,4.0,1100000.0,52422
8045421,1,3,1,10,2024,1,27,9.0,1300000.0,17214
8081060,1,1,1,10,2024,2,42,5.0,700000.0,54326
8049671,1,1,1,10,2024,1,25,4.0,2200000.0,26034
8050317,1,1,1,10,2024,2,58,5.0,1000000.0,27593
8077389,1,1,1,10,2024,1,62,3.0,1150000.0,46146
8049854,1,1,1,10,2024,1,64,3.0,400000.0,26515
8055830,1,1,1,10,2024,2,72,8.0,1800000.0,40065
8075805,1,2,1,10,2024,2,29,3.0,450000.0,42120
8076106,1,7,1,10,2024,2,18,4.0,1200000.0,43009
8052409,1,1,1,10,2024,2,52,4.0,750000.0,32724
8080980,1,2,1,10,2024,2,64,10.0,650000.0,54149
8042167,1,1,1,10,2024,2,31,10.0,4000000.0,9217
8082204,1,4,1,10,2024,1,68,8.0,2000000.0,56275
8083819,1,2,1,10,2024,2,34,5.0,1300000.0,59813
8052005,1,2,1,10,2024,2,25,8.0,1600000.0,31611
8077087,1,2,1,10,2024,2,40,5.0,500000.0,45391
8083395,1,2,1,10,2024,1,53,5.0,1300000.0,58978
8078005,1,2,1,10,2024,2,59,3.0,400000.0,47441
8078814,1,1,1,10,2024,1,48,4.0,1300000.0,49208
8045636,1,1,1,10,2024,1,62,5.0,1200000.0,17794
8080030,1,1,1,10,2024,1,46,8.0,2500000.0,52099
8046528,1,1,1,10,2024,1,46,4.0,1300000.0,19788
8084068,1,1,1,10,2024,2,41,4.0,1400000.0,60419
8079454,1,1,1,10,2024,2,62,4.0,600000.0,50792
8048683,1,1,1,10,2024,2,43,5.0,1300000.0,24110
8041371,1,1,1,10,2024,1,41,5.0,1462000.0,7390
8078688,1,4,1,10,2024,2,26,5.0,1600000.0,48942
8049478,1,1,1,10,2024,1,73,3.0,400000.0,25550
8050495,1,3,1,10,2024,1,28,5.0,2800000.0,28108
8076751,1,2,1,10,2024,1,42,3.0,2040000.0,44613
8043707,1,1,1,10,2024,1,59,10.0,8500000.0,12688
8083642,1,1,1,10,2024,2,31,5.0,400000.0,59469
8048322,1,1,1,10,2024,2,58,3.0,1000000.0,23513
8080696,1,1,1,10,2024,2,30,8.0,2500000.0,53603
8046466,1,1,1,10,2024,1,58,5.0,8000000.0,19609
8053475,1,1,1,10,2024,1,50,5.0,1300000.0,35227
8056087,1,2,1,10,2024,2,45,5.0,640000.0,40571
8078213,1,3,1,10,2024,1,21,5.0,1080000.0,47898
8050560,1,3,1,10,2024,1,23,5.0,1300000.0,28314
8080554,1,2,1,10,2024,2,47,8.0,1300000.0,53307
8077344,1,1,1,10,2024,1,29,5.0,1300000.0,46043
8039317,1,2,1,10,2024,2,50,5.0,100000.0,2867
8043928,1,1,1,10,2024,2,33,5.0,1300000.0,13245
8046519,1,1,1,10,2024,1,45,9.0,1300000.0,19753
8051038,1,1,1,10,2024,2,55,10.0,1300000.0,29525
8076820,1,1,1,10,2024,1,72,3.0,1000000.0,44750
8049054,1,2,1,10,2024,1,45,10.0,1300000.0,24838
8082902,1,2,1,10,2024,1,25,5.0,1300000.0,57878
8038520,1,1,1,10,2024,1,39,3.0,1462000.0,815
8042026,1,2,1,10,2024,2,33,5.0,1300000.0,8910
8083991,1,1,1,10,2024,2,66,5.0,1050000.0,60169
8049412,1,1,1,10,2024,1,30,5.0,3654210.0,25514
8055332,1,3,1,10,2024,1,24,5.0,1300000.0,39192
8038232,1,3,1,10,2024,1,34,3.0,1300000.0,119
8077753,1,1,1,10,2024,1,64,10.0,3000000.0,46885
8080376,1,3,1,10,2024,2,32,11.0,1000000.0,52994
8048099,1,1,1,10,2024,2,73,4.0,500000.0,23046
8039261,1,1,1,10,2024,1,25,6.0,800000.0,2712
8044247,1,1,1,10,2024,2,54,1.0,450000.0,13966
8043221,1,3,1,10,2024,1,17,5.0,1800000.0,11429
8038791,1,2,1,10,2024,1,45,10.0,3200000.0,1514
8044353,1,1,1,10,2024,2,52,5.0,1300000.0,14329
8038877,1,2,1,10,2024,1,33,8.0,1300000.0,1702
8040647,1,1,1,10,2024,2,60,10.0,2000000.0,5709
8042633,1,1,1,10,2024,1,38,11.0,6000000.0,10210
8040030,1,2,1,10,2024,1,41,5.0,1200000.0,4211
8046729,1,1,1,10,2024,2,48,11.0,13000000.0,20305
8053181,1,1,1,10,2024,1,54,3.0,1800000.0,34544
8041254,1,2,1,10,2024,2,42,5.0,1300000.0,7175
8043254,1,2,1,10,2024,2,45,5.0,1980000.0,11500
8056144,1,1,1,10,2024,2,36,8.0,1700000.0,40686
8077660,1,1,1,10,2024,1,41,4.0,1100000.0,46673
8050422,1,1,1,10,2024,1,66,5.0,1300000.0,27887
8044300,1,2,1,10,2024,2,65,5.0,1300000.0,14173
8083066,1,1,1,10,2024,1,39,5.0,1300000.0,58242
8048342,1,2,1,10,2024,1,37,5.0,1300000.0,23536
8053245,1,1,1,10,2024,2,26,5.0,1300000.0,34699
8041213,1,1,1,10,2024,1,45,4.0,900000.0,7084
8045624,1,1,1,10,2024,1,56,4.0,1500000.0,17754
8077251,1,3,1,10,2024,1,22,5.0,1000000.0,45843
8053221,1,2,1,10,2024,2,39,5.0,1200000.0,34634
8056036,1,2,1,10,2024,1,42,3.0,1500000.0,40461
8056392,1,1,1,10,2024,2,30,4.0,700000.0,41239
8053632,1,3,1,10,2024,2,29,10.0,2000000.0,35577
8079534,1,1,1,10,2024,2,46,5.0,1300000.0,50942
8046024,1,2,1,10,2024,2,26,5.0,300000.0,18525
8086603,1,1,1,10,2024,2,31,8.0,1500000.0,64114
8080038,1,4,1,10,2024,2,60,5.0,2300000.0,52114
8051656,1,2,1,10,2024,2,40,11.0,3500000.0,30707
8038353,1,1,1,10,2024,1,53,12.0,15000000.0,444
8049545,1,1,1,10,2024,2,38,5.0,2000000.0,25719
8044098,1,2,1,10,2024,2,60,11.0,4000000.0,13658
8086851,1,2,1,10,2024,1,50,3.0,1400000.0,64570
8047907,1,1,1,10,2024,2,53,5.0,1300000.0,22672
8040085,1,1,1,10,2024,2,63,4.0,500000.0,4327
8047602,1,1,1,10,2024,1,62,3.0,800000.0,21950
8044535,1,2,1,10,2024,1,48,5.0,1300000.0,14822
8043516,1,2,1,10,2024,1,42,8.0,2400000.0,12216
8051499,1,1,1,10,2024,2,33,9.0,2135000.0,30352
8049329,1,2,1,10,2024,2,35,5.0,600000.0,25374
8039418,1,1,1,10,2024,1,35,5.0,2000000.0,3013
8084624,1,1,1,10,2024,1,40,5.0,1400000.0,61529
8083003,1,4,1,10,2024,2,24,10.0,1580000.0,58090
8051504,1,1,1,10,2024,1,65,4.0,1200000.0,30362
8050735,1,1,1,10,2024,1,56,8.0,2100000.0,28692
8047954,1,2,1,10,2024,2,58,9.0,6000000.0,22737
8081412,1,2,1,10,2024,1,28,5.0,600000.0,55101
8045386,1,1,1,10,2024,2,54,5.0,1300000.0,17106
8051630,1,2,1,10,2024,2,68,3.0,800000.0,30645
8040769,1,1,1,10,2024,1,32,6.0,2000000.0,5997
8041957,1,3,1,10,2024,1,24,5.0,1300000.0,8724
8042250,1,1,1,10,2024,2,41,5.0,840000.0,9425
8038288,1,1,1,10,2024,1,45,5.0,1300000.0,275
8038905,1,2,1,10,2024,2,34,10.0,1800000.0,1772
8052897,1,2,1,10,2024,2,45,3.0,600000.0,33857
8078202,1,1,1,10,2024,2,32,8.0,600000.0,47864
8043102,1,4,1,10,2024,1,41,3.0,1200000.0,11155
8076594,1,1,1,10,2024,1,42,4.0,2500000.0,44228
8043923,1,1,1,10,2024,2,24,5.0,2000000.0,13229
8083855,1,1,1,10,2024,2,30,5.0,1300000.0,59898
8042002,1,1,1,10,2024,2,54,9.0,3000000.0,8842
8045408,1,2,1,10,2024,1,40,8.0,1300000.0,17176
8050939,1,2,1,10,2024,2,39,5.0,1300000.0,29245
8076555,1,2,1,10,2024,2,34,10.0,1300000.0,44142
8078699,1,2,1,10,2024,2,29,5.0,1300000.0,48963
8049161,1,1,1,10,2024,1,53,4.0,1462000.0,25031
8038456,1,1,1,10,2024,1,19,10.0,200000.0,681
8038297,1,1,1,10,2024,1,57,5.0,1200000.0,300
8038615,1,1,1,10,2024,1,59,8.0,2400000.0,1010
8038856,1,1,1,10,2024,1,31,11.0,9000000.0,1652
8082817,1,2,1,10,2024,1,34,11.0,6200000.0,57666
8047347,1,2,1,10,2024,1,45,6.0,1000000.0,21483
8078800,1,1,1,10,2024,2,80,3.0,1500000.0,49181
8084204,1,2,1,10,2024,1,20,5.0,1300000.0,60705
8078375,1,2,1,10,2024,1,63,5.0,2800000.0,48288
8053886,1,2,1,10,2024,2,53,5.0,2000000.0,36076
8048885,1,3,1,10,2024,2,27,8.0,1462000.0,24508
8051053,1,2,1,10,2024,1,41,10.0,2000000.0,29572
8040469,1,1,1,10,2024,1,28,9.0,2000000.0,5306
8078979,1,1,1,10,2024,1,67,4.0,880000.0,49592
8050129,1,3,1,10,2024,1,73,3.0,1300000.0,27167
8054446,1,3,1,10,2024,1,33,5.0,1200000.0,37300
8077056,1,1,1,10,2024,1,62,3.0,1300000.0,45283
8079811,1,4,1,10,2024,2,36,10.0,2600000.0,51628
8043937,1,2,1,10,2024,1,22,8.0,175000.0,13260
8039037,1,1,1,10,2024,2,56,5.0,200000.0,2109
8080003,1,1,1,10,2024,2,52,5.0,1300000.0,52058
8051430,1,1,1,10,2024,1,58,3.0,2000000.0,30181
8052595,1,1,1,10,2024,2,35,10.0,1800000.0,33200
8046582,1,3,1,10,2024,2,25,10.0,5000000.0,19962
8078739,1,1,1,10,2024,1,36,10.0,5135000.0,49050
8049144,1,2,1,10,2024,2,57,3.0,430000.0,25006
8044418,1,2,1,10,2024,1,39,4.0,1300000.0,14487
8048910,1,3,1,10,2024,2,25,5.0,1300000.0,24572
8038953,1,3,1,10,2024,1,43,10.0,1450000.0,1903
8084964,1,2,1,10,2024,1,21,4.0,1800000.0,62305
8052349,1,1,1,10,2024,1,56,5.0,1550000.0,32536
8052110,1,4,1,10,2024,1,42,5.0,1360000.0,31870
8081419,1,2,1,10,2024,2,53,4.0,500000.0,55116
8055492,1,1,1,10,2024,2,45,10.0,1900000.0,39452
8044400,1,1,1,10,2024,2,39,5.0,1300000.0,14438
8055231,1,1,1,10,2024,2,62,4.0,800000.0,39027
8080630,1,1,1,10,2024,1,26,8.0,1300000.0,53458
8047004,1,1,1,10,2024,1,58,3.0,1300000.0,20823
8052400,1,3,1,10,2024,1,20,4.0,400000.0,32705
8084641,1,2,1,10,2024,1,55,4.0,1000000.0,61571
8045804,1,2,1,10,2024,1,27,4.0,700000.0,18218
8052761,1,1,1,10,2024,1,45,5.0,2200000.0,33524
8039618,1,1,1,10,2024,2,44,5.0,150000.0,3377
8041531,1,2,1,10,2024,1,51,5.0,1200000.0,7787
8084004,1,1,1,10,2024,1,63,3.0,1300000.0,60206
8044634,1,1,1,10,2024,2,60,4.0,480000.0,15089
8082485,1,1,1,10,2024,2,36,5.0,850000.0,56816
8079828,1,1,1,10,2024,1,38,8.0,1350000.0,51691
8084518,1,4,1,10,2024,1,57,3.0,1400000.0,61346
8048524,1,4,1,10,2024,1,26,5.0,1100000.0,23855
8046245,1,1,1,10,2024,1,48,8.0,1500000.0,19038
8056343,1,1,1,10,2024,2,42,8.0,6500000.0,41112
8044746,1,1,1,10,2024,2,60,3.0,700000.0,15375
8055220,1,2,1,10,2024,2,42,11.0,3000000.0,38994
8050462,1,2,1,10,2024,2,42,10.0,3600000.0,27991
8084946,1,1,1,10,2024,2,42,7.0,2000000.0,62258
8041275,1,1,1,10,2024,2,31,11.0,4200000.0,7220
8052285,1,1,1,10,2024,1,56,5.0,230000.0,32333
8042145,1,2,1,10,2024,2,49,9.0,1880000.0,9160
8046054,1,4,1,10,2024,2,24,8.0,300000.0,18605
8040724,1,2,1,10,2024,1,60,8.0,850000.0,5868
8053720,1,2,1,10,2024,2,44,10.0,1500000.0,35802
8082534,1,1,1,10,2024,1,66,4.0,2000000.0,56922
8084557,1,1,1,10,2024,1,23,5.0,1500000.0,61429
8075854,1,1,1,10,2024,2,35,3.0,600000.0,42261
8040043,1,1,1,10,2024,1,43,5.0,1800000.0,4248
8077339,1,1,1,10,2024,2,51,5.0,200000.0,46025
8081686,1,1,1,10,2024,2,29,10.0,200000.0,55603
8047075,1,2,1,10,2024,2,29,5.0,1400000.0,20939
8044714,1,1,1,10,2024,2,36,8.0,750000.0,15306
8076032,1,4,1,10,2024,2,21,5.0,300000.0,42807
8077957,1,1,1,10,2024,2,52,4.0,1100000.0,47305
8046997,1,1,1,10,2024,1,51,5.0,1000000.0,20806
8077773,1,1,1,10,2024,2,27,10.0,1600000.0,46930
8042284,1,1,1,10,2024,1,71,13.0,400000.0,9484
8049188,1,1,1,10,2024,2,36,10.0,5035408.0,25077
8040921,1,2,1,10,2024,2,27,5.0,200000.0,6362
8053694,1,2,1,10,2024,2,39,5.0,1300000.0,35721
8084435,1,2,1,10,2024,1,56,3.0,1300000.0,61202
8041170,1,4,1,10,2024,1,21,5.0,200000.0,6967
8047101,1,3,1,10,2024,2,60,5.0,1300000.0,20992
8080959,1,2,1,10,2024,2,22,10.0,600000.0,54115
8044648,1,1,1,10,2024,2,45,11.0,1000000.0,15130
8047627,1,1,1,10,2024,1,43,10.0,3300000.0,22011
8050552,1,2,1,10,2024,1,38,10.0,1400000.0,28285
8038266,1,1,1,10,2024,1,48,3.0,1800000.0,216
8049869,1,1,1,10,2024,2,44,5.0,1000000.0,26553
8049273,1,3,1,10,2024,2,25,10.0,1400000.0,25250
8076788,1,1,1,10,2024,1,60,10.0,5000000.0,44699
8053108,1,1,1,10,2024,1,34,5.0,2100000.0,34417
8082857,1,2,1,10,2024,2,67,8.0,1300000.0,57748
8055258,1,1,1,10,2024,1,46,5.0,3300000.0,39051
8049537,1,1,1,10,2024,1,29,4.0,1000000.0,25701
8080653,1,1,1,10,2024,2,41,10.0,1300000.0,53520
8039173,1,1,1,10,2024,2,38,11.0,8000000.0,2510
8039135,1,1,1,10,2024,2,44,9.0,1750000.0,2409
8052829,1,1,1,10,2024,1,36,4.0,1100000.0,33701
8038844,1,3,1,10,2024,1,42,5.0,1300000.0,1627
8054926,1,1,1,10,2024,1,63,10.0,4000000.0,38379
8055287,1,2,1,10,2024,1,48,4.0,1300000.0,39101
8050305,1,2,1,10,2024,2,27,8.0,1462000.0,27570
8077813,1,2,1,10,2024,1,36,5.0,1300000.0,47016
8077177,1,2,1,10,2024,1,36,8.0,857000.0,45654
8043389,1,1,1,10,2024,2,50,5.0,500000.0,11844
8077593,1,3,1,10,2024,1,21,5.0,1150000.0,46561
8039376,1,1,1,10,2024,2,35,8.0,2000000.0,2926
8041389,1,2,1,10,2024,1,50,5.0,1462000.0,7439
8084889,1,1,1,10,2024,2,65,5.0,500000.0,62130
8049524,1,1,1,10,2024,2,59,5.0,2000000.0,25676
8055651,1,1,1,10,2024,1,37,10.0,3200000.0,39702
8076763,1,2,1,10,2024,1,67,3.0,500000.0,44642
8077667,1,2,1,10,2024,2,30,6.0,1500000.0,46695
8039896,1,2,1,10,2024,2,46,11.0,2800000.0,3932
8052166,1,4,1,10,2024,2,38,4.0,200000.0,32004
8079168,1,3,1,10,2024,1,32,5.0,1300000.0,50019
8083017,1,1,1,10,2024,1,82,3.0,400000.0,58133
8050062,1,1,1,10,2024,2,25,5.0,484000.0,27028
8083517,1,1,1,10,2024,2,33,5.0,400000.0,59210
8082331,1,2,1,10,2024,2,57,11.0,6000000.0,56493
8040519,1,1,1,10,2024,2,50,8.0,1300000.0,5421
8049813,1,2,1,10,2024,1,67,1.0,1000000.0,26429
8079778,1,1,1,10,2024,1,45,5.0,700000.0,51542
8051380,1,4,1,10,2024,2,40,9.0,1300000.0,30041
8039980,1,1,1,10,2024,2,63,10.0,3000000.0,4113
8039799,1,2,1,10,2024,1,38,2.0,1100000.0,3745
8086549,1,3,1,10,2024,1,29,10.0,1500000.0,63954
8052566,1,1,1,10,2024,2,24,3.0,1000000.0,33112
8048553,1,1,1,10,2024,1,45,5.0,1800000.0,23920
8044809,1,4,1,10,2024,1,17,4.0,600000.0,15530
8049841,1,1,1,10,2024,1,30,3.0,950000.0,26498
8076003,1,1,1,10,2024,2,39,3.0,2000000.0,42707
8039525,1,1,1,10,2024,2,41,4.0,1300000.0,3234
8086633,1,1,1,10,2024,1,24,5.0,1300000.0,64181
8039669,1,4,1,10,2024,2,20,4.0,650000.0,3478
8046815,1,1,1,10,2024,1,54,8.0,6000000.0,20514
8047096,1,2,1,10,2024,2,47,8.0,1300000.0,20980
8084392,1,2,1,10,2024,1,24,4.0,700000.0,61123
8077974,1,2,1,10,2024,1,54,10.0,3000000.0,47351
8050740,1,2,1,10,2024,2,41,10.0,3000000.0,28710
8075986,1,1,1,10,2024,1,56,3.0,1300000.0,42665
8039494,1,4,1,10,2024,1,19,9.0,1000000.0,3162
8053571,1,1,1,10,2024,1,43,5.0,1300000.0,35417
8082122,1,1,1,10,2024,2,39,5.0,400000.0,56135
8039632,1,1,1,10,2024,2,28,5.0,300000.0,3412
8076856,1,2,1,10,2024,2,28,6.0,150000.0,44838
8082997,1,2,1,10,2024,2,47,10.0,2000000.0,58070
8038792,1,2,1,10,2024,2,29,10.0,2400000.0,1516
8054494,1,1,1,10,2024,2,33,10.0,5000000.0,37395
8084085,1,1,1,10,2024,1,35,8.0,1300000.0,60465
8040011,1,2,1,10,2024,1,29,5.0,1300000.0,4153
8045155,1,2,1,10,2024,2,53,3.0,150000.0,16479
8054525,1,1,1,10,2024,1,57,5.0,1300000.0,37466
8082573,1,1,1,10,2024,1,65,4.0,300000.0,57013
8079804,1,1,1,10,2024,2,59,4.0,320000.0,51598
8038279,1,1,1,10,2024,2,40,5.0,1750000.0,248
8041367,1,5,1,10,2024,1,25,5.0,1200000.0,7378
8044182,1,1,1,10,2024,1,70,5.0,1600000.0,13840
8043339,1,3,1,10,2024,1,40,10.0,7450000.0,11735
8051647,1,2,1,10,2024,2,37,11.0,3600000.0,30686
8049792,1,1,1,10,2024,1,29,3.0,1200000.0,26376
8084514,1,1,1,10,2024,1,27,5.0,1800000.0,61338
8045086,1,2,1,10,2024,2,51,5.0,600000.0,16296
8039837,1,1,1,10,2024,2,64,3.0,500000.0,3811
8044575,1,2,1,10,2024,1,22,4.0,1300000.0,14936
8082593,1,1,1,10,2024,1,34,12.0,4000000.0,57079
8051479,1,1,1,10,2024,2,35,5.0,1300000.0,30299
8055015,1,1,1,10,2024,1,54,4.0,1400000.0,38570
8049190,1,2,1,10,2024,2,59,3.0,1400000.0,25081
8081131,1,1,1,10,2024,2,50,5.0,1800000.0,54442
8042544,1,1,1,10,2024,2,34,5.0,1300000.0,10036
8078577,1,1,1,10,2024,2,19,10.0,1500000.0,48716
8049846,1,3,1,10,2024,1,33,3.0,1000000.0,26503
8054892,1,1,1,10,2024,2,40,5.0,650000.0,38302
8040745,1,2,1,10,2024,1,60,3.0,1200000.0,5924
8042143,1,1,1,10,2024,2,60,5.0,340000.0,9156
8043746,1,2,1,10,2024,1,53,5.0,900000.0,12785
8040348,1,1,1,10,2024,2,53,10.0,2700000.0,5011
8084741,1,1,1,10,2024,1,30,5.0,1300000.0,61808
8046731,1,1,1,10,2024,2,50,4.0,1860000.0,20316
8048504,1,1,1,10,2024,2,53,5.0,1300000.0,23802
8086627,1,1,1,10,2024,2,54,12.0,3600000.0,64164
8045197,1,1,1,10,2024,1,72,1.0,300000.0,16609
8082322,1,1,1,10,2024,2,59,3.0,1300000.0,56470
8078456,1,2,1,10,2024,2,41,10.0,1500000.0,48457
8046572,1,5,1,10,2024,2,31,8.0,1465000.0,19923
8039817,1,1,1,10,2024,1,65,5.0,3000000.0,3774
8045063,1,1,1,10,2024,2,28,10.0,3100000.0,16234
8055003,1,1,1,10,2024,1,74,4.0,800000.0,38530
8045129,1,1,1,10,2024,1,50,6.0,600000.0,16420
8044138,1,1,1,10,2024,1,34,5.0,3000000.0,13732
8084359,1,1,1,10,2024,1,40,3.0,1400000.0,61042
8044071,1,1,1,10,2024,1,77,3.0,1200000.0,13584
8046000,1,2,1,10,2024,1,28,3.0,400000.0,18462
8051788,1,1,1,10,2024,1,46,12.0,7800000.0,31047
8084088,1,2,1,10,2024,2,18,5.0,800000.0,60470
8053104,1,2,1,10,2024,1,28,5.0,1300000.0,34401
8044919,1,1,1,10,2024,2,62,10.0,5500000.0,15848
8040837,1,2,1,10,2024,1,63,3.0,1500000.0,6133
8055913,1,2,1,10,2024,1,32,5.0,1850000.0,40249
8078232,1,1,1,10,2024,1,37,10.0,3000000.0,47949
8038474,1,1,1,10,2024,1,37,5.0,1600000.0,714
8042549,1,1,1,10,2024,1,26,6.0,1462000.0,10047
8084348,1,1,1,10,2024,2,42,8.0,1000000.0,61015
8048823,1,3,1,10,2024,2,23,5.0,900000.0,24367
8056251,1,1,1,10,2024,2,43,5.0,6000000.0,40939
8051692,1,2,1,10,2024,2,52,4.0,650000.0,30788
8044650,1,3,1,10,2024,1,43,5.0,1500000.0,15138
8052594,1,2,1,10,2024,2,41,4.0,850000.0,33196
8081487,1,2,1,10,2024,1,32,8.0,1300000.0,55263
8053693,1,3,1,10,2024,2,25,11.0,1300000.0,35719
8048354,1,1,1,10,2024,2,34,4.0,320000.0,23558
8039004,1,2,1,10,2024,1,53,5.0,1500000.0,2016
8082384,1,3,1,10,2024,2,23,10.0,2000000.0,56604
8038589,1,2,1,10,2024,1,25,5.0,1300000.0,937
8039892,1,1,1,10,2024,2,60,3.0,390000.0,3915
8044826,1,2,1,10,2024,2,28,5.0,700000.0,15587
8046979,1,1,1,10,2024,1,48,10.0,8000000.0,20779
8047170,1,1,1,10,2024,2,32,8.0,1750000.0,21096
8038658,1,1,1,10,2024,2,46,10.0,1100000.0,1114
8084940,1,1,1,10,2024,1,52,8.0,2000000.0,62248
8076848,1,1,1,10,2024,1,61,5.0,2200000.0,44820
8044463,1,6,1,10,2024,1,62,3.0,1000000.0,14614
8050261,1,1,1,10,2024,1,47,4.0,1300000.0,27486
8048141,1,2,1,10,2024,1,25,4.0,200000.0,23161
8046546,1,1,1,10,2024,1,47,6.0,22012000.0,19835
8047924,1,1,1,10,2024,2,49,3.0,420000.0,22694
8044826,1,1,1,10,2024,1,36,5.0,1500000.0,15586
8041585,1,1,1,10,2024,1,49,5.0,1300000.0,7914
8044463,1,5,1,10,2024,1,23,4.0,1600000.0,14613
8046350,1,2,1,10,2024,1,53,9.0,1500000.0,19347
8041862,1,2,1,10,2024,1,19,5.0,150000.0,8461
8083970,1,2,1,10,2024,2,51,10.0,1500000.0,60104
8049744,1,1,1,10,2024,2,66,3.0,500000.0,26248
8043657,1,1,1,10,2024,2,63,11.0,6259983.0,12564
8044848,1,1,1,10,2024,2,46,5.0,700000.0,15653
8086521,1,3,1,10,2024,1,15,5.0,600000.0,63880
8049297,1,1,1,10,2024,2,28,10.0,1300000.0,25304
8086446,1,1,1,10,2024,1,29,3.0,1900000.0,63688
8081897,1,2,1,10,2024,1,30,4.0,800000.0,55815
8050522,1,3,1,10,2024,2,25,5.0,1000000.0,28201
8078897,1,1,1,10,2024,1,36,12.0,5500000.0,49385
8048456,1,2,1,10,2024,2,50,4.0,280000.0,23712
8047277,1,1,1,10,2024,1,39,13.0,5000000.0,21344
8081133,1,1,1,10,2024,2,39,5.0,800000.0,54447
8052997,1,3,1,10,2024,1,60,3.0,400000.0,34172
8078264,1,3,1,10,2024,1,21,6.0,690000.0,48018
8086804,1,1,1,10,2024,2,29,5.0,1300000.0,64521
8047534,1,1,1,10,2024,2,34,8.0,300000.0,21782
8086624,1,2,1,10,2024,2,23,6.0,600000.0,64158
8044753,1,1,1,10,2024,2,45,5.0,1600000.0,15389
8078738,1,2,1,10,2024,2,25,9.0,700000.0,49049
8079725,1,2,1,10,2024,2,21,5.0,600000.0,51321
8055858,1,2,1,10,2024,1,67,3.0,1600000.0,40131
8081173,1,1,1,10,2024,2,32,5.0,300000.0,54529
8039945,3,1,3,10,2024,1,35,11.0,2500000.0,4066
8083819,1,1,1,10,2024,1,37,5.0,1300000.0,59812
8086813,1,2,1,10,2024,2,47,11.0,1500000.0,64529
8047458,1,2,1,10,2024,2,32,10.0,2000000.0,21666
8051380,1,3,1,10,2024,2,41,9.0,1300000.0,30040
8051816,1,3,1,10,2024,2,32,5.0,700000.0,31131
8081348,1,2,1,10,2024,1,40,5.0,1800000.0,54916
8078208,1,3,1,10,2024,1,31,10.0,2122000.0,47882
8039124,1,3,1,10,2024,1,24,4.0,400000.0,2375
8041086,1,1,1,10,2024,2,38,11.0,1300000.0,6744
8054434,1,2,1,10,2024,2,35,5.0,1300000.0,37276
8081179,1,1,1,10,2024,2,40,11.0,4500000.0,54539
8049734,1,1,1,10,2024,2,37,4.0,5960000.0,26212
8043569,1,1,1,10,2024,2,42,4.0,800000.0,12326
8077860,1,1,1,10,2024,1,69,5.0,400000.0,47108
8085938,1,1,1,10,2024,1,68,9.0,6000000.0,63060
8045328,1,1,1,10,2024,1,45,8.0,4000000.0,16953
8052051,1,1,1,10,2024,1,26,9.0,2600000.0,31705
8083985,1,1,1,10,2024,1,47,3.0,1300000.0,60151
8078173,1,1,1,10,2024,2,45,10.0,2600000.0,47799
8051065,1,2,1,10,2024,1,37,5.0,400000.0,29592
8045122,1,1,1,10,2024,1,37,5.0,1800000.0,16398
8039829,1,2,1,10,2024,2,28,10.0,1600000.0,3796
8042005,1,1,1,10,2024,2,48,3.0,200000.0,8849
8055057,1,1,1,10,2024,1,34,10.0,4500000.0,38689
8052288,1,5,1,10,2024,1,24,8.0,1800000.0,32351
8045751,1,2,1,10,2024,2,29,10.0,8200000.0,18097
8054161,1,1,1,10,2024,2,41,4.0,300000.0,36622
8081366,1,1,1,10,2024,1,49,5.0,1300000.0,54938
8043322,1,2,1,10,2024,2,21,5.0,2000000.0,11673
8048225,1,4,1,10,2024,1,48,5.0,1300000.0,23291
8050098,1,1,1,10,2024,1,68,3.0,700000.0,27108
8084771,1,1,1,10,2024,2,23,10.0,1400000.0,61866
8079097,1,3,1,10,2024,2,23,5.0,720000.0,49858
8050684,1,1,1,10,2024,2,58,3.0,400000.0,28586
8076629,1,2,1,10,2024,2,52,3.0,1300000.0,44321
8080744,1,2,1,10,2024,2,35,5.0,1350000.0,53671
8052871,1,2,1,10,2024,1,44,5.0,600000.0,33798
8077295,1,1,1,10,2024,1,28,5.0,1300000.0,45934
8051350,1,1,1,10,2024,1,78,3.0,200000.0,29961
8078528,1,1,1,10,2024,2,21,4.0,720000.0,48603
8045712,1,1,1,10,2024,1,54,3.0,1800000.0,17992
8046583,1,3,1,10,2024,1,54,5.0,300000.0,19966
8055676,1,2,1,10,2024,2,29,10.0,2300000.0,39778
8054179,1,1,1,10,2024,2,33,4.0,1320000.0,36680
8043949,1,1,1,10,2024,1,33,5.0,1300000.0,13300
8082148,1,1,1,10,2024,2,40,10.0,2300000.0,56194
8075586,1,1,1,10,2024,2,37,5.0,400000.0,41499
8045006,1,2,1,10,2024,2,38,9.0,200000.0,16085
8080138,1,3,1,10,2024,2,21,5.0,200000.0,52396
8051292,1,2,1,10,2024,1,30,10.0,3697000.0,29785
8038594,1,1,1,10,2024,2,32,8.0,1300000.0,947
8085748,1,1,1,10,2024,2,60,8.0,2600000.0,62777
8038811,1,3,1,10,2024,1,44,11.0,3800000.0,1543
8050565,1,2,1,10,2024,2,35,11.0,2700000.0,28329
8078899,1,1,1,10,2024,1,43,8.0,2250000.0,49391
8050277,1,1,1,10,2024,1,55,10.0,4000000.0,27528
8054909,1,3,1,10,2024,2,26,8.0,1438000.0,38341
8078751,1,9,1,10,2024,2,34,5.0,750000.0,49092
8055793,1,2,1,10,2024,1,34,9.0,2000000.0,39989
8077382,1,1,1,10,2024,1,26,4.0,1300000.0,46131
8076376,1,1,1,10,2024,1,32,3.0,1380000.0,43700
8043083,1,1,1,10,2024,2,50,3.0,300000.0,11108
8044781,1,2,1,10,2024,2,20,8.0,3000000.0,15447
8050138,1,1,1,10,2024,1,49,5.0,1800000.0,27184
8077569,1,3,1,10,2024,1,26,5.0,1300000.0,46506
8084485,1,1,1,10,2024,2,57,5.0,190000.0,61276
8040518,1,1,1,10,2024,2,56,8.0,1300000.0,5415
8055368,1,1,1,10,2024,2,39,5.0,1300000.0,39259
8043103,1,3,1,10,2024,1,29,5.0,1300000.0,11158
8053805,1,1,1,10,2024,1,32,4.0,1460000.0,35916
8083802,1,1,1,10,2024,2,51,3.0,420000.0,59774
8076025,1,3,1,10,2024,2,38,10.0,2000000.0,42780
8086429,1,1,1,10,2024,1,27,4.0,300000.0,63654
8048656,1,1,1,10,2024,1,30,5.0,1800000.0,24061
8044955,1,2,1,10,2024,1,39,5.0,300000.0,15925
8046411,1,2,1,10,2024,2,53,8.0,1300000.0,19485
8041867,1,1,1,10,2024,2,63,3.0,500000.0,8473
8076485,1,2,1,10,2024,1,71,3.0,1200000.0,43983
8039147,1,3,1,10,2024,2,26,10.0,1300000.0,2440
8054781,1,2,1,10,2024,1,60,10.0,1300000.0,38059
8046701,1,4,1,10,2024,2,32,10.0,1800000.0,20239
8056380,1,1,1,10,2024,2,39,10.0,2000000.0,41213
8075582,1,1,1,10,2024,2,52,3.0,500000.0,41485
8044436,1,2,1,10,2024,2,53,3.0,860000.0,14544
8044589,1,2,1,10,2024,1,33,5.0,1100000.0,14975
8049360,1,2,1,10,2024,2,34,5.0,950000.0,25437
8053198,1,1,1,10,2024,2,23,8.0,600000.0,34588
8075723,1,2,1,10,2024,2,44,10.0,2800000.0,41907
8082358,1,3,1,10,2024,1,33,5.0,800000.0,56551
8083840,1,1,1,10,2024,2,48,5.0,1300000.0,59856
8078360,1,2,1,10,2024,1,43,3.0,800000.0,48274
8048026,1,1,1,10,2024,2,22,5.0,2000000.0,22876
8038708,1,3,1,10,2024,1,23,10.0,4000000.0,1286
8083683,1,1,1,10,2024,2,54,8.0,2600000.0,59542
8046996,1,1,1,10,2024,2,41,5.0,1300000.0,20802
8082861,1,5,1,10,2024,1,55,3.0,1200000.0,57761
8083136,1,2,1,10,2024,2,62,4.0,300000.0,58416
8038884,1,1,1,10,2024,2,66,5.0,800000.0,1723
8051996,1,1,1,10,2024,1,53,4.0,1500000.0,31582
8052093,1,1,1,10,2024,2,61,3.0,120000.0,31827
8046653,1,1,1,10,2024,2,33,5.0,450000.0,20127
8077855,1,1,1,10,2024,2,43,5.0,955000.0,47101
8083316,1,1,1,10,2024,1,24,5.0,1600000.0,58831
8053185,1,1,1,10,2024,1,53,5.0,1200000.0,34559
8049853,1,1,1,10,2024,1,50,3.0,2500000.0,26513
8076139,1,2,1,10,2024,1,53,5.0,500000.0,43117
8050135,1,2,1,10,2024,1,55,3.0,2400000.0,27177
8043633,1,1,1,10,2024,1,36,5.0,800000.0,12490
8053734,1,1,1,10,2024,2,46,5.0,900000.0,35833
8082345,1,2,1,10,2024,2,51,5.0,1300000.0,56529
8044559,1,1,1,10,2024,2,32,10.0,2800000.0,14893
8038678,1,4,1,10,2024,1,26,8.0,2000000.0,1176
8053837,1,1,1,10,2024,1,52,10.0,1900000.0,35983
8084827,1,2,1,10,2024,1,53,3.0,450000.0,61998
8055851,1,1,1,10,2024,1,36,10.0,2851200.0,40109
8047445,1,2,1,10,2024,1,25,3.0,1000000.0,21639
8079018,1,2,1,10,2024,2,36,5.0,200000.0,49663
8054571,1,1,1,10,2024,1,48,5.0,1500000.0,37542
8045343,1,2,1,10,2024,2,36,11.0,3200000.0,16994
8050992,1,1,1,10,2024,2,30,8.0,1000000.0,29413
8042851,1,2,1,10,2024,1,49,8.0,2200000.0,10696
8052501,1,2,1,10,2024,2,26,4.0,480000.0,32944
8076029,1,2,1,10,2024,1,26,5.0,900000.0,42797
8045317,1,1,1,10,2024,1,36,5.0,800000.0,16928
8082630,1,2,1,10,2024,1,20,5.0,900000.0,57150
8081942,1,1,1,10,2024,2,39,5.0,1000000.0,55889
8086869,1,1,1,10,2024,2,43,11.0,3800000.0,64621
8076038,1,1,1,10,2024,2,69,8.0,1300000.0,42818
8075626,1,2,1,10,2024,1,62,5.0,380000.0,41634
8044542,1,3,1,10,2024,1,24,10.0,1500000.0,14849
8053692,1,1,1,10,2024,1,57,11.0,5000000.0,35713
8050244,1,1,1,10,2024,2,64,10.0,1000000.0,27442
8042111,1,2,1,10,2024,2,25,5.0,1050000.0,9058
8080532,1,1,1,10,2024,2,45,11.0,6000000.0,53255
8053246,1,2,1,10,2024,2,29,12.0,2500000.0,34701
8086666,1,1,1,10,2024,1,54,3.0,700000.0,64283
8084697,1,3,1,10,2024,1,31,8.0,1000000.0,61710
8082371,1,2,1,10,2024,1,51,3.0,1300000.0,56573
8053959,1,1,1,10,2024,1,40,5.0,2400000.0,36227
8050430,1,2,1,10,2024,2,30,10.0,5000000.0,27911
8048129,1,2,1,10,2024,1,25,5.0,2780000.0,23127
8041223,1,1,1,10,2024,1,34,5.0,1200000.0,7110
8055039,1,3,1,10,2024,2,19,5.0,1300000.0,38643
8056271,1,1,1,10,2024,2,31,10.0,1300000.0,40982
8053179,1,2,1,10,2024,2,25,9.0,1300000.0,34541
8038830,1,3,1,10,2024,1,27,10.0,4500000.0,1596
8039307,1,4,1,10,2024,2,32,10.0,852000.0,2845
8080647,1,1,1,10,2024,2,67,3.0,1300000.0,53503
8085739,1,2,1,10,2024,2,51,10.0,2000000.0,62755
8084105,1,2,1,10,2024,2,51,10.0,1200000.0,60512
8039266,1,1,1,10,2024,2,68,3.0,500000.0,2726
8049356,1,2,1,10,2024,1,40,10.0,4800000.0,25425
8054430,1,2,1,10,2024,2,46,5.0,1300000.0,37258
8039276,1,2,1,10,2024,2,20,6.0,1700000.0,2755
8042431,1,1,1,10,2024,1,51,9.0,2100000.0,9791
8086527,1,4,1,10,2024,1,2,,,63901
8076032,1,1,1,10,2024,2,66,3.0,500000.0,42804
8050378,1,1,1,10,2024,1,53,10.0,2200000.0,27803
8084552,1,2,1,10,2024,1,27,5.0,2000000.0,61414
8043446,1,1,1,10,2024,1,34,5.0,1000000.0,11994
8052159,1,1,1,10,2024,1,36,1.0,780000.0,31988
8083113,1,1,1,10,2024,2,47,6.0,1400000.0,58366
8041658,1,2,1,10,2024,2,48,5.0,300000.0,8083
8081481,1,4,1,10,2024,1,64,5.0,1200000.0,55253
8047614,1,3,1,10,2024,1,21,5.0,1300000.0,21985
8052172,1,1,1,10,2024,2,51,4.0,1200000.0,32019
8079822,1,1,1,10,2024,1,32,10.0,2000000.0,51670
8043013,1,1,1,10,2024,2,64,11.0,6000000.0,10948
8048378,1,3,1,10,2024,2,25,9.0,1700000.0,23589
8038922,1,2,1,10,2024,2,47,3.0,1000000.0,1825
8075833,1,1,1,10,2024,2,57,8.0,2800000.0,42201
8078046,1,2,1,10,2024,1,48,5.0,800000.0,47525
8076914,1,1,1,10,2024,1,67,3.0,1000000.0,44959
8079500,1,2,1,10,2024,1,42,10.0,1300000.0,50873
8046142,1,1,1,10,2024,1,51,5.0,1000000.0,18801
8047058,1,1,1,10,2024,2,44,5.0,1400000.0,20906
8040440,1,2,1,10,2024,2,23,5.0,1300000.0,5229
8085763,1,1,1,10,2024,2,51,5.0,600000.0,62800
8075958,1,3,1,10,2024,1,18,3.0,100000.0,42574
8040659,1,1,1,10,2024,2,35,10.0,1300000.0,5724
8051524,1,2,1,10,2024,2,20,8.0,1300000.0,30409
8040655,1,1,1,10,2024,1,62,3.0,300000.0,5723
8076455,1,2,1,10,2024,2,46,5.0,700000.0,43893
8080204,1,4,1,10,2024,2,24,10.0,1300000.0,52557
8077755,1,2,1,10,2024,1,31,6.0,1400000.0,46895
8056038,1,6,1,10,2024,1,24,3.0,600000.0,40468
8038885,1,1,1,10,2024,2,42,12.0,9000000.0,1726
8043944,1,6,1,10,2024,2,23,5.0,900000.0,13284
8051905,1,1,1,10,2024,2,35,6.0,1462000.0,31378
8045503,1,3,1,10,2024,2,28,5.0,390000.0,17462
8086124,1,2,1,10,2024,2,33,11.0,5526000.0,63329
8039987,1,3,1,10,2024,2,17,5.0,800000.0,4125
8050928,1,1,1,10,2024,2,56,5.0,1400000.0,29223
8042419,1,2,1,10,2024,2,53,5.0,800000.0,9768
8055262,1,1,1,10,2024,2,64,5.0,550000.0,39064
8053638,1,3,1,10,2024,1,54,10.0,3600000.0,35601
8040140,1,2,1,10,2024,2,39,10.0,1300000.0,4479
8044845,1,4,1,10,2024,1,53,5.0,1300000.0,15648
8078717,1,1,1,10,2024,1,63,3.0,1500000.0,48999
8080057,1,1,1,10,2024,2,55,9.0,500000.0,52156
8047388,1,1,1,10,2024,2,47,10.0,2500000.0,21567
8050368,1,1,1,10,2024,1,67,3.0,1300000.0,27780
8078004,1,2,1,10,2024,2,48,3.0,0.0,47437
8040104,1,3,1,10,2024,1,33,1.0,800000.0,4384
8044429,1,2,1,10,2024,1,33,8.0,2520000.0,14528
8046167,1,1,1,10,2024,2,46,3.0,500000.0,18859
8052940,1,2,1,10,2024,1,26,8.0,2000000.0,33976
8084552,1,4,1,10,2024,2,26,8.0,1500000.0,61416
8045006,1,1,1,10,2024,1,41,9.0,1500000.0,16084
8049373,1,3,1,10,2024,1,24,4.0,800000.0,25458
8039031,1,1,1,10,2024,2,36,10.0,2100000.0,2076
8081373,1,3,1,10,2024,1,27,10.0,4000000.0,54967
8086550,1,1,1,10,2024,2,41,10.0,1300000.0,63955
8076414,1,1,1,10,2024,2,26,10.0,2600000.0,43790
8083481,1,1,1,10,2024,1,53,3.0,1500000.0,59166
8041201,1,2,1,10,2024,2,31,10.0,2400000.0,7060
8047455,1,1,1,10,2024,1,22,4.0,900000.0,21657
8078533,1,1,1,10,2024,1,47,3.0,1500000.0,48615
8047755,1,2,1,10,2024,1,50,10.0,1300000.0,22293
8045091,1,1,1,10,2024,1,59,5.0,300000.0,16313
8038961,1,1,1,10,2024,2,35,10.0,2500000.0,1925
8056200,1,2,1,10,2024,2,27,5.0,1540000.0,40784
8043274,1,1,1,10,2024,1,31,5.0,1500000.0,11544
8045755,1,2,1,10,2024,1,33,8.0,2000000.0,18110
8041792,1,3,1,10,2024,1,36,5.0,2300000.0,8294
8042086,1,2,1,10,2024,2,49,10.0,2000000.0,8990
8048127,1,7,1,10,2024,2,36,5.0,1400000.0,23120
8047306,1,2,1,10,2024,2,63,5.0,400000.0,21393
8044195,1,1,1,10,2024,2,41,5.0,1300000.0,13863
8054393,1,1,1,10,2024,2,38,8.0,1600000.0,37161
8053974,1,2,1,10,2024,2,32,8.0,1600000.0,36255
8043891,1,1,1,10,2024,1,62,4.0,1400000.0,13154
8055371,1,1,1,10,2024,2,53,4.0,550000.0,39268
8039940,1,1,1,10,2024,1,27,9.0,1450000.0,4049
8082121,1,3,1,10,2024,2,21,10.0,1000000.0,56133
8049502,1,1,1,10,2024,2,42,8.0,400000.0,25618
8042283,1,2,1,10,2024,2,58,8.0,2000000.0,9482
8042829,1,1,1,10,2024,2,52,5.0,2500000.0,10630
8045042,1,1,1,10,2024,2,65,10.0,5000000.0,16180
8043714,1,1,1,10,2024,2,62,3.0,300000.0,12701
8055147,1,1,1,10,2024,2,52,5.0,300000.0,38801
8075951,1,1,1,10,2024,2,38,3.0,160000.0,42542
8049502,1,4,1,10,2024,2,35,8.0,400000.0,25621
8038844,1,5,1,10,2024,1,21,10.0,1740000.0,1629
8081279,1,3,1,10,2024,1,36,5.0,900000.0,54773
8076680,1,1,1,10,2024,2,68,3.0,400000.0,44435
8054973,1,6,1,10,2024,2,29,4.0,800000.0,38471
8079655,1,1,1,10,2024,1,55,5.0,1300000.0,51144
8047617,1,2,1,10,2024,1,38,5.0,800000.0,21988
8055639,1,2,1,10,2024,2,37,5.0,1300000.0,39659
8075679,1,3,1,10,2024,1,23,4.0,1000000.0,41798
8043765,1,2,1,10,2024,2,18,10.0,850000.0,12843
8078923,1,1,1,10,2024,2,49,3.0,450000.0,49455
8050036,1,1,1,10,2024,1,69,3.0,1300000.0,26955
8044897,1,1,1,10,2024,2,48,5.0,1000000.0,15786
8054691,1,1,1,10,2024,2,46,3.0,550000.0,37820
8044676,1,1,1,10,2024,1,61,8.0,2500000.0,15201
8043016,1,1,1,10,2024,1,55,3.0,700000.0,10954
8050656,1,1,1,10,2024,1,43,10.0,7000000.0,28531
8077805,1,1,1,10,2024,1,26,5.0,1300000.0,46998
8046063,1,1,1,10,2024,1,36,3.0,1000000.0,18623
8048705,1,3,1,10,2024,1,29,10.0,3000000.0,24153
8083451,1,2,1,10,2024,2,42,10.0,5200000.0,59102
8076968,1,1,1,10,2024,2,72,3.0,560000.0,45061
8043225,1,1,1,10,2024,1,44,8.0,1500000.0,11435
8046918,1,1,1,10,2024,1,65,5.0,300000.0,20734
8051625,1,2,1,10,2024,1,45,10.0,1800000.0,30635
8086586,1,1,1,10,2024,2,42,11.0,4000000.0,64064
8041833,1,1,1,10,2024,2,22,6.0,450000.0,8362
8080520,1,3,1,10,2024,2,54,4.0,650000.0,53223
8047952,1,1,1,10,2024,1,51,10.0,100000000.0,22734
8082081,1,1,1,10,2024,2,29,3.0,150000.0,56069
8038483,1,2,1,10,2024,1,30,4.0,1600000.0,738
8054159,1,1,1,10,2024,1,40,5.0,1200000.0,36618
8078461,1,2,1,10,2024,2,35,8.0,600000.0,48465
8048549,1,1,1,10,2024,1,26,5.0,1300000.0,23910
8047973,1,1,1,10,2024,2,47,5.0,800000.0,22771
8080026,1,1,1,10,2024,1,50,10.0,10000000.0,52087
8042630,1,2,1,10,2024,2,25,10.0,2500000.0,10202
8045281,1,1,1,10,2024,1,49,5.0,1800000.0,16833
8055122,1,1,1,10,2024,2,32,10.0,1500000.0,38733
8084084,1,1,1,10,2024,2,27,10.0,5000000.0,60464
8042107,1,2,1,10,2024,2,46,10.0,3000000.0,9049
8083853,1,1,1,10,2024,2,59,10.0,4000000.0,59892
8046485,1,1,1,10,2024,2,74,10.0,3500000.0,19656
8046166,1,1,1,10,2024,1,61,5.0,500000.0,18857
8077261,1,3,1,10,2024,1,36,5.0,1300000.0,45873
8084525,1,1,1,10,2024,1,25,4.0,500000.0,61361
8076732,1,2,1,10,2024,2,45,5.0,1300000.0,44557
8038495,1,3,1,10,2024,1,33,5.0,1500000.0,759
8080268,1,2,1,10,2024,1,36,5.0,3800000.0,52734
8052843,1,2,1,10,2024,2,56,3.0,320000.0,33736
8046082,1,3,1,10,2024,2,32,12.0,3200000.0,18677
8038318,1,3,1,10,2024,1,39,5.0,1300000.0,355
8045337,1,1,1,10,2024,1,61,8.0,1500000.0,16976
8038843,1,3,1,10,2024,1,31,12.0,6000000.0,1624
8040579,1,1,1,10,2024,2,32,4.0,1000000.0,5571
8045073,1,1,1,10,2024,2,64,5.0,250000.0,16260
8040964,1,2,1,10,2024,2,40,5.0,1300000.0,6452
8053038,1,3,1,10,2024,1,31,3.0,1500000.0,34286
8038460,1,1,1,10,2024,1,28,8.0,1300000.0,687
8043291,1,1,1,10,2024,2,50,3.0,150000.0,11600
8080189,1,4,1,10,2024,2,19,10.0,1500000.0,52527
8084487,1,2,1,10,2024,2,57,4.0,220000.0,61283
8047224,1,1,1,10,2024,2,36,5.0,1350000.0,21229
8085728,1,1,1,10,2024,2,44,3.0,600000.0,62723
8076196,1,3,1,10,2024,2,28,4.0,350000.0,43295
8039019,1,2,1,10,2024,1,35,8.0,2500000.0,2042
8086362,1,1,1,10,2024,1,61,9.0,3000000.0,63533
8080120,1,4,1,10,2024,2,38,5.0,200000.0,52335
8079156,1,1,1,10,2024,1,72,1.0,260000.0,49986
8041272,1,1,1,10,2024,1,57,5.0,1600000.0,7215
8077083,1,1,1,10,2024,1,32,10.0,1800000.0,45377
8086323,1,1,1,10,2024,1,61,9.0,3000000.0,63459
8041727,1,2,1,10,2024,2,38,5.0,1300000.0,8201
8048448,1,1,1,10,2024,2,46,4.0,1600000.0,23694
8046484,1,1,1,10,2024,2,55,11.0,5300000.0,19652
8052301,1,1,1,10,2024,2,63,1.0,300000.0,32387
8046577,1,2,1,10,2024,1,35,5.0,1300000.0,19935
8076882,1,1,1,10,2024,1,45,10.0,3900000.0,44894
8076651,1,2,1,10,2024,2,35,3.0,650000.0,44368
8050994,1,1,1,10,2024,2,55,10.0,5000000.0,29419
8084250,1,1,1,10,2024,1,66,4.0,120000.0,60809
8043610,1,3,1,10,2024,2,24,8.0,1300000.0,12437
8051332,1,1,1,10,2024,2,56,5.0,500000.0,29909
8076644,1,1,1,10,2024,1,62,3.0,250000.0,44353
8051249,1,2,1,10,2024,1,60,5.0,800000.0,29677
8051544,1,1,1,10,2024,1,61,9.0,3000000.0,30449
8041855,1,2,1,10,2024,2,20,10.0,1300000.0,8440
8040648,1,3,1,10,2024,2,33,9.0,1500000.0,5713
8038811,1,1,1,10,2024,2,62,11.0,4000000.0,1541
8043462,1,1,1,10,2024,1,41,3.0,450000.0,12031
8046376,1,1,1,10,2024,1,25,8.0,1300000.0,19416
8078453,1,3,1,10,2024,1,40,3.0,600000.0,48448
8053068,1,1,1,10,2024,2,27,10.0,5200000.0,34341
8082486,1,1,1,10,2024,1,45,4.0,500000.0,56818
8086803,1,2,1,10,2024,2,24,5.0,800000.0,64520
8076483,1,3,1,10,2024,2,40,3.0,400000.0,43969
8083712,1,2,1,10,2024,1,40,5.0,2200000.0,59599
8080535,1,1,1,10,2024,1,74,3.0,1400000.0,53260
8078502,1,1,1,10,2024,1,39,5.0,1000000.0,48550
8086541,1,1,1,10,2024,1,55,5.0,1300000.0,63927
8040206,1,1,1,10,2024,2,43,5.0,350000.0,4660
8076092,1,3,1,10,2024,1,29,10.0,0.0,42976
8047990,1,1,1,10,2024,2,22,5.0,1300000.0,22806
8046518,1,4,1,10,2024,2,29,8.0,1850000.0,19752
8086386,1,1,1,10,2024,1,61,9.0,3000000.0,63581
8048499,1,1,1,10,2024,2,43,10.0,4100000.0,23796
8080980,1,3,1,10,2024,1,29,10.0,1200000.0,54150
8077039,1,1,1,10,2024,1,26,5.0,800000.0,45235
8050601,1,2,1,10,2024,2,32,10.0,1900000.0,28408
8047699,1,1,1,10,2024,1,28,5.0,1300000.0,22161
8052265,1,2,1,10,2024,2,34,9.0,800000.0,32285
8076831,1,2,1,10,2024,1,23,9.0,1980000.0,44787
8081026,1,1,1,10,2024,1,38,3.0,500000.0,54249
8047249,1,3,1,10,2024,1,35,5.0,0.0,21293
8079727,1,2,1,10,2024,2,36,5.0,1300000.0,51327
8084131,1,1,1,10,2024,2,38,3.0,700000.0,60541
8054257,1,1,1,10,2024,1,25,6.0,2600000.0,36821
8047635,1,3,1,10,2024,2,30,10.0,2000000.0,22036
8043237,1,2,1,10,2024,1,31,5.0,2000000.0,11454
8052516,1,1,1,10,2024,2,38,8.0,2490000.0,32981
8054314,1,2,1,10,2024,1,34,4.0,900000.0,36973
8078918,1,1,1,10,2024,1,52,5.0,1300000.0,49445
8075603,1,2,1,10,2024,2,67,3.0,800000.0,41551
8046527,1,2,1,10,2024,2,27,6.0,1300000.0,19785
8080581,1,1,1,10,2024,1,17,4.0,730000.0,53362
8039819,1,2,1,10,2024,1,42,10.0,1800000.0,3781
8041422,1,3,1,10,2024,1,32,11.0,3000000.0,7516
8041752,1,2,1,10,2024,1,24,8.0,1472000.0,8246
8077749,1,1,1,10,2024,1,70,3.0,400000.0,46878
8049620,1,1,1,10,2024,2,34,5.0,750000.0,25910
8054632,1,2,1,10,2024,2,24,3.0,130000.0,37682
8077987,1,1,1,10,2024,1,38,10.0,3000000.0,47392
8082883,1,1,1,10,2024,2,29,9.0,860000.0,57823
8078957,1,2,1,10,2024,2,25,4.0,720000.0,49541
8046577,1,1,1,10,2024,2,45,5.0,200000.0,19934
8046739,1,1,1,10,2024,1,52,3.0,1300000.0,20328
8055534,1,1,1,10,2024,1,54,10.0,3900000.0,39522
8076632,1,1,1,10,2024,2,50,4.0,1300000.0,44327
8038393,1,2,1,10,2024,2,49,10.0,4000000.0,553
8084648,1,1,1,10,2024,1,59,5.0,1600000.0,61600
8082915,1,4,1,10,2024,2,35,11.0,4800000.0,57906
8084556,1,3,1,10,2024,1,31,5.0,1300000.0,61426
8050964,1,1,1,10,2024,2,61,4.0,200000.0,29331
8086647,1,1,1,10,2024,1,61,9.0,3000000.0,64214
8086376,1,1,1,10,2024,1,61,9.0,3000000.0,63561
8081215,1,1,1,10,2024,1,67,3.0,600000.0,54587
8084248,1,1,1,10,2024,2,28,8.0,0.0,60800
8080421,1,1,1,10,2024,1,46,11.0,11000000.0,53105
8079170,1,4,1,10,2024,1,42,5.0,1000000.0,50027
8050083,1,4,1,10,2024,2,22,5.0,700000.0,27079
8040479,1,1,1,10,2024,2,51,3.0,700000.0,5330
8052242,1,1,1,10,2024,2,46,5.0,600000.0,32214
8050231,1,1,1,10,2024,1,32,8.0,2100000.0,27410
8080313,1,1,1,10,2024,2,47,10.0,3500000.0,52831
8082527,1,1,1,10,2024,1,29,10.0,3300000.0,56912
8041088,1,1,1,10,2024,1,59,5.0,700000.0,6749
8041641,1,3,1,10,2024,2,43,10.0,1300000.0,8042
8077195,1,3,1,10,2024,1,17,3.0,1200000.0,45697
8054768,1,3,1,10,2024,1,20,5.0,200000.0,38021
8081014,1,3,1,10,2024,2,43,5.0,600000.0,54221
8038833,1,3,1,10,2024,2,68,5.0,300000.0,1600
8055151,1,1,1,10,2024,2,61,3.0,280000.0,38814
8046557,1,1,1,10,2024,2,38,3.0,1800000.0,19877
8039167,1,1,1,10,2024,1,59,5.0,1200000.0,2495
8054254,1,2,1,10,2024,2,30,10.0,3000000.0,36814
8086638,1,4,1,10,2024,1,19,9.0,250000.0,64194
8076285,1,1,1,10,2024,2,49,5.0,100000.0,43488
8045062,1,1,1,10,2024,2,50,11.0,4000000.0,16232
8055949,1,2,1,10,2024,2,65,4.0,700000.0,40318
8043377,1,1,1,10,2024,2,41,10.0,1300000.0,11818
8054374,1,2,1,10,2024,1,41,4.0,800000.0,37111
8051775,1,1,1,10,2024,1,35,5.0,5000000.0,31017
8077800,1,1,1,10,2024,2,24,8.0,1000000.0,46991
8082641,1,3,1,10,2024,2,21,9.0,1300000.0,57188
8084515,1,1,1,10,2024,2,22,5.0,1300000.0,61339
8080773,1,1,1,10,2024,1,32,8.0,1800000.0,53729
8051361,1,1,1,10,2024,2,61,5.0,750000.0,29992
8043486,1,4,1,10,2024,1,52,3.0,450000.0,12113
8084312,1,1,1,10,2024,1,51,11.0,5200000.0,60949
8040138,1,2,1,10,2024,2,51,6.0,700000.0,4474
8043828,1,2,1,10,2024,2,64,4.0,470000.0,12995
8041100,1,1,1,10,2024,1,60,9.0,1200000.0,6772
8078716,1,1,1,10,2024,1,60,3.0,850000.0,48998
8049702,1,3,1,10,2024,1,16,4.0,500000.0,26122
8045173,1,2,1,10,2024,1,43,5.0,1300000.0,16536
8076604,1,1,1,10,2024,2,41,10.0,3200000.0,44260
8078423,1,2,1,10,2024,1,17,5.0,1020000.0,48374
8051981,1,2,1,10,2024,2,36,10.0,3000000.0,31562
8047683,1,1,1,10,2024,2,40,5.0,1300000.0,22135
8041368,1,1,1,10,2024,2,36,4.0,350000.0,7380
8043568,1,2,1,10,2024,2,40,11.0,7000000.0,12323
8040840,1,1,1,10,2024,2,50,8.0,300000.0,6142
8056078,1,4,1,10,2024,1,19,6.0,1300000.0,40550
8050493,2,1,2,10,2024,2,68,1.0,300000.0,28094
8079302,1,2,1,10,2024,1,35,4.0,600000.0,50439
8052350,1,1,1,10,2024,1,40,3.0,2500000.0,32544
8078196,1,1,1,10,2024,1,37,8.0,1600000.0,47844
8047078,1,1,1,10,2024,1,58,10.0,8000000.0,20947
8079632,1,2,1,10,2024,1,48,3.0,1300000.0,51084
8039499,1,1,1,10,2024,2,42,3.0,1300000.0,3175
8044141,1,1,1,10,2024,2,31,6.0,2000000.0,13739
8077153,1,2,1,10,2024,1,32,4.0,1000000.0,45580
8053402,1,3,1,10,2024,2,20,8.0,1600000.0,35129
8056309,1,2,1,10,2024,1,54,3.0,1700000.0,41038
8055027,1,3,1,10,2024,2,36,12.0,3400000.0,38606
8047965,1,2,1,10,2024,1,49,5.0,1300000.0,22754
8048902,1,2,1,10,2024,1,30,5.0,1300000.0,24555
8041226,1,2,1,10,2024,1,22,10.0,1300000.0,7119
8046114,1,3,1,10,2024,1,20,4.0,1000000.0,18746
8040464,1,1,1,10,2024,1,22,3.0,195000.0,5297
8043345,1,2,1,10,2024,2,72,13.0,6000000.0,11749
8052352,1,1,1,10,2024,1,58,3.0,650000.0,32555
8050047,1,1,1,10,2024,1,69,3.0,1500000.0,26993
8051917,1,4,1,10,2024,2,21,8.0,1800000.0,31407
8049639,1,1,1,10,2024,2,56,3.0,0.0,25970
8053357,1,3,1,10,2024,1,19,8.0,400000.0,34987
8056005,1,2,1,10,2024,2,49,5.0,1300000.0,40415
8044092,1,1,1,10,2024,2,37,5.0,1400000.0,13642
8084864,1,1,1,10,2024,1,54,8.0,1400000.0,62082
8079672,1,1,1,10,2024,1,49,5.0,1300000.0,51182
8046511,1,4,1,10,2024,1,52,8.0,1300000.0,19730
8053371,1,1,1,10,2024,1,47,5.0,1300000.0,35033
8079218,1,1,1,10,2024,1,30,3.0,1500000.0,50161
8082926,1,1,1,10,2024,2,29,9.0,1300000.0,57921
8044060,1,1,1,10,2024,2,33,5.0,600000.0,13551
8080538,1,2,1,10,2024,1,30,5.0,1300000.0,53268
8045708,1,2,1,10,2024,1,42,5.0,1300000.0,17983
8053620,1,1,1,10,2024,1,50,5.0,1000000.0,35552
8045220,1,1,1,10,2024,1,35,5.0,1800000.0,16676
8044968,1,1,1,10,2024,2,41,8.0,2000000.0,15958
8043544,1,3,1,10,2024,2,30,3.0,280000.0,12288
8084407,1,2,1,10,2024,2,18,10.0,220000.0,61150
8043511,1,1,1,10,2024,1,39,9.0,1900000.0,12204
8046274,1,3,1,10,2024,2,28,5.0,800000.0,19120
8043272,1,2,1,10,2024,1,51,3.0,2700000.0,11541
8086118,1,2,1,10,2024,2,47,10.0,4450000.0,63315
8083896,1,1,1,10,2024,2,36,5.0,1300000.0,59967
8044072,1,4,1,10,2024,2,41,5.0,600000.0,13590
8085979,1,1,1,10,2024,2,81,1.0,800000.0,63132
8047641,1,2,1,10,2024,1,40,5.0,1300000.0,22054
8050125,1,1,1,10,2024,1,65,3.0,1400000.0,27158
8078212,1,1,1,10,2024,1,59,6.0,1075000.0,47893
8085778,1,1,1,10,2024,1,46,3.0,1300000.0,62840
8039657,1,1,1,10,2024,2,42,5.0,900000.0,3448
8084647,1,2,1,10,2024,2,32,5.0,900000.0,61595
8039971,1,2,1,10,2024,2,17,5.0,250000.0,4100
8082356,1,2,1,10,2024,2,36,8.0,4000000.0,56546
8080304,1,2,1,10,2024,1,58,10.0,3500000.0,52811
8078201,1,1,1,10,2024,2,60,3.0,500000.0,47862
8083296,1,2,1,10,2024,1,50,8.0,2000000.0,58771
8041376,1,2,1,10,2024,1,32,5.0,1200000.0,7409
8044839,1,3,1,10,2024,1,47,3.0,700000.0,15623
8041706,1,1,1,10,2024,2,42,8.0,1300000.0,8174
8076677,1,3,1,10,2024,1,33,11.0,4000000.0,44428
8039032,1,3,1,10,2024,1,30,10.0,1700000.0,2084
8054204,1,4,1,10,2024,2,28,8.0,1300000.0,36738
8082208,1,1,1,10,2024,2,42,10.0,900000.0,56278
8056469,1,5,1,10,2024,1,21,10.0,650000.0,41389
8041790,1,1,1,10,2024,1,30,10.0,1900000.0,8289
8043692,1,1,1,10,2024,2,57,3.0,900000.0,12641
8082809,1,3,1,10,2024,2,18,5.0,980000.0,57646
8055494,1,1,1,10,2024,1,42,3.0,1300000.0,39457
8047976,1,1,1,10,2024,2,26,9.0,2000000.0,22781
8078011,1,1,1,10,2024,1,16,4.0,1000000.0,47460
8049720,1,1,1,10,2024,1,43,5.0,2600000.0,26176
8077366,1,1,1,10,2024,2,33,11.0,5700000.0,46093
8050754,1,1,1,10,2024,1,62,5.0,150000.0,28746
8040416,1,1,1,10,2024,2,55,1.0,350000.0,5159
8041434,1,2,1,10,2024,1,46,4.0,1250000.0,7556
8048595,1,7,1,10,2024,2,26,5.0,1000000.0,23978
8051614,1,2,1,10,2024,1,31,4.0,1100000.0,30606
8043002,1,3,1,10,2024,1,30,3.0,800000.0,10924
8053735,1,1,1,10,2024,1,64,3.0,1200000.0,35837
8080820,1,2,1,10,2024,1,58,3.0,1500000.0,53817
8079723,1,1,1,10,2024,2,32,5.0,1120000.0,51307
8055769,1,4,1,10,2024,1,28,5.0,700000.0,39923
8050926,1,1,1,10,2024,1,57,5.0,1100000.0,29219
8056212,1,3,1,10,2024,2,33,9.0,1800000.0,40822
8043467,1,2,1,10,2024,2,34,10.0,2500000.0,12051
8084194,1,1,1,10,2024,1,29,4.0,1400000.0,60676
8043454,1,3,1,10,2024,2,20,9.0,1300000.0,12011
8084088,1,1,1,10,2024,2,38,4.0,800000.0,60469
8075609,1,1,1,10,2024,1,42,6.0,350000.0,41584
8076768,1,1,1,10,2024,2,25,5.0,1456000.0,44649
8079094,1,1,1,10,2024,1,32,9.0,2800000.0,49847
8054767,1,1,1,10,2024,1,24,5.0,850000.0,38018
8078558,1,1,1,10,2024,1,70,3.0,1800000.0,48669
8045616,1,1,1,10,2024,2,36,5.0,190000.0,17724
8075685,1,1,1,10,2024,1,37,1.0,750000.0,41814
8048277,1,1,1,10,2024,2,55,10.0,3200000.0,23422
8050242,1,2,1,10,2024,2,21,5.0,1300000.0,27437
8045920,1,1,1,10,2024,1,73,3.0,800000.0,18231
8053463,1,1,1,10,2024,2,40,5.0,1300000.0,35207
8079330,1,1,1,10,2024,1,21,4.0,1250000.0,50508
8039002,1,2,1,10,2024,2,53,12.0,4000000.0,2010
8053629,1,1,1,10,2024,1,35,9.0,1300000.0,35568
8084311,1,1,1,10,2024,2,72,8.0,200000.0,60945
8083498,1,2,1,10,2024,2,42,5.0,1300000.0,59201
8038915,1,1,1,10,2024,1,50,10.0,50000000.0,1806
8042863,1,1,1,10,2024,2,39,10.0,18000000.0,10726
8044651,1,2,1,10,2024,2,18,8.0,480000.0,15144
8051263,1,3,1,10,2024,2,41,4.0,600000.0,29709
8051867,1,1,1,10,2024,1,75,4.0,1200000.0,31287
8078836,1,2,1,10,2024,1,34,8.0,2000000.0,49267
8043058,1,2,1,10,2024,1,30,5.0,1300000.0,11048
8082139,1,1,1,10,2024,2,38,5.0,780000.0,56183
8084243,1,1,1,10,2024,2,78,3.0,,60784
8049191,1,2,1,10,2024,2,36,10.0,9000000.0,25085
8047492,1,2,1,10,2024,2,53,8.0,1500000.0,21712
8053663,1,2,1,10,2024,1,27,5.0,1300000.0,35634
8086579,1,2,1,10,2024,2,57,8.0,720000.0,64042
8081037,1,1,1,10,2024,2,36,5.0,200000.0,54272
8054051,1,2,1,10,2024,1,45,8.0,1600000.0,36394
8047055,1,2,1,10,2024,1,26,10.0,1500000.0,20903
8056199,1,2,1,10,2024,2,53,3.0,1500000.0,40782
8077060,1,3,1,10,2024,1,24,4.0,800000.0,45297
8052423,1,3,1,10,2024,2,25,5.0,1600000.0,32765
8040990,1,2,1,10,2024,1,43,5.0,800000.0,6521
8083206,1,2,1,10,2024,2,24,9.0,1300000.0,58545
8048974,1,1,1,10,2024,1,21,10.0,2000000.0,24702
8084037,1,2,1,10,2024,2,38,12.0,4500000.0,60309
8043592,1,1,1,10,2024,2,46,3.0,600000.0,12390
8041143,1,2,1,10,2024,2,68,10.0,1000000.0,6895
8083800,1,1,1,10,2024,1,46,12.0,7000000.0,59768
8081638,1,1,1,10,2024,2,48,11.0,3200000.0,55518
8078599,1,2,1,10,2024,2,22,10.0,850000.0,48761
8081151,1,2,1,10,2024,1,33,5.0,1000000.0,54489
8042730,1,1,1,10,2024,2,40,5.0,1500000.0,10431
8044989,1,2,1,10,2024,2,51,8.0,1300000.0,16026
8051874,1,1,1,10,2024,1,36,10.0,2943000.0,31302
8045093,1,1,1,10,2024,1,50,6.0,1500000.0,16316
8050676,1,1,1,10,2024,2,37,5.0,500000.0,28564
8040332,1,1,1,10,2024,2,35,5.0,1200000.0,4973
8056112,1,1,1,10,2024,1,63,3.0,1000000.0,40619
8045492,1,1,1,10,2024,1,57,10.0,5000000.0,17427
8048444,1,2,1,10,2024,1,20,9.0,1300000.0,23692
8046092,1,2,1,10,2024,2,29,10.0,1300000.0,18700
8080213,1,1,1,10,2024,2,63,8.0,4500000.0,52577
8050357,1,5,1,10,2024,1,18,5.0,1000000.0,27749
8045303,1,1,1,10,2024,2,69,3.0,1500000.0,16892
8084954,1,2,1,10,2024,1,36,10.0,900000.0,62268
8049667,1,1,1,10,2024,1,39,3.0,300000.0,26026
8084881,1,1,1,10,2024,2,52,10.0,0.0,62115
8086428,1,1,1,10,2024,1,58,3.0,1400000.0,63652
8050029,1,1,1,10,2024,2,59,5.0,1300000.0,26938
8051343,1,3,1,10,2024,2,34,5.0,720000.0,29945
8046931,1,2,1,10,2024,2,49,8.0,600000.0,20763
8078283,1,2,1,10,2024,1,40,5.0,350000.0,48067
8045485,1,1,1,10,2024,1,61,4.0,750000.0,17408
8044476,1,1,1,10,2024,1,45,8.0,2000000.0,14645
8086456,1,2,1,10,2024,2,25,5.0,600000.0,63727
8054802,1,2,1,10,2024,2,42,10.0,100000.0,38101
8077558,1,1,1,10,2024,1,73,1.0,441600.0,46470
8048604,1,2,1,10,2024,1,26,5.0,1000000.0,24001
8078641,1,5,1,10,2024,2,43,5.0,200000.0,48848
8049423,1,1,1,10,2024,2,48,10.0,4300000.0,25537
8046542,1,1,1,10,2024,2,39,9.0,1300000.0,19825
8047002,1,1,1,10,2024,2,34,4.0,1300000.0,20818
8054055,1,1,1,10,2024,2,59,4.0,1200000.0,36402
8046290,1,2,1,10,2024,1,52,3.0,1300000.0,19183
8042482,1,1,1,10,2024,1,45,3.0,1400000.0,9901
8050041,1,1,1,10,2024,2,47,8.0,1350000.0,26969
8053995,1,2,1,10,2024,2,43,8.0,1800000.0,36292
8077915,1,1,1,10,2024,2,50,1.0,450000.0,47201
8078749,1,1,1,10,2024,1,41,3.0,1300000.0,49076
8045180,1,2,1,10,2024,2,48,8.0,650000.0,16559
8056369,1,2,1,10,2024,1,45,5.0,1500000.0,41173
8055644,1,5,1,10,2024,1,18,5.0,500000.0,39681
8085907,1,1,1,10,2024,1,42,5.0,10000000.0,63042
8080481,1,2,1,10,2024,2,44,8.0,1500000.0,53164
8038737,1,2,1,10,2024,2,40,5.0,1300000.0,1358
8039109,1,1,1,10,2024,1,59,5.0,2500000.0,2320
8044238,1,1,1,10,2024,1,52,1.0,600000.0,13933
8039123,1,4,1,10,2024,1,27,10.0,1200000.0,2368
8045785,1,1,1,10,2024,2,47,3.0,500000.0,18173
8044121,1,1,1,10,2024,2,38,6.0,1400000.0,13685
8053854,1,1,1,10,2024,2,38,3.0,1500000.0,36019
8078172,1,1,1,10,2024,1,30,5.0,900000.0,47798
8038945,1,3,1,10,2024,2,29,10.0,2600000.0,1891
8081376,1,4,1,10,2024,2,28,8.0,1300000.0,54981
8080591,1,2,1,10,2024,1,29,5.0,130000.0,53382
8085687,1,1,1,10,2024,2,46,3.0,600000.0,62625
8048867,1,3,1,10,2024,2,17,5.0,500000.0,24476
8047184,1,2,1,10,2024,2,65,11.0,6200000.0,21132
8084943,1,1,1,10,2024,1,60,3.0,1000000.0,62254
8047265,1,1,1,10,2024,2,25,4.0,2000000.0,21318
8043601,1,1,1,10,2024,2,55,8.0,100000.0,12411
8048516,1,1,1,10,2024,2,34,5.0,1300000.0,23830
8082096,1,1,1,10,2024,2,62,1.0,200000.0,56088
8045458,1,4,1,10,2024,1,60,3.0,700000.0,17329
8078747,1,1,1,10,2024,1,42,9.0,2000000.0,49070
8047549,1,3,1,10,2024,1,31,10.0,2000000.0,21819
8051555,1,1,1,10,2024,1,61,9.0,3000000.0,30471
8050490,1,2,1,10,2024,1,20,4.0,850000.0,28081
8046716,1,1,1,10,2024,2,49,5.0,2000000.0,20270
8049777,1,1,1,10,2024,1,49,5.0,1200000.0,26326
8038429,1,3,1,10,2024,2,44,10.0,3200000.0,648
8078658,1,1,1,10,2024,1,47,3.0,1000000.0,48886
8079745,1,3,1,10,2024,2,21,5.0,1440000.0,51417
8075814,1,1,1,10,2024,2,47,3.0,500000.0,42143
8083340,1,1,1,10,2024,2,46,8.0,1500000.0,58884
8085043,1,1,1,10,2024,1,35,10.0,6700000.0,62512
8083178,1,1,1,10,2024,2,54,12.0,4200000.0,58480
8052141,1,2,1,10,2024,2,37,8.0,2400000.0,31958
8047361,1,2,1,10,2024,2,34,10.0,400000.0,21514
8078028,1,3,1,10,2024,2,22,10.0,1600000.0,47490
8054642,1,3,1,10,2024,1,33,3.0,800000.0,37704
8051257,1,1,1,10,2024,1,42,3.0,1300000.0,29691
8083114,1,1,1,10,2024,2,54,12.0,2074000.0,58368
8084549,1,2,1,10,2024,2,37,12.0,3200000.0,61404
8040741,1,1,1,10,2024,1,55,4.0,700000.0,5907
8084637,1,2,1,10,2024,2,34,5.0,1000000.0,61564
8039368,1,1,1,10,2024,1,64,13.0,12911902.0,2915
8042963,1,1,1,10,2024,2,50,3.0,700000.0,10841
8041079,1,1,1,10,2024,1,18,5.0,1200000.0,6734
8043578,1,1,1,10,2024,2,31,8.0,1500000.0,12350
8075991,1,2,1,10,2024,2,31,8.0,1300000.0,42682
8050818,1,1,1,10,2024,1,46,3.0,1300000.0,28922
8046329,1,2,1,10,2024,2,44,3.0,1300000.0,19296
8076328,1,1,1,10,2024,1,57,10.0,1800000.0,43598
8082556,1,2,1,10,2024,2,43,10.0,3900000.0,56981
8051822,1,1,1,10,2024,2,65,3.0,250000.0,31150
8045416,1,2,1,10,2024,1,38,3.0,1600000.0,17203
8038400,1,4,1,10,2024,2,42,10.0,4000000.0,573
8054039,1,2,1,10,2024,1,43,5.0,1700000.0,36361
8086852,1,1,1,10,2024,1,41,5.0,1300000.0,64574
8049086,1,1,1,10,2024,2,49,4.0,1120000.0,24886
8084623,1,3,1,10,2024,1,21,5.0,1462000.0,61527
8046795,1,2,1,10,2024,1,27,3.0,2000000.0,20455
8080542,1,1,1,10,2024,2,28,5.0,1500000.0,53282
8078387,1,2,1,10,2024,1,26,4.0,1300000.0,48311
8051636,1,1,1,10,2024,2,35,8.0,100000.0,30659
8080230,1,4,1,10,2024,2,24,9.0,2000000.0,52633
8079387,1,2,1,10,2024,1,39,10.0,1950000.0,50616
8082748,1,3,1,10,2024,2,32,10.0,1500000.0,57488
8039181,1,1,1,10,2024,2,44,8.0,2000000.0,2520
8048008,1,1,1,10,2024,1,54,5.0,1638000.0,22845
8081628,1,1,1,10,2024,1,33,10.0,800000.0,55498
8044002,1,3,1,10,2024,2,25,7.0,700000.0,13418
8084861,1,1,1,10,2024,1,60,4.0,1300000.0,62076
8077090,1,1,1,10,2024,2,68,3.0,350000.0,45402
8083817,1,1,1,10,2024,1,56,3.0,1300000.0,59808
8044278,1,4,1,10,2024,2,34,5.0,100000.0,14092
8076794,1,1,1,10,2024,1,62,11.0,2500000.0,44713
8083972,1,2,1,10,2024,2,27,8.0,1900000.0,60112
8053826,1,1,1,10,2024,1,30,5.0,1300000.0,35964
8080047,1,2,1,10,2024,2,53,4.0,700000.0,52134
8042448,1,1,1,10,2024,1,50,3.0,1300000.0,9838
8043213,1,1,1,10,2024,2,54,3.0,600000.0,11407
8044701,1,2,1,10,2024,1,45,3.0,600000.0,15274
8082490,1,1,1,10,2024,2,42,11.0,3700000.0,56834
8044694,1,1,1,10,2024,1,35,10.0,4000000.0,15255
8054592,1,1,1,10,2024,1,35,8.0,1800000.0,37572
8084961,1,1,1,10,2024,1,34,5.0,1400000.0,62295
8050466,1,3,1,10,2024,1,32,1.0,1000000.0,28006
8052703,1,2,1,10,2024,2,55,4.0,200000.0,33397
8077063,1,2,1,10,2024,1,31,5.0,1300000.0,45309
8043574,1,1,1,10,2024,1,71,3.0,1000000.0,12337
8038794,1,1,1,10,2024,2,26,12.0,6681000.0,1519
8041190,1,1,1,10,2024,2,48,8.0,1300000.0,7029
8045247,1,1,1,10,2024,2,26,10.0,1700000.0,16757
8045376,1,1,1,10,2024,1,23,5.0,1900000.0,17081
8080934,1,1,1,10,2024,1,52,3.0,1300000.0,54059
8075588,1,2,1,10,2024,1,24,5.0,2000000.0,41503
8086600,1,1,1,10,2024,2,52,11.0,3000000.0,64107
8043208,1,1,1,10,2024,2,30,10.0,3000000.0,11393
8079385,1,1,1,10,2024,2,57,3.0,300000.0,50611
8055758,1,2,1,10,2024,2,27,11.0,4000000.0,39896
8042887,1,1,1,10,2024,2,46,9.0,900000.0,10750
8041242,1,1,1,10,2024,2,36,12.0,2800000.0,7152
8082715,1,1,1,10,2024,1,40,10.0,3000000.0,57394
8083974,1,2,1,10,2024,1,44,3.0,1000000.0,60116
8052376,1,1,1,10,2024,2,55,5.0,820000.0,32614
8079693,1,2,1,10,2024,1,40,10.0,3000000.0,51234
8084024,1,5,1,10,2024,2,27,5.0,1600000.0,60263
8050389,1,3,1,10,2024,2,20,6.0,1300000.0,27827
8052793,1,2,1,10,2024,2,34,5.0,1600000.0,33615
8050586,1,2,1,10,2024,2,34,8.0,1300000.0,28373
8078582,1,1,1,10,2024,2,28,8.0,1420000.0,48728
8084851,1,2,1,10,2024,1,54,4.0,1600000.0,62055
8055196,1,1,1,10,2024,2,30,10.0,800000.0,38914
8054818,1,2,1,10,2024,2,26,5.0,1700000.0,38137
8053460,1,1,1,10,2024,1,43,10.0,6500000.0,35201
8052457,1,2,1,10,2024,1,59,3.0,1450000.0,32833
8038402,1,1,1,10,2024,2,64,4.0,270000.0,578
8075936,1,1,1,10,2024,1,20,4.0,480000.0,42501
8045380,1,1,1,10,2024,2,44,10.0,250000.0,17089
8078655,1,1,1,10,2024,1,26,8.0,1300000.0,48878
8051252,1,1,1,10,2024,2,67,5.0,260000.0,29680
8081399,1,1,1,10,2024,2,46,5.0,950000.0,55057
8077411,1,1,1,10,2024,2,33,10.0,2300000.0,46196
8048571,1,1,1,10,2024,2,39,8.0,2300000.0,23939
8050330,1,1,1,10,2024,2,40,10.0,2500000.0,27640
8049194,1,2,1,10,2024,2,45,10.0,6000000.0,25089
8047791,1,1,1,10,2024,2,65,5.0,200000.0,22397
8081014,1,8,1,10,2024,1,35,5.0,1300000.0,54226
8054390,1,1,1,10,2024,1,45,5.0,400000.0,37152
8049490,1,1,1,10,2024,1,45,5.0,3008000.0,25586
8084571,1,3,1,10,2024,1,29,9.0,1200000.0,61463
8043006,1,1,1,10,2024,2,51,3.0,500000.0,10930
8043696,1,1,1,10,2024,1,56,3.0,900000.0,12650
8045421,1,1,1,10,2024,2,24,10.0,2000000.0,17212
8078114,1,2,1,10,2024,2,33,3.0,480000.0,47663
8048812,1,1,1,10,2024,2,58,5.0,120000.0,24342
8038286,1,3,1,10,2024,2,29,9.0,2300000.0,269
8056338,1,1,1,10,2024,1,64,1.0,500000.0,41099
8042072,1,1,1,10,2024,1,48,5.0,1300000.0,8962
8083188,1,1,1,10,2024,2,63,11.0,3700000.0,58486
8048809,1,1,1,10,2024,1,52,5.0,800000.0,24336
8049532,1,3,1,10,2024,1,19,10.0,600000.0,25692
8055695,1,3,1,10,2024,2,24,10.0,1300000.0,39845
8083623,1,3,1,10,2024,2,39,5.0,1300000.0,59439
8049375,1,3,1,10,2024,2,21,8.0,400000.0,25469
8044863,1,2,1,10,2024,2,49,10.0,1800000.0,15690
8052043,1,1,1,10,2024,2,54,10.0,3800000.0,31693
8041531,1,7,1,10,2024,1,47,5.0,1680000.0,7792
8081029,1,1,1,10,2024,2,27,5.0,2500000.0,54255
8083240,1,6,1,10,2024,1,48,5.0,800000.0,58644
8048798,1,4,1,10,2024,1,34,11.0,3000000.0,24320
8044140,1,1,1,10,2024,2,72,3.0,200000.0,13738
8082858,1,2,1,10,2024,2,53,8.0,1300000.0,57751
8044179,1,1,1,10,2024,1,31,8.0,1000000.0,13832
8056156,1,1,1,10,2024,1,56,9.0,1300000.0,40711
8054521,1,1,1,10,2024,1,57,3.0,1000000.0,37446
8045197,1,3,1,10,2024,1,50,3.0,0.0,16611
8042620,1,1,1,10,2024,1,38,4.0,500000.0,10173
8053972,1,1,1,10,2024,2,25,4.0,1500000.0,36249
8084775,1,2,1,10,2024,1,36,10.0,2000000.0,61884
8050943,1,3,1,10,2024,1,46,4.0,1300000.0,29260
8076618,1,1,1,10,2024,2,48,3.0,800000.0,44290
8076453,1,1,1,10,2024,1,22,4.0,300000.0,43886
8040108,1,2,1,10,2024,1,29,5.0,800000.0,4392
8049621,1,2,1,10,2024,1,23,4.0,450000.0,25916
8077676,1,2,1,10,2024,2,40,9.0,300000.0,46718
8043174,1,1,1,10,2024,2,59,3.0,1300000.0,11336
8080853,1,2,1,10,2024,1,28,4.0,600000.0,53888
8086722,1,1,1,10,2024,2,27,5.0,500000.0,64376
8039300,1,1,1,10,2024,2,45,10.0,3500000.0,2827
8081453,1,1,1,10,2024,2,34,10.0,2500000.0,55183
8052338,1,2,1,10,2024,2,49,8.0,250000.0,32495
8083286,1,2,1,10,2024,1,21,5.0,650000.0,58743
8055158,1,2,1,10,2024,1,22,4.0,800000.0,38843
8080037,1,1,1,10,2024,1,35,5.0,1300000.0,52107
8076066,1,1,1,10,2024,1,49,3.0,200000.0,42905
8079246,1,2,1,10,2024,1,49,5.0,200000.0,50267
8041578,1,2,1,10,2024,1,28,10.0,1800000.0,7897
8078072,1,2,1,10,2024,2,59,3.0,100000.0,47581
8082821,1,1,1,10,2024,2,28,6.0,1200000.0,57671
8056359,1,1,1,10,2024,1,40,3.0,2000000.0,41150
8056259,1,1,1,10,2024,2,57,10.0,3000000.0,40962
8050805,1,1,1,10,2024,1,37,3.0,1600000.0,28877
8042073,1,1,1,10,2024,1,27,8.0,100000.0,8966
8075998,1,1,1,10,2024,2,28,8.0,100000.0,42701
8047234,1,3,1,10,2024,2,41,11.0,6500000.0,21257
8054608,1,1,1,10,2024,1,59,3.0,600000.0,37612
8049278,1,1,1,10,2024,1,62,4.0,1300000.0,25264
8047441,1,2,1,10,2024,1,57,1.0,650000.0,21630
8075622,1,1,1,10,2024,2,46,3.0,300000.0,41620
8048151,1,2,1,10,2024,2,47,3.0,700000.0,23189
8079822,1,2,1,10,2024,2,56,8.0,800000.0,51671
8049033,1,1,1,10,2024,1,60,4.0,610000.0,24791
8055658,1,1,1,10,2024,1,42,5.0,2100000.0,39727
8083123,1,2,1,10,2024,2,18,8.0,1300000.0,58394
8078532,1,2,1,10,2024,1,17,6.0,800000.0,48613
8045492,1,2,1,10,2024,1,24,10.0,1600000.0,17428
8053562,1,3,1,10,2024,1,28,5.0,1080000.0,35390
8075797,1,1,1,10,2024,2,39,1.0,500000.0,42110
8045541,1,2,1,10,2024,2,54,10.0,5000000.0,17561
8049832,1,2,1,10,2024,1,39,4.0,1100000.0,26488
8084096,1,1,1,10,2024,1,59,5.0,2100000.0,60490
8076196,1,1,1,10,2024,1,62,4.0,550000.0,43293
8044425,1,2,1,10,2024,2,34,8.0,1300000.0,14512
8050849,1,1,1,10,2024,1,31,10.0,6500000.0,29004
8047323,1,1,1,10,2024,2,38,11.0,4000000.0,21426
8080368,1,2,1,10,2024,1,34,11.0,21000000.0,52975
8053315,1,6,1,10,2024,1,50,5.0,1500000.0,34872
8047562,1,3,1,10,2024,1,28,5.0,1300000.0,21850
8079815,1,2,1,10,2024,1,57,10.0,2000000.0,51642
8078762,1,2,1,10,2024,2,25,5.0,2100000.0,49110
8050660,1,2,1,10,2024,2,34,11.0,4000000.0,28537
8042070,1,1,1,10,2024,2,32,5.0,100000.0,8952
8051972,1,1,1,10,2024,2,61,5.0,1300000.0,31539
8049963,1,1,1,10,2024,1,45,10.0,1300000.0,26760
8043412,1,1,1,10,2024,2,47,4.0,800000.0,11909
8041372,1,2,1,10,2024,1,38,5.0,1300000.0,7397
8044730,1,1,1,10,2024,2,25,5.0,400000.0,15345
8084006,1,1,1,10,2024,2,55,3.0,300000.0,60212
8052114,1,2,1,10,2024,2,34,4.0,300000.0,31878
8053711,1,2,1,10,2024,1,35,3.0,1400000.0,35778
8051304,1,2,1,10,2024,2,33,9.0,41600000.0,29828
8052307,1,1,1,10,2024,1,33,5.0,1700000.0,32412
8046525,1,2,1,10,2024,2,44,10.0,1300000.0,19780
8052435,1,1,1,10,2024,2,44,3.0,1500000.0,32783
8052364,1,2,1,10,2024,2,31,4.0,180000.0,32577
8051585,1,1,1,10,2024,1,45,9.0,2500000.0,30533
8053419,1,1,1,10,2024,2,33,10.0,2000000.0,35150
8041108,1,1,1,10,2024,1,54,1.0,1100000.0,6800
8038620,1,2,1,10,2024,2,40,8.0,4000000.0,1018
8042030,1,1,1,10,2024,1,56,9.0,3200000.0,8922
8051719,1,1,1,10,2024,1,35,5.0,1300000.0,30866
8076989,1,3,1,10,2024,1,24,8.0,1530000.0,45112
8079988,1,2,1,10,2024,2,52,8.0,1640000.0,52029
8046274,1,1,1,10,2024,1,57,4.0,500000.0,19118
8050763,1,2,1,10,2024,2,30,8.0,840000.0,28768
8043469,1,1,1,10,2024,2,45,7.0,1800000.0,12057
8053017,1,3,1,10,2024,2,24,10.0,250000.0,34227
8080937,1,1,1,10,2024,2,20,10.0,1500000.0,54067
8051748,1,1,1,10,2024,2,52,3.0,1760000.0,30944
8053507,1,1,1,10,2024,1,48,9.0,1800000.0,35270
8041656,1,2,1,10,2024,2,28,10.0,2300000.0,8080
8079962,1,1,1,10,2024,2,45,4.0,900000.0,51979
8044516,1,5,1,10,2024,1,26,8.0,1300000.0,14761
8047697,1,2,1,10,2024,2,34,5.0,1462000.0,22158
8044384,1,3,1,10,2024,2,39,8.0,1300000.0,14401
8049307,1,1,1,10,2024,1,25,5.0,1800000.0,25312
8052338,1,4,1,10,2024,1,30,3.0,700000.0,32497
8044383,1,1,1,10,2024,1,54,5.0,1300000.0,14395
8055208,1,2,1,10,2024,1,72,3.0,720000.0,38949
8075774,1,1,1,10,2024,1,68,1.0,0.0,42033
8080877,1,2,1,10,2024,1,62,3.0,300000.0,53935
8083403,1,1,1,10,2024,1,33,8.0,1800000.0,58996
8082699,1,1,1,10,2024,2,27,4.0,245000.0,57355
8056202,1,3,1,10,2024,1,38,8.0,1000000.0,40794
8054206,1,2,1,10,2024,2,45,5.0,500000.0,36744
8050352,1,3,1,10,2024,1,25,5.0,1400000.0,27733
8039133,1,1,1,10,2024,1,70,5.0,700000.0,2405
8076182,1,1,1,10,2024,1,32,5.0,250000.0,43253
8080840,1,3,1,10,2024,2,29,10.0,3000000.0,53866
8053877,1,2,1,10,2024,1,46,9.0,1300000.0,36068
8078557,1,1,1,10,2024,1,34,3.0,1500000.0,48667
8043332,1,3,1,10,2024,2,48,5.0,2230000.0,11706
8046020,1,1,1,10,2024,2,49,4.0,700000.0,18511
8045614,1,1,1,10,2024,2,40,5.0,1300000.0,17716
8052077,1,1,1,10,2024,2,33,4.0,680000.0,31783
8053038,1,4,1,10,2024,2,44,4.0,1300000.0,34287
8045187,1,3,1,10,2024,2,29,10.0,1300000.0,16580
8078093,1,4,1,10,2024,1,15,5.0,270000.0,47615
8050319,1,2,1,10,2024,1,24,3.0,150000.0,27601
8040774,1,2,1,10,2024,2,30,10.0,3500000.0,6012
8051748,1,2,1,10,2024,2,30,5.0,1200000.0,30945
8051471,1,1,1,10,2024,2,47,3.0,1300000.0,30274
8041646,1,1,1,10,2024,2,59,3.0,0.0,8054
8050780,1,2,1,10,2024,2,54,10.0,2400000.0,28815
8046671,1,3,1,10,2024,2,38,10.0,1462000.0,20170
8042518,1,1,1,10,2024,1,43,5.0,1000000.0,9986
8079564,1,3,1,10,2024,1,43,4.0,1300000.0,50993
8046416,1,1,1,10,2024,2,24,5.0,1200000.0,19496
8045528,1,2,1,10,2024,2,24,5.0,200000.0,17536
8053344,1,2,1,10,2024,1,24,10.0,1500000.0,34938
8041282,1,1,1,10,2024,1,66,5.0,1300000.0,7237
8077522,1,1,1,10,2024,2,35,3.0,1400000.0,46391
8050745,1,2,1,10,2024,1,44,8.0,1800000.0,28725
8052258,1,2,1,10,2024,2,56,3.0,100000.0,32268
8082048,1,1,1,10,2024,2,62,5.0,1500000.0,56023
8083567,1,1,1,10,2024,2,29,10.0,2300000.0,59319
8042402,1,1,1,10,2024,1,40,9.0,3800000.0,9732
8051583,1,2,1,10,2024,1,26,5.0,1472000.0,30530
8042122,1,1,1,10,2024,2,50,4.0,756000.0,9085
8054987,1,1,1,10,2024,1,34,5.0,1200000.0,38507
8080499,1,1,1,10,2024,2,54,10.0,3000000.0,53198
8038542,1,2,1,10,2024,2,42,5.0,1600000.0,880
8083546,1,1,1,10,2024,2,37,10.0,5200000.0,59282
8054070,1,1,1,10,2024,1,46,5.0,1700000.0,36427
8039122,1,3,1,10,2024,1,50,5.0,600000.0,2362
8078576,2,1,2,10,2024,1,21,4.0,1200000.0,48715
8048864,1,2,1,10,2024,2,38,5.0,1300000.0,24468
8083524,1,3,1,10,2024,2,59,5.0,2000000.0,59231
8082123,1,1,1,10,2024,1,40,1.0,250000.0,56138
8079656,1,1,1,10,2024,1,26,8.0,1400000.0,51148
8083046,1,2,1,10,2024,1,41,5.0,780000.0,58198
8042153,1,2,1,10,2024,1,36,4.0,600000.0,9183
8076781,1,2,1,10,2024,1,57,4.0,1300000.0,44686
8083135,1,1,1,10,2024,2,63,5.0,400000.0,58412
8077073,1,1,1,10,2024,1,55,4.0,800000.0,45336
8044841,1,1,1,10,2024,2,31,4.0,1280000.0,15628
8052342,1,1,1,10,2024,2,40,8.0,1720000.0,32509
8079765,1,7,1,10,2024,2,21,9.0,300000.0,51499
8075826,1,1,1,10,2024,1,30,5.0,1800000.0,42189
8041289,1,3,1,10,2024,2,22,10.0,320000.0,7255
8046730,1,5,1,10,2024,1,23,4.0,1000000.0,20313
8043299,1,1,1,10,2024,1,36,5.0,700000.0,11625
8054487,1,3,1,10,2024,1,44,5.0,250000.0,37377
8052705,1,1,1,10,2024,1,37,3.0,1350000.0,33402
8053711,1,3,1,10,2024,2,24,4.0,1300000.0,35779
8048137,1,2,1,10,2024,1,24,10.0,1300000.0,23150
8046069,1,1,1,10,2024,2,38,5.0,800000.0,18635
8044782,1,1,1,10,2024,2,53,3.0,640000.0,15448
8041202,1,1,1,10,2024,2,21,10.0,1200000.0,7061
8078133,1,1,1,10,2024,1,59,3.0,3000000.0,47695
8040841,1,4,1,10,2024,1,29,8.0,900000.0,6150
8080407,1,1,1,10,2024,2,53,11.0,5500000.0,53080
8082814,1,2,1,10,2024,2,60,5.0,10000000.0,57659
8038977,1,2,1,10,2024,1,29,3.0,1500000.0,1952
8053300,1,1,1,10,2024,1,49,3.0,840000.0,34819
8044232,1,2,1,10,2024,1,41,4.0,800000.0,13912
8040844,1,1,1,10,2024,2,41,9.0,930000.0,6159
8051261,1,2,1,10,2024,2,25,8.0,1300000.0,29704
8042719,1,1,1,10,2024,1,39,5.0,650000.0,10405
8051542,1,1,1,10,2024,1,61,9.0,3000000.0,30445
8049000,1,2,1,10,2024,1,24,10.0,2400000.0,24741
8052805,1,1,1,10,2024,2,66,3.0,400000.0,33634
8083157,1,1,1,10,2024,2,44,12.0,2000000.0,58461
8042698,1,2,1,10,2024,1,35,10.0,1800000.0,10343
8086404,1,1,1,10,2024,1,61,9.0,3000000.0,63615
8041569,1,2,1,10,2024,1,40,4.0,1300000.0,7878
8040023,1,1,1,10,2024,2,46,5.0,1300000.0,4189
8042622,1,10,1,10,2024,2,34,10.0,650000.0,10190
8049706,1,2,1,10,2024,2,77,1.0,700000.0,26139
8056248,1,3,1,10,2024,2,32,8.0,1300000.0,40923
8081138,1,3,1,10,2024,2,60,3.0,600000.0,54457
8075724,1,1,1,10,2024,2,31,5.0,900000.0,41911
8082325,1,3,1,10,2024,2,29,5.0,1462000.0,56476
8081575,1,1,1,10,2024,2,35,11.0,2200000.0,55424
8052952,1,3,1,10,2024,1,23,4.0,1300000.0,34014
8051306,1,2,1,10,2024,2,42,10.0,1750000.0,29835
8086358,1,1,1,10,2024,1,61,9.0,3000000.0,63525
8078887,1,1,1,10,2024,2,76,3.0,500000.0,49372
8053369,1,3,1,10,2024,1,20,10.0,1300000.0,35025
8042388,1,1,1,10,2024,1,25,5.0,750000.0,9692
8053238,1,1,1,10,2024,2,50,5.0,2000000.0,34681
8055199,1,2,1,10,2024,1,45,11.0,3000000.0,38922
8085703,1,2,1,10,2024,1,56,5.0,1000000.0,62669
8046354,1,3,1,10,2024,1,30,5.0,800000.0,19364
8041776,1,3,1,10,2024,1,20,10.0,1800000.0,8273
8040576,1,2,1,10,2024,1,53,8.0,1800000.0,5568
8045226,1,2,1,10,2024,2,56,4.0,1800000.0,16704
8053109,1,2,1,10,2024,2,57,4.0,2000000.0,34419
8079661,1,1,1,10,2024,1,68,3.0,300000.0,51156
8040122,1,1,1,10,2024,1,59,11.0,6300000.0,4429
8079242,1,1,1,10,2024,1,29,9.0,1200000.0,50254
8077062,1,1,1,10,2024,2,33,3.0,500000.0,45302
8075958,1,2,1,10,2024,2,24,10.0,300000.0,42573
8038285,1,2,1,10,2024,2,57,9.0,2200000.0,263
8084929,1,2,1,10,2024,2,34,5.0,800000.0,62224
8085779,1,1,1,10,2024,1,36,5.0,1300000.0,62844
8082096,1,2,1,10,2024,2,29,5.0,600000.0,56089
8055937,1,2,1,10,2024,2,31,5.0,1300000.0,40293
8076427,1,1,1,10,2024,1,38,4.0,550000.0,43822
8078231,1,1,1,10,2024,2,48,8.0,1580000.0,47947
8081112,1,1,1,10,2024,1,29,4.0,1000000.0,54413
8084251,1,2,1,10,2024,2,30,10.0,1500000.0,60812
8084853,1,1,1,10,2024,1,67,5.0,1400000.0,62058
8086051,1,3,1,10,2024,1,25,5.0,1300000.0,63231
8040888,1,1,1,10,2024,1,48,5.0,2200000.0,6281
8084214,1,1,1,10,2024,1,38,4.0,1100000.0,60728
8085772,1,3,1,10,2024,2,21,5.0,1800000.0,62822
8077605,1,1,1,10,2024,2,24,6.0,688000.0,46583
8052714,1,1,1,10,2024,2,33,4.0,1250000.0,33419
8077071,1,3,1,10,2024,1,20,4.0,600000.0,45332
8047949,1,2,1,10,2024,1,40,9.0,1600000.0,22727
8050956,1,1,1,10,2024,1,73,3.0,100000.0,29306
8039465,1,2,1,10,2024,2,29,10.0,1460000.0,3103
8045146,1,2,1,10,2024,2,29,5.0,700000.0,16458
8084671,1,1,1,10,2024,1,38,10.0,2300000.0,61656
8081208,1,1,1,10,2024,1,62,4.0,3000000.0,54571
8080389,1,1,1,10,2024,1,62,10.0,1500000.0,53039
8081962,1,2,1,10,2024,1,31,9.0,1300000.0,55920
8083582,1,2,1,10,2024,1,45,5.0,1430000.0,59357
8045222,1,1,1,10,2024,1,43,3.0,1400000.0,16685
8055893,1,2,1,10,2024,2,21,10.0,1300000.0,40220
8082410,1,1,1,10,2024,1,42,5.0,1300000.0,56658
8046524,1,1,1,10,2024,2,27,4.0,1000000.0,19775
8079825,1,4,1,10,2024,2,46,5.0,1100000.0,51681
8055703,1,2,1,10,2024,2,39,4.0,1300000.0,39867
8046193,1,2,1,10,2024,2,52,6.0,2200000.0,18936
8076085,1,5,1,10,2024,1,28,5.0,700000.0,42960
8078650,1,1,1,10,2024,1,71,3.0,280000.0,48867
8043904,1,2,1,10,2024,2,46,8.0,1600000.0,13183
8080842,1,2,1,10,2024,2,36,10.0,3000000.0,53872
8076440,1,1,1,10,2024,1,60,3.0,600000.0,43842
8053411,1,1,1,10,2024,2,53,10.0,1500000.0,35139
8082793,1,2,1,10,2024,1,25,10.0,1700000.0,57590
8079497,1,1,1,10,2024,2,60,12.0,6000000.0,50870
8077042,1,2,1,10,2024,1,33,5.0,600000.0,45245
8048546,1,1,1,10,2024,1,68,3.0,1500000.0,23902
8051900,1,1,1,10,2024,2,41,5.0,1040000.0,31363
8052810,1,2,1,10,2024,1,29,10.0,1700000.0,33644
8077803,1,1,1,10,2024,2,37,5.0,1200000.0,46994
8051264,1,2,1,10,2024,2,55,10.0,1800000.0,29711
8045626,2,1,2,10,2024,1,59,3.0,800000.0,17764
8076543,1,1,1,10,2024,2,69,3.0,300000.0,44121
8044681,1,4,1,10,2024,2,28,5.0,1300000.0,15221
8041013,1,2,1,10,2024,1,33,5.0,1500000.0,6576
8044929,1,1,1,10,2024,2,59,5.0,450000.0,15871
8044327,1,1,1,10,2024,2,49,12.0,9100000.0,14252
8043212,1,1,1,10,2024,1,51,5.0,1500000.0,11404
8045280,1,1,1,10,2024,2,45,9.0,1300000.0,16831
8043658,1,1,1,10,2024,1,65,3.0,800000.0,12566
8050048,1,1,1,10,2024,1,23,5.0,800000.0,26995
8039986,1,1,1,10,2024,2,45,5.0,2500000.0,4119
8044907,1,1,1,10,2024,2,56,8.0,400000.0,15813
8043276,1,2,1,10,2024,1,34,5.0,1300000.0,11548
8085037,1,1,1,10,2024,2,60,5.0,300000.0,62487
8039398,1,2,1,10,2024,2,27,8.0,1500000.0,2976
8048322,1,2,1,10,2024,1,36,11.0,2000000.0,23514
8075943,1,1,1,10,2024,1,56,1.0,100000.0,42520
8043211,1,2,1,10,2024,2,27,8.0,1300000.0,11399
8046171,1,1,1,10,2024,2,37,3.0,1000000.0,18869
8048322,1,3,1,10,2024,1,38,10.0,1800000.0,23515
8043056,1,1,1,10,2024,1,43,3.0,1500000.0,11040
8051897,1,1,1,10,2024,2,59,11.0,3550000.0,31358
8086545,1,1,1,10,2024,2,36,5.0,1300000.0,63936
8077715,1,1,1,10,2024,2,68,1.0,300000.0,46797
8077923,1,6,1,10,2024,1,17,4.0,500000.0,47229
8052363,1,3,1,10,2024,1,24,4.0,500000.0,32574
8051541,1,1,1,10,2024,1,61,9.0,3000000.0,30443
8040324,1,1,1,10,2024,2,39,5.0,1300000.0,4954
8082750,1,1,1,10,2024,1,45,5.0,2300000.0,57490
8077991,1,3,1,10,2024,2,28,10.0,3500000.0,47406
8076181,1,3,1,10,2024,2,36,7.0,1200000.0,43250
8046813,1,3,1,10,2024,1,59,11.0,12000000.0,20511
8043944,1,5,1,10,2024,1,26,1.0,350000.0,13283
8040496,1,3,1,10,2024,2,57,3.0,1300000.0,5371
8078640,1,1,1,10,2024,1,61,3.0,2000000.0,48842
8083848,1,1,1,10,2024,2,45,5.0,1300000.0,59879
8050499,1,3,1,10,2024,2,41,5.0,600000.0,28124
8076234,1,1,1,10,2024,1,53,3.0,500000.0,43354
8041854,1,1,1,10,2024,1,45,5.0,1600000.0,8436
8044264,1,1,1,10,2024,2,60,4.0,650000.0,14038
8052881,1,2,1,10,2024,2,43,10.0,3500000.0,33819
8041353,1,5,1,10,2024,1,33,5.0,1300000.0,7335
8083006,1,3,1,10,2024,2,34,8.0,250000.0,58097
8083088,1,2,1,10,2024,1,19,10.0,1300000.0,58309
8051025,1,3,1,10,2024,2,22,9.0,1600000.0,29496
8086433,1,2,1,10,2024,1,50,8.0,1300000.0,63664
8038693,1,2,1,10,2024,2,53,3.0,500000.0,1248
8051656,1,1,1,10,2024,1,41,11.0,4800000.0,30706
8042574,1,1,1,10,2024,2,46,4.0,1040000.0,10085
8040270,1,4,1,10,2024,1,33,5.0,1400000.0,4816
8045058,1,1,1,10,2024,2,60,10.0,4165000.0,16224
8040095,1,2,1,10,2024,2,29,6.0,1700000.0,4353
8042488,1,5,1,10,2024,2,21,10.0,656000.0,9924
8076042,1,1,1,10,2024,2,58,3.0,300000.0,42827
8080031,1,1,1,10,2024,1,41,10.0,200000.0,52102
8052846,2,2,2,10,2024,1,44,3.0,1000000.0,33749
8045389,1,1,1,10,2024,1,51,5.0,2000000.0,17115
8050143,1,1,1,10,2024,2,62,3.0,336000.0,27190
8043366,1,1,1,10,2024,2,36,10.0,2800000.0,11795
8081141,1,1,1,10,2024,1,20,4.0,900000.0,54468
8084176,1,8,1,10,2024,1,70,3.0,200000.0,60624
8055347,1,3,1,10,2024,1,31,10.0,7000000.0,39213
8044621,1,2,1,10,2024,1,50,5.0,2300000.0,15053
8046845,1,1,1,10,2024,2,25,9.0,1500000.0,20565
8053933,1,1,1,10,2024,2,35,10.0,3000000.0,36170
8049236,1,1,1,10,2024,1,63,3.0,900000.0,25166
8078514,1,3,1,10,2024,2,25,10.0,1300000.0,48572
8084406,1,1,1,10,2024,1,35,9.0,2000000.0,61147
8077398,1,2,1,10,2024,2,36,5.0,1600000.0,46164
8055057,1,2,1,10,2024,1,41,12.0,4800000.0,38690
8041418,1,1,1,10,2024,1,79,3.0,300000.0,7511
8040224,1,7,1,10,2024,1,29,8.0,1300000.0,4718
8042840,1,2,1,10,2024,2,45,7.0,2300000.0,10663
8041233,1,1,1,10,2024,2,77,5.0,5000000.0,7135
8082970,1,3,1,10,2024,2,30,5.0,400000.0,58016
8046727,1,2,1,10,2024,2,48,5.0,420000.0,20298
8042964,1,1,1,10,2024,1,34,9.0,1300000.0,10844
8043198,1,1,1,10,2024,1,63,5.0,1000000.0,11380
8055493,1,2,1,10,2024,1,28,5.0,1800000.0,39455
8046567,1,1,1,10,2024,1,49,5.0,1500000.0,19901
8047968,1,3,1,10,2024,2,21,10.0,1000000.0,22763
8078850,1,1,1,10,2024,1,44,3.0,1200000.0,49288
8052381,1,4,1,10,2024,1,34,5.0,600000.0,32626
8077475,1,1,1,10,2024,2,38,3.0,700000.0,46323
8046589,1,4,1,10,2024,1,24,5.0,1300000.0,19982
8084507,1,2,1,10,2024,1,21,4.0,1000000.0,61332
8049574,1,1,1,10,2024,1,28,8.0,3000000.0,25796
8052591,1,1,1,10,2024,1,54,4.0,1500000.0,33186
8079872,1,3,1,10,2024,1,17,5.0,1000000.0,51803
8038829,1,1,1,10,2024,2,26,10.0,4000000.0,1591
8040753,1,2,1,10,2024,1,38,5.0,400000.0,5949
8055684,1,3,1,10,2024,1,23,10.0,1300000.0,39808
8051290,1,2,1,10,2024,2,43,5.0,5240000.0,29780
8077074,1,2,1,10,2024,1,56,3.0,800000.0,45341
8049323,1,1,1,10,2024,2,30,8.0,1500000.0,25360
8080739,1,1,1,10,2024,1,59,5.0,1300000.0,53664
8041181,1,5,1,10,2024,2,51,6.0,600000.0,7009
8086527,1,2,1,10,2024,2,29,5.0,500000.0,63899
8044490,1,1,1,10,2024,1,52,5.0,2300000.0,14676
8085797,1,1,1,10,2024,2,56,4.0,400000.0,62893
8079727,1,1,1,10,2024,1,38,4.0,450000.0,51326
8049335,1,1,1,10,2024,1,39,3.0,1000000.0,25387
8055335,1,1,1,10,2024,1,52,4.0,2000000.0,39197
8077720,1,1,1,10,2024,2,39,3.0,800000.0,46800
8050866,1,2,1,10,2024,2,35,5.0,1300000.0,29043
8079378,1,1,1,10,2024,2,54,3.0,600000.0,50602
8050603,1,1,1,10,2024,2,38,10.0,1500000.0,28414
8056120,1,1,1,10,2024,2,41,4.0,300000.0,40634
8043326,1,1,1,10,2024,2,32,5.0,400000.0,11683
8076110,1,4,1,10,2024,2,26,3.0,200000.0,43031
8040496,1,1,1,10,2024,2,40,11.0,5000000.0,5369
8084164,1,1,1,10,2024,1,61,3.0,900000.0,60582
8049806,1,3,1,10,2024,2,24,10.0,1300000.0,26414
8047181,1,2,1,10,2024,1,53,5.0,300000.0,21125
8080280,1,6,1,10,2024,1,31,5.0,900000.0,52760
8077767,1,2,1,10,2024,1,33,6.0,1300000.0,46923
8056144,1,2,1,10,2024,1,31,5.0,1400000.0,40687
8045306,1,2,1,10,2024,2,36,11.0,5000000.0,16899
8041216,1,2,1,10,2024,2,20,10.0,250000.0,7094
8051312,1,2,1,10,2024,1,48,3.0,1500000.0,29856
8043486,1,1,1,10,2024,1,59,4.0,400000.0,12110
8050812,1,2,1,10,2024,2,31,8.0,0.0,28905
8044083,1,2,1,10,2024,2,53,5.0,1400000.0,13617
8042253,1,1,1,10,2024,1,51,5.0,2000000.0,9430
8045189,1,1,1,10,2024,2,31,10.0,1600000.0,16584
8076628,1,1,1,10,2024,1,33,5.0,2000000.0,44316
8046566,1,1,1,10,2024,2,36,8.0,1465000.0,19899
8046657,1,1,1,10,2024,1,40,10.0,2200000.0,20137
8051735,1,6,1,10,2024,1,36,3.0,1300000.0,30908
8047128,1,1,1,10,2024,2,58,5.0,900000.0,21025
8038716,1,1,1,10,2024,1,71,3.0,0.0,1306
8052706,1,2,1,10,2024,2,33,5.0,500000.0,33408
8038938,1,1,1,10,2024,1,58,3.0,1200000.0,1868
8055426,1,1,1,10,2024,1,53,11.0,4000000.0,39366
8077141,1,1,1,10,2024,1,65,3.0,800000.0,45544
8052035,1,1,1,10,2024,2,41,9.0,3200000.0,31677
8054037,1,2,1,10,2024,2,61,11.0,2500000.0,36356
8084062,1,1,1,10,2024,2,45,10.0,4500000.0,60398
8041401,1,1,1,10,2024,1,57,10.0,3500000.0,7472
8049034,1,1,1,10,2024,2,38,10.0,2000000.0,24792
8083989,1,2,1,10,2024,1,74,4.0,1000000.0,60166
8077975,1,1,1,10,2024,1,24,10.0,200000.0,47355
8080908,1,1,1,10,2024,1,47,3.0,900000.0,53989
8054128,1,1,1,10,2024,1,42,4.0,960000.0,36559
8044108,1,1,1,10,2024,1,45,11.0,6500000.0,13664
8078696,1,1,1,10,2024,1,47,3.0,1700000.0,48957
8081287,1,2,1,10,2024,1,24,6.0,1300000.0,54797
8054087,1,1,1,10,2024,2,34,3.0,900000.0,36471
8039884,1,1,1,10,2024,1,36,5.0,600000.0,3895
8079314,1,1,1,10,2024,1,58,3.0,1200000.0,50470
8048916,1,1,1,10,2024,1,44,4.0,1400000.0,24584
8038392,1,1,1,10,2024,2,63,12.0,8000000.0,551
8054423,1,4,1,10,2024,1,23,5.0,1300000.0,37230
8047938,1,2,1,10,2024,2,26,10.0,1600000.0,22717
8054995,1,3,1,10,2024,1,26,11.0,1313000.0,38511
8044577,1,1,1,10,2024,2,49,8.0,3000000.0,14942
8079039,1,1,1,10,2024,2,23,5.0,600000.0,49738
8044275,1,1,1,10,2024,2,39,8.0,1500000.0,14075
8081229,1,1,1,10,2024,1,40,6.0,1000000.0,54625
8054119,1,5,1,10,2024,1,38,9.0,1800000.0,36540
8051735,1,1,1,10,2024,2,29,5.0,1500000.0,30903
8077251,1,2,1,10,2024,2,44,5.0,800000.0,45842
8081070,1,2,1,10,2024,1,49,5.0,1100000.0,54349
8076012,1,2,1,10,2024,1,39,3.0,1300000.0,42741
8050326,1,2,1,10,2024,1,32,5.0,800000.0,27629
8077855,1,3,1,10,2024,2,65,4.0,700000.0,47103
8044022,1,2,1,10,2024,1,23,6.0,1300000.0,13463
8049783,1,5,1,10,2024,1,20,5.0,1050000.0,26343
8048036,1,1,1,10,2024,1,40,12.0,10000000.0,22891
8075742,1,1,1,10,2024,1,70,3.0,1300000.0,41957
8043042,1,2,1,10,2024,1,24,5.0,1100000.0,11005
8039093,1,1,1,10,2024,2,43,5.0,650000.0,2276
8077952,1,1,1,10,2024,2,47,3.0,1170000.0,47292
8052203,1,2,1,10,2024,1,43,5.0,1000000.0,32097
8050208,1,1,1,10,2024,1,29,4.0,1600000.0,27353
8053627,1,1,1,10,2024,1,25,10.0,2200000.0,35565
8076788,1,4,1,10,2024,2,73,4.0,1300000.0,44702
8042094,1,2,1,10,2024,2,66,7.0,0.0,9014
8078191,1,1,1,10,2024,2,63,3.0,0.0,47829
8079874,1,4,1,10,2024,1,25,5.0,1300000.0,51812
8053388,1,2,1,10,2024,1,28,8.0,1400000.0,35084
8084173,1,2,1,10,2024,1,57,4.0,1300000.0,60606
8077763,1,3,1,10,2024,1,30,5.0,700000.0,46914
8040457,1,1,1,10,2024,2,28,4.0,700000.0,5274
8079889,1,2,1,10,2024,1,65,10.0,1500000.0,51862
8056233,1,2,1,10,2024,2,50,5.0,650000.0,40880
8052943,1,2,1,10,2024,2,27,5.0,1300000.0,33987
8083156,1,1,1,10,2024,1,36,5.0,400000.0,58460
8043705,1,1,1,10,2024,1,26,4.0,1000000.0,12683
8048506,1,4,1,10,2024,2,22,5.0,1300000.0,23807
8040309,1,2,1,10,2024,2,36,5.0,1300000.0,4922
8041491,1,2,1,10,2024,2,21,10.0,1350000.0,7697
8079738,1,6,1,10,2024,2,0,,,51386
8055838,1,1,1,10,2024,2,19,8.0,450000.0,40075
8052209,1,1,1,10,2024,2,48,3.0,1100000.0,32109
8046078,1,1,1,10,2024,2,49,12.0,5500000.0,18666
8079305,1,1,1,10,2024,2,51,10.0,2700000.0,50450
8043783,1,6,1,10,2024,1,73,3.0,300000.0,12895
8082631,1,2,1,10,2024,1,38,3.0,550000.0,57154
8052788,1,1,1,10,2024,2,42,5.0,480000.0,33596
8056035,1,2,1,10,2024,1,67,4.0,950000.0,40456
8086491,1,4,1,10,2024,1,17,4.0,1300000.0,63800
8080300,1,2,1,10,2024,2,46,10.0,1300000.0,52799
8056249,1,1,1,10,2024,1,37,3.0,1300000.0,40926
8051854,1,4,1,10,2024,1,29,10.0,4000000.0,31261
8042348,1,2,1,10,2024,2,51,10.0,3200000.0,9611
8054901,1,1,1,10,2024,1,53,10.0,12000000.0,38324
8041510,1,6,1,10,2024,2,26,8.0,1300000.0,7735
8049085,1,1,1,10,2024,1,53,5.0,3000000.0,24884
8038323,1,2,1,10,2024,2,53,5.0,1000000.0,368
8077636,1,2,1,10,2024,1,27,4.0,1450000.0,46635
8079643,1,1,1,10,2024,1,37,5.0,1500000.0,51112
8085694,1,3,1,10,2024,1,18,4.0,1000000.0,62653
8083453,1,1,1,10,2024,1,59,10.0,2500000.0,59106
8079603,1,1,1,10,2024,2,41,10.0,3000000.0,51050
8052033,1,1,1,10,2024,1,41,5.0,1600000.0,31675
8048143,1,2,1,10,2024,2,27,8.0,1400000.0,23167
8050429,1,1,1,10,2024,1,39,5.0,2100000.0,27905
8049881,1,1,1,10,2024,1,48,5.0,600000.0,26594
8054995,1,1,1,10,2024,1,51,3.0,820000.0,38509
8051237,1,3,1,10,2024,1,17,4.0,1050000.0,29647
8051894,1,2,1,10,2024,2,42,11.0,3000000.0,31351
8053986,1,1,1,10,2024,2,64,3.0,320000.0,36274
8056222,1,1,1,10,2024,1,42,3.0,1080000.0,40848
8040854,1,2,1,10,2024,2,31,5.0,1200000.0,6194
8038870,1,1,1,10,2024,1,59,3.0,500000.0,1689
8082995,1,1,1,10,2024,1,53,5.0,350000.0,58065
8050467,1,2,1,10,2024,2,32,5.0,1200000.0,28008
8038601,1,3,1,10,2024,2,30,8.0,1700000.0,965
8044281,1,6,1,10,2024,2,27,8.0,280000.0,14107
8049945,1,1,1,10,2024,1,59,3.0,1200000.0,26729
8080184,1,2,1,10,2024,2,38,11.0,2100000.0,52514
8049605,1,1,1,10,2024,2,41,8.0,1800000.0,25865
8084927,1,1,1,10,2024,2,35,10.0,3200000.0,62218
8044136,1,1,1,10,2024,2,75,4.0,800000.0,13723
8047899,1,2,1,10,2024,2,39,6.0,1300000.0,22657
8041852,1,4,1,10,2024,2,27,6.0,400000.0,8431
8043437,1,1,1,10,2024,1,62,1.0,120000.0,11970
8043360,1,2,1,10,2024,1,38,4.0,1462000.0,11782
8045050,1,2,1,10,2024,2,26,5.0,1300000.0,16202
8046250,1,2,1,10,2024,1,31,5.0,1150000.0,19048
8043873,1,3,1,10,2024,2,27,5.0,1300000.0,13103
8043447,1,1,1,10,2024,2,40,4.0,400000.0,11998
8039272,1,1,1,10,2024,2,57,4.0,1000000.0,2748
8077597,1,2,1,10,2024,1,59,5.0,1800000.0,46563
8082893,1,1,1,10,2024,2,25,5.0,1000000.0,57854
8043011,1,2,1,10,2024,2,45,5.0,1500000.0,10943
8084046,1,1,1,10,2024,1,37,3.0,1500000.0,60344
8079329,1,1,1,10,2024,1,31,3.0,680000.0,50506
8038752,1,1,1,10,2024,1,37,12.0,4000000.0,1405
8083762,1,1,1,10,2024,1,65,10.0,4000000.0,59698
8045705,1,1,1,10,2024,2,42,10.0,1300000.0,17977
8039020,1,2,1,10,2024,1,33,5.0,900000.0,2046
8045121,1,1,1,10,2024,1,77,3.0,1320000.0,16392
8083335,1,3,1,10,2024,1,40,5.0,1300000.0,58871
8054235,1,1,1,10,2024,1,75,4.0,500000.0,36792
8041855,1,1,1,10,2024,2,60,5.0,1300000.0,8439
8082371,1,1,1,10,2024,2,57,3.0,900000.0,56572
8083974,1,3,1,10,2024,2,20,5.0,1300000.0,60117
8050248,1,1,1,10,2024,2,38,6.0,400000.0,27454
8054192,1,1,1,10,2024,1,39,8.0,650000.0,36711
8052346,1,2,1,10,2024,2,32,5.0,600000.0,32522
8082429,1,5,1,10,2024,1,38,3.0,1000000.0,56695
8081230,1,3,1,10,2024,2,22,8.0,1300000.0,54633
8046499,1,1,1,10,2024,1,40,5.0,900000.0,19685
8051763,1,1,1,10,2024,2,50,10.0,10200000.0,30991
8051400,1,2,1,10,2024,2,54,5.0,1500000.0,30097
8042562,1,2,1,10,2024,1,43,3.0,2000000.0,10064
8045504,1,1,1,10,2024,1,54,3.0,800000.0,17464
8082671,1,2,1,10,2024,2,51,10.0,1300000.0,57288
8053210,1,2,1,10,2024,2,26,8.0,1300000.0,34614
8055997,1,1,1,10,2024,1,29,10.0,3700000.0,40405
8055682,1,1,1,10,2024,2,39,5.0,1300000.0,39799
8038240,1,1,1,10,2024,2,44,5.0,1000000.0,137
8051627,1,1,1,10,2024,2,64,5.0,900000.0,30637
8049227,1,1,1,10,2024,1,56,3.0,800000.0,25146
8040468,1,1,1,10,2024,2,52,3.0,320000.0,5305
8076622,1,1,1,10,2024,2,48,3.0,1870000.0,44295
8050972,1,1,1,10,2024,1,51,5.0,1300000.0,29352
8038380,1,4,1,10,2024,2,39,5.0,1880000.0,520
8081529,1,2,1,10,2024,2,42,8.0,1800000.0,55363
8040586,1,2,1,10,2024,1,41,3.0,1250000.0,5589
8046337,1,2,1,10,2024,2,34,9.0,3000000.0,19316
8076688,1,2,1,10,2024,1,58,3.0,600000.0,44447
8048678,1,2,1,10,2024,2,40,5.0,1300000.0,24100
8083883,1,1,1,10,2024,1,52,5.0,1300000.0,59953
8054764,1,2,1,10,2024,1,45,4.0,1200000.0,38009
8052231,1,2,1,10,2024,1,38,5.0,600000.0,32180
8051624,1,1,1,10,2024,2,42,5.0,2000000.0,30628
8042508,1,2,1,10,2024,1,25,6.0,1800000.0,9974
8082541,1,1,1,10,2024,2,30,10.0,6500000.0,56943
8046233,1,1,1,10,2024,2,68,3.0,6700000.0,19017
8038356,1,1,1,10,2024,2,43,5.0,640000.0,452
8056217,1,1,1,10,2024,1,50,10.0,2600000.0,40836
8083271,1,2,1,10,2024,1,22,5.0,1462000.0,58714
8078746,1,2,1,10,2024,2,41,5.0,300000.0,49067
8080757,1,2,1,10,2024,2,66,3.0,200000.0,53697
8047696,1,1,1,10,2024,2,40,5.0,1500000.0,22155
8084068,1,2,1,10,2024,2,19,6.0,1300000.0,60420
8052581,1,3,1,10,2024,2,22,10.0,1500000.0,33163
8039551,1,1,1,10,2024,1,35,11.0,3400000.0,3286
8082211,1,1,1,10,2024,2,45,5.0,1200000.0,56286
8050965,1,3,1,10,2024,1,34,5.0,1300000.0,29335
8038739,1,1,1,10,2024,1,54,8.0,1500000.0,1361
8043806,1,2,1,10,2024,1,24,6.0,800000.0,12956
8050864,1,2,1,10,2024,1,56,3.0,170000.0,29039
8048479,1,1,1,10,2024,1,42,5.0,1800000.0,23761
8054816,1,1,1,10,2024,1,66,3.0,600000.0,38128
8085737,1,2,1,10,2024,2,46,8.0,1300000.0,62750
8039501,1,1,1,10,2024,1,61,5.0,2200000.0,3178
8041250,1,1,1,10,2024,1,48,6.0,1700000.0,7164
8055697,1,2,1,10,2024,1,30,5.0,1300000.0,39855
8078547,1,1,1,10,2024,1,54,3.0,1400000.0,48647
8042543,1,1,1,10,2024,1,41,4.0,1300000.0,10035
8083787,1,1,1,10,2024,2,27,5.0,1300000.0,59756
8049045,1,3,1,10,2024,2,40,8.0,1300000.0,24813
8050344,1,2,1,10,2024,2,23,8.0,360000.0,27696
8038610,1,3,1,10,2024,2,31,10.0,1800000.0,994
8040766,1,2,1,10,2024,2,60,10.0,4000000.0,5987
8077786,1,2,1,10,2024,1,39,3.0,600000.0,46956
8077094,1,2,1,10,2024,1,74,3.0,390000.0,45414
8042862,1,2,1,10,2024,2,39,8.0,2000000.0,10723
8054305,1,1,1,10,2024,1,38,5.0,900000.0,36951
8043983,1,3,1,10,2024,1,23,3.0,1300000.0,13385
8054634,1,1,1,10,2024,2,32,5.0,300000.0,37687
8046741,1,1,1,10,2024,1,53,5.0,1400000.0,20333
8084080,1,2,1,10,2024,1,48,4.0,3000000.0,60455
8038915,1,2,1,10,2024,2,44,10.0,10000000.0,1807
8050238,1,1,1,10,2024,2,31,10.0,3300000.0,27427
8038283,1,1,1,10,2024,1,53,5.0,1320000.0,257
8083370,1,3,1,10,2024,1,20,10.0,1400000.0,58943
8043542,1,3,1,10,2024,1,37,5.0,950000.0,12281
8042166,1,1,1,10,2024,1,67,3.0,350000.0,9216
8053843,1,2,1,10,2024,2,31,5.0,1300000.0,35993
8042215,1,1,1,10,2024,2,42,10.0,1300000.0,9336
8076118,1,1,1,10,2024,2,47,8.0,1800000.0,43057
8046005,1,2,1,10,2024,1,70,3.0,1310000.0,18473
8051798,1,1,1,10,2024,2,40,9.0,900000.0,31075
8040381,1,2,1,10,2024,2,61,10.0,2000000.0,5083
8081016,1,1,1,10,2024,1,60,3.0,900000.0,54231
8055466,1,1,1,10,2024,1,54,10.0,4500000.0,39405
8049891,1,3,1,10,2024,2,31,3.0,600000.0,26616
8048632,1,1,1,10,2024,2,42,6.0,,24024
8038382,1,1,1,10,2024,1,33,8.0,1700000.0,524
8080020,1,1,1,10,2024,2,68,5.0,1700000.0,52073
8040698,1,3,1,10,2024,2,52,3.0,1200000.0,5805
8083939,1,4,1,10,2024,2,27,11.0,6000000.0,60005
8056246,3,1,3,10,2024,1,40,4.0,1200000.0,40915
8040957,1,1,1,10,2024,1,59,5.0,1300000.0,6435
8047117,1,1,1,10,2024,1,21,5.0,1600000.0,21013
8042302,1,2,1,10,2024,1,68,4.0,600000.0,9516
8076654,1,1,1,10,2024,1,42,8.0,1900000.0,44373
8039232,1,1,1,10,2024,2,28,9.0,0.0,2649
8052739,1,2,1,10,2024,2,26,5.0,1000000.0,33478
8042622,1,6,1,10,2024,2,39,10.0,500000.0,10186
8049292,1,1,1,10,2024,1,41,11.0,4000000.0,25291
8043433,1,2,1,10,2024,2,56,3.0,500000.0,11962
8051006,1,1,1,10,2024,1,48,5.0,1300000.0,29451
8048135,1,1,1,10,2024,1,44,8.0,4131000.0,23142
8076406,1,1,1,10,2024,1,40,5.0,1300000.0,43776
8040834,1,2,1,10,2024,2,25,8.0,900000.0,6120
8084623,1,2,1,10,2024,2,60,5.0,500000.0,61526
8051576,1,2,1,10,2024,1,46,3.0,1400000.0,30515
8055027,1,4,1,10,2024,2,32,12.0,1920000.0,38607
8086267,1,1,1,10,2024,2,35,3.0,400000.0,63361
8053631,1,1,1,10,2024,2,35,5.0,1450000.0,35573
8082416,1,1,1,10,2024,2,30,5.0,150000.0,56673
8039142,2,1,2,10,2024,1,48,5.0,1200000.0,2427
8048939,1,1,1,10,2024,2,49,3.0,1300000.0,24635
8078189,1,1,1,10,2024,1,36,10.0,2600000.0,47822
8053301,1,1,1,10,2024,2,43,5.0,600000.0,34826
8052116,1,1,1,10,2024,1,58,4.0,1600000.0,31887
8076303,1,2,1,10,2024,1,70,1.0,600000.0,43537
8081435,1,2,1,10,2024,2,39,10.0,3400000.0,55157
8041274,1,1,1,10,2024,2,32,12.0,3100000.0,7218
8077246,1,2,1,10,2024,1,72,5.0,100000.0,45828
8053353,1,4,1,10,2024,1,22,5.0,1200000.0,34967
8050253,1,2,1,10,2024,2,28,8.0,1000000.0,27466
8078396,1,1,1,10,2024,1,47,3.0,2100000.0,48331
8086557,1,1,1,10,2024,2,27,12.0,2700000.0,63979
8079059,1,1,1,10,2024,2,35,8.0,2000000.0,49784
8055054,1,2,1,10,2024,2,43,12.0,6000000.0,38681
8039518,1,1,1,10,2024,1,65,5.0,1300000.0,3215
8050155,1,1,1,10,2024,1,65,1.0,960000.0,27218
8046561,1,1,1,10,2024,1,28,5.0,1680000.0,19883
8076516,1,5,1,10,2024,2,39,5.0,1000000.0,44067
8081924,1,1,1,10,2024,2,45,10.0,4360000.0,55852
8048611,1,1,1,10,2024,1,36,6.0,1600000.0,24006
8045962,1,2,1,10,2024,2,50,5.0,150000.0,18350
8051878,1,1,1,10,2024,2,20,5.0,1440000.0,31310
8056043,1,1,1,10,2024,2,21,4.0,900000.0,40472
8038296,1,4,1,10,2024,2,29,10.0,1300000.0,299
8082475,1,1,1,10,2024,2,40,8.0,1450000.0,56789
8041222,1,3,1,10,2024,2,30,10.0,2450000.0,7108
8044417,1,3,1,10,2024,2,21,5.0,1300000.0,14480
8050329,1,1,1,10,2024,1,43,5.0,1100000.0,27637
8038332,1,1,1,10,2024,1,58,3.0,1500000.0,395
8051497,1,4,1,10,2024,1,57,5.0,1560000.0,30346
8044112,1,1,1,10,2024,2,51,3.0,800000.0,13672
8043961,1,1,1,10,2024,2,31,5.0,800000.0,13341
8045239,1,1,1,10,2024,1,69,3.0,400000.0,16748
8080921,1,1,1,10,2024,1,40,5.0,600000.0,54024
8054035,1,1,1,10,2024,2,46,11.0,5173000.0,36349
8049314,1,7,1,10,2024,2,30,5.0,1200000.0,25340
8042569,1,2,1,10,2024,2,62,5.0,200000.0,10079
8079823,1,2,1,10,2024,1,51,10.0,4000000.0,51675
8085976,1,1,1,10,2024,1,68,1.0,280000.0,63123
8046034,1,1,1,10,2024,1,54,3.0,1000000.0,18542
8042608,1,2,1,10,2024,2,29,4.0,1500000.0,10148
8038260,1,1,1,10,2024,2,45,10.0,7000000.0,194
8053179,1,1,1,10,2024,1,39,10.0,1700000.0,34540
8052705,1,2,1,10,2024,2,35,5.0,100000.0,33403
8040757,1,4,1,10,2024,2,45,3.0,1300000.0,5967
8042504,1,1,1,10,2024,2,34,5.0,2600000.0,9958
8048308,1,2,1,10,2024,2,25,10.0,300000.0,23488
8052292,1,1,1,10,2024,1,59,3.0,800000.0,32364
8081327,1,1,1,10,2024,2,22,6.0,1000000.0,54879
8084646,2,2,2,10,2024,1,32,6.0,1300000.0,61589
8076058,1,1,1,10,2024,1,31,5.0,800000.0,42878
8043281,1,2,1,10,2024,1,30,5.0,750000.0,11565
8077694,1,1,1,10,2024,1,52,12.0,2000000.0,46759
8079897,1,1,1,10,2024,2,51,5.0,1300000.0,51877
8081418,1,1,1,10,2024,1,59,5.0,1300000.0,55112
8042512,1,3,1,10,2024,1,58,1.0,300000.0,9981
8079230,1,1,1,10,2024,2,26,4.0,300000.0,50213
8086410,1,1,1,10,2024,1,61,9.0,3000000.0,63627
8048785,1,2,1,10,2024,2,23,8.0,440000.0,24288
8086819,1,3,1,10,2024,2,18,4.0,150000.0,64549
8046326,1,1,1,10,2024,1,46,3.0,1500000.0,19290
8043648,1,2,1,10,2024,1,35,5.0,800000.0,12539
8045404,1,1,1,10,2024,2,48,3.0,200000.0,17168
8054967,1,1,1,10,2024,1,32,5.0,700000.0,38451
8054895,1,1,1,10,2024,2,36,6.0,1400000.0,38306
8056228,1,1,1,10,2024,2,41,4.0,500000.0,40865
8045658,1,1,1,10,2024,1,35,5.0,1300000.0,17863
8078150,1,1,1,10,2024,2,53,5.0,900000.0,47736
8043499,1,3,1,10,2024,2,40,5.0,1300000.0,12157
8078987,1,2,1,10,2024,2,21,5.0,970000.0,49603
8043111,1,1,1,10,2024,1,44,3.0,150000.0,11173
8080370,1,2,1,10,2024,1,46,10.0,3000000.0,52981
8084641,1,1,1,10,2024,2,52,3.0,1300000.0,61570
8051302,1,7,1,10,2024,1,23,3.0,1200000.0,29824
8045927,1,1,1,10,2024,2,57,5.0,400000.0,18247
8049921,1,1,1,10,2024,2,86,1.0,300000.0,26690
8046048,1,2,1,10,2024,2,58,3.0,1800000.0,18584
8050913,1,1,1,10,2024,1,44,10.0,3000000.0,29169
8082859,1,1,1,10,2024,2,43,3.0,550000.0,57752
8054108,1,3,1,10,2024,2,66,8.0,2300000.0,36510
8040419,1,1,1,10,2024,2,37,6.0,1300000.0,5165
8041268,1,2,1,10,2024,2,51,3.0,300000.0,7206
8049985,1,1,1,10,2024,2,51,3.0,150000.0,26821
8044013,1,1,1,10,2024,1,50,3.0,1500000.0,13444
8055184,1,2,1,10,2024,2,25,4.0,1800000.0,38899
8080732,1,1,1,10,2024,2,62,3.0,1300000.0,53649
8044822,1,3,1,10,2024,1,24,5.0,1300000.0,15576
8040534,1,2,1,10,2024,1,61,5.0,1500000.0,5455
8079192,1,2,1,10,2024,1,45,5.0,1300000.0,50091
8077637,1,1,1,10,2024,2,49,5.0,1300000.0,46636
8042349,1,2,1,10,2024,2,38,5.0,1400000.0,9615
8083870,1,3,1,10,2024,2,25,5.0,1300000.0,59929
8047399,1,1,1,10,2024,1,65,3.0,100000.0,21584
8083524,1,5,1,10,2024,2,21,10.0,3000000.0,59233
8040204,1,2,1,10,2024,2,29,5.0,1300000.0,4653
8048411,1,2,1,10,2024,2,31,10.0,3600000.0,23637
8054059,1,2,1,10,2024,1,52,5.0,100000.0,36409
8044815,1,2,1,10,2024,1,42,6.0,2100000.0,15542
8053343,1,2,1,10,2024,2,32,11.0,2600000.0,34933
8046578,1,1,1,10,2024,1,35,8.0,1900000.0,19941
8080020,1,2,1,10,2024,2,40,10.0,5000000.0,52074
8046768,1,1,1,10,2024,1,76,4.0,200000.0,20408
8044906,1,1,1,10,2024,2,29,9.0,1300000.0,15812
8053809,1,1,1,10,2024,2,57,5.0,700000.0,35927
8086555,1,1,1,10,2024,1,40,3.0,1300000.0,63971
8085009,1,1,1,10,2024,1,30,5.0,4000000.0,62423
8038703,1,1,1,10,2024,2,33,11.0,3000000.0,1269
8049932,1,2,1,10,2024,2,28,5.0,600000.0,26704
8040466,1,1,1,10,2024,1,47,5.0,1300000.0,5300
8044635,1,4,1,10,2024,2,49,5.0,200000.0,15093
8038866,1,1,1,10,2024,2,34,8.0,1800000.0,1684
8083760,1,1,1,10,2024,2,28,11.0,1900000.0,59694
8038497,1,1,1,10,2024,2,51,8.0,1900000.0,765
8078150,1,5,1,10,2024,1,29,5.0,3140000.0,47740
8052302,1,1,1,10,2024,1,36,1.0,1650000.0,32393
8052563,1,1,1,10,2024,1,28,5.0,1300000.0,33102
8078998,1,2,1,10,2024,1,23,5.0,1050000.0,49630
8038722,1,3,1,10,2024,2,42,10.0,1600000.0,1321
8044606,1,1,1,10,2024,2,53,11.0,3000000.0,15017
8084807,1,2,1,10,2024,2,49,3.0,700000.0,61947
8047877,1,2,1,10,2024,2,56,6.0,1800000.0,22607
8081001,1,1,1,10,2024,1,51,3.0,1500000.0,54189
8086546,1,2,1,10,2024,2,28,10.0,4000000.0,63943
8080924,1,1,1,10,2024,2,60,3.0,300000.0,54030
8046998,1,2,1,10,2024,2,55,10.0,2200000.0,20809
8051792,1,1,1,10,2024,2,42,10.0,4000000.0,31059
8051272,1,1,1,10,2024,2,26,10.0,3000000.0,29732
8083343,1,6,1,10,2024,1,31,5.0,1500000.0,58898
8043468,1,2,1,10,2024,2,41,5.0,800000.0,12054
8054285,1,1,1,10,2024,1,29,5.0,1200000.0,36875
8084165,1,2,1,10,2024,2,64,3.0,750000.0,60586
8078489,1,2,1,10,2024,2,28,5.0,720000.0,48527
8055029,1,4,1,10,2024,2,31,8.0,1300000.0,38612
8081521,1,3,1,10,2024,2,22,5.0,1300000.0,55349
8078356,1,1,1,10,2024,1,47,4.0,500000.0,48265
8048595,1,6,1,10,2024,1,70,4.0,600000.0,23977
8078993,1,2,1,10,2024,1,37,3.0,900000.0,49617
8077249,1,1,1,10,2024,1,33,3.0,2800000.0,45832
8052375,1,1,1,10,2024,2,29,10.0,1100000.0,32611
8084854,1,2,1,10,2024,2,63,5.0,1500000.0,62063
8047080,1,1,1,10,2024,2,62,3.0,480000.0,20949
8048378,1,2,1,10,2024,1,72,3.0,1300000.0,23588
8051881,1,2,1,10,2024,2,22,5.0,1300000.0,31316
8040324,1,3,1,10,2024,1,41,5.0,1300000.0,4956
8049578,1,2,1,10,2024,2,41,11.0,4500000.0,25807
8076149,1,1,1,10,2024,2,84,3.0,100000.0,43155
8041188,1,2,1,10,2024,2,44,6.0,300000.0,7026
8079664,1,3,1,10,2024,1,26,5.0,1300000.0,51167
8047225,1,1,1,10,2024,2,38,5.0,800000.0,21232
8084235,1,1,1,10,2024,1,44,10.0,4000700.0,60768
8054686,1,1,1,10,2024,2,42,8.0,1200000.0,37806
8042248,1,1,1,10,2024,1,37,5.0,2600000.0,9418
8076597,1,1,1,10,2024,2,66,3.0,2300000.0,44238
8056362,1,1,1,10,2024,1,47,5.0,1400000.0,41152
8083154,1,2,1,10,2024,2,25,6.0,700000.0,58458
8055666,1,2,1,10,2024,2,42,11.0,10868000.0,39757
8041168,1,4,1,10,2024,2,29,4.0,600000.0,6959
8046448,1,1,1,10,2024,1,56,11.0,7141000.0,19565
8040300,1,1,1,10,2024,2,33,5.0,1300000.0,4905
8079206,1,2,1,10,2024,1,52,5.0,700000.0,50121
8075827,1,1,1,10,2024,1,57,3.0,1500000.0,42191
8053015,1,2,1,10,2024,1,28,4.0,500000.0,34219
8050572,1,1,1,10,2024,2,46,10.0,7000000.0,28343
8041443,1,1,1,10,2024,2,53,5.0,2000000.0,7577
8042621,1,1,1,10,2024,2,41,5.0,900000.0,10177
8083362,1,1,1,10,2024,1,56,3.0,300000.0,58927
8081047,1,5,1,10,2024,2,21,10.0,800000.0,54306
8082622,1,2,1,10,2024,2,32,5.0,1300000.0,57123
8083479,1,1,1,10,2024,2,55,9.0,1700000.0,59158
8044506,1,2,1,10,2024,1,65,3.0,1500000.0,14727
8056132,1,4,1,10,2024,1,22,10.0,1200000.0,40658
8038610,1,1,1,10,2024,2,58,8.0,500000.0,992
8052774,1,2,1,10,2024,2,22,5.0,1300000.0,33560
8076527,1,2,1,10,2024,1,33,8.0,1000000.0,44094
8044508,1,1,1,10,2024,1,40,9.0,1800000.0,14731
8055639,1,4,1,10,2024,2,23,5.0,600000.0,39661
8077797,1,2,1,10,2024,2,54,1.0,700000.0,46987
8039663,1,2,1,10,2024,1,39,3.0,400000.0,3461
8044854,1,1,1,10,2024,2,31,9.0,1600000.0,15671
8055360,1,3,1,10,2024,1,77,3.0,200000.0,39242
8048689,1,2,1,10,2024,2,41,12.0,4000000.0,24135
8080417,1,1,1,10,2024,1,40,11.0,5230000.0,53102
8040998,1,1,1,10,2024,2,36,4.0,150000.0,6538
8039374,1,1,1,10,2024,1,56,10.0,300000.0,2924
8038893,1,2,1,10,2024,1,19,5.0,1300000.0,1745
8047628,1,3,1,10,2024,2,39,5.0,1300000.0,22017
8046353,1,3,1,10,2024,2,33,5.0,1500000.0,19356
8048962,1,1,1,10,2024,1,51,5.0,1800000.0,24681
8043044,1,2,1,10,2024,1,27,5.0,900000.0,11013
8053402,1,2,1,10,2024,1,48,8.0,1800000.0,35128
8076088,1,4,1,10,2024,2,17,4.0,240000.0,42970
8049694,1,2,1,10,2024,1,43,3.0,1850000.0,26093
8048177,1,1,1,10,2024,1,55,10.0,3500000.0,23243
8077233,1,1,1,10,2024,1,52,4.0,1300000.0,45787
8049486,1,2,1,10,2024,2,42,5.0,1750000.0,25576
8040973,1,1,1,10,2024,2,41,8.0,1600000.0,6479
8044341,1,1,1,10,2024,2,35,10.0,2689000.0,14283
8045046,1,1,1,10,2024,2,66,3.0,100000.0,16187
8043150,1,1,1,10,2024,1,40,12.0,5960985.0,11270
8040627,1,1,1,10,2024,2,56,10.0,160000.0,5674
8038657,1,1,1,10,2024,2,50,3.0,350000.0,1107
8051238,1,1,1,10,2024,1,30,5.0,1850000.0,29648
8040677,1,1,1,10,2024,1,30,5.0,1900000.0,5757
8048489,1,2,1,10,2024,2,47,9.0,1300000.0,23780
8052667,1,1,1,10,2024,1,79,3.0,800000.0,33360
8041519,1,2,1,10,2024,2,44,8.0,2000000.0,7754
8040715,1,1,1,10,2024,1,52,3.0,2500000.0,5840
8081232,1,2,1,10,2024,2,20,6.0,1800000.0,54641
8052520,1,2,1,10,2024,2,52,5.0,550000.0,32993
8084925,1,1,1,10,2024,1,32,5.0,600000.0,62215
8086565,1,2,1,10,2024,2,24,4.0,1600000.0,63996
8039220,1,1,1,10,2024,2,53,8.0,1800000.0,2616
8080986,1,1,1,10,2024,1,31,10.0,5500000.0,54160
8055061,1,3,1,10,2024,2,23,10.0,100000.0,38699
8076735,1,2,1,10,2024,2,53,3.0,400000.0,44570
8081132,1,1,1,10,2024,2,48,1.0,400000.0,54444
8047887,1,3,1,10,2024,2,30,10.0,1600000.0,22627
8046596,1,1,1,10,2024,1,50,5.0,600000.0,20003
8054521,1,5,1,10,2024,2,18,4.0,600000.0,37450
8050626,1,1,1,10,2024,2,53,3.0,2000000.0,28460
8084659,1,2,1,10,2024,2,38,5.0,300000.0,61630
8053575,1,1,1,10,2024,2,40,3.0,480000.0,35426
8038604,1,2,1,10,2024,2,47,11.0,1400000.0,974
8042611,1,2,1,10,2024,2,65,5.0,1300000.0,10154
8039209,1,1,1,10,2024,2,30,6.0,1300000.0,2588
8039591,1,3,1,10,2024,2,28,10.0,2000000.0,3343
8043122,1,1,1,10,2024,1,54,3.0,1400000.0,11194
8052125,1,2,1,10,2024,1,61,5.0,2800000.0,31918
8077319,1,1,1,10,2024,1,46,3.0,1300000.0,45982
8078453,1,1,1,10,2024,2,65,3.0,500000.0,48446
8047729,1,1,1,10,2024,1,42,5.0,1300000.0,22225
8055771,1,1,1,10,2024,2,37,10.0,800000.0,39927
8047074,1,1,1,10,2024,1,49,5.0,2000000.0,20934
8076759,1,2,1,10,2024,2,49,10.0,3600000.0,44627
8040821,1,2,1,10,2024,1,45,10.0,2500000.0,6103
8042669,1,1,1,10,2024,2,26,5.0,1200000.0,10268
8047692,1,1,1,10,2024,2,44,5.0,1500000.0,22150
8053674,1,1,1,10,2024,1,55,6.0,1300000.0,35659
8044364,1,1,1,10,2024,2,49,10.0,2000000.0,14358
8054413,1,1,1,10,2024,2,51,5.0,1300000.0,37209
8078160,1,1,1,10,2024,2,53,3.0,800000.0,47758
8042011,1,2,1,10,2024,2,29,9.0,200000.0,8865
8076779,1,1,1,10,2024,1,55,3.0,1300000.0,44680
8053567,1,1,1,10,2024,1,75,3.0,700000.0,35406
8080691,1,2,1,10,2024,1,24,10.0,2800000.0,53594
8052734,1,2,1,10,2024,2,44,3.0,200000.0,33462
8044463,1,3,1,10,2024,1,29,3.0,500000.0,14611
8040139,1,1,1,10,2024,2,39,6.0,1300000.0,4475
8077107,1,1,1,10,2024,2,38,5.0,360000.0,45446
8040391,1,1,1,10,2024,2,50,5.0,1300000.0,5099
8078001,1,2,1,10,2024,2,21,5.0,840000.0,47429
8046463,1,1,1,10,2024,1,53,8.0,1500000.0,19602
8053577,1,2,1,10,2024,2,46,5.0,1300000.0,35438
8046684,1,2,1,10,2024,1,56,5.0,2700000.0,20187
8042650,1,1,1,10,2024,2,63,3.0,400000.0,10226
8078562,1,1,1,10,2024,1,65,3.0,1000000.0,48675
8050011,1,2,1,10,2024,2,39,5.0,300000.0,26890
8086375,1,1,1,10,2024,1,61,9.0,3000000.0,63559
8041756,1,1,1,10,2024,2,58,3.0,120000.0,8255
8055866,1,2,1,10,2024,2,26,10.0,1300000.0,40159
8044321,1,2,1,10,2024,2,27,8.0,3000000.0,14234
8041354,1,1,1,10,2024,2,44,5.0,1300000.0,7338
8086447,1,4,1,10,2024,1,26,3.0,300000.0,63695
8039503,1,1,1,10,2024,1,32,5.0,1300000.0,3183
8047639,1,1,1,10,2024,2,53,4.0,1800000.0,22047
8053671,1,1,1,10,2024,1,32,3.0,1300000.0,35652
8083419,1,1,1,10,2024,1,54,8.0,1800000.0,59024
8047342,1,5,1,10,2024,2,36,5.0,1900000.0,21469
8038796,1,1,1,10,2024,2,29,11.0,5000000.0,1521
8085809,1,1,1,10,2024,2,47,11.0,4200000.0,62913
8077383,1,1,1,10,2024,2,33,5.0,300000.0,46135
8077686,1,1,1,10,2024,1,42,6.0,2600000.0,46746
8082343,1,1,1,10,2024,1,61,5.0,2600000.0,56523
8047149,1,1,1,10,2024,2,36,10.0,3100000.0,21070
8079838,1,1,1,10,2024,2,38,8.0,1465000.0,51714
8041020,1,2,1,10,2024,1,29,3.0,1300000.0,6602
8041859,1,1,1,10,2024,2,34,10.0,2600000.0,8454
8055317,1,2,1,10,2024,2,62,3.0,1800000.0,39152
8076522,1,2,1,10,2024,2,39,4.0,2000000.0,44083
8053741,1,1,1,10,2024,2,23,5.0,1300000.0,35855
8077504,1,1,1,10,2024,1,31,5.0,1800000.0,46347
8043699,1,3,1,10,2024,2,21,10.0,2000000.0,12662
8039352,1,2,1,10,2024,2,40,11.0,2000000.0,2908
8079351,1,2,1,10,2024,2,53,3.0,300000.0,50547
8050613,1,1,1,10,2024,2,24,10.0,4000000.0,28438
8042020,1,2,1,10,2024,2,58,3.0,1500000.0,8895
8076795,1,2,1,10,2024,2,39,5.0,1362000.0,44716
8052747,1,1,1,10,2024,2,58,3.0,150000.0,33497
8041710,1,1,1,10,2024,2,44,9.0,1300000.0,8178
8080320,1,1,1,10,2024,2,58,5.0,1400000.0,52849
8077887,1,2,1,10,2024,1,31,4.0,300000.0,47144
8038345,1,1,1,10,2024,2,77,5.0,500000.0,424
8046109,1,1,1,10,2024,2,39,6.0,2000000.0,18725
8045424,1,3,1,10,2024,2,58,3.0,800000.0,17223
8050050,1,3,1,10,2024,1,26,7.0,300000.0,27001
8039726,1,6,1,10,2024,2,52,3.0,600000.0,3612
8086031,1,1,1,10,2024,1,49,4.0,500000.0,63203
8050400,1,1,1,10,2024,1,46,5.0,2200000.0,27846
8051043,1,1,1,10,2024,2,40,8.0,600000.0,29541
8053297,1,2,1,10,2024,1,46,9.0,150000.0,34812
8079281,1,1,1,10,2024,1,54,3.0,1000000.0,50375
8050724,1,1,1,10,2024,1,62,3.0,600000.0,28672
8084046,1,2,1,10,2024,2,38,4.0,1500000.0,60345
8084733,1,3,1,10,2024,2,17,4.0,800000.0,61783
8078059,1,1,1,10,2024,1,28,5.0,600000.0,47552
8083984,1,2,1,10,2024,2,24,10.0,1300000.0,60149
8046747,1,1,1,10,2024,1,51,3.0,1300000.0,20346
8038483,1,1,1,10,2024,1,59,5.0,2132000.0,737
8040343,1,1,1,10,2024,1,46,9.0,1800000.0,4999
8075776,1,1,1,10,2024,1,53,10.0,2400000.0,42042
8077918,1,1,1,10,2024,1,57,3.0,1000000.0,47211
8043403,1,1,1,10,2024,1,42,12.0,6000000.0,11881
8050876,1,1,1,10,2024,2,46,10.0,1300000.0,29066
8082308,1,2,1,10,2024,1,56,3.0,1300000.0,56441
8078227,2,2,2,10,2024,1,20,3.0,200000.0,47939
8039194,1,1,1,10,2024,2,56,10.0,2500000.0,2547
8053873,1,3,1,10,2024,1,20,8.0,1300000.0,36060
8050650,1,1,1,10,2024,2,33,8.0,2200000.0,28517
8084651,1,1,1,10,2024,1,29,5.0,1300000.0,61602
8048331,1,2,1,10,2024,2,22,10.0,1300000.0,23521
8047150,1,2,1,10,2024,1,18,5.0,1300000.0,21073
8048685,1,1,1,10,2024,2,42,5.0,1300000.0,24124
8042982,1,1,1,10,2024,2,38,4.0,1600000.0,10880
8078742,1,1,1,10,2024,1,49,5.0,420000.0,49060
8077644,1,2,1,10,2024,2,42,3.0,150000.0,46652
8081199,1,1,1,10,2024,1,62,10.0,6800000.0,54545
8085961,1,1,1,10,2024,2,70,3.0,200000.0,63102
8046296,1,1,1,10,2024,2,44,8.0,450000.0,19214
8052877,1,1,1,10,2024,1,67,3.0,600000.0,33813
8039173,1,2,1,10,2024,1,43,11.0,12000000.0,2511
8082288,1,2,1,10,2024,2,44,11.0,3000000.0,56399
8050069,1,1,1,10,2024,1,73,3.0,700000.0,27045
8086577,1,1,1,10,2024,2,31,5.0,1500000.0,64030
8076715,1,1,1,10,2024,2,27,10.0,4000000.0,44513
8075613,1,1,1,10,2024,1,50,1.0,850000.0,41600
8039734,1,2,1,10,2024,2,32,8.0,1400000.0,3628
8084788,1,1,1,10,2024,1,31,9.0,2000000.0,61913
8049596,1,2,1,10,2024,2,55,8.0,600000.0,25850
8047450,1,1,1,10,2024,2,56,3.0,200000.0,21653
8046140,1,1,1,10,2024,2,43,4.0,2020000.0,18792
8042564,1,1,1,10,2024,1,26,4.0,1440000.0,10068
8053986,1,3,1,10,2024,1,34,10.0,2700000.0,36276
8056213,1,3,1,10,2024,1,25,10.0,1800000.0,40827
8045947,1,1,1,10,2024,1,39,10.0,3200000.0,18309
8054068,1,1,1,10,2024,2,78,3.0,0.0,36422
8043872,1,4,1,10,2024,1,59,8.0,1600000.0,13100
8082866,1,2,1,10,2024,1,25,10.0,4300000.0,57773
8043716,1,1,1,10,2024,1,44,10.0,3000000.0,12704
8050408,1,2,1,10,2024,2,38,5.0,1300000.0,27864
8053144,1,1,1,10,2024,2,54,10.0,6000000.0,34468
8046595,1,2,1,10,2024,2,54,10.0,2400000.0,19997
8056425,1,2,1,10,2024,2,43,5.0,1100000.0,41321
8051323,1,2,1,10,2024,2,63,3.0,400000.0,29887
8044530,1,1,1,10,2024,1,70,5.0,700000.0,14807
8044314,1,2,1,10,2024,2,47,10.0,4000000.0,14208
8045258,1,1,1,10,2024,1,65,5.0,1500000.0,16778
8083111,1,1,1,10,2024,2,70,3.0,250000.0,58361
8049964,1,1,1,10,2024,1,60,8.0,1500000.0,26763
8041521,1,2,1,10,2024,2,48,10.0,1800000.0,7759
8055039,1,1,1,10,2024,2,60,4.0,600000.0,38641
8048301,1,2,1,10,2024,1,18,6.0,1300000.0,23465
8039848,1,2,1,10,2024,1,43,8.0,4500000.0,3830
8052226,1,2,1,10,2024,1,27,5.0,1200000.0,32159
8043087,1,1,1,10,2024,2,39,5.0,270000.0,11116
8076235,1,1,1,10,2024,2,43,3.0,700000.0,43358
8051926,1,2,1,10,2024,1,38,3.0,1500000.0,31421
8053241,1,2,1,10,2024,2,36,10.0,4700000.0,34690
8086000,1,1,1,10,2024,1,55,3.0,1300000.0,63175
8048783,1,4,1,10,2024,2,30,10.0,1000000.0,24286
8086097,1,2,1,10,2024,1,31,5.0,1800000.0,63272
8050545,1,5,1,10,2024,1,35,10.0,1300000.0,28267
8083668,1,2,1,10,2024,2,57,11.0,5000000.0,59512
8080044,1,1,1,10,2024,2,37,3.0,1300000.0,52128
8042478,1,1,1,10,2024,1,74,10.0,5300000.0,9896
8054851,1,2,1,10,2024,2,31,5.0,300000.0,38211
8077140,1,1,1,10,2024,2,41,8.0,900000.0,45542
8086678,1,1,1,10,2024,2,35,10.0,1300000.0,64308
8042737,1,1,1,10,2024,2,31,5.0,1500000.0,10438
8045449,1,1,1,10,2024,1,39,4.0,1300000.0,17298
8078573,1,1,1,10,2024,1,40,1.0,1700000.0,48701
8045344,1,1,1,10,2024,2,33,5.0,1300000.0,16997
8044843,1,1,1,10,2024,1,52,10.0,1300000.0,15637
8046271,1,1,1,10,2024,1,56,5.0,800000.0,19110
8051246,1,1,1,10,2024,1,46,5.0,490000.0,29669
8039121,1,2,1,10,2024,2,42,9.0,1800000.0,2357
8046309,1,2,1,10,2024,1,54,5.0,1800000.0,19251
8047297,1,2,1,10,2024,2,34,5.0,3000000.0,21376
8040720,1,2,1,10,2024,1,35,3.0,1200000.0,5855
8083801,1,2,1,10,2024,1,49,1.0,300000.0,59773
8077982,1,1,1,10,2024,1,57,5.0,800000.0,47378
8080986,1,2,1,10,2024,2,31,10.0,4000000.0,54161
8077315,1,1,1,10,2024,1,62,4.0,1980000.0,45972
8084028,1,2,1,10,2024,1,51,8.0,1300000.0,60278
8083213,1,2,1,10,2024,1,22,4.0,1600000.0,58567
8041923,1,2,1,10,2024,1,63,1.0,240000.0,8623
8048765,1,1,1,10,2024,1,51,1.0,700000.0,24242
8079081,1,1,1,10,2024,2,53,5.0,3000000.0,49821
8078601,1,1,1,10,2024,1,54,8.0,700000.0,48764
8050768,1,1,1,10,2024,2,26,11.0,1400000.0,28786
8045757,1,2,1,10,2024,1,34,8.0,2000000.0,18115
8080662,1,3,1,10,2024,1,41,8.0,3000000.0,53538
8051302,1,1,1,10,2024,2,61,3.0,1000000.0,29818
8046628,1,1,1,10,2024,1,39,5.0,950000.0,20078
8055982,1,1,1,10,2024,1,26,5.0,1200000.0,40378
8038484,1,1,1,10,2024,2,34,9.0,1300000.0,740
8086592,1,1,1,10,2024,1,44,1.0,1300000.0,64086
8041162,1,1,1,10,2024,2,39,5.0,105000.0,6942
8077108,1,1,1,10,2024,1,26,5.0,1700000.0,45449
8075969,1,1,1,10,2024,1,40,3.0,1300000.0,42612
8055152,1,2,1,10,2024,1,30,5.0,600000.0,38819
8038802,1,2,1,10,2024,2,24,10.0,1950000.0,1529
8075850,1,3,1,10,2024,1,52,1.0,600000.0,42250
8038335,1,2,1,10,2024,2,37,5.0,4000000.0,403
8046081,1,2,1,10,2024,2,34,11.0,10000000.0,18671
8077831,1,2,1,10,2024,1,25,4.0,900000.0,47044
8044371,1,1,1,10,2024,1,30,5.0,1462000.0,14373
8084458,1,1,1,10,2024,1,45,5.0,1300000.0,61241
8050081,1,2,1,10,2024,2,55,3.0,400000.0,27069
8039447,1,2,1,10,2024,2,25,10.0,1500000.0,3064
8053107,1,1,1,10,2024,2,45,4.0,1300000.0,34412
8076781,1,1,1,10,2024,2,51,4.0,1300000.0,44685
8054261,1,1,1,10,2024,1,42,9.0,4000000.0,36826
8053224,1,3,1,10,2024,2,33,8.0,2800000.0,34646
8052939,1,3,1,10,2024,2,33,8.0,1300000.0,33972
8041850,3,2,3,10,2024,2,21,5.0,1300000.0,8420
8039101,1,2,1,10,2024,1,40,5.0,1300000.0,2303
8056226,1,2,1,10,2024,2,78,11.0,2000000.0,40860
8045981,1,1,1,10,2024,1,22,5.0,200000.0,18409
8046767,1,1,1,10,2024,2,32,4.0,1462000.0,20404
8046769,1,1,1,10,2024,2,36,8.0,1500000.0,20410
8082436,1,2,1,10,2024,1,63,4.0,2000000.0,56709
8042689,1,1,1,10,2024,2,29,10.0,3500000.0,10318
8041181,1,1,1,10,2024,1,74,3.0,800000.0,7005
8078508,1,1,1,10,2024,1,45,8.0,1300000.0,48562
8042682,1,1,1,10,2024,1,31,4.0,1200000.0,10298
8083135,1,2,1,10,2024,2,34,10.0,2500000.0,58413
8082464,1,3,1,10,2024,1,37,4.0,480000.0,56762
8045996,1,1,1,10,2024,1,30,4.0,700000.0,18449
8079073,1,1,1,10,2024,1,28,10.0,2500000.0,49809
8080196,1,1,1,10,2024,1,60,11.0,10000000.0,52537
8039315,1,2,1,10,2024,1,42,8.0,1000000.0,2859
8049334,1,2,1,10,2024,1,35,5.0,2000000.0,25384
8049631,1,1,1,10,2024,1,55,3.0,250000.0,25952
8079696,1,1,1,10,2024,1,54,12.0,5400000.0,51238
8054861,1,1,1,10,2024,2,41,5.0,900000.0,38228
8045086,1,1,1,10,2024,1,56,3.0,1500000.0,16295
8075846,1,1,1,10,2024,2,36,8.0,700000.0,42233
8086275,1,1,1,10,2024,2,27,9.0,2200000.0,63381
8080084,1,1,1,10,2024,2,55,5.0,1800000.0,52222
8040646,1,2,1,10,2024,2,42,5.0,1600000.0,5708
8048241,1,6,1,10,2024,2,39,5.0,1300000.0,23344
8082685,1,2,1,10,2024,2,47,10.0,2150000.0,57324
8083771,1,1,1,10,2024,2,52,10.0,1300000.0,59727
8082086,1,1,1,10,2024,2,52,1.0,700000.0,56080
8044740,1,3,1,10,2024,1,23,5.0,1025000.0,15364
8038478,1,2,1,10,2024,2,40,3.0,1200000.0,723
8040633,1,1,1,10,2024,2,39,10.0,2400000.0,5682
8082991,1,1,1,10,2024,2,39,6.0,400000.0,58053
8038397,1,1,1,10,2024,2,43,5.0,1000000.0,563
8048517,1,1,1,10,2024,2,43,8.0,1440000.0,23832
8082682,1,2,1,10,2024,2,50,9.0,2000000.0,57311
8047916,1,1,1,10,2024,2,33,12.0,4000000.0,22685
8040288,1,1,1,10,2024,2,50,3.0,250000.0,4867
8043610,1,1,1,10,2024,2,56,5.0,420000.0,12435
8047144,1,2,1,10,2024,2,40,8.0,1300000.0,21065
8043350,1,1,1,10,2024,1,64,4.0,6000000.0,11761
8075932,1,3,1,10,2024,2,21,5.0,500000.0,42481
8078259,1,1,1,10,2024,1,32,5.0,480000.0,48004
8081046,1,1,1,10,2024,1,42,5.0,1400000.0,54299
8039480,1,4,1,10,2024,1,43,8.0,3000000.0,3135
8085984,1,1,1,10,2024,1,54,1.0,600000.0,63141
8053279,1,3,1,10,2024,2,30,8.0,600000.0,34770
8043238,1,2,1,10,2024,2,47,3.0,320000.0,11457
8076576,1,2,1,10,2024,2,43,10.0,1300000.0,44181
8077244,1,2,1,10,2024,1,59,1.0,1500000.0,45825
8051994,1,1,1,10,2024,2,42,8.0,1800000.0,31579
8053348,1,1,1,10,2024,2,46,1.0,400000.0,34943
8079816,1,1,1,10,2024,2,22,4.0,400000.0,51645
8053669,1,1,1,10,2024,1,21,6.0,2400000.0,35649
8078093,1,3,1,10,2024,1,16,5.0,360000.0,47614
8082682,1,3,1,10,2024,1,60,5.0,1800000.0,57312
8053786,1,1,1,10,2024,2,37,5.0,1700000.0,35871
8077155,1,2,1,10,2024,2,34,3.0,400000.0,45583
8046418,1,1,1,10,2024,1,51,3.0,1500000.0,19499
8040649,1,3,1,10,2024,1,34,3.0,1200000.0,5717
8043158,1,1,1,10,2024,2,69,3.0,200000.0,11297
8039055,1,1,1,10,2024,2,43,8.0,1600000.0,2164
8079767,1,1,1,10,2024,2,64,3.0,650000.0,51505
8076667,1,1,1,10,2024,2,30,10.0,1700000.0,44408
8049950,1,3,1,10,2024,1,44,4.0,0.0,26735
8083074,1,2,1,10,2024,1,44,5.0,1500000.0,58262
8048992,1,1,1,10,2024,2,64,3.0,216000.0,24717
8054277,1,2,1,10,2024,1,23,5.0,700000.0,36855
8039925,1,2,1,10,2024,2,29,8.0,900000.0,4012
8081236,1,2,1,10,2024,1,52,5.0,1000000.0,54644
8081077,1,1,1,10,2024,1,60,5.0,2000000.0,54362
8077422,1,2,1,10,2024,1,66,3.0,100000.0,46221
8038508,1,1,1,10,2024,1,43,5.0,3500000.0,785
8043157,1,2,1,10,2024,2,40,1.0,400000.0,11292
8048639,1,2,1,10,2024,2,63,10.0,1300000.0,24035
8051305,1,2,1,10,2024,2,31,9.0,1300000.0,29832
8056384,1,1,1,10,2024,2,44,8.0,2100000.0,41222
8082280,1,1,1,10,2024,2,56,5.0,320000.0,56378
8076372,1,1,1,10,2024,1,41,3.0,1800000.0,43688
8049013,1,2,1,10,2024,1,21,3.0,400000.0,24763
8043048,1,1,1,10,2024,1,55,3.0,800000.0,11027
8050480,1,1,1,10,2024,2,37,5.0,120000.0,28049
8086674,1,1,1,10,2024,2,51,5.0,200000.0,64288
8046310,1,1,1,10,2024,1,51,10.0,4990000.0,19252
8076837,1,1,1,10,2024,1,32,5.0,1760000.0,44804
8045025,1,1,1,10,2024,2,46,5.0,640000.0,16144
8083906,1,3,1,10,2024,2,52,5.0,960000.0,59980
8051844,1,3,1,10,2024,2,33,8.0,100000.0,31226
8044260,1,4,1,10,2024,2,28,8.0,100000.0,14026
8078994,1,4,1,10,2024,2,15,4.0,600000.0,49624
8051778,1,1,1,10,2024,1,35,5.0,2500000.0,31022
8078572,1,1,1,10,2024,1,33,5.0,1300000.0,48698
8055310,1,4,1,10,2024,2,29,5.0,1800000.0,39144
8080212,1,2,1,10,2024,1,34,8.0,800000.0,52572
8083087,1,4,1,10,2024,1,37,10.0,500000.0,58307
8078203,1,1,1,10,2024,1,65,3.0,100000.0,47868
8076937,1,3,1,10,2024,1,34,5.0,1400000.0,45014
8041589,1,1,1,10,2024,2,48,5.0,1300000.0,7924
8077929,1,2,1,10,2024,2,37,3.0,280000.0,47243
8052898,1,5,1,10,2024,2,22,5.0,1200000.0,33864
8050468,1,4,1,10,2024,2,20,5.0,,28012
8051704,1,2,1,10,2024,1,36,10.0,3000000.0,30826
8083302,1,2,1,10,2024,1,49,4.0,2000000.0,58786
8045952,1,1,1,10,2024,1,55,3.0,195000.0,18324
8053470,1,1,1,10,2024,1,39,8.0,1800000.0,35217
8041688,1,2,1,10,2024,2,30,4.0,1300000.0,8142
8054899,1,3,1,10,2024,2,33,10.0,800000.0,38319
8040123,1,1,1,10,2024,1,41,11.0,4000000.0,4431
8082733,1,1,1,10,2024,1,27,5.0,900000.0,57445
8038953,1,2,1,10,2024,2,69,5.0,800000.0,1902
8055199,1,1,1,10,2024,2,39,10.0,0.0,38921
8040447,1,1,1,10,2024,1,56,3.0,2100000.0,5247
8047488,1,1,1,10,2024,1,25,10.0,800000.0,21706
8047180,1,2,1,10,2024,1,60,10.0,4200000.0,21122
8078704,1,2,1,10,2024,2,54,3.0,1100000.0,48975
8078947,1,1,1,10,2024,1,40,3.0,1350000.0,49508
8044700,1,1,1,10,2024,2,44,3.0,600000.0,15270
8046371,1,5,1,10,2024,1,37,10.0,2500000.0,19404
8083738,1,1,1,10,2024,1,37,9.0,2500000.0,59649
8050538,1,3,1,10,2024,1,54,5.0,1400000.0,28250
8043300,1,2,1,10,2024,2,55,4.0,600000.0,11627
8080224,1,1,1,10,2024,1,51,5.0,800000.0,52617
8082714,1,1,1,10,2024,1,26,5.0,1500000.0,57389
8045595,1,1,1,10,2024,2,64,3.0,350000.0,17696
8045967,1,1,1,10,2024,1,32,5.0,1200000.0,18371
8039054,1,1,1,10,2024,2,47,5.0,900000.0,2160
8076762,1,2,1,10,2024,2,47,3.0,1300000.0,44639
8054683,1,6,1,10,2024,1,29,10.0,1500000.0,37800
8039476,1,1,1,10,2024,2,41,8.0,2500000.0,3121
8078244,1,1,1,10,2024,2,59,3.0,150000.0,47967
8076966,1,4,1,10,2024,1,48,3.0,1400000.0,45058
8083825,1,4,1,10,2024,2,34,5.0,1462000.0,59824
8055876,1,1,1,10,2024,2,53,10.0,2500000.0,40189
8078002,1,1,1,10,2024,1,64,3.0,500000.0,47431
8045305,1,2,1,10,2024,2,49,3.0,1300000.0,16896
8041818,1,2,1,10,2024,1,42,9.0,1600000.0,8333
8044127,1,2,1,10,2024,1,23,6.0,1300000.0,13701
8045368,1,3,1,10,2024,2,41,10.0,1300000.0,17060
8043149,1,1,1,10,2024,2,48,10.0,1000000.0,11269
8040752,1,1,1,10,2024,1,33,5.0,1600000.0,5943
8043090,1,2,1,10,2024,2,28,8.0,1300000.0,11122
8039348,1,1,1,10,2024,1,26,10.0,800000.0,2903
8052517,1,2,1,10,2024,2,16,3.0,400000.0,32986
8047264,1,2,1,10,2024,2,18,4.0,900000.0,21314
8047340,1,1,1,10,2024,2,21,8.0,1300000.0,21462
8047352,1,2,1,10,2024,2,43,8.0,460000.0,21493
8049806,1,1,1,10,2024,1,56,5.0,1300000.0,26412
8047792,1,1,1,10,2024,2,44,3.0,340000.0,22402
8085907,1,2,1,10,2024,2,41,5.0,20000000.0,63043
8055815,1,3,1,10,2024,2,55,10.0,2000000.0,40045
8054768,1,2,1,10,2024,2,50,5.0,300000.0,38020
8056293,1,2,1,10,2024,2,50,10.0,1300000.0,41007
8078334,1,7,1,10,2024,1,18,1.0,800000.0,48205
8046075,1,1,1,10,2024,1,39,5.0,1000000.0,18655
8052827,1,2,1,10,2024,2,26,5.0,1300000.0,33696
8077308,1,1,1,10,2024,1,56,3.0,1300000.0,45954
8038309,1,2,1,10,2024,1,44,9.0,2750000.0,329
8076088,1,1,1,10,2024,1,56,3.0,1800000.0,42967
8040266,1,1,1,10,2024,1,41,5.0,750000.0,4798
8085089,1,1,1,10,2024,1,32,5.0,1300000.0,62591
8055004,1,3,1,10,2024,1,44,10.0,1300000.0,38537
8076291,1,2,1,10,2024,1,53,3.0,1200000.0,43506
8079836,1,1,1,10,2024,1,54,5.0,1300000.0,51710
8046842,1,2,1,10,2024,1,55,12.0,4200000.0,20561
8086122,1,3,1,10,2024,2,20,5.0,1300000.0,63323
8045120,1,1,1,10,2024,1,33,3.0,500000.0,16388
8086677,1,2,1,10,2024,2,26,11.0,2500000.0,64307
8041115,1,2,1,10,2024,1,27,5.0,900000.0,6833
8042460,1,5,1,10,2024,1,21,5.0,200000.0,9861
8046413,1,3,1,10,2024,2,46,5.0,1300000.0,19491
8039166,1,1,1,10,2024,2,45,8.0,1300000.0,2492
8082168,1,1,1,10,2024,2,64,3.0,100000.0,56239
8077201,1,2,1,10,2024,1,23,4.0,1400000.0,45710
8041387,1,1,1,10,2024,2,39,8.0,1500000.0,7432
8081652,1,2,1,10,2024,1,40,4.0,250000.0,55555
8042782,1,3,1,10,2024,2,25,11.0,3000000.0,10525
8040787,1,1,1,10,2024,1,35,10.0,2600000.0,6037
8049865,1,1,1,10,2024,1,49,3.0,1757000.0,26547
8040096,1,1,1,10,2024,1,40,8.0,1800000.0,4356
8051521,1,1,1,10,2024,1,22,3.0,1300000.0,30400
8076451,1,3,1,10,2024,1,34,5.0,400000.0,43882
8079489,1,2,1,10,2024,1,48,5.0,2000000.0,50855
8043805,1,1,1,10,2024,1,51,12.0,11600000.0,12954
8052365,1,3,1,10,2024,1,22,5.0,900000.0,32582
8040146,1,4,1,10,2024,2,68,3.0,350000.0,4496
8056296,1,2,1,10,2024,2,42,1.0,650000.0,41011
8078763,1,4,1,10,2024,1,32,5.0,1800000.0,49117
8040421,1,2,1,10,2024,1,28,4.0,1300000.0,5172
8044962,1,2,1,10,2024,2,53,10.0,200000.0,15948
8046550,1,1,1,10,2024,1,77,3.0,200000.0,19851
8053453,1,1,1,10,2024,2,26,10.0,3000000.0,35186
8038590,1,2,1,10,2024,1,36,5.0,2500000.0,940
8049809,1,2,1,10,2024,1,39,3.0,1000000.0,26420
8056391,1,2,1,10,2024,1,37,3.0,600000.0,41235
8053869,1,1,1,10,2024,2,44,5.0,120000.0,36049
8048088,1,1,1,10,2024,2,36,11.0,2800000.0,23020
8048125,1,1,1,10,2024,1,55,10.0,1500000.0,23108
8046423,1,1,1,10,2024,1,70,10.0,2000000.0,19509
8085081,1,3,1,10,2024,1,18,1.0,750000.0,62578
8043479,1,2,1,10,2024,2,66,8.0,2200000.0,12088
8040262,1,1,1,10,2024,1,26,8.0,1300000.0,4792
8075579,1,3,1,10,2024,1,23,5.0,1300000.0,41478
8082990,1,1,1,10,2024,1,26,9.0,1300000.0,58051
8042693,1,1,1,10,2024,1,47,8.0,2500000.0,10328
8054154,1,1,1,10,2024,2,42,6.0,700000.0,36607
8038521,1,2,1,10,2024,1,33,4.0,400000.0,819
8084552,1,3,1,10,2024,2,26,8.0,1300000.0,61415
8048489,1,3,1,10,2024,1,25,8.0,1700000.0,23781
8052217,1,3,1,10,2024,1,22,5.0,900000.0,32134
8083668,1,3,1,10,2024,1,30,10.0,1200000.0,59513
8053613,1,1,1,10,2024,1,27,9.0,1400000.0,35532
8079821,1,2,1,10,2024,1,36,10.0,3200000.0,51665
8080956,1,3,1,10,2024,1,15,4.0,1000000.0,54108
8084010,1,1,1,10,2024,2,55,4.0,1300000.0,60221
8042128,1,2,1,10,2024,2,42,3.0,250000.0,9120
8086333,1,1,1,10,2024,1,61,9.0,3000000.0,63477
8054364,1,1,1,10,2024,2,49,4.0,700000.0,37095
8040100,1,4,1,10,2024,1,48,3.0,350000.0,4370
8077150,1,1,1,10,2024,1,52,3.0,800000.0,45570
8049036,1,1,1,10,2024,2,38,5.0,1000000.0,24796
8053575,1,4,1,10,2024,2,30,3.0,500000.0,35429
8041440,1,2,1,10,2024,2,34,8.0,400000.0,7570
8053404,1,2,1,10,2024,2,60,10.0,2500000.0,35133
8056350,1,1,1,10,2024,1,35,5.0,1300000.0,41129
8048129,1,1,1,10,2024,2,47,4.0,320000.0,23126
8080069,1,2,1,10,2024,2,38,3.0,1040000.0,52186
8046511,1,7,1,10,2024,1,33,11.0,1300000.0,19733
8047856,1,1,1,10,2024,2,53,3.0,500000.0,22542
8084306,1,2,1,10,2024,2,43,9.0,2268000.0,60923
8051958,1,3,1,10,2024,2,26,10.0,5000000.0,31511
8042396,1,1,1,10,2024,1,62,10.0,2000000.0,9715
8086483,1,1,1,10,2024,1,55,3.0,1000000.0,63781
8075695,1,1,1,10,2024,1,50,4.0,1650000.0,41838
8086002,1,1,1,10,2024,2,53,10.0,3000000.0,63179
8049816,1,1,1,10,2024,2,26,10.0,5000000.0,26434
8048678,1,3,1,10,2024,2,21,5.0,1300000.0,24101
8046709,1,1,1,10,2024,2,36,5.0,1300000.0,20257
8044998,1,2,1,10,2024,1,72,4.0,800000.0,16056
8079636,1,3,1,10,2024,1,39,4.0,1300000.0,51093
8046782,1,1,1,10,2024,2,29,10.0,2400000.0,20426
8081405,1,1,1,10,2024,2,43,4.0,750000.0,55084
8080618,1,1,1,10,2024,1,43,10.0,2000000.0,53437
8045446,1,2,1,10,2024,2,40,5.0,750000.0,17286
8054572,1,1,1,10,2024,2,26,10.0,3000000.0,37546
8044246,1,4,1,10,2024,1,8,3.0,,13964
8045665,1,1,1,10,2024,1,43,3.0,1365000.0,17882
8043972,1,2,1,10,2024,1,48,3.0,500000.0,13369
8048253,1,1,1,10,2024,1,36,5.0,2000000.0,23377
8080536,1,2,1,10,2024,2,57,5.0,1600000.0,53265
8042513,1,1,1,10,2024,2,42,3.0,560000.0,9983
8050778,1,2,1,10,2024,2,29,9.0,750000.0,28808
8048566,1,2,1,10,2024,2,44,4.0,1000000.0,23932
8075976,1,1,1,10,2024,2,28,5.0,1300000.0,42635
8038435,1,1,1,10,2024,1,66,3.0,100000.0,653
8047357,1,1,1,10,2024,2,48,3.0,300000.0,21505
8078900,1,2,1,10,2024,1,49,5.0,2500000.0,49397
8077583,1,2,1,10,2024,1,58,5.0,2450000.0,46541
8079347,1,1,1,10,2024,2,49,3.0,500000.0,50538
8044818,1,1,1,10,2024,1,43,5.0,700000.0,15561
8054582,1,2,1,10,2024,2,41,5.0,800000.0,37552
8084810,1,1,1,10,2024,2,42,11.0,3800000.0,61953
8042367,1,1,1,10,2024,1,58,11.0,7650000.0,9649
8077444,1,1,1,10,2024,2,50,5.0,400000.0,46260
8084391,1,1,1,10,2024,1,39,3.0,1400000.0,61117
8084493,2,2,2,10,2024,2,53,8.0,500000.0,61304
8040207,1,1,1,10,2024,1,46,3.0,1000000.0,4664
8050023,1,3,1,10,2024,2,26,10.0,1440000.0,26922
8051848,1,4,1,10,2024,1,25,5.0,550000.0,31244
8082012,1,1,1,10,2024,2,48,3.0,985000.0,55977
8051478,1,1,1,10,2024,1,65,8.0,1000000.0,30296
8040563,1,1,1,10,2024,2,45,12.0,5000000.0,5521
8053321,1,1,1,10,2024,1,57,10.0,3000000.0,34889
8076733,1,3,1,10,2024,2,21,9.0,400000.0,44564
8043520,1,1,1,10,2024,2,52,8.0,350000.0,12229
8078469,1,1,1,10,2024,1,62,1.0,1200000.0,48491
8054103,1,1,1,10,2024,1,35,9.0,3000000.0,36495
8050213,1,1,1,10,2024,2,29,9.0,1900000.0,27369
8049289,1,2,1,10,2024,1,62,4.0,1500000.0,25285
8080098,1,1,1,10,2024,2,57,5.0,600000.0,52271
8050350,1,1,1,10,2024,1,61,4.0,1200000.0,27722
8054562,1,2,1,10,2024,2,23,5.0,1462000.0,37534
8038816,1,3,1,10,2024,2,26,11.0,3000000.0,1560
8076906,1,1,1,10,2024,2,38,5.0,1200000.0,44941
8050439,1,3,1,10,2024,1,25,5.0,1200000.0,27935
8053797,1,1,1,10,2024,2,42,9.0,3700000.0,35897
8053839,1,2,1,10,2024,2,50,8.0,2000000.0,35986
8038355,1,2,1,10,2024,2,24,5.0,2000000.0,450
8051533,1,1,1,10,2024,1,61,9.0,3000000.0,30427
8048863,1,1,1,10,2024,2,49,11.0,4000000.0,24466
8051363,1,2,1,10,2024,2,55,3.0,500000.0,29996
8046527,1,1,1,10,2024,1,34,5.0,700000.0,19784
8054330,1,1,1,10,2024,1,23,10.0,1660000.0,37024
8083299,1,2,1,10,2024,1,43,5.0,600000.0,58778
8042625,1,1,1,10,2024,2,27,3.0,350000.0,10194
8086596,1,1,1,10,2024,2,51,3.0,800000.0,64097
8039348,1,4,1,10,2024,1,19,6.0,300000.0,2906
8049372,1,1,1,10,2024,1,40,5.0,700000.0,25450
8050020,1,2,1,10,2024,2,36,5.0,150000.0,26913
8039231,1,1,1,10,2024,1,44,5.0,1300000.0,2648
8079860,1,4,1,10,2024,1,32,5.0,1300000.0,51764
8047367,1,3,1,10,2024,2,26,12.0,1000000.0,21528
8050865,1,2,1,10,2024,2,48,10.0,1000000.0,29041
8048517,1,4,1,10,2024,2,48,6.0,1300000.0,23835
8052894,1,2,1,10,2024,1,33,10.0,1300000.0,33849
8052239,1,1,1,10,2024,2,23,4.0,150000.0,32206
8048889,1,3,1,10,2024,2,41,8.0,1500000.0,24526
8042471,1,1,1,10,2024,1,40,3.0,800000.0,9885
8051072,1,1,1,10,2024,2,26,4.0,300000.0,29610
8045719,1,1,1,10,2024,1,57,3.0,1000000.0,18014
8039746,1,2,1,10,2024,2,37,5.0,700000.0,3645
8085746,1,1,1,10,2024,2,40,10.0,4255000.0,62773
8041061,1,3,1,10,2024,1,57,3.0,1800000.0,6702
8078498,1,2,1,10,2024,2,50,3.0,200000.0,48545
8054859,1,1,1,10,2024,2,47,3.0,600000.0,38224
8083417,1,1,1,10,2024,1,25,8.0,1400000.0,59021
8053830,1,1,1,10,2024,1,56,4.0,1500000.0,35970
8043034,1,1,1,10,2024,2,63,1.0,1000000.0,10985
8050810,1,1,1,10,2024,1,35,8.0,2800000.0,28897
8082980,1,1,1,10,2024,2,49,8.0,1600000.0,58043
8055921,1,1,1,10,2024,1,29,5.0,1750000.0,40272
8038388,1,2,1,10,2024,2,51,10.0,3100000.0,542
8047485,1,1,1,10,2024,1,76,1.0,250000.0,21704
8051931,1,2,1,10,2024,2,20,10.0,1350000.0,31436
8081638,1,5,1,10,2024,1,26,5.0,2400000.0,55522
8082590,1,1,1,10,2024,2,30,5.0,1050000.0,57067
8076838,1,1,1,10,2024,1,55,3.0,1450000.0,44806
8079885,1,3,1,10,2024,1,21,5.0,150000.0,51855
8049390,1,8,1,10,2024,2,30,10.0,1400000.0,25498
8048471,1,3,1,10,2024,1,34,4.0,1300000.0,23744
8047660,1,3,1,10,2024,1,22,8.0,1462000.0,22084
8083355,1,1,1,10,2024,2,54,12.0,6570740.0,58915
8050327,1,1,1,10,2024,1,52,4.0,600000.0,27630
8050896,1,2,1,10,2024,2,41,11.0,4440000.0,29127
8041573,1,1,1,10,2024,2,22,5.0,350000.0,7884
8049262,1,3,1,10,2024,1,43,5.0,950000.0,25220
8054684,1,1,1,10,2024,2,68,11.0,1300000.0,37803
8049712,1,2,1,10,2024,1,35,6.0,1300000.0,26152
8051244,1,1,1,10,2024,2,59,4.0,1650000.0,29665
8086606,1,2,1,10,2024,2,38,8.0,1300000.0,64124
8077235,1,2,1,10,2024,1,19,5.0,708000.0,45792
8043242,1,2,1,10,2024,2,49,10.0,700000.0,11469
8041531,1,9,1,10,2024,2,27,4.0,1080000.0,7794
8054881,1,1,1,10,2024,2,45,5.0,600000.0,38276
8054933,1,1,1,10,2024,1,62,5.0,2000000.0,38389
8046899,1,1,1,10,2024,2,30,10.0,1300000.0,20693
8080331,1,2,1,10,2024,2,44,8.0,1400000.0,52878
8039411,1,1,1,10,2024,2,73,1.0,1230000.0,3007
8050801,1,3,1,10,2024,2,27,10.0,1300000.0,28867
8080309,1,1,1,10,2024,1,34,10.0,2200000.0,52822
8076285,1,2,1,10,2024,2,52,5.0,400000.0,43489
8083639,1,1,1,10,2024,1,57,12.0,7600000.0,59463
8043791,1,1,1,10,2024,1,32,3.0,900000.0,12919
8038828,1,1,1,10,2024,1,40,10.0,4000000.0,1588
8054940,1,1,1,10,2024,1,47,3.0,1500000.0,38407
8076028,1,2,1,10,2024,1,61,1.0,1300000.0,42794
8055420,1,2,1,10,2024,1,38,5.0,2000000.0,39357
8051558,1,1,1,10,2024,1,61,9.0,3000000.0,30477
8077729,1,1,1,10,2024,2,68,3.0,480000.0,46834
8047920,1,1,1,10,2024,1,29,3.0,1000000.0,22689
8050697,1,2,1,10,2024,2,27,5.0,700000.0,28616
8040827,1,4,1,10,2024,2,28,8.0,1000000.0,6111
8042104,1,1,1,10,2024,1,46,5.0,1200000.0,9037
8042809,1,1,1,10,2024,1,41,8.0,3800000.0,10603
8075657,1,1,1,10,2024,1,58,3.0,1500000.0,41741
8042169,1,2,1,10,2024,2,44,5.0,400000.0,9223
8053310,1,2,1,10,2024,2,49,5.0,700000.0,34853
8047872,1,1,1,10,2024,1,44,10.0,2500000.0,22588
8052235,1,2,1,10,2024,1,75,1.0,360000.0,32194
8082588,1,1,1,10,2024,2,35,5.0,1300000.0,57063
8050275,1,2,1,10,2024,1,29,10.0,1200000.0,27524
8086418,1,1,1,10,2024,1,61,9.0,3000000.0,63637
8078035,1,1,1,10,2024,2,55,1.0,2000000.0,47506
8055702,1,1,1,10,2024,2,38,10.0,3000000.0,39865
8038199,1,1,1,10,2024,1,37,3.0,1200000.0,38
8077224,1,1,1,10,2024,2,56,3.0,1980000.0,45759
8050462,1,1,1,10,2024,1,45,10.0,3800000.0,27990
8042685,1,2,1,10,2024,2,35,8.0,1300000.0,10308
8080914,1,1,1,10,2024,1,28,5.0,1300000.0,54000
8043092,1,2,1,10,2024,1,35,5.0,640000.0,11128
8048711,1,4,1,10,2024,1,44,5.0,1800000.0,24176
8077581,1,4,1,10,2024,2,33,10.0,2500000.0,46536
8046308,1,1,1,10,2024,2,38,10.0,1300000.0,19246
8079960,1,2,1,10,2024,2,21,8.0,1300000.0,51975
8045426,1,1,1,10,2024,1,40,10.0,15000000.0,17227
8053399,1,4,1,10,2024,1,40,5.0,300000.0,35124
8076932,1,1,1,10,2024,2,36,8.0,1530000.0,44994
8040518,1,2,1,10,2024,1,52,5.0,1300000.0,5416
8052972,1,1,1,10,2024,2,34,10.0,600000.0,34071
8044909,1,1,1,10,2024,2,45,3.0,800000.0,15818
8050814,1,1,1,10,2024,1,50,10.0,1300000.0,28909
8055076,1,1,1,10,2024,2,49,5.0,600000.0,38712
8078112,1,2,1,10,2024,2,38,5.0,200000.0,47654
8085978,1,2,1,10,2024,1,22,1.0,480000.0,63130
8084221,1,1,1,10,2024,1,43,5.0,1400000.0,60738
8083723,1,2,1,10,2024,2,51,10.0,800000.0,59623
8048401,1,2,1,10,2024,1,60,9.0,2400000.0,23616
8041854,1,2,1,10,2024,2,54,5.0,300000.0,8437
8049194,1,1,1,10,2024,1,48,10.0,4800000.0,25088
8050016,1,2,1,10,2024,2,23,10.0,1300000.0,26903
8084872,1,1,1,10,2024,1,32,4.0,1500000.0,62101
8054002,1,1,1,10,2024,2,37,4.0,112000.0,36305
8083977,1,2,1,10,2024,1,44,5.0,1700000.0,60124
8055003,1,2,1,10,2024,2,32,10.0,100000.0,38531
8043543,1,3,1,10,2024,1,26,8.0,1500000.0,12284
8038596,1,1,1,10,2024,1,70,4.0,140000.0,950
8040998,1,2,1,10,2024,1,34,3.0,1000000.0,6539
8054682,1,1,1,10,2024,2,73,4.0,150000.0,37794
8044004,1,1,1,10,2024,1,30,8.0,1300000.0,13420
8040317,1,1,1,10,2024,1,60,3.0,500000.0,4938
8054145,1,3,1,10,2024,1,46,11.0,1500000.0,36590
8084919,1,1,1,10,2024,2,47,3.0,400000.0,62203
8080644,1,2,1,10,2024,1,24,5.0,1600000.0,53498
8076375,1,2,1,10,2024,1,47,3.0,1300000.0,43698
8082974,1,2,1,10,2024,2,56,5.0,1000000.0,58027
8042891,1,3,1,10,2024,1,32,3.0,1600000.0,10766
8048888,1,2,1,10,2024,2,57,10.0,3000000.0,24522
8051621,1,2,1,10,2024,2,35,11.0,4400000.0,30622
8047333,1,2,1,10,2024,2,45,11.0,5600000.0,21455
8055420,1,1,1,10,2024,1,79,6.0,2000000.0,39356
8053043,1,1,1,10,2024,2,42,10.0,5800000.0,34302
8044415,1,3,1,10,2024,2,35,10.0,1350000.0,14475
8046788,1,1,1,10,2024,1,44,5.0,1300000.0,20437
8045925,1,1,1,10,2024,1,23,4.0,1350000.0,18242
8044622,1,4,1,10,2024,2,19,8.0,1300000.0,15057
8056217,1,2,1,10,2024,2,48,5.0,1300000.0,40837
8048677,1,2,1,10,2024,1,64,10.0,2600000.0,24096
8052288,1,4,1,10,2024,2,26,10.0,2800000.0,32350
8039910,1,2,1,10,2024,2,61,7.0,3100000.0,3963
8041454,1,3,1,10,2024,2,26,5.0,1300000.0,7601
8055008,1,1,1,10,2024,2,52,5.0,1300000.0,38546
8038530,1,8,1,10,2024,1,43,3.0,1300000.0,845
8040400,1,2,1,10,2024,2,34,4.0,1168800.0,5119
8038652,1,1,1,10,2024,2,24,10.0,1800000.0,1090
8052895,1,3,1,10,2024,1,21,5.0,400000.0,33852
8079591,1,3,1,10,2024,2,64,8.0,4250000.0,51028
8044199,1,1,1,10,2024,1,67,3.0,200000.0,13870
8052826,1,1,1,10,2024,1,42,5.0,1300000.0,33689
8052888,1,1,1,10,2024,1,45,5.0,600000.0,33829
8082451,1,1,1,10,2024,2,59,3.0,1200000.0,56731
8052443,1,1,1,10,2024,1,61,3.0,1300000.0,32801
8083587,1,1,1,10,2024,2,43,9.0,1500000.0,59371
8053358,1,3,1,10,2024,1,46,5.0,1300000.0,34991
8045426,1,2,1,10,2024,2,37,10.0,1300000.0,17228
8053136,1,2,1,10,2024,1,36,11.0,6700000.0,34458
8075645,1,3,1,10,2024,2,21,4.0,1100000.0,41712
8052596,1,2,1,10,2024,2,51,3.0,1200000.0,33202
8046874,1,1,1,10,2024,1,52,6.0,1700000.0,20621
8051461,1,1,1,10,2024,1,42,11.0,3500000.0,30255
8038942,1,3,1,10,2024,2,17,5.0,100000.0,1886
8085767,1,2,1,10,2024,2,55,3.0,240000.0,62811
8042505,1,2,1,10,2024,1,54,10.0,6000000.0,9963
8047062,1,3,1,10,2024,2,32,8.0,1600000.0,20915
8082537,1,1,1,10,2024,2,54,10.0,3000000.0,56933
8050483,1,1,1,10,2024,2,32,3.0,1300000.0,28058
8048265,1,1,1,10,2024,1,60,8.0,3800000.0,23392
8054219,1,1,1,10,2024,1,41,4.0,1080000.0,36765
8053044,1,1,1,10,2024,2,51,5.0,2000000.0,34303
8046147,1,1,1,10,2024,2,43,3.0,1100000.0,18811
8051395,1,1,1,10,2024,1,71,3.0,400000.0,30076
8082296,1,1,1,10,2024,1,53,5.0,2000000.0,56410
8076747,1,2,1,10,2024,1,26,9.0,1362000.0,44603
8050873,1,1,1,10,2024,2,47,5.0,2000000.0,29060
8079443,1,1,1,10,2024,1,29,9.0,1601000.0,50764
8084385,1,1,1,10,2024,1,58,10.0,2600000.0,61099
8078135,1,1,1,10,2024,1,67,1.0,448000.0,47697
8045387,1,2,1,10,2024,1,30,10.0,1300000.0,17110
8042467,1,2,1,10,2024,1,43,3.0,1200000.0,9876
8075959,1,1,1,10,2024,1,63,3.0,300000.0,42575
8084198,1,3,1,10,2024,2,16,4.0,170000.0,60684
8054707,1,3,1,10,2024,2,49,5.0,1000000.0,37848
8039945,2,1,2,10,2024,2,62,3.0,750000.0,4065
8055153,1,2,1,10,2024,1,25,5.0,2000000.0,38821
8084853,1,3,1,10,2024,2,33,10.0,3200000.0,62060
8045754,1,1,1,10,2024,2,41,8.0,3000000.0,18105
8043513,1,1,1,10,2024,2,47,8.0,1400000.0,12210
8042834,1,3,1,10,2024,2,25,5.0,1300000.0,10644
8041552,1,2,1,10,2024,2,48,5.0,300000.0,7833
8051906,1,2,1,10,2024,2,28,5.0,800000.0,31381
8052638,1,2,1,10,2024,2,61,5.0,1500000.0,33309
8041867,1,3,1,10,2024,1,35,6.0,1200000.0,8475
8039950,1,1,1,10,2024,2,42,4.0,460000.0,4070
8040649,1,2,1,10,2024,1,37,3.0,2400000.0,5716
8081715,1,2,1,10,2024,2,23,5.0,1200000.0,55647
8080483,1,1,1,10,2024,2,17,5.0,1000000.0,53167
8050466,1,1,1,10,2024,2,53,4.0,600000.0,28004
8052121,1,1,1,10,2024,2,45,8.0,2000000.0,31907
8044136,1,6,1,10,2024,2,30,8.0,1694000.0,13728
8085759,1,1,1,10,2024,2,28,5.0,600000.0,62793
8055528,1,1,1,10,2024,1,30,5.0,1000000.0,39506
8050651,1,3,1,10,2024,1,24,10.0,1800000.0,28521
8039477,1,2,1,10,2024,2,32,10.0,1300000.0,3124
8075641,1,5,1,10,2024,1,25,5.0,800000.0,41696
8081045,1,1,1,10,2024,1,29,4.0,800000.0,54295
8053546,1,2,1,10,2024,2,34,10.0,3500000.0,35357
8047950,1,1,1,10,2024,1,80,11.0,8000000.0,22730
8079678,1,1,1,10,2024,2,37,5.0,1450000.0,51197
8076161,1,2,1,10,2024,1,55,1.0,452000.0,43178
8047505,1,3,1,10,2024,2,24,9.0,300000.0,21738
8041807,1,1,1,10,2024,1,21,6.0,1000000.0,8316
8075954,1,1,1,10,2024,2,25,1.0,180000.0,42553
8044880,1,1,1,10,2024,1,53,4.0,150000.0,15742
8075762,1,2,1,10,2024,1,50,1.0,600000.0,42004
8086545,1,4,1,10,2024,2,22,5.0,1300000.0,63939
8048115,1,2,1,10,2024,2,43,5.0,1300000.0,23078
8052406,1,2,1,10,2024,1,69,5.0,800000.0,32719
8044446,1,1,1,10,2024,1,60,5.0,1300000.0,14566
8050081,1,3,1,10,2024,2,32,1.0,500000.0,27070
8053825,1,3,1,10,2024,2,29,5.0,1300000.0,35962
8043474,1,1,1,10,2024,1,33,5.0,800000.0,12069
8077368,1,1,1,10,2024,2,24,10.0,1300000.0,46096
8042087,1,2,1,10,2024,2,42,8.0,1500000.0,8993
8082536,1,2,1,10,2024,1,37,8.0,1000000.0,56929
8084642,1,2,1,10,2024,1,36,5.0,1500000.0,61575
8038925,1,2,1,10,2024,2,32,12.0,15000000.0,1835
8039302,1,3,1,10,2024,2,40,8.0,1100000.0,2835
8044254,1,1,1,10,2024,1,69,3.0,150000.0,13995
8039400,1,2,1,10,2024,2,37,5.0,1600000.0,2979
8043370,1,2,1,10,2024,2,19,6.0,1300000.0,11805
8079494,1,3,1,10,2024,2,29,5.0,1300000.0,50866
8082570,1,2,1,10,2024,2,51,9.0,2000000.0,57011
8077127,1,2,1,10,2024,1,24,10.0,750000.0,45511
8078565,1,2,1,10,2024,2,36,3.0,700000.0,48682
8080403,1,1,1,10,2024,1,37,10.0,3000000.0,53074
8078028,1,6,1,10,2024,2,27,5.0,600000.0,47493
8083837,1,3,1,10,2024,1,60,3.0,1200000.0,59848
8081047,1,1,1,10,2024,2,39,3.0,400000.0,54302
8045794,1,1,1,10,2024,2,29,10.0,5600000.0,18195
8078246,1,1,1,10,2024,1,36,5.0,2000000.0,47969
8075679,1,1,1,10,2024,2,45,5.0,1200000.0,41796
8046765,1,2,1,10,2024,2,38,5.0,1200000.0,20397
8053560,1,8,1,10,2024,2,26,3.0,400000.0,35384
8038325,1,1,1,10,2024,2,59,8.0,3165000.0,376
8080858,1,1,1,10,2024,1,40,8.0,3500000.0,53897
8043651,1,1,1,10,2024,1,69,1.0,200000.0,12546
8077079,1,2,1,10,2024,1,40,10.0,1700000.0,45363
8054490,1,1,1,10,2024,2,33,4.0,1300000.0,37385
8049092,1,1,1,10,2024,2,42,5.0,270000.0,24903
8055701,1,1,1,10,2024,2,28,10.0,4000000.0,39864
8055190,1,1,1,10,2024,1,33,5.0,2900000.0,38906
8082635,1,1,1,10,2024,1,22,5.0,1000000.0,57162
8043122,1,2,1,10,2024,2,54,6.0,1400000.0,11195
8082100,1,1,1,10,2024,2,65,5.0,1300000.0,56102
8047778,1,1,1,10,2024,1,19,8.0,1000000.0,22358
8050497,1,3,1,10,2024,1,24,10.0,600000.0,28112
8043560,1,1,1,10,2024,1,54,11.0,20000000.0,12304
8050327,1,3,1,10,2024,2,29,8.0,300000.0,27632
8040334,1,5,1,10,2024,1,41,5.0,1000000.0,4979
8082312,1,2,1,10,2024,1,36,5.0,1500000.0,56447
8081207,1,2,1,10,2024,2,49,10.0,1200000.0,54567
8047119,1,1,1,10,2024,1,32,9.0,1500000.0,21015
8055129,1,4,1,10,2024,1,32,5.0,0.0,38760
8055389,1,1,1,10,2024,2,51,8.0,1800000.0,39312
8082094,1,2,1,10,2024,1,53,1.0,0.0,56085
8050815,1,1,1,10,2024,2,44,10.0,1000000.0,28913
8080868,1,2,1,10,2024,2,36,8.0,1350000.0,53912
8085009,1,2,1,10,2024,2,28,5.0,4000000.0,62424
8054659,1,1,1,10,2024,2,26,5.0,1500000.0,37745
8049784,1,2,1,10,2024,2,32,10.0,2500000.0,26357
8047189,1,1,1,10,2024,2,35,5.0,500000.0,21147
8040440,1,1,1,10,2024,1,23,8.0,1300000.0,5228
8046039,1,1,1,10,2024,2,47,3.0,1000000.0,18555
8055007,1,1,1,10,2024,1,61,6.0,2000000.0,38543
8039061,1,1,1,10,2024,1,57,4.0,1300000.0,2175
8041438,1,1,1,10,2024,2,35,12.0,3100000.0,7564
8083452,1,1,1,10,2024,1,45,8.0,1800000.0,59104
8050549,1,1,1,10,2024,2,57,5.0,580000.0,28277
8041473,1,4,1,10,2024,1,21,5.0,1300000.0,7652
8048135,1,2,1,10,2024,2,38,8.0,100000.0,23143
8079941,1,3,1,10,2024,1,42,9.0,2000000.0,51953
8046400,1,1,1,10,2024,2,48,10.0,2600000.0,19461
8052198,1,1,1,10,2024,2,57,8.0,1300000.0,32083
8084409,1,1,1,10,2024,2,22,6.0,2000000.0,61153
8040116,1,1,1,10,2024,2,37,4.0,1000000.0,4416
8084657,1,2,1,10,2024,2,50,3.0,640000.0,61624
8049233,1,1,1,10,2024,1,47,4.0,1000000.0,25154
8077981,1,5,1,10,2024,1,82,1.0,300000.0,47376
8051969,1,1,1,10,2024,2,30,8.0,6000000.0,31532
8052530,1,1,1,10,2024,1,50,3.0,1200000.0,33020
8038743,1,2,1,10,2024,2,43,10.0,3500000.0,1374
8039075,1,1,1,10,2024,2,61,3.0,250000.0,2215
8078031,1,1,1,10,2024,1,55,5.0,1000000.0,47500
8078282,3,1,3,10,2024,2,18,4.0,1000000.0,48063
8046413,1,2,1,10,2024,1,43,8.0,1300000.0,19490
8043577,1,2,1,10,2024,2,24,5.0,1650000.0,12348
8079577,1,2,1,10,2024,2,29,10.0,4000000.0,51002
8048930,1,2,1,10,2024,2,35,5.0,1200000.0,24614
8044804,1,1,1,10,2024,1,53,6.0,1400000.0,15510
8076407,1,2,1,10,2024,2,36,9.0,250000.0,43780
8039818,1,2,1,10,2024,2,30,5.0,1300000.0,3777
8039453,1,3,1,10,2024,1,43,6.0,1300000.0,3078
8083552,1,2,1,10,2024,2,50,10.0,5000000.0,59291
8040043,1,2,1,10,2024,2,44,8.0,1250000.0,4249
8044261,1,2,1,10,2024,1,46,5.0,900000.0,14029
8054107,1,5,1,10,2024,2,33,8.0,1800000.0,36504
8076278,1,1,1,10,2024,2,48,4.0,480000.0,43475
8040853,1,2,1,10,2024,1,23,5.0,1300000.0,6192
8038320,1,3,1,10,2024,2,25,10.0,1300000.0,360
8040049,1,1,1,10,2024,2,57,6.0,700000.0,4262
8054959,1,2,1,10,2024,1,32,10.0,4500000.0,38441
8040549,1,2,1,10,2024,2,53,10.0,2800000.0,5475
8044406,1,2,1,10,2024,2,38,5.0,900000.0,14445
8051897,1,2,1,10,2024,1,59,5.0,2000000.0,31359
8042120,1,6,1,10,2024,1,31,4.0,1100000.0,9080
8078320,1,1,1,10,2024,2,25,5.0,1120000.0,48159
8054339,1,2,1,10,2024,2,32,10.0,1300000.0,37042
8084618,1,3,1,10,2024,2,20,10.0,1300000.0,61515
8050345,1,1,1,10,2024,2,44,5.0,400000.0,27701
8047479,1,1,1,10,2024,2,64,6.0,250000.0,21684
8042079,1,2,1,10,2024,2,38,3.0,200000.0,8978
8039295,1,1,1,10,2024,1,48,5.0,1300000.0,2809
8083712,1,1,1,10,2024,2,39,5.0,1300000.0,59598
8050413,1,2,1,10,2024,2,31,10.0,2500000.0,27871
8054479,1,2,1,10,2024,1,39,10.0,4000000.0,37362
8042192,1,2,1,10,2024,1,46,10.0,2000000.0,9293
8084365,1,3,1,10,2024,1,35,10.0,1300000.0,61058
8076060,1,1,1,10,2024,2,70,3.0,5500000.0,42887
8077287,1,1,1,10,2024,2,34,8.0,1300000.0,45926
8043346,1,3,1,10,2024,1,38,9.0,1300000.0,11753
8083842,1,1,1,10,2024,2,30,5.0,1300000.0,59860
8043145,1,1,1,10,2024,1,24,4.0,1800000.0,11254
8044995,1,1,1,10,2024,2,43,8.0,1300000.0,16044
8049863,1,1,1,10,2024,1,33,5.0,1300000.0,26540
8086708,1,1,1,10,2024,1,23,4.0,900000.0,64361
8042080,1,2,1,10,2024,1,66,5.0,1000000.0,8980
8045781,1,1,1,10,2024,1,35,5.0,1600000.0,18166
8046923,1,1,1,10,2024,2,44,12.0,6800000.0,20749
8050946,1,4,1,10,2024,2,27,5.0,1300000.0,29272
8050752,1,3,1,10,2024,2,26,10.0,2400000.0,28742
8056293,1,3,1,10,2024,1,55,6.0,1300000.0,41008
8082609,1,2,1,10,2024,2,37,5.0,900000.0,57094
8053664,1,1,1,10,2024,1,55,10.0,5000000.0,35636
8077901,1,1,1,10,2024,1,45,3.0,540000.0,47166
8052768,1,1,1,10,2024,1,26,5.0,700000.0,33548
8043864,1,3,1,10,2024,1,28,12.0,2500000.0,13078
8044940,1,3,1,10,2024,1,24,11.0,2500000.0,15893
8042995,1,3,1,10,2024,1,48,3.0,800000.0,10903
8040119,1,1,1,10,2024,1,63,4.0,2000000.0,4426
8075592,1,2,1,10,2024,2,39,5.0,950000.0,41516
8083272,1,1,1,10,2024,2,28,8.0,1500000.0,58716
8053905,1,2,1,10,2024,2,39,4.0,2000000.0,36110
8042469,1,3,1,10,2024,2,30,5.0,1742000.0,9883
8049102,1,1,1,10,2024,2,32,10.0,3500000.0,24922
8052610,1,1,1,10,2024,2,39,3.0,400000.0,33239
8047034,1,3,1,10,2024,2,30,10.0,2500000.0,20867
8082483,1,2,1,10,2024,1,38,4.0,250000.0,56813
8052340,1,3,1,10,2024,2,39,5.0,600000.0,32504
8055818,1,1,1,10,2024,2,47,4.0,200000.0,40052
8041901,1,1,1,10,2024,2,37,11.0,3000000.0,8557
8077624,1,2,1,10,2024,2,44,5.0,790000.0,46617
8038374,1,3,1,10,2024,1,30,5.0,1300000.0,508
8077807,1,2,1,10,2024,2,36,11.0,3000000.0,47000
8055011,1,3,1,10,2024,2,41,3.0,200000.0,38559
8041245,1,1,1,10,2024,2,53,12.0,8800000.0,7157
8045433,1,2,1,10,2024,1,49,5.0,1100000.0,17248
8080690,1,1,1,10,2024,2,26,4.0,1500000.0,53591
8042305,1,1,1,10,2024,2,37,5.0,1500000.0,9520
8054343,1,2,1,10,2024,2,46,8.0,0.0,37050
8046072,1,2,1,10,2024,2,49,8.0,1800000.0,18646
8086682,1,1,1,10,2024,2,24,10.0,1800000.0,64319
8078181,1,2,1,10,2024,1,34,5.0,1600000.0,47815
8051599,1,1,1,10,2024,1,62,5.0,3500000.0,30566
8054295,1,2,1,10,2024,2,40,10.0,1300000.0,36918
8077131,1,1,1,10,2024,2,56,9.0,600000.0,45516
8043128,1,1,1,10,2024,1,36,4.0,2000000.0,11213
8080788,1,1,1,10,2024,2,27,10.0,300000.0,53756
8052041,1,1,1,10,2024,2,58,3.0,800000.0,31689
8041243,1,3,1,10,2024,1,42,9.0,1756000.0,7155
8038446,1,2,1,10,2024,2,67,8.0,4000000.0,675
8044770,1,2,1,10,2024,2,36,9.0,2000000.0,15426
8081085,1,1,1,10,2024,2,25,5.0,600000.0,54376
8045300,1,3,1,10,2024,1,21,5.0,1360000.0,16885
8044646,1,1,1,10,2024,2,30,5.0,1300000.0,15124
8081500,1,1,1,10,2024,1,35,5.0,1600000.0,55293
8051908,1,1,1,10,2024,2,51,5.0,700000.0,31382
8049237,1,2,1,10,2024,1,24,3.0,1400000.0,25168
8048158,1,1,1,10,2024,1,33,11.0,7000000.0,23209
8079768,1,2,1,10,2024,2,32,8.0,1350000.0,51510
8053844,1,1,1,10,2024,2,44,5.0,1540000.0,35996
8050321,1,2,1,10,2024,2,54,3.0,750000.0,27607
8044790,1,1,1,10,2024,1,62,1.0,1300000.0,15471
8052408,1,1,1,10,2024,1,58,4.0,667000.0,32723
8050993,1,1,1,10,2024,2,49,10.0,2500000.0,29417
8084188,1,2,1,10,2024,1,55,5.0,1100000.0,60660
8084623,1,1,1,10,2024,2,26,9.0,950000.0,61525
8078946,1,1,1,10,2024,2,65,3.0,1500000.0,49507
8050435,1,1,1,10,2024,2,58,8.0,1600000.0,27924
8038342,1,5,1,10,2024,2,41,10.0,2900000.0,416
8054344,1,1,1,10,2024,2,46,5.0,500000.0,37051
8079734,1,1,1,10,2024,1,65,3.0,1200000.0,51356
8039090,1,1,1,10,2024,2,38,8.0,500000.0,2266
8050554,1,1,1,10,2024,2,48,5.0,920000.0,28293
8038458,1,1,1,10,2024,2,53,9.0,1900000.0,683
8050134,1,2,1,10,2024,2,38,8.0,1300000.0,27174
8054424,1,4,1,10,2024,1,37,4.0,900000.0,37234
8054429,1,1,1,10,2024,1,47,5.0,1020000.0,37253
8045686,1,3,1,10,2024,1,34,9.0,3500000.0,17929
8044829,1,1,1,10,2024,1,53,5.0,1300000.0,15598
8040792,1,1,1,10,2024,1,27,5.0,2000000.0,6048
8039642,1,1,1,10,2024,1,52,3.0,400000.0,3425
8041850,3,3,3,10,2024,1,20,5.0,1300000.0,8421
8049148,1,2,1,10,2024,1,34,5.0,150000.0,25012
8076115,1,2,1,10,2024,1,51,5.0,2000000.0,43045
8054822,1,3,1,10,2024,2,28,10.0,2600000.0,38150
8085711,1,2,1,10,2024,1,49,3.0,500000.0,62675
8045012,1,1,1,10,2024,2,21,9.0,1300000.0,16108
8080905,1,1,1,10,2024,2,28,5.0,400000.0,53983
8075628,1,1,1,10,2024,2,54,5.0,600000.0,41637
8082891,1,4,1,10,2024,2,30,5.0,1300000.0,57849
8040990,1,1,1,10,2024,2,40,5.0,400000.0,6520
8039068,1,2,1,10,2024,2,42,5.0,100000.0,2194
8077471,1,1,1,10,2024,1,34,4.0,1200000.0,46312
8044464,1,1,1,10,2024,2,48,3.0,600000.0,14616
8053812,1,3,1,10,2024,2,22,7.0,1300000.0,35935
8080076,1,2,1,10,2024,2,36,10.0,2800000.0,52206
8078007,1,3,1,10,2024,2,35,5.0,750000.0,47449
8039636,1,1,1,10,2024,2,40,5.0,1462000.0,3416
8052119,1,7,1,10,2024,1,35,5.0,1300000.0,31898
8084203,1,1,1,10,2024,1,70,1.0,320000.0,60703
8078067,1,1,1,10,2024,1,36,3.0,420000.0,47568
8040250,1,1,1,10,2024,2,69,5.0,1500000.0,4774
8080031,1,3,1,10,2024,1,23,10.0,1800000.0,52104
8082309,1,2,1,10,2024,2,37,5.0,1500000.0,56443
8051347,1,1,1,10,2024,2,55,5.0,350000.0,29953
8086644,1,1,1,10,2024,1,34,9.0,1900000.0,64205
8048221,1,2,1,10,2024,2,34,6.0,1400000.0,23278
8049918,1,3,1,10,2024,1,29,5.0,300000.0,26682
8079690,1,1,1,10,2024,2,62,3.0,960000.0,51227
8081959,1,1,1,10,2024,1,28,10.0,1450000.0,55912
8040589,1,1,1,10,2024,2,32,10.0,1300000.0,5598
8049503,1,2,1,10,2024,2,41,9.0,1300000.0,25624
8044369,1,1,1,10,2024,1,27,5.0,1462000.0,14369
8047139,1,3,1,10,2024,2,24,12.0,4400000.0,21056
8045168,1,1,1,10,2024,2,62,3.0,720000.0,16515
8080306,1,1,1,10,2024,2,59,3.0,1200000.0,52816
8082161,1,1,1,10,2024,2,30,5.0,1300000.0,56217
8038399,1,1,1,10,2024,1,26,8.0,1000000.0,565
8077033,1,1,1,10,2024,1,54,3.0,700000.0,45215
8049739,1,2,1,10,2024,1,66,1.0,800000.0,26232
8047007,1,3,1,10,2024,1,25,11.0,1300000.0,20828
8048088,1,2,1,10,2024,1,34,11.0,4000000.0,23021
8045986,1,1,1,10,2024,2,38,6.0,300000.0,18425
8075590,1,2,1,10,2024,1,32,5.0,2000000.0,41507
8042839,1,2,1,10,2024,2,54,8.0,1600000.0,10657
8050019,1,1,1,10,2024,2,35,6.0,1800000.0,26908
8043956,1,2,1,10,2024,2,54,1.0,642000.0,13320
8038908,1,1,1,10,2024,2,36,10.0,3500000.0,1781
8053062,1,1,1,10,2024,2,48,10.0,1800000.0,34332
8044290,1,2,1,10,2024,2,35,5.0,800000.0,14141
8084071,1,3,1,10,2024,1,29,12.0,7000000.0,60434
8049854,1,3,1,10,2024,1,40,3.0,960000.0,26517
8078593,1,1,1,10,2024,2,49,3.0,1450000.0,48749
8081221,1,2,1,10,2024,2,25,3.0,0.0,54605
8052852,1,2,1,10,2024,1,28,5.0,800000.0,33761
8076516,1,9,1,10,2024,1,23,4.0,850000.0,44071
8052214,1,1,1,10,2024,1,57,3.0,3000000.0,32119
8048930,1,1,1,10,2024,1,42,5.0,1200000.0,24613
8054269,1,2,1,10,2024,1,47,8.0,1300000.0,36837
8045747,1,2,1,10,2024,2,26,8.0,1600000.0,18083
8040268,1,1,1,10,2024,2,51,4.0,600000.0,4804
8077665,1,2,1,10,2024,1,46,3.0,1200000.0,46688
8040922,1,1,1,10,2024,2,36,5.0,1000000.0,6364
8049972,1,2,1,10,2024,2,42,10.0,1300000.0,26785
8085082,1,2,1,10,2024,2,44,11.0,2800000.0,62582
8084688,1,1,1,10,2024,1,47,11.0,16900000.0,61694
8054968,1,1,1,10,2024,2,51,5.0,300000.0,38452
8052698,1,4,1,10,2024,2,21,4.0,120000.0,33383
8079517,1,1,1,10,2024,1,60,4.0,1500000.0,50903
8051670,1,2,1,10,2024,1,48,5.0,1300000.0,30740
8050377,1,1,1,10,2024,1,49,5.0,1300000.0,27802
8042559,1,1,1,10,2024,1,35,4.0,1000000.0,10059
8039150,1,3,1,10,2024,1,46,10.0,1000000.0,2452
8042358,1,1,1,10,2024,2,49,10.0,2500000.0,9639
8076021,1,2,1,10,2024,2,76,4.0,300000.0,42769
8079843,1,3,1,10,2024,2,25,11.0,3500000.0,51731
8051481,1,4,1,10,2024,1,35,5.0,600000.0,30309
8042253,1,2,1,10,2024,2,51,10.0,2500000.0,9431
8043251,1,1,1,10,2024,2,45,10.0,8000000.0,11489
8038501,1,1,1,10,2024,1,46,5.0,2000000.0,771
8040341,1,1,1,10,2024,1,38,5.0,4000000.0,4993
8085093,1,1,1,10,2024,1,57,8.0,1500000.0,62601
8085786,1,1,1,10,2024,1,52,5.0,1600000.0,62863
8044373,1,1,1,10,2024,1,29,5.0,537000.0,14375
8045183,1,2,1,10,2024,2,35,9.0,2600000.0,16570
8080067,1,1,1,10,2024,1,29,5.0,1300000.0,52174
8084632,1,1,1,10,2024,1,51,5.0,1000000.0,61547
8047191,1,1,1,10,2024,2,66,1.0,600000.0,21155
8055937,1,1,1,10,2024,1,42,5.0,1300000.0,40292
8043559,1,2,1,10,2024,2,58,10.0,8000000.0,12302
8050302,1,4,1,10,2024,1,25,5.0,1300000.0,27566
8047827,1,1,1,10,2024,1,21,6.0,1000000.0,22475
8079779,1,1,1,10,2024,2,36,5.0,1200000.0,51546
8041837,1,2,1,10,2024,2,51,3.0,100000.0,8376
8040849,1,1,1,10,2024,2,31,5.0,1000000.0,6175
8046117,1,1,1,10,2024,1,58,3.0,440000.0,18752
8052755,1,1,1,10,2024,1,39,3.0,1600000.0,33512
8043626,1,1,1,10,2024,1,65,3.0,1000000.0,12472
8077238,1,1,1,10,2024,1,40,3.0,230000.0,45800
8051876,1,1,1,10,2024,1,57,11.0,5700000.0,31307
8086457,1,4,1,10,2024,1,26,8.0,1400000.0,63731
8078768,1,1,1,10,2024,1,41,8.0,2400000.0,49129
8079030,1,4,1,10,2024,1,81,3.0,400000.0,49718
8041970,1,1,1,10,2024,2,22,10.0,1600000.0,8765
8047219,1,1,1,10,2024,2,26,9.0,1300000.0,21222
8053372,1,4,1,10,2024,1,28,5.0,1040000.0,35039
8048918,1,1,1,10,2024,2,40,6.0,1300000.0,24589
8038416,1,1,1,10,2024,1,26,4.0,1462000.0,624
8086585,1,3,1,10,2024,2,38,5.0,1350000.0,64060
8040950,1,1,1,10,2024,1,36,9.0,3800000.0,6426
8084988,1,1,1,10,2024,2,59,8.0,5000000.0,62371
8084911,1,1,1,10,2024,2,44,10.0,4600000.0,62188
8080348,1,3,1,10,2024,2,29,10.0,2600000.0,52917
8049936,1,2,1,10,2024,1,40,5.0,1300000.0,26715
8051944,1,4,1,10,2024,2,37,10.0,200000.0,31471
8047761,1,2,1,10,2024,2,51,10.0,2800000.0,22308
8044564,1,2,1,10,2024,2,35,10.0,3800000.0,14904
8052145,1,1,1,10,2024,1,35,5.0,1300000.0,31964
8053729,1,2,1,10,2024,2,44,3.0,400000.0,35824
8050187,2,1,2,10,2024,2,27,5.0,240000.0,27294
8045643,1,1,1,10,2024,2,66,4.0,450000.0,17821
8047862,1,1,1,10,2024,1,45,1.0,600000.0,22568
8044666,1,3,1,10,2024,1,37,10.0,3000000.0,15176
8050748,1,1,1,10,2024,1,57,8.0,1300000.0,28731
8040467,1,1,1,10,2024,2,46,10.0,2000000.0,5301
8076830,1,1,1,10,2024,2,42,3.0,750000.0,44782
8054586,1,2,1,10,2024,1,36,5.0,1000000.0,37561
8055142,1,1,1,10,2024,2,49,5.0,900000.0,38792
8080974,1,3,1,10,2024,2,28,10.0,4800000.0,54141
8077907,1,1,1,10,2024,1,65,3.0,1080000.0,47184
8054683,1,1,1,10,2024,2,31,10.0,1700000.0,37795
8077678,1,3,1,10,2024,1,31,6.0,1600000.0,46725
8042684,1,3,1,10,2024,2,34,10.0,2600000.0,10306
8084838,1,1,1,10,2024,1,33,1.0,2200000.0,62016
8052986,1,2,1,10,2024,2,59,1.0,240000.0,34122
8048545,1,3,1,10,2024,2,30,9.0,900000.0,23900
8040570,1,1,1,10,2024,1,26,4.0,400000.0,5542
8044263,1,1,1,10,2024,2,55,3.0,350000.0,14034
8050843,1,1,1,10,2024,2,37,8.0,750000.0,28988
8086803,1,1,1,10,2024,1,32,4.0,2100000.0,64519
8051322,1,2,1,10,2024,2,19,5.0,2180000.0,29885
8050773,1,3,1,10,2024,1,27,10.0,1300000.0,28799
8050400,1,2,1,10,2024,1,23,5.0,1900000.0,27847
8083955,1,2,1,10,2024,2,56,3.0,400000.0,60060
8038666,1,4,1,10,2024,1,44,4.0,1200000.0,1146
8043280,1,4,1,10,2024,1,49,3.0,1000000.0,11563
8046754,1,2,1,10,2024,2,32,5.0,300000.0,20365
8054010,1,1,1,10,2024,2,35,5.0,1420000.0,36322
8051757,1,1,1,10,2024,1,35,9.0,1300000.0,30978
8083834,1,1,1,10,2024,1,18,5.0,1300000.0,59838
8048856,1,2,1,10,2024,2,37,5.0,1500000.0,24450
8082782,1,1,1,10,2024,1,40,8.0,1000000.0,57560
8077519,1,1,1,10,2024,1,27,5.0,1400000.0,46383
8046241,1,3,1,10,2024,2,19,5.0,1300000.0,19034
8044074,2,1,2,10,2024,2,26,8.0,900000.0,13597
8075915,1,1,1,10,2024,2,49,8.0,600000.0,42421
8076469,1,2,1,10,2024,2,19,8.0,600000.0,43935
8041344,1,4,1,10,2024,1,22,4.0,300000.0,7305
8038793,1,2,1,10,2024,1,32,10.0,2800000.0,1518
8053507,1,2,1,10,2024,2,48,8.0,400000.0,35271
8049421,1,1,1,10,2024,1,29,7.0,2000000.0,25534
8047990,1,2,1,10,2024,2,52,3.0,180000.0,22807
8082592,1,2,1,10,2024,2,47,11.0,1500000.0,57076
8049739,1,3,1,10,2024,1,37,4.0,1300000.0,26233
8053666,1,2,1,10,2024,2,58,3.0,900000.0,35644
8081523,1,1,1,10,2024,2,32,10.0,2600000.0,55352
8054133,1,1,1,10,2024,2,35,3.0,1000000.0,36567
8050081,1,1,1,10,2024,1,62,3.0,1400000.0,27068
8083888,1,4,1,10,2024,2,22,10.0,800000.0,59962
8042951,1,2,1,10,2024,1,57,3.0,600000.0,10811
8076873,1,1,1,10,2024,1,37,3.0,500000.0,44873
8051456,1,2,1,10,2024,2,27,5.0,2000000.0,30244
8082544,1,1,1,10,2024,1,79,1.0,240000.0,56951
8046509,1,5,1,10,2024,1,47,3.0,500000.0,19720
8041462,1,4,1,10,2024,2,29,8.0,1300000.0,7618
8053372,1,1,1,10,2024,2,53,3.0,250000.0,35036
8046398,1,3,1,10,2024,2,25,10.0,2500000.0,19459
8081528,1,1,1,10,2024,1,23,4.0,500000.0,55361
8055655,1,4,1,10,2024,2,22,5.0,1300000.0,39715
8047813,1,2,1,10,2024,1,50,3.0,1300000.0,22426
8043662,1,1,1,10,2024,2,55,11.0,5800000.0,12575
8084417,1,1,1,10,2024,2,49,10.0,2000000.0,61167
8038864,1,3,1,10,2024,2,25,5.0,900000.0,1676
8044796,1,2,1,10,2024,2,31,8.0,1300000.0,15485
8041747,1,1,1,10,2024,1,41,12.0,27000000.0,8233
8048668,1,1,1,10,2024,2,39,5.0,1530000.0,24079
8048858,1,1,1,10,2024,2,58,4.0,150000.0,24454
8041599,1,1,1,10,2024,1,62,5.0,0.0,7945
8041490,1,3,1,10,2024,1,26,5.0,1300000.0,7695
8076764,1,1,1,10,2024,2,53,11.0,6200000.0,44643
8049377,1,2,1,10,2024,2,23,5.0,750000.0,25474
8078213,1,4,1,10,2024,2,22,5.0,1300000.0,47899
8047893,1,2,1,10,2024,1,32,9.0,1300000.0,22639
8048834,1,4,1,10,2024,1,29,3.0,600000.0,24398
8046656,1,2,1,10,2024,2,36,5.0,1300000.0,20134
8038267,1,3,1,10,2024,1,59,4.0,2100000.0,222
8050013,1,1,1,10,2024,1,24,3.0,1500000.0,26897
8041074,1,1,1,10,2024,1,37,9.0,1550000.0,6724
8075877,1,1,1,10,2024,1,39,3.0,1600000.0,42311
8052007,1,1,1,10,2024,2,50,4.0,1300000.0,31613
8085762,1,2,1,10,2024,1,27,8.0,200000.0,62798
8083981,1,5,1,10,2024,2,54,3.0,1100000.0,60141
8085052,1,1,1,10,2024,2,59,3.0,1800000.0,62528
8056248,1,2,1,10,2024,2,63,3.0,580000.0,40922
8078646,1,2,1,10,2024,2,66,3.0,120000.0,48859
8047796,1,2,1,10,2024,1,36,8.0,500000.0,22416
8056374,1,3,1,10,2024,1,49,11.0,3000000.0,41191
8079842,1,1,1,10,2024,1,34,10.0,8000000.0,51728
8084695,1,1,1,10,2024,1,29,9.0,2500000.0,61705
8047342,1,2,1,10,2024,1,50,4.0,300000.0,21466
8076729,1,1,1,10,2024,1,55,10.0,11200000.0,44548
8044511,1,1,1,10,2024,1,62,3.0,2300000.0,14742
8054277,1,1,1,10,2024,2,61,4.0,700000.0,36854
8040269,1,2,1,10,2024,1,38,5.0,1000000.0,4807
8046731,1,2,1,10,2024,2,30,10.0,2100000.0,20317
8046280,1,1,1,10,2024,2,37,4.0,920000.0,19140
8043415,1,1,1,10,2024,2,34,9.0,1900000.0,11915
8038545,1,3,1,10,2024,1,25,11.0,2600000.0,887
8040193,1,1,1,10,2024,2,65,3.0,550000.0,4628
8043493,1,3,1,10,2024,1,23,3.0,400000.0,12141
8081492,1,1,1,10,2024,2,63,5.0,300000.0,55272
8050886,1,1,1,10,2024,1,45,5.0,1300000.0,29098
8082283,1,3,1,10,2024,1,30,10.0,1500000.0,56388
8050716,1,1,1,10,2024,2,41,11.0,3500000.0,28653
8076520,1,2,1,10,2024,2,18,5.0,400000.0,44078
8054290,1,1,1,10,2024,1,51,4.0,1300000.0,36892
8052668,1,1,1,10,2024,1,29,8.0,600000.0,33361
8075777,1,2,1,10,2024,1,43,5.0,0.0,42047
8040688,1,2,1,10,2024,1,57,5.0,5500000.0,5788
8041884,1,2,1,10,2024,2,37,11.0,3900000.0,8518
8078435,1,1,1,10,2024,1,55,4.0,500000.0,48395
8077194,1,2,1,10,2024,1,23,3.0,400000.0,45693
8081241,1,2,1,10,2024,1,57,5.0,1300000.0,54662
8080906,1,2,1,10,2024,2,45,3.0,850000.0,53987
8048063,1,2,1,10,2024,2,31,5.0,1300000.0,22958
8053911,1,3,1,10,2024,1,36,10.0,4000000.0,36123
8047913,1,2,1,10,2024,1,64,6.0,450000.0,22682
8084772,1,3,1,10,2024,1,34,8.0,1600000.0,61869
8042482,1,2,1,10,2024,2,42,5.0,180000.0,9902
8083298,1,2,1,10,2024,1,35,10.0,1600000.0,58774
8046774,1,1,1,10,2024,2,27,5.0,1300000.0,20419
8078725,1,2,1,10,2024,2,40,8.0,1300000.0,49022
8076492,1,1,1,10,2024,2,50,3.0,280000.0,44003
8080545,1,2,1,10,2024,1,27,5.0,1300000.0,53289
8046176,1,2,1,10,2024,1,45,3.0,1200000.0,18887
8050680,1,3,1,10,2024,1,21,8.0,1000000.0,28573
8047329,1,2,1,10,2024,2,38,9.0,550000.0,21436
8049290,1,1,1,10,2024,2,50,5.0,1500000.0,25286
8040234,1,1,1,10,2024,1,37,5.0,800000.0,4748
8041889,1,2,1,10,2024,2,62,5.0,150000.0,8526
8084451,1,1,1,10,2024,1,34,10.0,2600000.0,61234
8082964,1,1,1,10,2024,2,55,3.0,600000.0,57993
8046072,1,1,1,10,2024,1,47,5.0,2500000.0,18645
8083316,1,3,1,10,2024,2,7,3.0,,58833
8044317,1,3,1,10,2024,1,22,5.0,1300000.0,14219
8045155,1,1,1,10,2024,1,56,3.0,1200000.0,16478
8054981,1,1,1,10,2024,2,23,10.0,1300000.0,38493
8082896,1,1,1,10,2024,2,52,3.0,850000.0,57860
8049513,1,1,1,10,2024,1,34,3.0,700000.0,25653
8038904,1,1,1,10,2024,2,49,5.0,1300000.0,1769
8043334,1,3,1,10,2024,1,24,11.0,4500000.0,11713
8083280,1,2,1,10,2024,1,64,5.0,1400000.0,58733
8053257,1,1,1,10,2024,2,56,5.0,1300000.0,34728
8053216,1,1,1,10,2024,2,54,5.0,1300000.0,34623
8038884,1,3,1,10,2024,2,28,5.0,600000.0,1725
8046137,1,1,1,10,2024,1,64,3.0,1850000.0,18785
8046043,1,2,1,10,2024,1,30,5.0,700000.0,18566
8045780,1,2,1,10,2024,1,24,8.0,2100000.0,18164
8052183,1,3,1,10,2024,1,23,5.0,1100000.0,32040
8084666,1,3,1,10,2024,2,24,5.0,870000.0,61648
8045638,1,1,1,10,2024,2,60,4.0,300000.0,17800
8038468,1,2,1,10,2024,2,21,10.0,1852000.0,705
8076076,1,2,1,10,2024,2,21,3.0,160000.0,42933
8078160,1,3,1,10,2024,2,33,6.0,1300000.0,47760
8055840,1,1,1,10,2024,2,30,10.0,1300000.0,40076
8051015,1,1,1,10,2024,2,73,5.0,1300000.0,29474
8038590,1,1,1,10,2024,2,37,8.0,2000000.0,939
8049243,1,1,1,10,2024,2,47,12.0,5500000.0,25185
8049626,1,3,1,10,2024,2,34,5.0,100000.0,25937
8040226,1,1,1,10,2024,1,41,3.0,600000.0,4726
8053728,1,1,1,10,2024,2,39,5.0,1300000.0,35820
8040256,1,2,1,10,2024,2,32,5.0,1300000.0,4784
8054997,1,2,1,10,2024,1,44,4.0,1200000.0,38516
8056072,1,4,1,10,2024,2,55,8.0,760000.0,40532
8084652,1,1,1,10,2024,2,37,10.0,640000.0,61608
8045181,1,1,1,10,2024,2,50,10.0,2500000.0,16564
8081206,1,3,1,10,2024,1,23,10.0,1300000.0,54565
8078705,1,1,1,10,2024,1,56,3.0,200000.0,48976
8038821,1,1,1,10,2024,1,35,4.0,1700000.0,1572
8041529,1,2,1,10,2024,1,36,9.0,800000.0,7782
8048271,1,2,1,10,2024,2,40,11.0,3900000.0,23403
8082908,1,1,1,10,2024,2,54,6.0,1200000.0,57890
8044263,1,4,1,10,2024,1,57,3.0,300000.0,14037
8046505,1,2,1,10,2024,2,39,5.0,1300000.0,19702
8046727,1,3,1,10,2024,1,26,5.0,2000000.0,20299
8080189,1,2,1,10,2024,1,40,11.0,3500000.0,52525
8081585,1,2,1,10,2024,1,76,3.0,300000.0,55441
8042741,1,1,1,10,2024,1,35,5.0,1300000.0,10441
8079708,1,1,1,10,2024,1,59,9.0,2600000.0,51244
8053683,1,1,1,10,2024,1,57,3.0,1300000.0,35690
8052099,1,1,1,10,2024,1,58,3.0,1100000.0,31837
8078165,1,2,1,10,2024,2,34,8.0,1300000.0,47779
8045734,1,3,1,10,2024,1,44,5.0,1800000.0,18045
8049397,1,1,1,10,2024,1,53,8.0,2500000.0,25507
8077604,1,1,1,10,2024,1,35,8.0,4000000.0,46580
8077605,1,2,1,10,2024,1,62,6.0,1000000.0,46584
8049534,1,2,1,10,2024,1,76,5.0,600000.0,25695
8039473,1,3,1,10,2024,1,40,8.0,1800000.0,3116
8077291,1,1,1,10,2024,2,62,1.0,400000.0,45930
8046525,1,1,1,10,2024,2,69,4.0,300000.0,19779
8048637,1,1,1,10,2024,2,45,3.0,2370000.0,24031
8049281,1,3,1,10,2024,1,29,9.0,2100000.0,25272
8048905,1,1,1,10,2024,2,33,5.0,1300000.0,24560
8056497,1,1,1,10,2024,2,26,9.0,1500000.0,41441
8052747,1,2,1,10,2024,1,33,9.0,900000.0,33498
8055865,1,1,1,10,2024,2,48,5.0,1030000.0,40154
8077944,1,1,1,10,2024,2,57,11.0,3000000.0,47273
8040039,1,7,1,10,2024,1,19,5.0,600000.0,4239
8050238,1,2,1,10,2024,1,37,10.0,5500000.0,27428
8052735,1,2,1,10,2024,2,37,3.0,1000000.0,33466
8051255,1,1,1,10,2024,1,22,10.0,1300000.0,29687
8041700,1,1,1,10,2024,1,43,10.0,7000000.0,8164
8041072,1,1,1,10,2024,2,22,10.0,1500000.0,6722
8038408,1,1,1,10,2024,2,32,5.0,1300000.0,595
8080723,1,1,1,10,2024,2,35,8.0,1600000.0,53640
8079946,2,3,2,10,2024,1,23,10.0,1800000.0,51964
8084851,1,3,1,10,2024,1,26,5.0,1300000.0,62056
8047169,1,2,1,10,2024,2,51,4.0,1850000.0,21093
8080936,1,2,1,10,2024,2,30,5.0,900000.0,54063
8039895,1,3,1,10,2024,1,35,10.0,1300000.0,3929
8082639,1,1,1,10,2024,1,44,3.0,1200000.0,57181
8042231,1,2,1,10,2024,2,53,8.0,1600000.0,9378
8083469,1,3,1,10,2024,2,29,10.0,3000000.0,59135
8055955,1,2,1,10,2024,1,29,5.0,1200000.0,40329
8040448,1,1,1,10,2024,2,40,3.0,1000000.0,5251
8077945,1,1,1,10,2024,1,38,1.0,730000.0,47274
8082662,1,1,1,10,2024,2,36,5.0,1300000.0,57261
8041208,1,1,1,10,2024,2,53,3.0,300000.0,7074
8050344,1,1,1,10,2024,2,30,5.0,1200000.0,27695
8041993,1,3,1,10,2024,1,36,5.0,1300000.0,8822
8047825,1,3,1,10,2024,2,30,5.0,400000.0,22465
8082706,1,1,1,10,2024,1,59,10.0,6000000.0,57368
8050364,1,3,1,10,2024,1,18,5.0,100000.0,27772
8043503,1,3,1,10,2024,1,49,8.0,1450000.0,12174
8077071,1,1,1,10,2024,1,31,4.0,700000.0,45330
8085958,1,1,1,10,2024,2,23,10.0,400000.0,63099
8076715,1,2,1,10,2024,1,23,5.0,3000000.0,44514
8038375,1,2,1,10,2024,1,35,10.0,2000000.0,510
8043095,1,2,1,10,2024,2,44,5.0,300000.0,11137
8086654,1,2,1,10,2024,1,45,10.0,3000000.0,64241
8041695,1,3,1,10,2024,2,61,10.0,3125000.0,8153
8041934,1,1,1,10,2024,2,42,3.0,500000.0,8649
8083044,1,1,1,10,2024,1,54,3.0,600000.0,58192
8052187,1,1,1,10,2024,1,72,3.0,1680000.0,32050
8052984,1,19,1,10,2024,1,42,5.0,600000.0,34118
8053861,1,2,1,10,2024,2,21,10.0,1300000.0,36033
8056219,1,1,1,10,2024,1,35,5.0,1300000.0,40842
8039621,1,1,1,10,2024,2,76,5.0,100000.0,3384
8046809,1,1,1,10,2024,2,37,10.0,1300000.0,20495
8080074,1,1,1,10,2024,2,45,6.0,1300000.0,52199
8040406,1,2,1,10,2024,1,32,5.0,1400000.0,5134
8082773,1,3,1,10,2024,1,17,5.0,600000.0,57534
8041796,1,1,1,10,2024,2,34,8.0,1400000.0,8302
8046082,1,1,1,10,2024,1,58,9.0,3000000.0,18675
8051904,1,3,1,10,2024,2,34,11.0,4800000.0,31377
8042465,1,1,1,10,2024,1,38,5.0,2500000.0,9872
8082081,1,2,1,10,2024,1,31,5.0,1000000.0,56070
8044363,1,3,1,10,2024,2,48,9.0,2300000.0,14355
8055992,1,2,1,10,2024,2,51,10.0,6000000.0,40397
8046703,1,3,1,10,2024,2,26,11.0,2300000.0,20243
8050033,1,1,1,10,2024,2,54,3.0,900000.0,26950
8048677,1,1,1,10,2024,2,56,10.0,3900000.0,24095
8045064,1,2,1,10,2024,2,38,8.0,1300000.0,16236
8045598,1,1,1,10,2024,1,47,6.0,1800000.0,17701
8083204,1,1,1,10,2024,2,55,3.0,1400000.0,58538
8050277,1,2,1,10,2024,2,53,12.0,3600000.0,27529
8040526,1,1,1,10,2024,1,42,10.0,2000000.0,5431
8086505,1,2,1,10,2024,1,24,5.0,1000000.0,63837
8082799,1,2,1,10,2024,1,27,5.0,800000.0,57616
8046410,1,1,1,10,2024,1,65,1.0,240000.0,19476
8056426,1,1,1,10,2024,1,42,10.0,4150000.0,41327
8086593,1,2,1,10,2024,2,56,3.0,200000.0,64093
8082896,1,2,1,10,2024,1,29,5.0,550000.0,57861
8048469,1,1,1,10,2024,1,26,5.0,1180000.0,23739
8078841,1,1,1,10,2024,2,27,5.0,1500000.0,49270
8077297,1,1,1,10,2024,1,79,3.0,900000.0,45940
8079190,1,2,1,10,2024,1,56,1.0,300000.0,50085
8044422,1,3,1,10,2024,1,41,4.0,1000000.0,14503
8047814,1,2,1,10,2024,1,26,6.0,1200000.0,22432
8053937,1,2,1,10,2024,2,31,8.0,1300000.0,36184
8078305,1,2,1,10,2024,2,37,1.0,1200000.0,48125
8054770,1,1,1,10,2024,2,40,5.0,1000000.0,38027
8046684,1,1,1,10,2024,2,54,9.0,1760000.0,20186
8085775,1,2,1,10,2024,2,31,4.0,688000.0,62835
8056451,1,2,1,10,2024,2,38,10.0,1450000.0,41357
8083950,1,1,1,10,2024,2,31,11.0,3542000.0,60044
8077421,1,1,1,10,2024,2,20,5.0,1540000.0,46218
8046424,1,1,1,10,2024,2,38,5.0,1300000.0,19510
8041538,1,2,1,10,2024,2,29,8.0,1200000.0,7810
8053158,1,4,1,10,2024,1,28,9.0,2500000.0,34506
8044555,1,2,1,10,2024,1,59,11.0,3200000.0,14884
8042345,1,1,1,10,2024,2,54,3.0,400000.0,9605
8077579,1,1,1,10,2024,2,29,6.0,1300000.0,46530
8055845,1,1,1,10,2024,2,19,5.0,1000000.0,40090
8079525,1,4,1,10,2024,2,25,5.0,1300000.0,50921
8043744,1,1,1,10,2024,2,52,5.0,400000.0,12777
8086554,1,4,1,10,2024,1,28,8.0,1300000.0,63970
8038620,1,1,1,10,2024,1,42,8.0,15000000.0,1017
8081426,1,1,1,10,2024,2,44,5.0,1300000.0,55139
8055956,1,3,1,10,2024,1,32,9.0,1500000.0,40335
8076143,2,2,2,10,2024,1,26,5.0,1460000.0,43132
8046518,1,2,1,10,2024,2,45,10.0,4000000.0,19750
8042653,1,1,1,10,2024,2,69,11.0,1000000.0,10232
8048018,1,1,1,10,2024,2,74,5.0,1600000.0,22868
8053696,1,1,1,10,2024,2,37,4.0,1300000.0,35730
8076044,1,2,1,10,2024,2,52,5.0,180000.0,42830
8044451,1,4,1,10,2024,2,36,10.0,1300000.0,14581
8045176,1,3,1,10,2024,2,21,10.0,1300000.0,16549
8053710,1,1,1,10,2024,1,40,5.0,1300000.0,35773
8049981,1,3,1,10,2024,2,18,10.0,400000.0,26808
8081338,1,1,1,10,2024,1,57,1.0,1200000.0,54898
8084836,1,1,1,10,2024,2,33,5.0,650000.0,62014
8044679,1,1,1,10,2024,1,52,12.0,8000000.0,15210
8080382,1,1,1,10,2024,1,55,3.0,2000000.0,53014
8039641,1,1,1,10,2024,2,71,4.0,360000.0,3423
8083668,1,4,1,10,2024,1,28,11.0,1700000.0,59514
8043489,1,1,1,10,2024,2,60,5.0,200000.0,12126
8043236,1,1,1,10,2024,2,29,4.0,1300000.0,11450
8079765,1,2,1,10,2024,2,59,5.0,150000.0,51494
8049273,1,2,1,10,2024,2,49,10.0,1800000.0,25249
8045672,1,1,1,10,2024,2,44,5.0,2380000.0,17895
8080531,1,1,1,10,2024,2,63,4.0,1000000.0,53253
8041117,1,2,1,10,2024,2,51,8.0,1400000.0,6840
8041252,1,2,1,10,2024,2,40,5.0,770000.0,7169
8043906,1,2,1,10,2024,1,48,13.0,12000000.0,13188
8050270,1,3,1,10,2024,2,54,10.0,120000.0,27514
8040851,1,1,1,10,2024,1,54,4.0,2000000.0,6183
8080910,1,3,1,10,2024,2,22,12.0,3000000.0,53997
8048681,1,2,1,10,2024,2,33,10.0,8000000.0,24108
8084833,1,1,1,10,2024,2,27,10.0,1850000.0,62008
8040179,1,2,1,10,2024,2,45,11.0,2000000.0,4583
8041114,1,1,1,10,2024,2,48,3.0,500000.0,6825
8044625,1,1,1,10,2024,1,53,5.0,1300000.0,15064
8042298,1,1,1,10,2024,2,35,8.0,1300000.0,9508
8048455,1,2,1,10,2024,2,22,10.0,1300000.0,23709
8047617,1,1,1,10,2024,2,44,8.0,1700000.0,21987
8049811,1,1,1,10,2024,1,49,5.0,800000.0,26423
8078787,1,2,1,10,2024,2,49,3.0,600000.0,49160
8047591,1,2,1,10,2024,1,29,10.0,1300000.0,21937
8082607,1,1,1,10,2024,2,27,10.0,2700000.0,57088
8075893,1,1,1,10,2024,2,54,5.0,900000.0,42359
8079971,1,2,1,10,2024,2,23,10.0,1400000.0,52004
8042975,1,1,1,10,2024,1,31,5.0,1500000.0,10868
8086491,1,2,1,10,2024,1,44,3.0,1400000.0,63798
8042475,1,2,1,10,2024,2,57,4.0,450000.0,9892
8051735,1,5,1,10,2024,1,42,3.0,950000.0,30907
8048132,1,1,1,10,2024,2,39,12.0,6000000.0,23135
8083104,1,1,1,10,2024,1,65,3.0,300000.0,58343
8076372,1,2,1,10,2024,2,35,3.0,150000.0,43689
8056002,1,3,1,10,2024,1,25,10.0,2200000.0,40412
8046547,1,2,1,10,2024,1,36,5.0,800000.0,19840
8046274,1,2,1,10,2024,2,59,1.0,600000.0,19119
8076139,1,3,1,10,2024,1,26,8.0,1300000.0,43118
8046921,1,1,1,10,2024,1,57,9.0,3500000.0,20743
8042283,1,3,1,10,2024,2,45,5.0,1800000.0,9483
8080391,1,5,1,10,2024,2,66,5.0,175000.0,53048
8054462,1,1,1,10,2024,1,27,5.0,1560000.0,37341
8084154,1,1,1,10,2024,2,53,8.0,400000.0,60544
8043253,1,3,1,10,2024,1,19,5.0,1400000.0,11495
8083787,1,2,1,10,2024,1,30,4.0,1300000.0,59757
8079669,1,1,1,10,2024,2,24,8.0,2200000.0,51175
8041281,1,1,1,10,2024,1,37,10.0,8000000.0,7235
8042800,1,1,1,10,2024,1,60,3.0,800000.0,10584
8077172,1,3,1,10,2024,1,16,5.0,400000.0,45637
8079292,1,1,1,10,2024,2,38,5.0,100000.0,50409
8075750,1,1,1,10,2024,1,68,3.0,800000.0,41968
8056319,1,1,1,10,2024,1,43,5.0,1300000.0,41061
8055048,1,2,1,10,2024,2,44,5.0,900000.0,38669
8081379,1,1,1,10,2024,1,41,5.0,1300000.0,54997
8040088,1,2,1,10,2024,2,53,3.0,200000.0,4338
8082875,1,2,1,10,2024,2,44,9.0,3000000.0,57807
8081611,1,2,1,10,2024,1,56,4.0,200000.0,55477
8080200,1,3,1,10,2024,1,34,8.0,1800000.0,52547
8040040,1,3,1,10,2024,2,24,10.0,600000.0,4242
8039536,1,1,1,10,2024,2,42,10.0,1900000.0,3256
8080237,1,1,1,10,2024,2,38,8.0,1300000.0,52645
8052062,1,1,1,10,2024,1,50,3.0,1000000.0,31735
8048595,1,1,1,10,2024,2,34,4.0,540000.0,23972
8075928,1,2,1,10,2024,2,39,4.0,1300000.0,42465
8045634,1,3,1,10,2024,1,27,5.0,1700000.0,17790
8043517,1,1,1,10,2024,2,45,5.0,1300000.0,12217
8048711,1,3,1,10,2024,1,26,10.0,1300000.0,24175
8077954,1,1,1,10,2024,2,47,3.0,1604000.0,47296
8045378,1,2,1,10,2024,1,53,3.0,1800000.0,17086
8047972,1,2,1,10,2024,2,21,5.0,1300000.0,22770
8040181,1,2,1,10,2024,2,42,5.0,1000000.0,4591
8077768,1,2,1,10,2024,1,37,4.0,1300000.0,46925
8055274,1,1,1,10,2024,2,47,5.0,480000.0,39079
8079514,1,3,1,10,2024,1,31,8.0,1300000.0,50894
8043161,1,2,1,10,2024,2,44,4.0,100000.0,11302
8081480,1,5,1,10,2024,2,67,4.0,1200000.0,55247
8080350,1,1,1,10,2024,1,49,5.0,1500000.0,52923
8083736,1,1,1,10,2024,2,64,10.0,200000.0,59647
8038997,1,1,1,10,2024,1,54,5.0,1500000.0,1998
8043504,1,1,1,10,2024,1,47,8.0,5500000.0,12176
8056416,1,2,1,10,2024,2,34,8.0,2200000.0,41306
8052635,1,4,1,10,2024,1,54,5.0,1300000.0,33298
8045647,1,2,1,10,2024,2,52,4.0,480000.0,17834
8044488,1,2,1,10,2024,2,44,10.0,1750000.0,14672
8045628,1,2,1,10,2024,2,48,10.0,3000000.0,17773
8080743,1,2,1,10,2024,2,43,5.0,1000000.0,53668
8080169,1,1,1,10,2024,1,59,10.0,3400000.0,52463
8076047,1,1,1,10,2024,1,29,8.0,2000000.0,42842
8050524,1,1,1,10,2024,2,51,4.0,400000.0,28203
8048405,1,2,1,10,2024,2,39,5.0,0.0,23627
8054681,1,2,1,10,2024,2,78,1.0,300000.0,37793
8052628,1,1,1,10,2024,1,51,5.0,1300000.0,33271
8054079,1,1,1,10,2024,2,49,10.0,3800000.0,36447
8076495,1,3,1,10,2024,1,25,5.0,300000.0,44009
8042230,1,1,1,10,2024,2,45,11.0,8536104.0,9376
8050790,1,1,1,10,2024,2,23,10.0,2500000.0,28846
8079907,1,1,1,10,2024,1,51,3.0,1500000.0,51906
8038655,1,2,1,10,2024,1,40,10.0,1800000.0,1099
8085066,1,1,1,10,2024,2,61,5.0,1300000.0,62551
8050889,1,2,1,10,2024,2,38,5.0,1400000.0,29107
8049093,1,4,1,10,2024,2,44,5.0,100000.0,24908
8053117,1,1,1,10,2024,2,28,10.0,5600000.0,34436
8053740,1,2,1,10,2024,2,33,11.0,1300000.0,35853
8052536,1,1,1,10,2024,2,42,3.0,500000.0,33034
8039790,1,1,1,10,2024,1,35,5.0,200000.0,3726
8044474,1,2,1,10,2024,2,31,10.0,2500000.0,14639
8055969,1,4,1,10,2024,1,38,5.0,1300000.0,40350
8079389,1,1,1,10,2024,1,30,5.0,1500000.0,50620
8079592,1,2,1,10,2024,2,47,3.0,1300000.0,51030
8046756,1,3,1,10,2024,1,35,10.0,1400000.0,20377
8080266,1,2,1,10,2024,2,25,5.0,900000.0,52727
8047776,1,5,1,10,2024,2,77,1.0,210000.0,22354
8086768,1,1,1,10,2024,2,40,5.0,750000.0,64463
8040014,1,1,1,10,2024,1,51,3.0,750000.0,4167
8054816,1,2,1,10,2024,2,38,5.0,700000.0,38129
8049120,1,3,1,10,2024,2,22,9.0,100000.0,24949
8056140,1,2,1,10,2024,1,36,8.0,1462000.0,40675
8047628,1,1,1,10,2024,2,58,3.0,1300000.0,22015
8044720,1,1,1,10,2024,2,42,10.0,4300000.0,15315
8044748,1,1,1,10,2024,1,55,3.0,1400000.0,15378
8044042,1,1,1,10,2024,1,25,5.0,1300000.0,13501
8056371,1,1,1,10,2024,2,38,8.0,2000000.0,41180
8046589,1,2,1,10,2024,1,35,5.0,1300000.0,19980
8048176,1,1,1,10,2024,1,56,11.0,6200000.0,23241
8076950,1,1,1,10,2024,2,44,10.0,1300000.0,45028
8044497,1,2,1,10,2024,2,52,5.0,1300000.0,14698
8045464,1,3,1,10,2024,2,25,10.0,2600000.0,17351
8038773,1,1,1,10,2024,1,46,5.0,1000000.0,1474
8044483,1,1,1,10,2024,1,48,3.0,1300000.0,14665
8052788,1,2,1,10,2024,2,38,5.0,650000.0,33597
8056114,1,2,1,10,2024,1,51,5.0,1000000.0,40623
8082145,1,1,1,10,2024,2,21,10.0,1300000.0,56186
8042462,1,1,1,10,2024,2,40,1.0,1300000.0,9864
8083199,1,1,1,10,2024,1,45,3.0,0.0,58520
8077756,1,1,1,10,2024,1,45,4.0,1300000.0,46897
8043661,1,1,1,10,2024,2,78,3.0,600000.0,12574
8079870,1,1,1,10,2024,1,42,10.0,4500000.0,51794
8081380,1,2,1,10,2024,1,24,10.0,1200000.0,55003
8041931,1,1,1,10,2024,2,26,10.0,2600000.0,8641
8078009,1,2,1,10,2024,2,34,3.0,640000.0,47456
8042222,1,1,1,10,2024,1,54,10.0,4000000.0,9353
8079261,1,1,1,10,2024,1,25,4.0,800000.0,50312
8042186,1,2,1,10,2024,2,44,8.0,1300000.0,9272
8040052,1,5,1,10,2024,2,53,3.0,1300000.0,4274
8077316,1,1,1,10,2024,2,50,5.0,850000.0,45979
8049625,1,1,1,10,2024,2,36,5.0,1300000.0,25932
8055770,1,1,1,10,2024,2,63,3.0,200000.0,39925
8042318,1,1,1,10,2024,2,54,3.0,900000.0,9547
8048166,1,1,1,10,2024,2,51,11.0,8000000.0,23221
8042186,1,1,1,10,2024,2,62,9.0,1462000.0,9271
8042720,1,1,1,10,2024,1,53,3.0,1600000.0,10407
8052898,1,2,1,10,2024,1,25,5.0,900000.0,33861
8051803,1,1,1,10,2024,2,66,3.0,300000.0,31092
8055370,1,2,1,10,2024,2,54,5.0,700000.0,39266
8076195,1,2,1,10,2024,1,50,1.0,400000.0,43292
8047754,1,2,1,10,2024,2,28,5.0,1000000.0,22289
8039867,1,1,1,10,2024,1,52,5.0,10000000.0,3862
8053362,1,1,1,10,2024,2,53,11.0,3700000.0,35003
8077115,1,2,1,10,2024,1,28,5.0,1800000.0,45471
8048954,1,2,1,10,2024,1,45,3.0,270000.0,24662
8053430,1,2,1,10,2024,2,25,10.0,3000000.0,35165
8082895,1,1,1,10,2024,1,68,3.0,600000.0,57859
8085896,1,1,1,10,2024,1,63,3.0,1800000.0,63019
8041913,1,1,1,10,2024,2,39,5.0,1200000.0,8589
8053107,1,5,1,10,2024,1,21,9.0,1300000.0,34416
8040215,1,4,1,10,2024,2,39,10.0,2000000.0,4693
8039449,1,1,1,10,2024,2,37,4.0,1300000.0,3068
8085785,1,1,1,10,2024,1,61,11.0,4000000.0,62860
8079815,1,3,1,10,2024,2,26,12.0,4000000.0,51643
8076151,1,1,1,10,2024,1,48,5.0,900000.0,43157
8077618,1,2,1,10,2024,1,59,6.0,1800000.0,46599
8046860,1,4,1,10,2024,2,52,3.0,1300000.0,20595
8077026,1,3,1,10,2024,1,51,5.0,1500000.0,45197
8079920,1,1,1,10,2024,2,27,10.0,2500000.0,51929
8047211,1,1,1,10,2024,2,53,1.0,600000.0,21201
8050368,1,4,1,10,2024,1,37,9.0,600000.0,27783
8049686,1,1,1,10,2024,1,30,5.0,820000.0,26070
8080254,1,1,1,10,2024,1,37,5.0,1300000.0,52700
8084058,1,1,1,10,2024,1,53,3.0,700000.0,60386
8079841,1,5,1,10,2024,2,48,4.0,960000.0,51727
8052818,1,2,1,10,2024,1,45,3.0,1200000.0,33668
8049242,1,4,1,10,2024,1,29,4.0,1200000.0,25184
8056088,1,1,1,10,2024,1,35,5.0,1400000.0,40573
8084349,1,2,1,10,2024,2,45,5.0,1300000.0,61019
8045961,1,1,1,10,2024,1,54,3.0,800000.0,18345
8042502,1,1,1,10,2024,2,45,5.0,560000.0,9950
8052430,1,1,1,10,2024,1,59,5.0,1000000.0,32776
8048337,1,2,1,10,2024,2,33,8.0,1875000.0,23528
8083635,1,2,1,10,2024,2,46,10.0,3800000.0,59459
8076094,1,1,1,10,2024,1,52,3.0,600000.0,42979
8054371,1,2,1,10,2024,2,48,8.0,1300000.0,37102
8077722,1,2,1,10,2024,1,33,4.0,2200000.0,46812
8077136,1,1,1,10,2024,2,39,5.0,1000000.0,45529
8041337,1,1,1,10,2024,2,28,5.0,800000.0,7278
8075761,1,2,1,10,2024,2,52,5.0,1300000.0,41998
8048389,1,2,1,10,2024,2,24,5.0,1300000.0,23601
8086545,1,2,1,10,2024,1,41,4.0,2000000.0,63937
8039224,1,1,1,10,2024,2,50,10.0,2800000.0,2629
8038776,1,1,1,10,2024,2,35,5.0,150000.0,1481
8078869,1,2,1,10,2024,1,60,3.0,1300000.0,49323
8076286,1,1,1,10,2024,1,62,4.0,1650000.0,43494
8084686,1,2,1,10,2024,1,38,9.0,2000000.0,61690
8080552,1,1,1,10,2024,2,36,5.0,1200000.0,53302
8043608,1,3,1,10,2024,2,27,5.0,1300000.0,12429
8082880,1,2,1,10,2024,1,77,3.0,380000.0,57818
8055171,1,2,1,10,2024,2,35,5.0,500000.0,38872
8084694,1,2,1,10,2024,2,34,9.0,1800000.0,61703
8078604,1,4,1,10,2024,1,49,3.0,3000000.0,48777
8050171,1,1,1,10,2024,2,47,3.0,996000.0,27266
8038415,2,1,2,10,2024,2,51,4.0,200000.0,614
8077336,1,1,1,10,2024,2,55,3.0,0.0,46017
8082476,1,1,1,10,2024,1,42,4.0,800000.0,56792
8053194,1,2,1,10,2024,2,64,4.0,640000.0,34585
8043339,1,4,1,10,2024,2,30,5.0,1800000.0,11736
8050877,1,1,1,10,2024,1,41,5.0,1300000.0,29069
8080745,1,1,1,10,2024,1,59,3.0,1200000.0,53675
8083437,1,1,1,10,2024,2,39,4.0,900000.0,59071
8039739,1,1,1,10,2024,1,29,11.0,4200000.0,3638
8083491,1,1,1,10,2024,2,46,3.0,650000.0,59188
8054195,1,1,1,10,2024,1,64,5.0,1100000.0,36720
8041570,1,1,1,10,2024,1,41,5.0,1600000.0,7879
8083199,1,2,1,10,2024,2,35,5.0,600000.0,58521
8050636,1,2,1,10,2024,2,54,11.0,3200000.0,28487
8084701,1,2,1,10,2024,2,47,5.0,1800000.0,61715
8038266,1,2,1,10,2024,2,33,3.0,1300000.0,217
8044279,1,2,1,10,2024,1,29,3.0,400000.0,14097
8038932,1,1,1,10,2024,2,33,10.0,1600000.0,1846
8055032,1,1,1,10,2024,2,49,3.0,500000.0,38618
8040149,1,4,1,10,2024,1,71,1.0,800000.0,4503
8051234,1,1,1,10,2024,1,29,5.0,1780000.0,29638
8039075,1,2,1,10,2024,2,40,4.0,1250000.0,2216
8039218,1,2,1,10,2024,2,91,1.0,,2614
8044552,1,4,1,10,2024,2,28,10.0,1300000.0,14877
8077149,1,1,1,10,2024,1,59,3.0,0.0,45566
8076792,1,1,1,10,2024,1,65,3.0,1000000.0,44706
8050243,1,3,1,10,2024,2,23,8.0,1300000.0,27441
8047975,1,3,1,10,2024,1,53,5.0,600000.0,22779
8053998,1,1,1,10,2024,1,22,8.0,1300000.0,36299
8054521,1,8,1,10,2024,1,21,5.0,600000.0,37453
8047256,1,2,1,10,2024,1,25,3.0,800000.0,21299
8053157,1,2,1,10,2024,1,57,9.0,5000000.0,34500
8045566,1,1,1,10,2024,1,53,4.0,1600000.0,17626
8055818,1,2,1,10,2024,1,21,4.0,1300000.0,40053
8039531,1,1,1,10,2024,1,40,11.0,5800800.0,3249
8076110,1,3,1,10,2024,1,28,3.0,720000.0,43030
8082399,1,3,1,10,2024,1,25,6.0,130000.0,56630
8054454,1,5,1,10,2024,1,24,5.0,1500000.0,37322
8084685,1,1,1,10,2024,1,33,5.0,1800000.0,61685
8084897,1,2,1,10,2024,2,26,8.0,1400000.0,62156
8078724,1,1,1,10,2024,2,56,3.0,700000.0,49019
8049509,1,1,1,10,2024,1,27,4.0,800000.0,25640
8053063,1,1,1,10,2024,1,37,10.0,5690000.0,34334
8046633,3,1,3,10,2024,1,27,5.0,1300000.0,20092
8085723,1,8,1,10,2024,1,64,3.0,400000.0,62713
8041992,1,1,1,10,2024,2,40,5.0,3000000.0,8817
8039836,1,3,1,10,2024,1,39,9.0,1300000.0,3808
8079222,1,1,1,10,2024,1,52,1.0,120000.0,50172
8083434,1,1,1,10,2024,1,59,10.0,1200000.0,59061
8051670,1,1,1,10,2024,2,37,5.0,800000.0,30739
8083225,1,2,1,10,2024,1,26,5.0,1300000.0,58603
8054070,1,2,1,10,2024,2,45,5.0,1400000.0,36428
8040075,1,1,1,10,2024,2,59,11.0,8000000.0,4311
8055039,1,2,1,10,2024,2,42,11.0,2200000.0,38642
8040610,1,1,1,10,2024,2,59,4.0,500000.0,5646
8050725,1,1,1,10,2024,1,29,3.0,500000.0,28675
8075960,1,2,1,10,2024,1,23,4.0,400000.0,42579
8047122,1,1,1,10,2024,2,48,5.0,2100000.0,21019
8056253,1,4,1,10,2024,2,26,10.0,2000000.0,40947
8039113,1,1,1,10,2024,1,50,8.0,1000000.0,2335
8046120,1,1,1,10,2024,2,34,5.0,1340000.0,18761
8045124,1,4,1,10,2024,2,32,10.0,2800000.0,16408
8042191,1,2,1,10,2024,1,48,3.0,900000.0,9287
8078126,1,1,1,10,2024,2,52,3.0,360000.0,47685
8051425,1,4,1,10,2024,2,21,6.0,1300000.0,30170
8086492,1,3,1,10,2024,1,24,4.0,1500000.0,63804
8046725,1,1,1,10,2024,2,52,5.0,2000000.0,20293
8046047,1,2,1,10,2024,2,43,3.0,700000.0,18579
8079218,1,2,1,10,2024,2,28,3.0,160000.0,50162
8055655,1,3,1,10,2024,1,28,5.0,1200000.0,39714
8050914,1,5,1,10,2024,2,22,5.0,500000.0,29178
8077678,1,1,1,10,2024,1,69,3.0,0.0,46723
8044739,1,1,1,10,2024,1,30,3.0,3000000.0,15359
8043544,1,2,1,10,2024,2,31,9.0,1300000.0,12287
8051338,1,3,1,10,2024,2,45,10.0,3570000.0,29925
8086652,1,3,1,10,2024,1,25,10.0,400000.0,64230
8078924,1,1,1,10,2024,2,48,5.0,700000.0,49458
8051006,1,2,1,10,2024,2,39,5.0,1300000.0,29452
8051604,1,1,1,10,2024,1,53,11.0,8000000.0,30583
8047468,1,2,1,10,2024,2,30,10.0,450000.0,21678
8040082,1,1,1,10,2024,1,58,4.0,600000.0,4322
8055222,1,3,1,10,2024,2,29,5.0,400000.0,39004
8081606,1,1,1,10,2024,1,29,10.0,3000000.0,55472
8051587,1,1,1,10,2024,1,37,10.0,4100000.0,30535
8056480,1,2,1,10,2024,1,38,8.0,1300000.0,41407
8080354,1,1,1,10,2024,2,61,3.0,800000.0,52935
8080699,1,1,1,10,2024,2,23,5.0,1300000.0,53607
8042115,1,1,1,10,2024,1,51,3.0,1200000.0,9068
8086118,1,1,1,10,2024,1,47,11.0,5000000.0,63314
8082466,1,2,1,10,2024,1,55,5.0,400000.0,56769
8052986,1,4,1,10,2024,2,43,5.0,600000.0,34124
8083524,1,1,1,10,2024,2,61,5.0,1300000.0,59229
8041530,1,1,1,10,2024,1,41,5.0,1400000.0,7785
8039296,1,4,1,10,2024,2,26,9.0,1300000.0,2816
8051358,1,1,1,10,2024,2,34,10.0,3700000.0,29987
8049014,1,2,1,10,2024,2,52,3.0,700000.0,24765
8048331,1,1,1,10,2024,2,52,5.0,800000.0,23520
8038902,1,2,1,10,2024,2,25,5.0,1300000.0,1765
8076522,1,1,1,10,2024,1,40,4.0,800000.0,44082
8080178,1,1,1,10,2024,1,60,5.0,2000000.0,52492
8050558,1,1,1,10,2024,2,39,8.0,820000.0,28306
8039316,1,2,1,10,2024,2,29,11.0,300000.0,2864
8050717,1,2,1,10,2024,2,34,9.0,1450000.0,28659
8043362,1,1,1,10,2024,2,37,8.0,1300000.0,11787
8084769,1,2,1,10,2024,2,29,9.0,1300000.0,61864
8080691,1,1,1,10,2024,2,32,8.0,2000000.0,53593
8040761,1,5,1,10,2024,1,27,5.0,900000.0,5977
8084899,1,1,1,10,2024,2,26,8.0,1500000.0,62160
8048012,1,1,1,10,2024,1,60,5.0,2600000.0,22853
8084356,1,2,1,10,2024,1,26,5.0,1462000.0,61033
8078765,1,1,1,10,2024,2,37,5.0,1800000.0,49121
8047629,1,1,1,10,2024,2,42,10.0,2500000.0,22019
8041863,1,2,1,10,2024,2,21,5.0,1600000.0,8466
8054727,1,1,1,10,2024,2,41,8.0,1300000.0,37904
8048718,1,2,1,10,2024,1,68,3.0,1300000.0,24205
8083077,1,1,1,10,2024,2,33,10.0,1300000.0,58269
8050174,1,2,1,10,2024,2,45,5.0,1040000.0,27277
8049120,1,1,1,10,2024,1,45,8.0,1700000.0,24947
8076078,1,3,1,10,2024,1,19,3.0,200000.0,42937
8076176,1,1,1,10,2024,2,30,10.0,1097000.0,43232
8084377,1,1,1,10,2024,2,64,3.0,900000.0,61086
8083894,1,1,1,10,2024,2,26,5.0,1300000.0,59965
8081245,1,2,1,10,2024,2,36,5.0,1300000.0,54677
8047653,1,1,1,10,2024,1,55,4.0,1000000.0,22073
8055013,1,5,1,10,2024,1,20,10.0,300000.0,38565
8048228,1,2,1,10,2024,1,53,5.0,1200000.0,23295
8049222,1,1,1,10,2024,2,35,5.0,1300000.0,25131
8045357,1,2,1,10,2024,2,32,10.0,2000000.0,17025
8077998,1,1,1,10,2024,2,49,3.0,700000.0,47424
8043876,1,1,1,10,2024,2,37,5.0,1300000.0,13114
8045412,1,3,1,10,2024,1,25,6.0,1200000.0,17190
8039437,1,1,1,10,2024,2,45,5.0,1459000.0,3044
8081593,1,1,1,10,2024,2,73,3.0,685000.0,55455
8043773,1,1,1,10,2024,2,47,4.0,480000.0,12869
8077134,1,1,1,10,2024,2,20,5.0,720000.0,45524
8040574,1,5,1,10,2024,2,22,4.0,850000.0,5560
8049917,1,2,1,10,2024,2,35,5.0,300000.0,26678
8045055,1,3,1,10,2024,1,19,5.0,1462000.0,16215
8039873,1,2,1,10,2024,2,31,5.0,500000.0,3875
8079559,1,2,1,10,2024,2,35,11.0,3800000.0,50987
8083238,1,4,1,10,2024,1,34,5.0,1300000.0,58637
8079764,1,3,1,10,2024,2,64,5.0,900000.0,51491
8043321,1,2,1,10,2024,1,65,3.0,1100000.0,11671
8081249,1,1,1,10,2024,1,39,5.0,1000000.0,54692
8079452,1,1,1,10,2024,2,52,3.0,2200000.0,50787
8077010,1,2,1,10,2024,2,29,8.0,200000.0,45153
8046019,1,1,1,10,2024,1,56,3.0,500000.0,18509
8042716,1,3,1,10,2024,2,25,3.0,700000.0,10392
8042375,1,1,1,10,2024,2,47,9.0,1300000.0,9666
8078763,1,2,1,10,2024,2,35,5.0,1400000.0,49115
8080660,1,2,1,10,2024,1,61,5.0,5000000.0,53534
8039085,1,1,1,10,2024,1,61,3.0,1200000.0,2249
8049061,1,1,1,10,2024,2,34,5.0,1080000.0,24854
8075871,1,1,1,10,2024,2,30,3.0,1000000.0,42297
8041513,1,3,1,10,2024,2,38,5.0,650000.0,7740
8080466,1,3,1,10,2024,2,28,8.0,1300000.0,53129
8053622,1,2,1,10,2024,1,37,5.0,1300000.0,35555
8052062,1,3,1,10,2024,2,31,5.0,1800000.0,31737
8053811,1,1,1,10,2024,2,60,5.0,1700000.0,35930
8046406,1,2,1,10,2024,1,56,3.0,280000.0,19470
8054720,1,6,1,10,2024,2,67,6.0,700000.0,37897
8046748,1,2,1,10,2024,2,33,11.0,5400000.0,20349
8040007,1,4,1,10,2024,2,17,5.0,1000000.0,4146
8083084,1,4,1,10,2024,1,19,10.0,600000.0,58296
8080636,1,4,1,10,2024,1,61,3.0,100000.0,53478
8044610,1,2,1,10,2024,2,31,9.0,600000.0,15031
8043288,1,1,1,10,2024,1,21,5.0,1300000.0,11588
8040206,1,2,1,10,2024,1,51,4.0,1300000.0,4661
8056433,1,1,1,10,2024,1,40,9.0,3000000.0,41343
8045075,1,1,1,10,2024,1,43,10.0,1200000.0,16264
8080094,1,2,1,10,2024,1,55,3.0,800000.0,52257
8043878,1,1,1,10,2024,2,46,8.0,2500000.0,13122
8042066,1,4,1,10,2024,2,20,5.0,1300000.0,8937
8048524,1,2,1,10,2024,1,37,8.0,1300000.0,23853
8054149,1,1,1,10,2024,1,47,5.0,800000.0,36598
8046393,1,1,1,10,2024,2,34,9.0,1800000.0,19445
8056411,1,1,1,10,2024,1,30,5.0,1500000.0,41294
8040108,1,1,1,10,2024,2,33,5.0,500000.0,4391
8047774,1,1,1,10,2024,1,63,4.0,560000.0,22343
8044702,1,3,1,10,2024,1,24,4.0,500000.0,15278
8052394,1,3,1,10,2024,1,23,4.0,150000.0,32684
8046548,1,3,1,10,2024,2,22,5.0,100000.0,19846
8041172,1,4,1,10,2024,2,45,5.0,1470000.0,6978
8043352,1,1,1,10,2024,2,49,4.0,1300000.0,11766
8076946,1,2,1,10,2024,2,37,5.0,2200000.0,45021
8040608,1,4,1,10,2024,1,43,5.0,900000.0,5644
8045035,1,2,1,10,2024,2,29,5.0,1300000.0,16165
8084657,1,1,1,10,2024,1,60,4.0,1000000.0,61623
8052017,1,1,1,10,2024,1,58,4.0,700000.0,31631
8050746,1,1,1,10,2024,2,55,9.0,5000000.0,28728
8086816,1,4,1,10,2024,2,37,10.0,1700000.0,64540
8050192,1,2,1,10,2024,2,46,4.0,450000.0,27310
8085882,1,2,1,10,2024,2,32,11.0,1300000.0,62992
8040176,1,2,1,10,2024,1,30,5.0,1300000.0,4573
8084969,1,1,1,10,2024,1,25,4.0,1800000.0,62327
8039321,1,4,1,10,2024,2,24,10.0,1300000.0,2880
8049649,1,2,1,10,2024,1,70,10.0,1600000.0,25991
8083044,1,3,1,10,2024,2,25,5.0,900000.0,58194
8046742,1,2,1,10,2024,2,55,3.0,700000.0,20338
8050889,1,1,1,10,2024,1,38,3.0,1400000.0,29106
8040342,1,1,1,10,2024,2,54,5.0,3488000.0,4997
8076869,1,1,1,10,2024,2,43,3.0,400000.0,44862
8043943,1,2,1,10,2024,1,40,5.0,1000000.0,13276
8050325,1,3,1,10,2024,1,20,5.0,600000.0,27624
8053900,1,4,1,10,2024,2,55,5.0,1300000.0,36105
8038848,1,1,1,10,2024,2,64,5.0,2000000.0,1633
8038836,1,1,1,10,2024,1,37,11.0,10000000.0,1607
8049635,1,2,1,10,2024,1,68,3.0,1500000.0,25963
8052954,1,1,1,10,2024,2,21,5.0,800000.0,34018
8041485,1,1,1,10,2024,2,34,5.0,300000.0,7679
8052275,1,2,1,10,2024,1,45,8.0,800000.0,32305
8045451,1,3,1,10,2024,2,30,12.0,6000000.0,17305
8084642,1,1,1,10,2024,2,24,4.0,1300000.0,61574
8080137,1,2,1,10,2024,1,33,5.0,800000.0,52393
8044109,1,1,1,10,2024,2,51,10.0,1500000.0,13666
8078570,1,1,1,10,2024,1,71,3.0,1200000.0,48691
8082877,1,1,1,10,2024,2,43,10.0,3000000.0,57811
8049493,1,2,1,10,2024,1,38,8.0,800000.0,25600
8054680,1,1,1,10,2024,1,59,1.0,300000.0,37787
8048506,1,1,1,10,2024,2,56,3.0,1500000.0,23804
8082798,1,3,1,10,2024,2,23,11.0,1300000.0,57612
8038878,1,8,1,10,2024,2,28,10.0,1600000.0,1712
8039131,1,2,1,10,2024,2,30,9.0,1300000.0,2401
8080533,1,2,1,10,2024,2,32,10.0,2500000.0,53259
8039019,1,3,1,10,2024,1,41,8.0,2200000.0,2043
8056096,1,1,1,10,2024,2,35,5.0,1300000.0,40590
8078330,1,4,1,10,2024,1,24,3.0,280000.0,48191
8078112,1,1,1,10,2024,1,44,5.0,1060000.0,47653
8050194,1,2,1,10,2024,1,26,5.0,300000.0,27317
8045142,1,1,1,10,2024,2,42,4.0,500000.0,16449
8038382,1,2,1,10,2024,2,31,9.0,1300000.0,525
8039261,1,2,1,10,2024,2,22,8.0,1500000.0,2713
8082569,1,2,1,10,2024,2,37,10.0,1000000.0,57009
8049210,1,1,1,10,2024,1,61,6.0,1300000.0,25110
8078730,1,2,1,10,2024,1,23,8.0,1200000.0,49033
8047744,1,2,1,10,2024,2,45,5.0,1300000.0,22262
8043866,1,1,1,10,2024,2,35,8.0,1800000.0,13083
8052957,1,2,1,10,2024,2,18,5.0,200000.0,34026
8042978,1,1,1,10,2024,1,70,3.0,800000.0,10874
8041817,1,2,1,10,2024,2,56,8.0,1300000.0,8329
8082786,1,1,1,10,2024,1,41,4.0,1300000.0,57567
8080143,1,1,1,10,2024,1,40,9.0,5000000.0,52409
8039006,1,1,1,10,2024,2,52,10.0,1300000.0,2019
8084847,1,1,1,10,2024,1,28,6.0,1600000.0,62037
8041883,1,4,1,10,2024,2,25,10.0,1500000.0,8516
8081718,1,1,1,10,2024,2,28,5.0,300000.0,55649
8049760,1,1,1,10,2024,1,40,4.0,1500000.0,26287
8049526,1,1,1,10,2024,2,38,3.0,700000.0,25679
8084818,1,3,1,10,2024,2,26,8.0,350000.0,61974
8047122,1,2,1,10,2024,1,24,5.0,740000.0,21020
8082620,1,2,1,10,2024,2,34,5.0,900000.0,57117
8086573,1,1,1,10,2024,1,58,10.0,1300000.0,64015
8046972,1,1,1,10,2024,2,45,10.0,1300000.0,20768
8050481,1,1,1,10,2024,1,29,4.0,900000.0,28051
8038603,1,2,1,10,2024,2,25,10.0,2800000.0,971
8052939,1,4,1,10,2024,2,31,5.0,350000.0,33973
8055573,1,2,1,10,2024,2,19,10.0,370000.0,39569
8082189,1,2,1,10,2024,1,65,3.0,200000.0,56265
8046171,1,2,1,10,2024,1,37,5.0,1400000.0,18870
8075707,1,1,1,10,2024,1,52,1.0,750000.0,41875
8040459,1,1,1,10,2024,1,33,10.0,1400000.0,5282
8051706,1,2,1,10,2024,1,35,9.0,1400000.0,30831
8038441,1,4,1,10,2024,2,29,10.0,3500000.0,665
8050574,1,1,1,10,2024,2,70,1.0,600000.0,28347
8077116,1,2,1,10,2024,1,70,3.0,550000.0,45475
8081456,1,2,1,10,2024,1,51,10.0,4000000.0,55189
8052837,1,1,1,10,2024,1,59,6.0,3000000.0,33725
8055636,1,1,1,10,2024,2,63,3.0,500000.0,39650
8077808,1,2,1,10,2024,2,46,10.0,1300000.0,47003
8077262,1,1,1,10,2024,1,43,5.0,2200000.0,45875
8076163,1,1,1,10,2024,1,56,1.0,336000.0,43184
8038278,1,1,1,10,2024,1,33,9.0,1800000.0,244
8049735,1,2,1,10,2024,1,31,5.0,1200000.0,26218
8083904,1,1,1,10,2024,2,43,3.0,600000.0,59973
8082999,1,1,1,10,2024,1,60,10.0,2500000.0,58075
8082319,1,2,1,10,2024,1,55,3.0,1300000.0,56458
8045455,1,3,1,10,2024,2,45,3.0,950000.0,17322
8051634,1,1,1,10,2024,1,42,5.0,2500000.0,30653
8042147,1,2,1,10,2024,2,53,9.0,1300000.0,9165
8042900,1,3,1,10,2024,2,24,10.0,1300000.0,10788
8086356,1,1,1,10,2024,1,61,9.0,3000000.0,63521
8047060,1,3,1,10,2024,2,19,6.0,1300000.0,20912
8038264,1,1,1,10,2024,1,23,5.0,1000000.0,208
8043964,1,2,1,10,2024,1,37,5.0,1300000.0,13355
8076360,1,2,1,10,2024,2,40,10.0,2600000.0,43659
8086860,1,1,1,10,2024,1,59,5.0,2500000.0,64600
8044866,1,1,1,10,2024,1,69,5.0,3000000.0,15700
8044827,1,2,1,10,2024,1,40,5.0,1800000.0,15590
8042169,1,1,1,10,2024,2,66,3.0,300000.0,9222
8043716,1,2,1,10,2024,2,39,10.0,1900000.0,12705
8055652,1,1,1,10,2024,1,49,5.0,1300000.0,39703
8038828,1,2,1,10,2024,2,42,10.0,5000000.0,1589
8079213,1,1,1,10,2024,1,49,1.0,300000.0,50140
8040780,1,1,1,10,2024,1,53,5.0,1300000.0,6030
8075840,1,2,1,10,2024,2,21,5.0,600000.0,42214
8046152,1,1,1,10,2024,1,39,3.0,650000.0,18824
8039385,1,2,1,10,2024,2,38,3.0,180000.0,2946
8079525,1,1,1,10,2024,1,68,4.0,1120000.0,50918
8038210,1,1,1,10,2024,1,35,5.0,400000.0,64
8042733,1,1,1,10,2024,2,31,7.0,2000000.0,10436
8042764,1,1,1,10,2024,1,61,5.0,1900000.0,10498
8050255,1,1,1,10,2024,1,43,5.0,2000000.0,27471
8045561,1,3,1,10,2024,1,31,5.0,1200000.0,17610
8047305,1,2,1,10,2024,1,40,6.0,1670000.0,21390
8044346,1,2,1,10,2024,1,25,3.0,1300000.0,14303
8040426,1,7,1,10,2024,2,48,8.0,1462000.0,5190
8083089,1,2,1,10,2024,2,38,4.0,784000.0,58311
8041698,1,3,1,10,2024,2,24,5.0,800000.0,8159
8040235,1,1,1,10,2024,1,57,3.0,500000.0,4757
8041567,1,3,1,10,2024,2,20,5.0,1300000.0,7871
8045219,1,4,1,10,2024,2,33,8.0,0.0,16675
8076074,1,2,1,10,2024,1,30,5.0,1300000.0,42925
8077446,1,1,1,10,2024,1,63,3.0,1200000.0,46263
8086095,1,1,1,10,2024,1,64,10.0,3000000.0,63265
8047197,1,1,1,10,2024,1,37,8.0,1462000.0,21176
8080410,1,1,1,10,2024,2,45,10.0,3000000.0,53089
8038676,1,1,1,10,2024,1,23,4.0,1300000.0,1165
8049481,1,6,1,10,2024,1,21,5.0,350000.0,25563
8079673,1,1,1,10,2024,1,22,5.0,1300000.0,51184
8076925,1,1,1,10,2024,1,57,3.0,1200000.0,44981
8046122,1,1,1,10,2024,2,55,13.0,8000000.0,18768
8076275,1,4,1,10,2024,1,39,3.0,500000.0,43473
8045375,1,2,1,10,2024,1,32,5.0,1300000.0,17076
8043325,1,1,1,10,2024,2,32,5.0,850000.0,11682
8055953,1,2,1,10,2024,2,32,10.0,1300000.0,40327
8077483,1,2,1,10,2024,2,36,10.0,800000.0,46340
8083713,1,1,1,10,2024,2,45,5.0,700000.0,59601
8084407,1,1,1,10,2024,2,48,4.0,1700000.0,61149
8078238,1,1,1,10,2024,2,32,8.0,1300000.0,47958
8081946,1,1,1,10,2024,2,46,5.0,400000.0,55898
8083326,1,1,1,10,2024,1,34,10.0,2000000.0,58852
8042374,1,1,1,10,2024,1,52,5.0,1250000.0,9663
8041610,1,2,1,10,2024,2,33,10.0,2000000.0,7965
8040988,1,2,1,10,2024,2,42,5.0,2800000.0,6518
8045197,1,4,1,10,2024,1,26,4.0,1400000.0,16612
8048320,1,2,1,10,2024,1,24,6.0,1200000.0,23509
8056315,1,1,1,10,2024,2,51,11.0,7000000.0,41053
8043157,1,3,1,10,2024,1,18,3.0,800000.0,11293
8041670,1,1,1,10,2024,1,77,5.0,3000000.0,8115
8041024,1,2,1,10,2024,1,49,5.0,2000000.0,6617
8044779,1,1,1,10,2024,1,66,5.0,800000.0,15441
8050347,1,2,1,10,2024,1,43,3.0,1700000.0,27710
8047483,1,1,1,10,2024,2,63,4.0,500000.0,21698
8080691,1,6,1,10,2024,2,22,5.0,1300000.0,53598
8077459,1,1,1,10,2024,1,63,3.0,900000.0,46294
8049900,1,3,1,10,2024,2,40,3.0,600000.0,26645
8082839,1,3,1,10,2024,2,60,3.0,1800000.0,57713
8049084,1,1,1,10,2024,1,60,3.0,1480000.0,24878
8046523,1,3,1,10,2024,2,24,9.0,1800000.0,19772
8082942,1,2,1,10,2024,2,59,5.0,1300000.0,57952
8082821,1,2,1,10,2024,1,31,5.0,2000000.0,57672
8077244,1,1,1,10,2024,1,25,4.0,1300000.0,45824
8050576,1,1,1,10,2024,1,67,3.0,900000.0,28349
8084586,1,1,1,10,2024,2,38,5.0,1300000.0,61479
8055007,1,2,1,10,2024,2,64,6.0,850000.0,38544
8082052,1,1,1,10,2024,1,55,5.0,900000.0,56026
8083473,1,1,1,10,2024,1,54,3.0,1800000.0,59145
8078282,3,2,3,10,2024,1,35,3.0,1000000.0,48064
8050320,1,1,1,10,2024,2,39,8.0,1300000.0,27602
8083119,1,1,1,10,2024,1,58,5.0,600000.0,58383
8039517,1,2,1,10,2024,1,44,5.0,450000.0,3209
8055668,1,2,1,10,2024,2,33,10.0,1500000.0,39761
8055216,1,2,1,10,2024,1,59,3.0,600000.0,38970
8080070,1,1,1,10,2024,1,51,3.0,1000000.0,52189
8084807,1,3,1,10,2024,1,29,4.0,1600000.0,61948
8040327,1,2,1,10,2024,2,33,10.0,1300000.0,4963
8050844,1,1,1,10,2024,2,42,10.0,950000.0,28992
8040773,1,2,1,10,2024,2,42,11.0,3000000.0,6010
8053913,1,1,1,10,2024,1,40,9.0,1560000.0,36126
8085878,1,5,1,10,2024,2,41,3.0,1200000.0,62985
8051809,1,2,1,10,2024,1,21,5.0,1500000.0,31110
8052435,1,3,1,10,2024,2,23,5.0,1500000.0,32785
8050769,1,2,1,10,2024,2,33,11.0,6419581.0,28788
8045218,1,1,1,10,2024,1,34,4.0,1300000.0,16668
8046983,1,3,1,10,2024,2,38,5.0,1000000.0,20787
8052524,1,1,1,10,2024,1,65,9.0,1980000.0,33005
8076731,1,1,1,10,2024,1,57,3.0,1000000.0,44554
8045334,1,2,1,10,2024,2,25,9.0,1500000.0,16969
8049162,1,2,1,10,2024,2,54,10.0,12400000.0,25034
8052850,1,2,1,10,2024,1,15,4.0,1320000.0,33757
8050364,1,1,1,10,2024,1,42,5.0,1950000.0,27770
8080337,1,2,1,10,2024,2,23,10.0,800000.0,52891
8052956,1,3,1,10,2024,1,37,5.0,200000.0,34024
8079119,1,1,1,10,2024,1,70,3.0,800000.0,49895
8084162,1,1,1,10,2024,1,60,10.0,3000000.0,60574
8050073,1,1,1,10,2024,1,57,3.0,800000.0,27053
8052487,1,1,1,10,2024,1,34,3.0,700000.0,32903
8050431,1,3,1,10,2024,2,22,6.0,1500000.0,27915
8038760,1,2,1,10,2024,1,21,5.0,1600000.0,1437
8041533,1,4,1,10,2024,2,19,5.0,1800000.0,7802
8085902,1,2,1,10,2024,2,39,8.0,1300000.0,63030
8053014,1,2,1,10,2024,1,41,5.0,100000.0,34217
8080738,1,1,1,10,2024,1,51,5.0,1800000.0,53659
8055014,1,2,1,10,2024,2,35,6.0,900000.0,38567
8043782,1,2,1,10,2024,2,38,8.0,1300000.0,12889
8052766,1,3,1,10,2024,2,23,4.0,700000.0,33543
8076041,1,1,1,10,2024,2,53,5.0,300000.0,42822
8076739,1,2,1,10,2024,2,37,11.0,8300000.0,44583
8050520,1,1,1,10,2024,2,47,5.0,800000.0,28194
8083550,1,1,1,10,2024,2,27,10.0,2600000.0,59289
8045153,1,1,1,10,2024,1,77,1.0,480000.0,16469
8055010,1,1,1,10,2024,2,38,10.0,2800000.0,38555
8055260,1,2,1,10,2024,2,35,5.0,1000000.0,39058
8079885,1,2,1,10,2024,1,23,5.0,1300000.0,51854
8050539,1,1,1,10,2024,2,44,4.0,1200000.0,28251
8041480,1,4,1,10,2024,1,51,3.0,1300000.0,7666
8077627,1,1,1,10,2024,2,62,3.0,900000.0,46625
8048049,1,2,1,10,2024,2,21,5.0,800000.0,22913
8047818,1,1,1,10,2024,1,61,3.0,900000.0,22442
8082882,1,2,1,10,2024,2,55,4.0,400000.0,57822
8049183,1,3,1,10,2024,2,46,8.0,600000.0,25068
8038689,1,5,1,10,2024,2,35,4.0,1280000.0,1234
8045657,1,1,1,10,2024,1,67,1.0,200000.0,17862
8055167,1,1,1,10,2024,1,49,3.0,1200000.0,38861
8054477,1,1,1,10,2024,2,29,11.0,4000000.0,37360
8044556,1,1,1,10,2024,2,67,1.0,500000.0,14888
8085714,1,1,1,10,2024,1,70,1.0,520000.0,62682
8079664,1,2,1,10,2024,1,34,5.0,1500000.0,51166
8079236,1,1,1,10,2024,1,34,3.0,720000.0,50234
8043056,1,2,1,10,2024,2,36,5.0,700000.0,11041
8054619,1,2,1,10,2024,2,30,5.0,800000.0,37647
8038938,2,1,2,10,2024,1,35,5.0,2000000.0,1871
8055851,1,2,1,10,2024,2,41,12.0,9255205.0,40110
8079776,1,1,1,10,2024,1,41,5.0,2300000.0,51532
8054203,1,1,1,10,2024,1,69,3.0,840000.0,36733
8054071,1,2,1,10,2024,1,27,10.0,1400000.0,36432
8041020,1,3,1,10,2024,2,21,8.0,1300000.0,6603
8050146,1,1,1,10,2024,1,70,3.0,300000.0,27199
8042478,1,2,1,10,2024,2,56,10.0,6200000.0,9897
8040107,1,1,1,10,2024,2,47,5.0,1000000.0,4388
8039101,1,1,1,10,2024,2,40,5.0,1300000.0,2302
8043487,1,1,1,10,2024,2,48,5.0,1300000.0,12119
8079995,1,1,1,10,2024,2,55,5.0,6000000.0,52041
8054554,1,7,1,10,2024,2,55,3.0,800000.0,37512
8083203,1,1,1,10,2024,2,64,3.0,300000.0,58534
8078923,1,2,1,10,2024,1,47,3.0,500000.0,49456
8046116,1,1,1,10,2024,1,28,5.0,800000.0,18751
8079023,1,3,1,10,2024,1,22,4.0,800000.0,49688
8052031,1,1,1,10,2024,1,34,9.0,2100000.0,31670
8078779,1,2,1,10,2024,1,32,8.0,1300000.0,49144
8084200,1,1,1,10,2024,1,64,3.0,800000.0,60693
8043178,1,2,1,10,2024,2,43,3.0,1300000.0,11343
8086657,1,4,1,10,2024,1,29,9.0,900000.0,64256
8083051,1,1,1,10,2024,1,29,8.0,2500000.0,58210
8049357,1,1,1,10,2024,2,45,10.0,3600000.0,25428
8079440,1,1,1,10,2024,1,50,10.0,4000000.0,50752
8046656,1,4,1,10,2024,1,47,5.0,1980000.0,20136
8082497,1,2,1,10,2024,1,41,8.0,1000000.0,56847
8038474,1,3,1,10,2024,2,19,5.0,265000.0,716
8056406,1,1,1,10,2024,2,35,8.0,1800000.0,41285
8053232,1,1,1,10,2024,2,27,8.0,2820000.0,34666
8040910,1,1,1,10,2024,1,42,10.0,4000000.0,6333
8086373,1,1,1,10,2024,1,61,9.0,3000000.0,63555
8051292,1,1,1,10,2024,2,28,12.0,4200000.0,29784
8041894,1,1,1,10,2024,2,31,10.0,2000000.0,8538
8046602,1,1,1,10,2024,1,42,11.0,3000000.0,20018
8041623,1,1,1,10,2024,1,44,10.0,4000000.0,7991
8039694,1,1,1,10,2024,2,48,5.0,730000.0,3534
8084618,1,2,1,10,2024,2,52,5.0,1800000.0,61514
8046030,1,1,1,10,2024,2,56,4.0,350000.0,18534
8038953,1,4,1,10,2024,1,40,10.0,2300000.0,1904
8051806,1,1,1,10,2024,1,56,3.0,1300000.0,31097
8045076,1,2,1,10,2024,2,48,5.0,1300000.0,16266
8083427,1,1,1,10,2024,1,35,10.0,1400000.0,59044
8079304,1,1,1,10,2024,2,50,10.0,4000000.0,50447
8086605,1,1,1,10,2024,2,54,5.0,450000.0,64120
8046057,1,1,1,10,2024,1,72,1.0,380000.0,18610
8050385,1,3,1,10,2024,2,34,6.0,430000.0,27821
8055079,1,2,1,10,2024,1,61,4.0,800000.0,38715
8050256,1,1,1,10,2024,2,43,10.0,3900000.0,27474
8039997,1,1,1,10,2024,2,27,10.0,1300000.0,4140
8051601,1,1,1,10,2024,1,57,3.0,900000.0,30572
8078623,1,2,1,10,2024,1,29,10.0,750000.0,48818
8039440,1,3,1,10,2024,1,54,4.0,600000.0,3051
8042093,1,1,1,10,2024,2,46,3.0,812000.0,9009
8078323,1,1,1,10,2024,2,50,3.0,1220000.0,48166
8038599,1,1,1,10,2024,2,64,3.0,1300000.0,957
8080236,1,2,1,10,2024,2,35,9.0,1300000.0,52643
8044381,1,1,1,10,2024,2,39,5.0,1518000.0,14391
8054469,1,1,1,10,2024,2,27,10.0,2800000.0,37350
8042168,1,1,1,10,2024,1,44,8.0,2800000.0,9218
8044129,1,1,1,10,2024,2,57,8.0,2000000.0,13703
8048551,1,1,1,10,2024,1,56,5.0,900000.0,23914
8043352,1,2,1,10,2024,1,21,9.0,1300000.0,11767
8075845,1,1,1,10,2024,1,58,3.0,950000.0,42228
8086775,1,1,1,10,2024,2,24,10.0,1350000.0,64478
8042956,1,2,1,10,2024,1,44,3.0,340000.0,10822
8038189,1,1,1,10,2024,1,33,3.0,1300000.0,15
8045111,1,1,1,10,2024,2,68,3.0,500000.0,16362
8044504,1,1,1,10,2024,1,46,5.0,1800000.0,14718
8047564,1,4,1,10,2024,2,41,5.0,1030000.0,21859
8050630,1,2,1,10,2024,2,29,10.0,1300000.0,28471
8046747,1,2,1,10,2024,2,51,5.0,1300000.0,20347
8047271,1,2,1,10,2024,2,39,10.0,1400000.0,21329
8038309,2,1,2,10,2024,1,46,9.0,2600000.0,330
8039920,1,1,1,10,2024,1,58,8.0,1300000.0,3996
8083261,1,1,1,10,2024,2,51,5.0,1300000.0,58691
8041175,1,3,1,10,2024,2,27,5.0,400000.0,6985
8081669,1,1,1,10,2024,1,46,3.0,200000.0,55569
8055310,1,2,1,10,2024,1,59,3.0,1300000.0,39142
8052607,1,1,1,10,2024,2,47,5.0,400000.0,33228
8044385,1,3,1,10,2024,2,28,5.0,500000.0,14404
8083032,1,1,1,10,2024,1,62,11.0,6800000.0,58171
8049503,1,1,1,10,2024,2,63,8.0,350000.0,25623
8041713,1,1,1,10,2024,1,32,10.0,3400000.0,8184
8086346,1,1,1,10,2024,1,61,9.0,3000000.0,63503
8085036,1,1,1,10,2024,2,67,3.0,500000.0,62483
8043418,1,2,1,10,2024,2,58,5.0,600000.0,11925
8082561,1,1,1,10,2024,2,35,6.0,400000.0,56996
8083445,1,1,1,10,2024,1,18,4.0,800000.0,59090
8075787,1,1,1,10,2024,1,61,3.0,0.0,42075
8054873,1,1,1,10,2024,1,66,3.0,1000000.0,38259
8054756,1,1,1,10,2024,1,48,8.0,2400000.0,37978
8081890,1,1,1,10,2024,2,54,11.0,4000000.0,55795
8048834,1,1,1,10,2024,2,52,4.0,200000.0,24395
8082994,1,6,1,10,2024,2,33,5.0,400000.0,58063
8045510,1,1,1,10,2024,1,27,10.0,1300000.0,17483
8044842,1,3,1,10,2024,1,40,5.0,1300000.0,15635
8076555,1,1,1,10,2024,1,30,10.0,1300000.0,44141
8085689,1,3,1,10,2024,2,43,4.0,1300000.0,62634
8077672,1,2,1,10,2024,2,65,4.0,720000.0,46708
8052114,1,1,1,10,2024,1,54,3.0,1450000.0,31877
8055892,1,1,1,10,2024,2,56,4.0,500000.0,40216
8044331,1,5,1,10,2024,2,48,5.0,2562000.0,14264
8051418,1,2,1,10,2024,2,47,10.0,2300000.0,30151
8076631,1,1,1,10,2024,1,49,10.0,6000000.0,44326
8050189,1,3,1,10,2024,1,23,5.0,300000.0,27305
8076823,1,2,1,10,2024,1,66,3.0,700000.0,44763
8045436,1,1,1,10,2024,1,60,5.0,1300000.0,17253
8076585,1,1,1,10,2024,2,58,10.0,100000.0,44206
8039597,1,2,1,10,2024,1,24,8.0,1100000.0,3352
8076783,1,1,1,10,2024,1,29,5.0,2000000.0,44690
8086604,1,1,1,10,2024,2,38,5.0,1300000.0,64117
8039058,1,1,1,10,2024,2,34,5.0,1500000.0,2167
8081502,1,2,1,10,2024,2,32,3.0,1300000.0,55302
8084558,1,2,1,10,2024,2,35,11.0,6000000.0,61431
8044544,1,2,1,10,2024,1,62,5.0,1600000.0,14855
8050799,1,1,1,10,2024,2,48,10.0,1300000.0,28863
8040312,1,2,1,10,2024,2,40,5.0,500000.0,4929
8042435,1,2,1,10,2024,2,42,4.0,800000.0,9802
8044075,1,1,1,10,2024,2,56,3.0,1300000.0,13599
8044595,1,2,1,10,2024,2,56,12.0,6000000.0,14993
8052773,1,2,1,10,2024,2,51,3.0,480000.0,33557
8077332,1,1,1,10,2024,2,52,4.0,280000.0,46005
8047480,1,2,1,10,2024,1,38,1.0,600000.0,21688
8053569,1,2,1,10,2024,1,57,5.0,1200000.0,35411
8076293,1,2,1,10,2024,1,36,5.0,1000000.0,43515
8044077,1,1,1,10,2024,2,57,4.0,900000.0,13606
8043314,1,1,1,10,2024,2,23,8.0,200000.0,11655
8046291,1,4,1,10,2024,1,20,4.0,1450000.0,19192
8047751,1,3,1,10,2024,1,34,10.0,900000.0,22283
8048077,1,1,1,10,2024,1,38,5.0,1500000.0,22994
8038623,1,2,1,10,2024,2,52,12.0,7000000.0,1033
8054779,1,1,1,10,2024,1,34,12.0,3200000.0,38055
8051671,1,1,1,10,2024,2,51,11.0,6000000.0,30742
8048876,1,3,1,10,2024,2,30,10.0,1400000.0,24486
8082692,1,4,1,10,2024,1,29,5.0,1520000.0,57338
8049203,1,2,1,10,2024,2,31,10.0,1300000.0,25101
8045411,1,2,1,10,2024,1,53,3.0,1800000.0,17184
8056093,1,1,1,10,2024,1,29,9.0,1300000.0,40582
8083623,1,4,1,10,2024,1,36,5.0,1300000.0,59440
8048147,1,1,1,10,2024,2,43,10.0,1000000.0,23175
8054437,1,2,1,10,2024,1,28,4.0,1300000.0,37284
8078723,1,1,1,10,2024,1,32,3.0,1300000.0,49015
8049052,1,1,1,10,2024,1,38,10.0,3180000.0,24834
8080029,1,2,1,10,2024,2,65,10.0,0.0,52097
8044054,1,3,1,10,2024,2,24,5.0,1000000.0,13535
8039849,1,1,1,10,2024,2,28,10.0,2200000.0,3832
8038938,1,2,1,10,2024,2,60,4.0,800000.0,1869
8039547,1,1,1,10,2024,2,43,10.0,2000000.0,3274
8045313,1,1,1,10,2024,2,35,10.0,1300000.0,16917
8081350,1,2,1,10,2024,2,47,5.0,1460000.0,54922
8048881,1,1,1,10,2024,1,32,3.0,1400000.0,24493
8038459,1,1,1,10,2024,1,27,3.0,2000000.0,685
8086040,1,3,1,10,2024,2,34,8.0,1200000.0,63216
8047980,1,1,1,10,2024,1,37,5.0,2000000.0,22785
8076728,1,1,1,10,2024,1,59,10.0,11000000.0,44545
8040154,1,2,1,10,2024,2,61,10.0,2500000.0,4510
8044022,1,1,1,10,2024,2,55,3.0,300000.0,13462
8050464,1,2,1,10,2024,1,60,4.0,500000.0,27997
8039498,1,2,1,10,2024,1,47,10.0,800000.0,3174
8054440,1,3,1,10,2024,2,35,10.0,3000000.0,37293
8054704,1,4,1,10,2024,1,28,5.0,1300000.0,37840
8075915,1,2,1,10,2024,1,44,8.0,370000.0,42422
8052543,1,2,1,10,2024,1,43,10.0,900000.0,33050
8043991,1,1,1,10,2024,2,55,3.0,100000.0,13396
8051247,1,1,1,10,2024,1,35,5.0,450000.0,29671
8077663,1,2,1,10,2024,2,32,5.0,1300000.0,46682
8050996,1,3,1,10,2024,1,32,3.0,980000.0,29427
8076724,1,1,1,10,2024,1,37,10.0,5500000.0,44535
8080393,1,1,1,10,2024,2,52,11.0,8300000.0,53052
8078555,1,1,1,10,2024,1,56,3.0,1300000.0,48659
8078780,1,1,1,10,2024,2,75,1.0,600000.0,49146
8084963,1,1,1,10,2024,1,57,3.0,800000.0,62300
8081319,1,1,1,10,2024,2,72,3.0,1200000.0,54867
8075616,1,1,1,10,2024,2,58,4.0,633000.0,41605
8051859,1,1,1,10,2024,2,57,3.0,1100000.0,31276
8053645,1,2,1,10,2024,1,30,10.0,3150000.0,35608
8086280,1,2,1,10,2024,1,69,11.0,4000000.0,63392
8076338,1,1,1,10,2024,1,57,5.0,1540000.0,43612
8084054,1,2,1,10,2024,1,28,10.0,2222700.0,60377
8079632,1,3,1,10,2024,1,30,5.0,1300000.0,51085
8078179,1,2,1,10,2024,2,43,9.0,1600000.0,47810
8043706,1,2,1,10,2024,2,40,10.0,1800000.0,12685
8046875,1,1,1,10,2024,2,30,8.0,1700000.0,20625
8039726,1,3,1,10,2024,2,28,4.0,1500000.0,3609
8084404,1,1,1,10,2024,2,42,6.0,1450000.0,61146
8082310,1,1,1,10,2024,1,40,5.0,1300000.0,56444
8048422,1,3,1,10,2024,1,42,10.0,2600000.0,23650
8044740,2,2,2,10,2024,2,20,8.0,1520000.0,15367
8048187,1,2,1,10,2024,2,30,6.0,900000.0,23252
8050469,1,2,1,10,2024,1,39,6.0,1300000.0,28015
8040424,1,1,1,10,2024,2,56,3.0,600000.0,5178
8081496,1,1,1,10,2024,2,43,5.0,240000.0,55286
8084662,1,2,1,10,2024,2,56,4.0,150000.0,61637
8082543,1,1,1,10,2024,1,73,10.0,22000000.0,56948
8050031,1,1,1,10,2024,1,56,10.0,1200000.0,26940
8054879,1,2,1,10,2024,1,26,5.0,1300000.0,38271
8049651,1,1,1,10,2024,1,44,3.0,1300000.0,25995
8050437,1,2,1,10,2024,2,65,3.0,200000.0,27930
8081218,1,1,1,10,2024,1,38,8.0,1300000.0,54595
8080317,1,1,1,10,2024,1,43,3.0,1300000.0,52842
8048999,1,1,1,10,2024,1,24,10.0,1000000.0,24737
8050165,1,1,1,10,2024,1,52,5.0,2500000.0,27250
8082421,1,1,1,10,2024,1,50,5.0,1800000.0,56682
8041573,1,2,1,10,2024,1,26,5.0,1300000.0,7885
8049051,1,1,1,10,2024,2,43,6.0,1300000.0,24831
8047928,1,1,1,10,2024,2,46,4.0,800000.0,22698
8042965,1,1,1,10,2024,2,37,6.0,1000000.0,10849
8039913,1,2,1,10,2024,2,64,10.0,1620000.0,3976
8056498,1,1,1,10,2024,1,56,3.0,900000.0,41442
8053511,1,1,1,10,2024,2,59,10.0,600000.0,35280
8046859,1,1,1,10,2024,2,62,10.0,3000000.0,20588
8080088,1,1,1,10,2024,1,63,12.0,9255000.0,52232
8046522,1,2,1,10,2024,1,47,4.0,1020000.0,19765
8043980,1,1,1,10,2024,1,43,3.0,1558500.0,13377
8056316,1,1,1,10,2024,2,54,5.0,1300000.0,41055
8055513,1,3,1,10,2024,1,73,5.0,1300000.0,39488
8040347,1,1,1,10,2024,1,34,5.0,1300000.0,5010
8050550,1,1,1,10,2024,2,38,5.0,100000.0,28278
8053860,1,1,1,10,2024,1,49,5.0,1500000.0,36031
8050540,1,1,1,10,2024,1,64,5.0,600000.0,28258
8052980,1,1,1,10,2024,1,63,3.0,600000.0,34091
8045289,1,1,1,10,2024,1,38,9.0,2500000.0,16851
8039724,1,1,1,10,2024,1,55,3.0,900000.0,3602
8078936,1,1,1,10,2024,1,71,1.0,6000000.0,49489
8049392,1,1,1,10,2024,2,26,5.0,700000.0,25502
8044544,1,1,1,10,2024,2,56,5.0,1500000.0,14854
8038317,1,1,1,10,2024,1,35,5.0,2800000.0,352
8038573,1,1,1,10,2024,1,71,3.0,600000.0,932
8082680,1,2,1,10,2024,2,59,3.0,700000.0,57306
8038875,1,1,1,10,2024,1,22,5.0,1300000.0,1699
8086578,1,2,1,10,2024,2,42,10.0,2500000.0,64036
8078034,1,1,1,10,2024,1,64,11.0,5500000.0,47504
8054435,1,2,1,10,2024,1,38,5.0,1000000.0,37278
8045329,1,2,1,10,2024,2,28,10.0,2400000.0,16958
8056201,1,3,1,10,2024,2,33,10.0,5000000.0,40790
8080902,1,2,1,10,2024,2,42,12.0,5000000.0,53976
8050444,1,1,1,10,2024,1,50,3.0,1300000.0,27947
8042824,1,1,1,10,2024,2,32,10.0,5000000.0,10623
8042838,1,1,1,10,2024,1,50,5.0,1300000.0,10655
8055877,1,1,1,10,2024,2,50,3.0,1300000.0,40193
8084163,1,5,1,10,2024,2,36,11.0,2500000.0,60581
8039192,1,4,1,10,2024,2,62,3.0,600000.0,2543
8039828,1,2,1,10,2024,2,62,5.0,450000.0,3793
8054752,1,1,1,10,2024,1,54,11.0,3900000.0,37972
8053213,1,1,1,10,2024,1,28,5.0,1500000.0,34620
8079814,1,1,1,10,2024,1,42,5.0,5000000.0,51637
8040791,1,2,1,10,2024,2,32,10.0,2600000.0,6047
8038606,1,1,1,10,2024,2,46,10.0,3400000.0,979
8084287,1,1,1,10,2024,2,34,8.0,1500000.0,60893
8044976,1,1,1,10,2024,2,57,4.0,200000.0,15980
8077330,1,2,1,10,2024,2,29,5.0,300000.0,46001
8047744,1,1,1,10,2024,2,63,3.0,300000.0,22261
8046707,1,1,1,10,2024,2,29,5.0,1200000.0,20256
8052044,1,1,1,10,2024,2,47,5.0,1300000.0,31694
8052186,1,1,1,10,2024,1,46,3.0,1450000.0,32048
8046162,1,1,1,10,2024,1,54,1.0,800000.0,18849
8053692,1,2,1,10,2024,2,45,10.0,1300000.0,35714
8040024,1,2,1,10,2024,1,32,5.0,1000000.0,4193
8083414,1,3,1,10,2024,1,17,8.0,975000.0,59017
8040891,1,1,1,10,2024,2,21,5.0,1462000.0,6289
8050887,1,1,1,10,2024,1,38,5.0,1300000.0,29103
8077178,1,1,1,10,2024,2,47,3.0,400000.0,45656
8046997,1,2,1,10,2024,2,41,5.0,1000000.0,20807
8082730,1,1,1,10,2024,1,40,5.0,1800000.0,57440
8039674,1,1,1,10,2024,1,26,5.0,1300000.0,3490
8046114,1,1,1,10,2024,1,49,3.0,360000.0,18744
8052509,1,3,1,10,2024,1,19,3.0,700000.0,32964
8050828,1,1,1,10,2024,2,46,5.0,800000.0,28946
8042245,1,1,1,10,2024,2,61,3.0,1150000.0,9408
8084159,1,4,1,10,2024,1,38,3.0,600000.0,60567
8056379,1,2,1,10,2024,2,37,10.0,2000000.0,41211
8054131,1,2,1,10,2024,2,62,4.0,1000000.0,36565
8050617,1,1,1,10,2024,2,49,10.0,2000000.0,28442
8080691,1,4,1,10,2024,1,33,3.0,1300000.0,53596
8050886,1,3,1,10,2024,1,20,4.0,150000.0,29100
8082888,1,2,1,10,2024,1,26,5.0,1300000.0,57836
8045928,1,1,1,10,2024,1,64,1.0,800000.0,18252
8048634,1,1,1,10,2024,2,33,10.0,1000000.0,24028
8040818,1,1,1,10,2024,1,40,5.0,800000.0,6094
8052259,1,1,1,10,2024,2,62,1.0,900000.0,32270
8046205,1,1,1,10,2024,2,39,6.0,1800000.0,18965
8051249,1,1,1,10,2024,2,58,5.0,1300000.0,29676
8043324,1,1,1,10,2024,2,38,3.0,300000.0,11677
8052244,1,1,1,10,2024,1,37,3.0,800000.0,32219
8046308,1,2,1,10,2024,1,40,8.0,2020000.0,19247
8048267,1,2,1,10,2024,1,58,5.0,1300000.0,23397
8040746,1,1,1,10,2024,2,52,4.0,150000.0,5926
8039032,1,5,1,10,2024,2,26,10.0,1300000.0,2086
8050267,1,3,1,10,2024,2,42,5.0,1300000.0,27500
8053718,1,3,1,10,2024,2,33,10.0,1800000.0,35793
8043755,1,1,1,10,2024,2,34,8.0,2200000.0,12814
8038716,1,2,1,10,2024,2,58,3.0,600000.0,1307
8080068,1,1,1,10,2024,2,22,5.0,1500000.0,52179
8055224,1,5,1,10,2024,1,23,5.0,1300000.0,39011
8043616,1,1,1,10,2024,2,31,10.0,2000000.0,12455
8085966,1,1,1,10,2024,1,32,5.0,2100000.0,63109
8051522,1,1,1,10,2024,1,31,4.0,700000.0,30403
8042999,1,1,1,10,2024,2,48,5.0,1080000.0,10912
8044177,1,1,1,10,2024,2,62,5.0,1462000.0,13830
8050981,1,2,1,10,2024,2,32,10.0,2200000.0,29379
8054207,1,2,1,10,2024,1,60,3.0,1100000.0,36748
8049545,1,2,1,10,2024,1,43,3.0,1200000.0,25720
8084001,1,1,1,10,2024,2,33,5.0,1560000.0,60196
8041104,1,2,1,10,2024,2,46,8.0,600000.0,6782
8055577,1,1,1,10,2024,1,28,10.0,2200000.0,39572
8042429,1,1,1,10,2024,1,33,10.0,2800000.0,9785
8043590,1,2,1,10,2024,2,20,5.0,1300000.0,12387
8056090,1,2,1,10,2024,2,35,5.0,676000.0,40576
8044046,1,1,1,10,2024,1,59,5.0,6000000.0,13510
8042194,1,2,1,10,2024,1,44,5.0,320000.0,9297
8046797,1,1,1,10,2024,2,34,5.0,800000.0,20462
8038555,1,2,1,10,2024,2,25,10.0,1300000.0,896
8078956,1,4,1,10,2024,1,50,4.0,300000.0,49536
8040388,1,1,1,10,2024,2,63,11.0,1300000.0,5089
8048242,1,1,1,10,2024,1,28,5.0,1500000.0,23346
8038685,1,2,1,10,2024,2,53,5.0,900000.0,1209
8081464,1,3,1,10,2024,2,23,5.0,1400000.0,55201
8054107,1,6,1,10,2024,1,33,5.0,600000.0,36505
8038827,1,1,1,10,2024,1,66,13.0,16000000.0,1587
8043136,1,1,1,10,2024,2,43,3.0,750000.0,11234
8044245,1,1,1,10,2024,2,22,5.0,600000.0,13960
8051586,1,1,1,10,2024,2,30,8.0,1500000.0,30534
8050228,1,1,1,10,2024,2,66,3.0,250000.0,27406
8077694,1,2,1,10,2024,2,72,4.0,300000.0,46760
8079512,1,3,1,10,2024,2,60,5.0,2000000.0,50890
8053216,1,2,1,10,2024,1,23,5.0,1300000.0,34624
8078321,1,3,1,10,2024,1,31,4.0,400000.0,48164
8082257,1,2,1,10,2024,2,26,4.0,500000.0,56360
8076278,1,2,1,10,2024,2,29,5.0,1300000.0,43476
8050012,1,2,1,10,2024,2,37,5.0,130000.0,26893
8079145,1,1,1,10,2024,2,56,5.0,150000.0,49947
8044109,1,2,1,10,2024,1,52,8.0,1200000.0,13667
8039623,1,2,1,10,2024,1,25,10.0,1680000.0,3387
8052917,1,2,1,10,2024,2,53,3.0,150000.0,33908
8039216,1,1,1,10,2024,2,39,5.0,1550000.0,2605
8084725,1,2,1,10,2024,2,38,5.0,1500000.0,61756
8055683,1,5,1,10,2024,2,26,5.0,1300000.0,39805
8055814,1,2,1,10,2024,2,37,11.0,5000000.0,40040
8051294,1,1,1,10,2024,1,36,9.0,1600000.0,29788
8078805,1,1,1,10,2024,1,39,3.0,1600000.0,49187
8077037,1,1,1,10,2024,2,39,3.0,400000.0,45230
8077923,1,2,1,10,2024,2,34,4.0,480000.0,47225
8046480,1,2,1,10,2024,2,50,10.0,3500000.0,19644
8084848,1,1,1,10,2024,2,70,4.0,1300000.0,62040
8040186,1,2,1,10,2024,2,48,10.0,800000.0,4607
8042187,1,2,1,10,2024,2,21,5.0,100000.0,9274
8079037,1,2,1,10,2024,2,27,4.0,400000.0,49732
8085725,1,1,1,10,2024,1,34,3.0,900000.0,62716
8056354,1,1,1,10,2024,2,51,11.0,3500000.0,41141
8081953,1,1,1,10,2024,1,34,5.0,1100000.0,55908
8052281,1,2,1,10,2024,2,55,8.0,120000.0,32318
8039098,1,1,1,10,2024,2,36,5.0,1600000.0,2291
8045503,1,1,1,10,2024,1,56,3.0,100000.0,17460
8043934,1,1,1,10,2024,1,49,3.0,1300000.0,13256
8051917,1,2,1,10,2024,1,27,5.0,1300000.0,31405
8039270,1,2,1,10,2024,2,54,9.0,170000.0,2741
8078087,1,3,1,10,2024,1,42,3.0,1150000.0,47598
8044241,1,1,1,10,2024,1,63,3.0,200000.0,13937
8076055,1,3,1,10,2024,2,27,9.0,500000.0,42872
8047132,1,1,1,10,2024,1,52,8.0,3000000.0,21031
8076679,1,2,1,10,2024,2,38,10.0,3000000.0,44434
8080938,1,2,1,10,2024,1,28,6.0,1700000.0,54069
8056222,1,2,1,10,2024,2,41,5.0,720000.0,40849
8053616,1,2,1,10,2024,2,48,10.0,1800000.0,35539
8052089,1,1,1,10,2024,2,59,5.0,320000.0,31815
8085899,1,2,1,10,2024,2,34,12.0,5000000.0,63025
8048238,1,1,1,10,2024,2,44,3.0,1000000.0,23332
8077339,1,5,1,10,2024,2,33,8.0,1300000.0,46029
8040189,1,1,1,10,2024,2,54,4.0,400000.0,4615
8086856,1,3,1,10,2024,2,29,12.0,3000000.0,64589
8077799,1,1,1,10,2024,1,56,3.0,1200000.0,46988
8086369,1,1,1,10,2024,1,61,9.0,3000000.0,63547
8085743,1,3,1,10,2024,1,26,5.0,1100000.0,62765
8054142,1,2,1,10,2024,2,70,3.0,1200000.0,36582
8085064,1,1,1,10,2024,1,31,10.0,4000000.0,62548
8052197,1,2,1,10,2024,1,55,1.0,600000.0,32082
8051687,1,2,1,10,2024,2,31,4.0,1300000.0,30772
8044787,1,1,1,10,2024,2,51,5.0,1000000.0,15462
8053520,1,2,1,10,2024,2,40,5.0,1500000.0,35297
8086542,1,2,1,10,2024,1,66,4.0,1000000.0,63934
8076776,1,1,1,10,2024,1,47,10.0,6000000.0,44673
8052136,1,3,1,10,2024,1,68,3.0,250000.0,31948
8048679,1,1,1,10,2024,1,45,10.0,1300000.0,24104
8043758,1,1,1,10,2024,2,40,5.0,600000.0,12823
8079890,1,3,1,10,2024,1,25,5.0,1400000.0,51866
8038718,1,1,1,10,2024,2,36,10.0,2800000.0,1311
8047625,1,2,1,10,2024,2,42,9.0,600000.0,22008
8086638,1,3,1,10,2024,2,42,8.0,300000.0,64193
8056003,1,1,1,10,2024,1,30,5.0,1800000.0,40413
8045692,1,3,1,10,2024,1,27,6.0,1300000.0,17948
8052786,1,2,1,10,2024,2,32,5.0,6180000.0,33592
8051707,1,3,1,10,2024,2,55,5.0,1000000.0,30835
8052201,1,4,1,10,2024,1,39,3.0,500000.0,32093
8050439,1,1,1,10,2024,1,50,4.0,2200000.0,27933
8079452,1,2,1,10,2024,1,74,8.0,500000.0,50788
8076464,1,2,1,10,2024,2,52,4.0,1550000.0,43916
8047938,1,1,1,10,2024,1,28,5.0,1200000.0,22716
8086813,1,1,1,10,2024,1,56,10.0,1300000.0,64528
8043699,1,1,1,10,2024,1,43,5.0,1300000.0,12660
8040399,1,1,1,10,2024,2,56,4.0,720000.0,5117
8047823,1,1,1,10,2024,2,46,4.0,2000000.0,22459
8044426,1,3,1,10,2024,2,64,1.0,920000.0,14518
8045698,1,2,1,10,2024,1,29,5.0,1300000.0,17962
8055235,1,1,1,10,2024,2,29,8.0,1450000.0,39031
8086304,1,1,1,10,2024,2,53,9.0,500000.0,63439
8054185,1,1,1,10,2024,1,35,10.0,8000000.0,36696
8046670,1,1,1,10,2024,2,51,5.0,800000.0,20165
8041031,1,2,1,10,2024,2,30,5.0,1400000.0,6635
8044301,1,3,1,10,2024,2,23,10.0,2000000.0,14178
8083240,1,4,1,10,2024,2,43,8.0,1300000.0,58642
8082884,1,2,1,10,2024,2,22,5.0,1300000.0,57825
8045448,1,1,1,10,2024,2,38,5.0,1800000.0,17291
8055860,1,2,1,10,2024,2,44,5.0,1300000.0,40141
8079578,1,1,1,10,2024,2,35,10.0,5000000.0,51003
8048611,1,2,1,10,2024,2,29,8.0,500000.0,24007
8052967,1,2,1,10,2024,1,18,4.0,200000.0,34059
8084780,1,1,1,10,2024,2,39,5.0,1450000.0,61899
8043667,1,1,1,10,2024,2,52,11.0,2500000.0,12592
8052107,1,2,1,10,2024,1,53,4.0,1350000.0,31860
8045277,1,1,1,10,2024,1,61,5.0,1000000.0,16825
8048686,1,3,1,10,2024,2,36,5.0,1600000.0,24128
8077794,1,1,1,10,2024,1,36,5.0,800000.0,46976
8049233,1,3,1,10,2024,1,20,5.0,1200000.0,25156
8044547,1,2,1,10,2024,2,28,10.0,1600000.0,14861
8053366,1,2,1,10,2024,2,28,10.0,1450000.0,35012
8082657,1,1,1,10,2024,2,71,3.0,400000.0,57240
8084261,1,1,1,10,2024,1,66,5.0,300000.0,60835
8084366,1,2,1,10,2024,1,35,10.0,2500000.0,61060
8042562,1,1,1,10,2024,2,41,5.0,1300000.0,10063
8084199,1,2,1,10,2024,2,44,5.0,400000.0,60689
8046549,1,2,1,10,2024,1,48,6.0,1560000.0,19848
8079006,1,1,1,10,2024,2,31,9.0,500000.0,49639
8055185,1,1,1,10,2024,2,40,4.0,1200000.0,38901
8047363,1,1,1,10,2024,2,46,11.0,8000000.0,21515
8085089,1,2,1,10,2024,2,24,5.0,1300000.0,62592
8083134,1,4,1,10,2024,1,74,3.0,300000.0,58411
8040582,1,1,1,10,2024,2,50,4.0,1300000.0,5579
8083401,1,2,1,10,2024,2,42,8.0,500000.0,58990
8077914,1,1,1,10,2024,2,77,3.0,1000000.0,47199
8076253,1,2,1,10,2024,2,62,3.0,300000.0,43415
8047808,1,1,1,10,2024,1,48,1.0,300000.0,22418
8039710,1,1,1,10,2024,1,25,10.0,1300000.0,3559
8043872,1,3,1,10,2024,1,67,8.0,1400000.0,13099
8038412,1,2,1,10,2024,1,43,5.0,3800000.0,609
8055825,1,2,1,10,2024,2,43,11.0,3000000.0,40060
8056474,1,2,1,10,2024,2,42,4.0,1300000.0,41398
8043379,1,1,1,10,2024,1,66,3.0,500000.0,11822
8043261,1,2,1,10,2024,2,35,3.0,2000000.0,11521
8046730,1,4,1,10,2024,1,19,4.0,700000.0,20312
8040634,1,1,1,10,2024,2,30,5.0,600000.0,5684
8040011,1,5,1,10,2024,1,21,5.0,900000.0,4156
8038711,1,2,1,10,2024,1,43,5.0,1100000.0,1297
8051693,1,5,1,10,2024,1,21,4.0,1300000.0,30795
8044853,1,1,1,10,2024,2,43,11.0,2500000.0,15666
8080393,1,2,1,10,2024,1,51,10.0,2300000.0,53053
8047660,1,2,1,10,2024,2,49,4.0,730000.0,22083
8055842,1,2,1,10,2024,2,47,9.0,1300000.0,40081
8053096,1,1,1,10,2024,2,35,5.0,1300000.0,34381
8083700,1,3,1,10,2024,2,54,3.0,800000.0,59579
8045176,1,1,1,10,2024,2,38,4.0,1450000.0,16547
8055197,1,1,1,10,2024,2,32,5.0,1300000.0,38916
8039909,1,1,1,10,2024,1,43,4.0,500000.0,3961
8086435,1,2,1,10,2024,1,42,5.0,1300000.0,63674
8047813,1,1,1,10,2024,2,35,3.0,1300000.0,22425
8044537,1,3,1,10,2024,1,20,10.0,1000000.0,14829
8083688,1,3,1,10,2024,1,37,10.0,600000.0,59558
8055293,1,1,1,10,2024,1,43,5.0,1500000.0,39111
8076072,1,2,1,10,2024,1,73,1.0,180000.0,42922
8081136,1,2,1,10,2024,2,39,8.0,1300000.0,54453
8045305,1,3,1,10,2024,2,29,5.0,1350000.0,16897
8084005,1,2,1,10,2024,1,20,10.0,500000.0,60210
8044084,1,2,1,10,2024,2,26,8.0,1300000.0,13619
8049878,1,2,1,10,2024,1,22,3.0,600000.0,26587
8077555,1,2,1,10,2024,1,74,3.0,600000.0,46463
8043267,1,2,1,10,2024,1,53,1.0,800000.0,11532
8080384,1,2,1,10,2024,2,41,10.0,3000000.0,53023
8051688,1,2,1,10,2024,2,46,10.0,3000000.0,30779
8044279,1,1,1,10,2024,2,28,5.0,100000.0,14096
8052652,1,1,1,10,2024,1,60,3.0,2000000.0,33314
8043218,1,1,1,10,2024,1,35,3.0,1000000.0,11417
8043257,1,1,1,10,2024,1,58,3.0,1600000.0,11508
8079475,1,1,1,10,2024,2,40,11.0,6900000.0,50829
8051639,1,1,1,10,2024,1,32,4.0,750000.0,30666
8075602,1,1,1,10,2024,2,52,3.0,850000.0,41544
8045440,1,1,1,10,2024,2,47,5.0,1300000.0,17266
8042265,1,3,1,10,2024,1,33,10.0,2500000.0,9457
8042088,1,4,1,10,2024,1,30,5.0,1200000.0,8999
8081169,1,1,1,10,2024,1,29,6.0,600000.0,54525
8049620,1,2,1,10,2024,1,40,3.0,1200000.0,25911
8041892,1,1,1,10,2024,1,56,11.0,3000000.0,8533
8044924,1,1,1,10,2024,2,31,4.0,850000.0,15858
8045024,1,2,1,10,2024,2,44,10.0,495000.0,16143
8041255,1,2,1,10,2024,1,38,5.0,1300000.0,7178
8049700,1,1,1,10,2024,2,61,3.0,800000.0,26110
8047814,1,1,1,10,2024,2,38,4.0,1000000.0,22431
8045051,1,1,1,10,2024,2,43,5.0,500000.0,16203
8078551,1,1,1,10,2024,1,64,1.0,280000.0,48654
8080821,1,1,1,10,2024,1,28,10.0,1300000.0,53819
8055565,1,3,1,10,2024,1,26,5.0,1462000.0,39547
8075843,1,1,1,10,2024,1,37,4.0,2000000.0,42220
8078116,1,1,1,10,2024,1,39,4.0,800000.0,47668
8041219,1,2,1,10,2024,1,44,10.0,850000.0,7098
8040256,1,1,1,10,2024,1,46,5.0,1300000.0,4783
8081221,1,1,1,10,2024,1,27,5.0,800000.0,54604
8081241,1,1,1,10,2024,2,47,5.0,1300000.0,54661
8077535,1,2,1,10,2024,2,29,5.0,400000.0,46418
8044289,1,2,1,10,2024,2,39,5.0,940000.0,14135
8040861,1,1,1,10,2024,2,57,6.0,1000000.0,6223
8082326,1,1,1,10,2024,1,66,10.0,5000000.0,56478
8041155,1,1,1,10,2024,2,46,6.0,1300000.0,6925
8039045,1,1,1,10,2024,2,29,9.0,1600000.0,2136
8038536,1,2,1,10,2024,2,50,3.0,1300000.0,861
8042200,1,1,1,10,2024,1,57,11.0,4000000.0,9307
8049277,1,3,1,10,2024,2,35,10.0,3200000.0,25261
8075678,1,1,1,10,2024,2,46,3.0,1000000.0,41794
8082048,1,2,1,10,2024,1,35,10.0,1400000.0,56024
8047930,1,1,1,10,2024,2,32,5.0,1000000.0,22699
8038293,1,3,1,10,2024,2,27,9.0,2400000.0,289
8082812,1,5,1,10,2024,1,30,10.0,2800000.0,57657
8048936,1,4,1,10,2024,1,27,5.0,1300000.0,24626
8046896,2,1,2,10,2024,2,52,3.0,420000.0,20687
8043565,1,2,1,10,2024,2,58,10.0,12000000.0,12319
8042328,1,1,1,10,2024,1,22,5.0,1800000.0,9573
8076050,1,1,1,10,2024,1,33,5.0,1300000.0,42850
8044259,1,1,1,10,2024,1,72,3.0,1200000.0,14020
8046910,1,1,1,10,2024,2,30,10.0,2000000.0,20714
8047465,1,1,1,10,2024,1,57,8.0,1460000.0,21671
8045744,1,4,1,10,2024,2,25,6.0,2000000.0,18074
8048243,1,2,1,10,2024,1,32,5.0,800000.0,23348
8046046,1,1,1,10,2024,2,42,3.0,200000.0,18574
8051569,1,1,1,10,2024,1,61,9.0,3000000.0,30499
8051428,1,1,1,10,2024,1,60,3.0,1300000.0,30178
8051638,1,2,1,10,2024,2,47,5.0,1480000.0,30665
8043811,1,1,1,10,2024,2,51,13.0,3997000.0,12968
8040411,1,2,1,10,2024,1,58,3.0,500000.0,5147
8054555,1,2,1,10,2024,2,23,5.0,1462000.0,37514
8051458,1,3,1,10,2024,2,33,9.0,1600000.0,30248
8084635,1,2,1,10,2024,1,30,5.0,1500000.0,61556
8083074,1,3,1,10,2024,1,41,10.0,10000000.0,58263
8078917,1,3,1,10,2024,1,22,10.0,1000000.0,49442
8041201,1,1,1,10,2024,2,62,10.0,2200000.0,7059
8041212,1,1,1,10,2024,2,65,5.0,200000.0,7081
8077254,1,2,1,10,2024,2,34,5.0,1300000.0,45852
8082736,1,1,1,10,2024,2,40,6.0,1200000.0,57451
8075644,1,3,1,10,2024,2,24,8.0,800000.0,41709
8080197,1,1,1,10,2024,2,64,9.0,12000000.0,52539
8078882,1,1,1,10,2024,1,28,4.0,1600000.0,49356
8077086,1,3,1,10,2024,1,51,3.0,2472000.0,45389
8080991,1,1,1,10,2024,1,54,10.0,5000000.0,54169
8076302,1,1,1,10,2024,1,52,3.0,1200000.0,43534
8055375,1,1,1,10,2024,1,39,9.0,1300000.0,39272
8047993,1,2,1,10,2024,2,39,10.0,1462000.0,22814
8050463,1,1,1,10,2024,1,26,10.0,2600000.0,27995
8056381,1,1,1,10,2024,2,23,8.0,1500000.0,41216
8043582,1,2,1,10,2024,1,26,5.0,800000.0,12368
8045509,1,2,1,10,2024,2,49,11.0,5600000.0,17480
8056301,1,1,1,10,2024,1,32,8.0,2000000.0,41024
8082705,1,1,1,10,2024,1,45,4.0,1000000.0,57367
8081003,1,1,1,10,2024,1,56,5.0,2000000.0,54196
8083717,1,1,1,10,2024,1,58,5.0,1400000.0,59609
8054117,1,2,1,10,2024,2,39,8.0,1600000.0,36532
8051732,1,1,1,10,2024,1,29,5.0,1300000.0,30894
8039070,1,1,1,10,2024,2,62,3.0,120000.0,2204
8079482,1,1,1,10,2024,1,52,11.0,5000000.0,50844
8078573,1,3,1,10,2024,1,16,5.0,800000.0,48703
8079679,1,2,1,10,2024,1,31,4.0,1300000.0,51201
8051432,1,2,1,10,2024,2,35,5.0,400000.0,30188
8039812,1,1,1,10,2024,2,45,3.0,800000.0,3763
8054450,1,1,1,10,2024,1,52,3.0,1000000.0,37312
8038283,1,2,1,10,2024,2,47,5.0,1650000.0,258
8045586,1,1,1,10,2024,2,61,3.0,960000.0,17677
8084069,1,1,1,10,2024,1,56,8.0,2900000.0,60424
8051700,1,1,1,10,2024,2,35,10.0,3200000.0,30815
8054507,1,1,1,10,2024,2,45,4.0,800000.0,37420
8083279,1,1,1,10,2024,1,28,8.0,1000000.0,58729
8044547,1,1,1,10,2024,1,26,13.0,4865000.0,14860
8080009,1,1,1,10,2024,1,31,10.0,8000000.0,52063
8045213,1,2,1,10,2024,1,32,3.0,1500000.0,16656
8043290,1,2,1,10,2024,1,40,4.0,900000.0,11598
8045250,1,2,1,10,2024,2,33,10.0,700000.0,16763
8045453,1,1,1,10,2024,2,33,5.0,700000.0,17310
8083531,1,1,1,10,2024,1,65,4.0,1200000.0,59247
8084253,1,2,1,10,2024,2,67,12.0,5000000.0,60819
8041001,1,1,1,10,2024,2,34,5.0,1300000.0,6543
8053540,1,1,1,10,2024,1,42,5.0,2000000.0,35339
8044643,1,1,1,10,2024,2,58,3.0,200000.0,15116
8054669,1,1,1,10,2024,1,58,4.0,800000.0,37765
8080189,1,3,1,10,2024,2,37,10.0,2200000.0,52526
8047561,1,4,1,10,2024,1,23,10.0,1300000.0,21846
8076084,1,1,1,10,2024,1,78,1.0,440000.0,42955
8084159,1,2,1,10,2024,1,69,1.0,600000.0,60565
8084658,1,3,1,10,2024,2,24,8.0,1300000.0,61627
8083345,1,1,1,10,2024,1,43,11.0,2400000.0,58900
8051738,1,2,1,10,2024,1,26,4.0,1700000.0,30918
8041968,1,5,1,10,2024,2,22,5.0,1300000.0,8762
8077626,1,1,1,10,2024,1,62,3.0,3050000.0,46623
8082840,1,1,1,10,2024,1,39,8.0,1600000.0,57714
8041445,1,3,1,10,2024,1,34,3.0,2500000.0,7582
8045986,1,2,1,10,2024,1,48,5.0,1300000.0,18426
8048787,1,1,1,10,2024,2,50,5.0,540000.0,24295
8076737,1,1,1,10,2024,2,36,5.0,1300000.0,44575
8038630,1,1,1,10,2024,1,50,10.0,2000000.0,1048
8050538,1,1,1,10,2024,2,67,5.0,200000.0,28248
8044728,1,1,1,10,2024,1,29,5.0,1300000.0,15340
8043390,1,3,1,10,2024,2,38,5.0,2062000.0,11847
8041991,1,3,1,10,2024,2,22,5.0,900000.0,8813
8040421,1,1,1,10,2024,2,28,4.0,1300000.0,5171
8079946,1,1,1,10,2024,1,32,8.0,3400000.0,51959
8082681,1,1,1,10,2024,2,70,5.0,1300000.0,57307
8054774,1,3,1,10,2024,2,23,5.0,1300000.0,38039
8050066,1,1,1,10,2024,1,60,1.0,1000000.0,27039
8052879,1,1,1,10,2024,2,39,12.0,3800000.0,33816
8040913,1,1,1,10,2024,1,82,3.0,3000000.0,6341
8050918,1,4,1,10,2024,1,24,4.0,1250000.0,29193
8042478,1,3,1,10,2024,2,26,10.0,0.0,9898
8079809,1,2,1,10,2024,1,48,8.0,1300000.0,51614
8041289,1,2,1,10,2024,1,51,10.0,6500000.0,7254
8050470,1,2,1,10,2024,1,53,3.0,800000.0,28019
8083619,1,2,1,10,2024,2,26,8.0,1500000.0,59430
8040368,1,1,1,10,2024,2,56,5.0,1600000.0,5048
8043960,1,1,1,10,2024,2,55,3.0,1200000.0,13338
8078787,1,3,1,10,2024,1,23,5.0,700000.0,49161
8051598,1,3,1,10,2024,2,56,3.0,1000000.0,30565
8047052,1,2,1,10,2024,2,27,10.0,3500000.0,20897
8080337,1,1,1,10,2024,2,42,8.0,1300000.0,52890
8052736,1,1,1,10,2024,1,55,1.0,800000.0,33467
8050855,1,1,1,10,2024,2,44,10.0,5018599.0,29020
8040230,1,3,1,10,2024,2,18,5.0,900000.0,4741
8041699,1,2,1,10,2024,2,43,11.0,5200000.0,8161
8048772,1,1,1,10,2024,2,52,1.0,450000.0,24264
8080177,1,2,1,10,2024,2,54,8.0,450000.0,52490
8052748,1,1,1,10,2024,1,48,4.0,1160000.0,33500
8053653,1,1,1,10,2024,2,30,5.0,500000.0,35616
8042330,1,2,1,10,2024,1,22,5.0,350000.0,9578
8081063,1,1,1,10,2024,1,30,6.0,1000000.0,54331
8082461,1,1,1,10,2024,1,60,4.0,300000.0,56752
8076651,1,1,1,10,2024,1,46,3.0,1300000.0,44367
8045193,1,1,1,10,2024,1,32,12.0,5800000.0,16598
8054369,1,1,1,10,2024,2,34,11.0,1500000.0,37100
8044027,1,3,1,10,2024,2,27,5.0,1300000.0,13480
8051376,1,1,1,10,2024,1,30,10.0,2600000.0,30028
8041907,1,2,1,10,2024,2,28,5.0,1500000.0,8572
8077004,1,2,1,10,2024,2,48,3.0,300000.0,45138
8048462,1,1,1,10,2024,2,36,5.0,1462500.0,23726
8079594,1,2,1,10,2024,1,41,8.0,1700000.0,51036
8041103,1,2,1,10,2024,1,30,8.0,1600000.0,6780
8047787,1,1,1,10,2024,2,52,4.0,1500000.0,22388
8050802,1,4,1,10,2024,1,47,4.0,1000000.0,28871
8085785,1,2,1,10,2024,2,60,11.0,4000000.0,62861
8084884,1,1,1,10,2024,2,32,5.0,500000.0,62120
8047257,1,2,1,10,2024,1,42,3.0,100000.0,21303
8045097,1,1,1,10,2024,2,47,3.0,400000.0,16327
8050763,1,1,1,10,2024,2,51,4.0,150000.0,28767
8042474,1,1,1,10,2024,1,50,3.0,1400000.0,9888
8044106,1,1,1,10,2024,2,45,12.0,4200000.0,13662
8082645,1,3,1,10,2024,2,33,5.0,800000.0,57195
8055447,1,2,1,10,2024,1,41,5.0,1200000.0,39391
8086644,1,2,1,10,2024,2,31,9.0,1600000.0,64206
8076894,1,1,1,10,2024,1,44,5.0,1450000.0,44911
8044845,1,3,1,10,2024,1,59,5.0,700000.0,15647
8047090,1,1,1,10,2024,2,39,10.0,4400000.0,20968
8076258,1,1,1,10,2024,2,76,3.0,150000.0,43435
8041113,1,1,1,10,2024,2,39,5.0,600000.0,6821
8082124,1,2,1,10,2024,1,45,5.0,1100000.0,56144
8038191,1,1,1,10,2024,2,42,8.0,1300000.0,19
8075853,1,2,1,10,2024,1,63,3.0,800000.0,42258
8044587,1,2,1,10,2024,1,37,10.0,1462000.0,14967
8044283,1,1,1,10,2024,2,40,5.0,350000.0,14113
8038307,1,2,1,10,2024,2,58,3.0,1300000.0,325
8048708,1,1,1,10,2024,2,67,3.0,250000.0,24161
8046287,1,4,1,10,2024,2,34,3.0,200000.0,19165
8047192,1,1,1,10,2024,2,33,3.0,1040000.0,21157
8047263,1,1,1,10,2024,2,45,5.0,500000.0,21312
8042431,1,2,1,10,2024,2,41,8.0,1000000.0,9792
8086306,1,1,1,10,2024,2,61,5.0,100000000.0,63443
8082643,1,1,1,10,2024,1,47,3.0,1000000.0,57189
8048472,1,1,1,10,2024,2,31,8.0,1300000.0,23745
8080743,1,1,1,10,2024,1,45,4.0,1200000.0,53667
8075882,1,1,1,10,2024,1,30,4.0,600000.0,42329
8050715,1,1,1,10,2024,1,47,10.0,4000000.0,28650
8086816,1,1,1,10,2024,1,73,3.0,1300000.0,64537
8039383,1,1,1,10,2024,1,67,3.0,1800000.0,2941
8040080,1,1,1,10,2024,1,52,1.0,1500000.0,4317
8077439,1,1,1,10,2024,1,68,3.0,1000000.0,46252
8049713,1,2,1,10,2024,2,44,5.0,600000.0,26155
8054532,1,1,1,10,2024,2,31,10.0,6000000.0,37481
8082210,1,2,1,10,2024,1,23,5.0,900000.0,56285
8039496,1,2,1,10,2024,1,19,6.0,1350000.0,3168
8082751,1,1,1,10,2024,2,35,6.0,1800000.0,57494
8075669,1,1,1,10,2024,2,72,1.0,600000.0,41774
8080409,1,1,1,10,2024,2,48,8.0,2200000.0,53085
8052750,1,1,1,10,2024,2,48,3.0,660000.0,33506
8044721,1,4,1,10,2024,2,49,4.0,350000.0,15320
8083693,1,1,1,10,2024,1,27,10.0,1800000.0,59566
8078651,1,1,1,10,2024,1,24,8.0,1400000.0,48869
8048517,1,2,1,10,2024,2,19,10.0,1300000.0,23833
8051965,1,1,1,10,2024,1,40,5.0,1000000.0,31519
8053960,1,2,1,10,2024,2,34,5.0,1300000.0,36232
8050845,1,2,1,10,2024,2,74,5.0,1300000.0,28995
8045589,1,2,1,10,2024,2,41,5.0,1300000.0,17686
8047074,1,2,1,10,2024,2,36,5.0,400000.0,20935
8040296,1,4,1,10,2024,2,42,5.0,1020000.0,4893
8056124,1,1,1,10,2024,1,47,5.0,1400000.0,40648
8050287,1,1,1,10,2024,1,60,10.0,6700000.0,27545
8040634,1,2,1,10,2024,1,31,3.0,1900000.0,5685
8082237,1,1,1,10,2024,2,33,3.0,150000.0,56334
8055177,1,2,1,10,2024,1,36,5.0,1550000.0,38879
8046392,1,2,1,10,2024,1,27,5.0,1300000.0,19443
8082903,1,2,1,10,2024,2,32,8.0,1350000.0,57880
8080181,1,3,1,10,2024,1,20,4.0,1000000.0,52504
8044378,1,1,1,10,2024,2,40,10.0,9000000.0,14381
8078686,1,1,1,10,2024,2,56,5.0,2600000.0,48931
8040212,1,2,1,10,2024,2,42,11.0,4500000.0,4680
8046457,1,4,1,10,2024,1,44,5.0,1500000.0,19588
8041576,1,1,1,10,2024,2,41,6.0,1500000.0,7891
8054432,1,1,1,10,2024,2,31,3.0,600000.0,37268
8049976,1,3,1,10,2024,2,29,10.0,2500000.0,26795
8041831,1,1,1,10,2024,1,61,1.0,400000.0,8356
8055037,1,1,1,10,2024,2,35,10.0,2300000.0,38633
8084671,1,2,1,10,2024,2,33,6.0,2367000.0,61657
8084055,1,1,1,10,2024,1,39,10.0,1800000.0,60379
8078200,1,1,1,10,2024,2,39,3.0,300000.0,47860
8043971,1,2,1,10,2024,1,29,10.0,1300000.0,13367
8085686,1,1,1,10,2024,2,58,3.0,700000.0,62624
8044579,1,2,1,10,2024,2,68,5.0,500000.0,14946
8044885,1,1,1,10,2024,2,33,5.0,1300000.0,15750
8077007,1,1,1,10,2024,1,53,3.0,700000.0,45149
8050603,1,2,1,10,2024,1,49,5.0,1300000.0,28415
8050959,1,2,1,10,2024,2,46,4.0,450000.0,29317
8041993,1,2,1,10,2024,2,66,5.0,240000.0,8821
8050362,1,1,1,10,2024,2,33,8.0,1200000.0,27764
8049585,1,1,1,10,2024,2,55,5.0,400000.0,25815
8048966,1,1,1,10,2024,1,27,5.0,1300000.0,24692
8040488,1,2,1,10,2024,2,58,10.0,2300000.0,5353
8051501,1,1,1,10,2024,1,74,5.0,1100000.0,30356
8077917,1,1,1,10,2024,2,31,3.0,400000.0,47205
8053712,1,2,1,10,2024,1,26,11.0,3600000.0,35782
8082389,1,1,1,10,2024,2,68,8.0,4600000.0,56613
8080295,1,1,1,10,2024,2,51,5.0,1200000.0,52785
8043642,1,2,1,10,2024,1,34,5.0,200000.0,12518
8085870,1,1,1,10,2024,1,31,5.0,3000000.0,62971
8086002,1,2,1,10,2024,1,49,9.0,9300000.0,63180
8047214,1,1,1,10,2024,2,55,3.0,1050000.0,21211
8078990,1,1,1,10,2024,1,60,8.0,1000000.0,49610
8038356,1,2,1,10,2024,1,41,3.0,500000.0,453
8046765,1,1,1,10,2024,1,41,5.0,1000000.0,20396
8055787,1,1,1,10,2024,1,62,3.0,700000.0,39970
8048957,1,1,1,10,2024,1,24,5.0,1300000.0,24669
8049479,1,3,1,10,2024,2,26,5.0,150000.0,25553
8039510,1,2,1,10,2024,1,32,9.0,4500000.0,3200
8079043,1,1,1,10,2024,1,61,3.0,1000000.0,49750
8079461,1,1,1,10,2024,2,52,8.0,1500000.0,50803
8075975,1,1,1,10,2024,2,28,5.0,800000.0,42632
8040711,1,1,1,10,2024,2,56,10.0,3700000.0,5827
8043618,1,1,1,10,2024,1,36,5.0,800000.0,12459
8077790,1,1,1,10,2024,2,55,3.0,200000.0,46963
8083838,1,1,1,10,2024,2,55,10.0,1500000.0,59850
8051412,1,1,1,10,2024,2,62,8.0,1800000.0,30128
8076923,1,2,1,10,2024,1,52,3.0,800000.0,44979
8040535,1,2,1,10,2024,1,63,4.0,4000000.0,5457
8078566,1,1,1,10,2024,1,59,3.0,1000000.0,48685
8044153,1,1,1,10,2024,2,35,5.0,1462000.0,13770
8050070,1,1,1,10,2024,1,37,4.0,900000.0,27046
8081235,1,1,1,10,2024,1,61,3.0,600000.0,54642
8084200,1,4,1,10,2024,2,41,5.0,300000.0,60696
8054036,1,1,1,10,2024,1,50,3.0,3000000.0,36351
8077061,1,2,1,10,2024,2,39,3.0,400000.0,45300
8044503,1,1,1,10,2024,1,23,5.0,1300000.0,14717
8084240,1,1,1,10,2024,2,41,10.0,2500000.0,60781
8080405,1,1,1,10,2024,2,36,11.0,4800000.0,53077
8051373,1,1,1,10,2024,2,54,11.0,15000000.0,30022
8038709,1,2,1,10,2024,2,54,10.0,2000000.0,1290
8083734,1,2,1,10,2024,2,54,5.0,1300000.0,59644
8046013,1,1,1,10,2024,1,22,3.0,1000000.0,18494
8086443,1,1,1,10,2024,1,64,11.0,5000000.0,63682
8077910,1,1,1,10,2024,1,44,4.0,400000.0,47188
8085949,1,1,1,10,2024,2,51,5.0,300000.0,63079
8081321,1,1,1,10,2024,1,52,3.0,420000.0,54869
8084865,1,1,1,10,2024,1,58,3.0,800000.0,62083
8086339,1,1,1,10,2024,1,61,9.0,3000000.0,63489
8042891,1,1,1,10,2024,2,50,9.0,1791000.0,10764
8050643,1,1,1,10,2024,2,55,10.0,1800000.0,28501
8083420,1,1,1,10,2024,2,46,3.0,1300000.0,59029
8078694,1,1,1,10,2024,1,52,3.0,1000000.0,48951
8045214,1,1,1,10,2024,1,30,10.0,600000.0,16660
8039903,1,2,1,10,2024,2,37,6.0,700000.0,3946
8076728,1,3,1,10,2024,1,33,5.0,1300000.0,44547
8079691,1,2,1,10,2024,1,44,11.0,5600000.0,51229
8040388,1,2,1,10,2024,1,61,5.0,3600000.0,5090
8079926,1,1,1,10,2024,2,42,5.0,1640000.0,51937
8047229,1,1,1,10,2024,2,36,3.0,0.0,21244
8079762,1,3,1,10,2024,1,54,10.0,3000000.0,51484
8079300,1,1,1,10,2024,1,25,5.0,1200000.0,50430
8085006,1,1,1,10,2024,1,21,5.0,1200000.0,62418
8041289,1,1,1,10,2024,2,55,10.0,2500000.0,7253
8054121,1,2,1,10,2024,1,32,9.0,1700000.0,36546
8039343,1,2,1,10,2024,2,49,8.0,1400000.0,2897
8045130,1,2,1,10,2024,2,28,10.0,0.0,16424
8040528,1,1,1,10,2024,1,59,3.0,1400000.0,5439
8046510,1,1,1,10,2024,2,36,5.0,800000.0,19724
8041480,1,1,1,10,2024,1,49,5.0,1300000.0,7663
8049808,1,1,1,10,2024,1,36,3.0,1000000.0,26415
8044871,1,1,1,10,2024,1,37,8.0,1300000.0,15721
8041015,1,2,1,10,2024,1,61,3.0,800000.0,6583
8086632,1,1,1,10,2024,2,40,4.0,1300000.0,64176
8049301,1,2,1,10,2024,1,20,5.0,1462000.0,25309
8078477,1,1,1,10,2024,1,74,3.0,200000.0,48509
8055655,1,5,1,10,2024,1,23,5.0,1300000.0,39716
8078495,1,1,1,10,2024,1,44,8.0,1500000.0,48535
8080469,1,2,1,10,2024,2,30,12.0,5000000.0,53137
8055647,1,1,1,10,2024,1,62,3.0,600000.0,39687
8078111,1,1,1,10,2024,2,70,11.0,3600000.0,47652
8045220,1,2,1,10,2024,2,31,5.0,1300000.0,16677
8079634,1,1,1,10,2024,1,61,3.0,1300000.0,51089
8038602,1,1,1,10,2024,1,54,9.0,1600000.0,967
8046204,1,2,1,10,2024,2,66,3.0,250000.0,18963
8050335,1,4,1,10,2024,2,22,8.0,1460000.0,27659
8042247,1,1,1,10,2024,1,40,9.0,1700000.0,9416
8051537,1,1,1,10,2024,1,61,9.0,3000000.0,30435
8045379,1,1,1,10,2024,1,32,12.0,4000000.0,17088
8046205,1,2,1,10,2024,1,31,5.0,1000000.0,18966
8056501,1,1,1,10,2024,1,41,6.0,2800000.0,41443
8054774,1,1,1,10,2024,2,52,5.0,600000.0,38037
8045090,1,3,1,10,2024,1,22,6.0,1600000.0,16312
8047974,1,3,1,10,2024,2,19,5.0,650000.0,22776
8084394,1,4,1,10,2024,1,30,10.0,700000.0,61130
8077525,1,1,1,10,2024,1,60,4.0,600000.0,46399
8086549,1,1,1,10,2024,1,58,5.0,1300000.0,63952
8053221,1,1,1,10,2024,2,63,8.0,2500000.0,34633
8042389,1,1,1,10,2024,2,52,5.0,900000.0,9696
8045074,1,1,1,10,2024,1,28,5.0,1500000.0,16261
8047247,1,1,1,10,2024,1,28,5.0,300000.0,21287
8052136,1,4,1,10,2024,1,50,5.0,1000000.0,31949
8086535,1,1,1,10,2024,1,55,3.0,900000.0,63913
8053229,1,2,1,10,2024,2,41,5.0,1000000.0,34660
8082392,1,1,1,10,2024,1,47,4.0,700000.0,56616
8044126,1,1,1,10,2024,1,30,5.0,1400000.0,13696
8081059,1,1,1,10,2024,2,51,10.0,3100000.0,54325
8053307,1,4,1,10,2024,2,55,4.0,120000.0,34846
8051299,1,1,1,10,2024,2,45,5.0,1500000.0,29806
8039490,1,1,1,10,2024,2,36,5.0,1300000.0,3151
8082210,1,1,1,10,2024,2,43,5.0,850000.0,56284
8044667,1,1,1,10,2024,1,36,10.0,1550000.0,15179
8041454,1,4,1,10,2024,2,24,5.0,500000.0,7602
8046422,1,1,1,10,2024,2,43,9.0,1652000.0,19508
8053325,1,1,1,10,2024,1,40,10.0,2500000.0,34894
8049420,1,1,1,10,2024,1,30,11.0,7820000.0,25531
8078041,1,1,1,10,2024,2,45,3.0,280000.0,47515
8083211,1,1,1,10,2024,2,53,8.0,150000.0,58562
8040472,1,2,1,10,2024,1,34,5.0,1300000.0,5314
8056198,1,3,1,10,2024,1,26,10.0,2200000.0,40780
8052382,1,4,1,10,2024,1,19,5.0,750000.0,32635
8042212,1,2,1,10,2024,2,78,8.0,350000.0,9335
8075810,1,1,1,10,2024,1,45,4.0,1200000.0,42132
8043634,1,1,1,10,2024,1,40,5.0,1300000.0,12495
8045021,1,2,1,10,2024,1,54,9.0,800000.0,16134
8052467,1,2,1,10,2024,2,25,10.0,2500000.0,32856
8049726,1,2,1,10,2024,1,42,4.0,807500.0,26196
8048707,1,2,1,10,2024,2,26,5.0,1300000.0,24160
8054872,1,1,1,10,2024,2,44,8.0,1462000.0,38254
8041669,1,1,1,10,2024,2,45,11.0,7400000.0,8111
8050267,1,4,1,10,2024,2,26,5.0,500000.0,27501
8044839,1,2,1,10,2024,2,54,3.0,650000.0,15622
8084106,1,2,1,10,2024,2,52,5.0,12130000.0,60514
8078952,1,1,1,10,2024,1,21,3.0,5000000.0,49525
8050793,1,1,1,10,2024,2,31,9.0,670000.0,28847
8052842,1,1,1,10,2024,1,55,3.0,1400000.0,33733
8050701,1,1,1,10,2024,2,34,8.0,200000.0,28622
8039221,1,2,1,10,2024,2,52,6.0,800000.0,2621
8050861,1,5,1,10,2024,1,24,5.0,2000000.0,29036
8053277,1,6,1,10,2024,1,32,9.0,1300000.0,34764
8077991,1,2,1,10,2024,2,53,11.0,1000000.0,47405
8086860,1,2,1,10,2024,2,57,4.0,1000000.0,64601
8051051,1,1,1,10,2024,2,40,10.0,3500000.0,29563
8048547,1,5,1,10,2024,1,67,3.0,1300000.0,23908
8043561,1,1,1,10,2024,1,60,11.0,20000000.0,12308
8078090,1,1,1,10,2024,1,25,5.0,1300000.0,47604
8052089,1,2,1,10,2024,2,33,9.0,2200000.0,31816
8076710,1,2,1,10,2024,2,38,11.0,6000000.0,44507
8086568,1,2,1,10,2024,1,82,3.0,700000.0,64005
8044931,1,4,1,10,2024,2,40,10.0,3000000.0,15877
8079024,1,2,1,10,2024,2,51,3.0,280000.0,49695
8045711,1,1,1,10,2024,2,33,5.0,1300000.0,17990
8053416,1,2,1,10,2024,2,48,8.0,2000000.0,35145
8049884,1,2,1,10,2024,2,30,10.0,1800000.0,26604
8040600,1,1,1,10,2024,2,43,10.0,2500000.0,5631
8077986,1,2,1,10,2024,1,24,5.0,700000.0,47390
8082682,2,1,2,10,2024,2,61,3.0,500000.0,57315
8079910,1,1,1,10,2024,2,24,10.0,2500000.0,51911
8052288,1,1,1,10,2024,1,62,5.0,700000.0,32347
8054107,1,1,1,10,2024,1,56,5.0,1300000.0,36500
8081252,1,2,1,10,2024,2,47,5.0,850000.0,54705
8042494,1,2,1,10,2024,2,47,9.0,2300000.0,9930
8055863,1,4,1,10,2024,2,30,10.0,962500.0,40151
8081530,1,1,1,10,2024,2,43,9.0,2400000.0,55365
8043546,1,1,1,10,2024,2,32,8.0,1550000.0,12294
8083865,1,2,1,10,2024,2,56,8.0,1462000.0,59918
8053675,1,2,1,10,2024,2,36,5.0,1600000.0,35665
8043190,1,1,1,10,2024,1,53,10.0,5800000.0,11366
8041631,1,2,1,10,2024,2,44,4.0,500000.0,8011
8084493,1,4,1,10,2024,2,21,10.0,1300000.0,61302
8055567,1,2,1,10,2024,1,50,4.0,1720000.0,39554
8044361,1,1,1,10,2024,2,47,5.0,1300000.0,14347
8086125,1,2,1,10,2024,2,39,11.0,2600000.0,63331
8042231,1,4,1,10,2024,1,27,10.0,1200000.0,9380
8076829,1,4,1,10,2024,1,29,5.0,900000.0,44780
8084338,1,1,1,10,2024,1,45,3.0,1462000.0,60994
8054535,1,1,1,10,2024,2,34,5.0,1612000.0,37485
8079653,1,2,1,10,2024,2,27,10.0,2100000.0,51141
8052085,1,2,1,10,2024,2,21,10.0,640000.0,31807
8049669,1,2,1,10,2024,2,40,3.0,700000.0,26031
8041064,1,4,1,10,2024,1,17,4.0,480000.0,6713
8052318,1,1,1,10,2024,2,47,4.0,1300000.0,32442
8079882,1,4,1,10,2024,2,35,5.0,1550000.0,51846
8044693,1,1,1,10,2024,1,54,4.0,1462000.0,15251
8045377,1,1,1,10,2024,1,50,3.0,1800000.0,17082
8043093,1,1,1,10,2024,2,67,3.0,900000.0,11131
8083464,1,1,1,10,2024,1,31,9.0,1300000.0,59128
8044016,1,3,1,10,2024,2,23,10.0,2000000.0,13454
8050245,1,4,1,10,2024,2,20,10.0,2400000.0,27447
8052984,1,13,1,10,2024,2,31,4.0,450000.0,34112
8085962,1,1,1,10,2024,1,64,4.0,2000000.0,63104
8042896,1,1,1,10,2024,2,62,11.0,4500000.0,10778
8055126,1,2,1,10,2024,2,25,10.0,1300000.0,38746
8049121,1,3,1,10,2024,2,26,11.0,4000000.0,24953
8083370,1,2,1,10,2024,1,32,5.0,1700000.0,58942
8051768,1,3,1,10,2024,1,37,6.0,1300000.0,31004
8083483,1,1,1,10,2024,2,46,3.0,600000.0,59172
8048228,1,1,1,10,2024,2,51,3.0,500000.0,23294
8044397,1,2,1,10,2024,2,20,5.0,1000000.0,14434
8038419,1,2,1,10,2024,2,30,10.0,1600000.0,627
8083145,1,3,1,10,2024,2,19,5.0,1358000.0,58439
8076105,1,2,1,10,2024,2,49,3.0,0.0,43001
8039573,1,1,1,10,2024,1,39,3.0,1300000.0,3313
8047885,1,1,1,10,2024,1,64,4.0,2000000.0,22622
8046396,1,1,1,10,2024,1,51,5.0,2000000.0,19452
8080943,1,1,1,10,2024,2,39,4.0,500000.0,54081
8045465,1,1,1,10,2024,2,42,5.0,1200000.0,17353
8045756,1,2,1,10,2024,2,22,9.0,1462000.0,18112
8078384,1,1,1,10,2024,1,60,3.0,800000.0,48300
8049418,1,1,1,10,2024,1,46,3.0,1300000.0,25525
8048337,1,1,1,10,2024,2,63,5.0,170000.0,23527
8048776,1,1,1,10,2024,2,65,3.0,700000.0,24267
8044002,1,2,1,10,2024,2,24,10.0,1000000.0,13417
8079515,1,1,1,10,2024,2,44,5.0,1300000.0,50895
8054955,1,3,1,10,2024,1,20,10.0,1462000.0,38438
8052775,1,1,1,10,2024,2,34,5.0,1300000.0,33561
8079151,1,3,1,10,2024,2,39,10.0,200000.0,49968
8052147,1,1,1,10,2024,2,45,3.0,1000000.0,31966
8082560,1,1,1,10,2024,2,43,5.0,600000.0,56988
8041599,1,2,1,10,2024,2,53,4.0,1000000.0,7946
8040680,1,2,1,10,2024,1,46,4.0,800000.0,5769
8038265,1,1,1,10,2024,2,41,5.0,850000.0,212
8081468,1,1,1,10,2024,1,64,3.0,1300000.0,55206
8042738,1,1,1,10,2024,1,45,3.0,1100000.0,10440
8045642,1,2,1,10,2024,1,24,6.0,1300000.0,17819
8049743,1,5,1,10,2024,2,23,9.0,1270000.0,26247
8079399,1,1,1,10,2024,1,49,5.0,1300000.0,50642
8079280,1,1,1,10,2024,1,49,1.0,1200000.0,50371
8081154,1,1,1,10,2024,2,60,10.0,1500000.0,54498
8044049,1,2,1,10,2024,2,62,8.0,1300000.0,13521
8075602,1,3,1,10,2024,1,30,3.0,920000.0,41546
8039930,1,1,1,10,2024,2,53,4.0,300000.0,4021
8052846,2,1,2,10,2024,2,48,3.0,300000.0,33748
8049501,1,2,1,10,2024,1,44,4.0,1400000.0,25617
8040133,1,2,1,10,2024,1,21,4.0,800000.0,4460
8046410,1,5,1,10,2024,1,29,5.0,1300000.0,19480
8053600,1,1,1,10,2024,1,37,10.0,2500000.0,35489
8049232,1,1,1,10,2024,2,33,8.0,1300000.0,25153
8082331,1,3,1,10,2024,1,29,10.0,5000000.0,56494
8039020,1,3,1,10,2024,2,24,8.0,1400000.0,2047
8043859,1,1,1,10,2024,1,58,4.0,2500000.0,13065
8054725,1,2,1,10,2024,2,24,8.0,1400000.0,37903
8040984,1,2,1,10,2024,1,39,5.0,7500000.0,6502
8078350,1,1,1,10,2024,1,75,3.0,180000.0,48247
8082776,1,1,1,10,2024,2,46,5.0,500000.0,57543
8078230,1,1,1,10,2024,2,46,3.0,300000.0,47946
8086731,1,1,1,10,2024,2,42,3.0,150000.0,64393
8040184,1,1,1,10,2024,2,38,10.0,1100000.0,4598
8039974,1,1,1,10,2024,2,37,4.0,500000.0,4106
8048809,1,2,1,10,2024,2,49,5.0,160000.0,24337
8078145,1,2,1,10,2024,2,46,3.0,600000.0,47726
8044143,1,1,1,10,2024,2,32,11.0,8500000.0,13745
8040426,1,8,1,10,2024,1,45,4.0,1462000.0,5191
8083072,1,1,1,10,2024,2,44,5.0,100000.0,58258
8086504,1,1,1,10,2024,2,24,5.0,960000.0,63832
8080354,1,2,1,10,2024,2,20,8.0,700000.0,52936
8047693,1,1,1,10,2024,2,49,5.0,800000.0,22153
8081139,1,1,1,10,2024,2,50,3.0,1350000.0,54458
8076639,1,1,1,10,2024,2,55,3.0,600000.0,44341
8050785,1,1,1,10,2024,2,38,8.0,1300000.0,28831
8045107,1,2,1,10,2024,2,39,5.0,0.0,16353
8056246,1,3,1,10,2024,2,35,5.0,1300000.0,40908
8052038,1,1,1,10,2024,1,26,8.0,1500000.0,31682
8043483,1,2,1,10,2024,1,60,3.0,400000.0,12101
8083000,1,1,1,10,2024,1,30,5.0,800000.0,58079
8076366,1,1,1,10,2024,2,22,5.0,200000.0,43675
8080869,1,7,1,10,2024,2,19,3.0,850000.0,53921
8082758,1,2,1,10,2024,1,40,8.0,1500000.0,57507
8043619,1,3,1,10,2024,1,24,5.0,400000.0,12464
8052870,1,1,1,10,2024,1,22,5.0,1600000.0,33796
8046622,1,3,1,10,2024,1,31,10.0,3800000.0,20060
8044901,1,1,1,10,2024,1,35,10.0,2500000.0,15796
8053274,1,1,1,10,2024,1,43,10.0,2500000.0,34749
8077735,1,1,1,10,2024,2,24,5.0,800000.0,46849
8055695,1,1,1,10,2024,1,52,12.0,3000000.0,39843
8041469,1,1,1,10,2024,1,54,3.0,200000.0,7636
8043654,1,2,1,10,2024,1,72,3.0,600000.0,12554
8077477,1,1,1,10,2024,2,34,3.0,1200000.0,46327
8046322,1,1,1,10,2024,2,74,3.0,300000.0,19279
8083026,1,1,1,10,2024,1,63,9.0,3100000.0,58156
8049150,1,3,1,10,2024,2,22,10.0,1300000.0,25015
8054953,1,1,1,10,2024,2,35,3.0,1600000.0,38430
8042568,1,1,1,10,2024,1,74,3.0,300000.0,10076
8044440,1,2,1,10,2024,2,54,5.0,1600000.0,14553
8043220,1,1,1,10,2024,1,51,3.0,800000.0,11424
8077302,1,1,1,10,2024,1,59,4.0,1600000.0,45947
8077659,1,1,1,10,2024,2,32,5.0,1500000.0,46671
8044331,1,3,1,10,2024,1,30,10.0,6000000.0,14262
8048592,1,1,1,10,2024,2,61,11.0,7000000.0,23967
8051640,1,3,1,10,2024,1,58,3.0,1300000.0,30671
8039795,1,1,1,10,2024,1,54,4.0,1500000.0,3734
8045977,1,1,1,10,2024,2,63,10.0,100000.0,18401
8038438,1,1,1,10,2024,1,65,10.0,1200000.0,659
8042445,1,1,1,10,2024,2,42,6.0,0.0,9832
8040045,1,1,1,10,2024,1,38,5.0,800000.0,4254
8041552,1,1,1,10,2024,1,50,5.0,1300000.0,7832
8082312,1,1,1,10,2024,2,28,5.0,900000.0,56446
8045552,1,1,1,10,2024,1,53,5.0,1300000.0,17582
8043373,1,1,1,10,2024,2,49,3.0,350000.0,11812
8045581,1,1,1,10,2024,2,27,10.0,3900000.0,17668
8077872,1,2,1,10,2024,2,51,5.0,500000.0,47127
8082797,1,1,1,10,2024,1,60,5.0,6000000.0,57604
8050107,1,2,1,10,2024,1,21,8.0,1600000.0,27122
8084655,1,2,1,10,2024,2,46,5.0,1200000.0,61615
8052570,1,2,1,10,2024,2,61,3.0,800000.0,33124
8052396,1,1,1,10,2024,1,44,2.0,780000.0,32692
8040364,1,3,1,10,2024,1,27,5.0,1300000.0,5039
8081019,1,2,1,10,2024,2,26,8.0,150000.0,54237
8045946,1,1,1,10,2024,2,53,3.0,240000.0,18306
8080853,1,3,1,10,2024,2,22,5.0,1300000.0,53889
8079548,1,1,1,10,2024,2,62,3.0,1050000.0,50964
8041353,1,4,1,10,2024,2,38,4.0,600000.0,7334
8086282,1,3,1,10,2024,2,19,5.0,400000.0,63401
8049528,1,1,1,10,2024,1,52,5.0,700000.0,25683
8081591,1,1,1,10,2024,1,24,11.0,3000000.0,55451
8084097,1,1,1,10,2024,1,61,8.0,3545000.0,60492
8081399,1,2,1,10,2024,1,40,3.0,1200000.0,55058
8075771,1,1,1,10,2024,1,59,3.0,800000.0,42026
8055221,1,5,1,10,2024,2,29,8.0,1250000.0,39001
8038292,1,1,1,10,2024,1,46,9.0,2000000.0,285
8051269,1,3,1,10,2024,1,27,10.0,4300000.0,29726
8039229,1,1,1,10,2024,1,21,4.0,1300000.0,2643
8083556,1,1,1,10,2024,1,67,3.0,2000000.0,59301
8052659,1,1,1,10,2024,2,31,8.0,480000.0,33335
8055495,1,1,1,10,2024,2,49,10.0,3000000.0,39461
8076558,1,1,1,10,2024,1,27,8.0,1600000.0,44147
8078228,1,3,1,10,2024,2,69,3.0,170000.0,47944
8080042,1,5,1,10,2024,2,51,5.0,2550000.0,52124
8039014,1,2,1,10,2024,2,43,5.0,750000.0,2030
8082303,1,3,1,10,2024,1,31,3.0,1000000.0,56429
8046442,1,2,1,10,2024,2,42,10.0,2100000.0,19551
8050913,1,2,1,10,2024,2,44,11.0,2600000.0,29170
8043127,1,2,1,10,2024,1,55,3.0,1500000.0,11206
8086447,1,1,1,10,2024,1,54,3.0,280000.0,63692
8078662,1,1,1,10,2024,2,37,3.0,400000.0,48893
8052912,1,1,1,10,2024,2,27,10.0,2800000.0,33892
8053823,1,1,1,10,2024,1,26,10.0,1560000.0,35956
8076049,1,1,1,10,2024,1,71,1.0,400000.0,42848
8084365,1,1,1,10,2024,1,59,5.0,1300000.0,61056
8044072,1,5,1,10,2024,1,41,5.0,1000000.0,13591
8043866,1,3,1,10,2024,2,27,10.0,2200000.0,13085
8055907,1,1,1,10,2024,2,28,11.0,3800000.0,40240
8080113,1,1,1,10,2024,1,45,9.0,2600000.0,52310
8053139,1,1,1,10,2024,2,49,12.0,20000000.0,34461
8043392,1,1,1,10,2024,2,48,5.0,1300000.0,11851
8042827,1,1,1,10,2024,2,62,8.0,3000000.0,10627
8044461,1,1,1,10,2024,1,30,8.0,600000.0,14605
8052171,1,2,1,10,2024,1,32,5.0,1300000.0,32017
8047822,1,1,1,10,2024,1,47,5.0,1600000.0,22458
8082350,1,2,1,10,2024,2,25,10.0,600000.0,56537
8043214,1,2,1,10,2024,2,34,10.0,6000000.0,11410
8044068,1,5,1,10,2024,2,46,4.0,700000.0,13573
8044180,1,2,1,10,2024,2,44,5.0,2300000.0,13838
8042796,1,1,1,10,2024,2,52,9.0,1450000.0,10575
8045456,1,1,1,10,2024,1,25,6.0,4500000.0,17323
8084878,1,2,1,10,2024,2,23,8.0,2000000.0,62111
8055340,1,1,1,10,2024,2,47,3.0,1300000.0,39202
8078929,1,1,1,10,2024,2,74,3.0,300000.0,49469
8043927,1,1,1,10,2024,1,49,3.0,600000.0,13241
8045145,1,1,1,10,2024,2,26,10.0,1900000.0,16455
8041431,1,1,1,10,2024,1,39,5.0,1300000.0,7547
8040958,1,1,1,10,2024,1,47,11.0,4500000.0,6440
8040526,1,2,1,10,2024,2,38,10.0,3000000.0,5432
8079850,1,1,1,10,2024,2,42,8.0,3000000.0,51742
8052087,1,1,1,10,2024,1,53,5.0,2520000.0,31814
8054131,1,1,1,10,2024,1,69,4.0,720000.0,36564
8041595,1,1,1,10,2024,1,40,12.0,6500000.0,7934
8083263,1,1,1,10,2024,2,47,5.0,800000.0,58694
8077298,1,1,1,10,2024,2,51,4.0,580000.0,45941
8041402,1,1,1,10,2024,1,63,3.0,1300000.0,7474
8050162,1,1,1,10,2024,2,52,8.0,1400000.0,27237
8046442,1,3,1,10,2024,1,45,8.0,1462000.0,19552
8076535,1,1,1,10,2024,1,23,5.0,1400000.0,44107
8078536,1,2,1,10,2024,2,48,5.0,0.0,48623
8076377,1,1,1,10,2024,1,59,4.0,1000000.0,43701
8041963,1,1,1,10,2024,2,36,3.0,400000.0,8744
8042615,1,1,1,10,2024,2,39,5.0,1300000.0,10161
8044555,1,3,1,10,2024,2,27,10.0,1500000.0,14885
8080582,1,1,1,10,2024,2,41,11.0,2300000.0,53365
8049336,1,1,1,10,2024,2,42,3.0,840000.0,25392
8041542,1,1,1,10,2024,1,34,5.0,1300000.0,7814
8052365,1,1,1,10,2024,1,68,4.0,1200000.0,32580
8049565,1,2,1,10,2024,2,56,10.0,1280000.0,25778
8054295,1,1,1,10,2024,1,50,12.0,4000000.0,36917
8081077,1,2,1,10,2024,2,53,4.0,680000.0,54363
8081157,1,1,1,10,2024,1,43,3.0,1500000.0,54502
8051019,1,1,1,10,2024,1,51,5.0,1700000.0,29484
8049808,1,2,1,10,2024,2,29,6.0,420000.0,26416
8043652,1,3,1,10,2024,2,23,10.0,1500000.0,12549
8080166,1,1,1,10,2024,1,26,5.0,1300000.0,52457
8052962,1,3,1,10,2024,1,28,4.0,1462000.0,34043
8048071,1,2,1,10,2024,2,26,5.0,1300000.0,22979
8082354,1,2,1,10,2024,2,64,11.0,5000000.0,56544
8044834,1,1,1,10,2024,1,57,5.0,2600000.0,15608
8045123,1,1,1,10,2024,2,32,10.0,210000.0,16403
8080005,1,1,1,10,2024,2,43,12.0,12300000.0,52061
8055565,1,4,1,10,2024,1,38,3.0,800000.0,39548
8050667,1,1,1,10,2024,2,66,13.0,13000000.0,28548
8039799,1,1,1,10,2024,2,45,8.0,2000000.0,3744
8083270,1,1,1,10,2024,1,36,3.0,1300000.0,58709
8044519,1,2,1,10,2024,1,39,3.0,2000000.0,14772
8041483,1,3,1,10,2024,2,21,5.0,200000.0,7674
8080338,1,2,1,10,2024,1,32,4.0,1300000.0,52895
8040470,1,3,1,10,2024,2,24,10.0,1300000.0,5309
8047131,1,1,1,10,2024,1,64,11.0,10000000.0,21030
8078684,1,1,1,10,2024,1,42,10.0,2800000.0,48926
8055493,1,3,1,10,2024,1,23,5.0,1800000.0,39456
8045124,1,3,1,10,2024,2,24,10.0,1500000.0,16407
8038532,1,1,1,10,2024,1,62,5.0,600000.0,852
8056209,1,1,1,10,2024,2,56,5.0,700000.0,40814
8078787,1,1,1,10,2024,1,51,3.0,1600000.0,49159
8082459,1,1,1,10,2024,1,24,10.0,1300000.0,56749
8046443,1,3,1,10,2024,1,25,10.0,2000000.0,19556
8054493,1,1,1,10,2024,1,31,10.0,3300000.0,37392
8055304,1,1,1,10,2024,1,42,8.0,1300000.0,39138
8051633,1,2,1,10,2024,1,43,10.0,1300000.0,30652
8051256,1,1,1,10,2024,1,54,11.0,8300000.0,29689
8042785,1,1,1,10,2024,1,28,5.0,1400000.0,10532
8054554,1,3,1,10,2024,1,20,5.0,800000.0,37508
8048914,1,1,1,10,2024,1,66,3.0,950000.0,24579
8051320,1,1,1,10,2024,2,33,4.0,100000.0,29878
8077989,1,1,1,10,2024,2,54,8.0,700000.0,47401
8083656,1,1,1,10,2024,1,53,5.0,1300000.0,59492
8046252,1,3,1,10,2024,1,31,8.0,2600000.0,19052
8055910,1,1,1,10,2024,1,52,8.0,800000.0,40246
8043234,1,2,1,10,2024,2,55,4.0,1420000.0,11449
8039921,1,1,1,10,2024,1,65,5.0,3500000.0,4001
8042880,1,1,1,10,2024,1,26,11.0,6800000.0,10742
8047483,1,2,1,10,2024,2,35,10.0,1300000.0,21699
8039721,1,2,1,10,2024,2,32,4.0,1500000.0,3590
8050346,1,1,1,10,2024,2,49,5.0,600000.0,27703
8044367,1,1,1,10,2024,1,74,3.0,800000.0,14364
8043264,1,1,1,10,2024,1,72,1.0,1900000.0,11525
8042723,1,1,1,10,2024,2,37,5.0,1800000.0,10415
8054348,1,2,1,10,2024,2,46,10.0,1000000.0,37062
8084655,1,1,1,10,2024,1,35,5.0,1500000.0,61614
8084725,1,1,1,10,2024,1,31,5.0,1500000.0,61755
8081396,1,5,1,10,2024,2,57,5.0,1970000.0,55048
8052328,1,4,1,10,2024,1,55,8.0,3000000.0,32480
8050596,1,1,1,10,2024,1,54,5.0,1300000.0,28395
8053368,1,7,1,10,2024,2,58,3.0,400000.0,35020
8048520,1,1,1,10,2024,2,51,4.0,960000.0,23842
8040377,1,2,1,10,2024,2,27,10.0,1400000.0,5072
8041259,1,1,1,10,2024,2,44,10.0,2300000.0,7187
8041932,1,2,1,10,2024,2,23,5.0,1000000.0,8645
8039260,1,1,1,10,2024,1,67,3.0,700000.0,2711
8077981,1,1,1,10,2024,2,53,3.0,1500000.0,47372
8053274,1,2,1,10,2024,2,43,10.0,1800000.0,34750
8083273,1,2,1,10,2024,2,23,5.0,600000.0,58720
8047536,1,3,1,10,2024,2,23,10.0,1300000.0,21792
8077747,1,1,1,10,2024,2,56,5.0,900000.0,46874
8044306,1,1,1,10,2024,1,71,4.0,2000000.0,14189
8048111,1,1,1,10,2024,2,31,5.0,480000.0,23063
8051726,1,2,1,10,2024,2,60,1.0,300000.0,30883
8054919,1,3,1,10,2024,2,33,10.0,3000000.0,38363
8043361,1,1,1,10,2024,1,73,3.0,600000.0,11785
8052567,1,3,1,10,2024,1,23,5.0,2900000.0,33116
8079033,1,2,1,10,2024,2,66,3.0,1100000.0,49721
8077045,1,3,1,10,2024,1,43,3.0,1200000.0,45259
8084513,1,1,1,10,2024,1,32,3.0,1300000.0,61333
8080305,1,1,1,10,2024,2,46,3.0,650000.0,52812
8038235,1,1,1,10,2024,1,60,10.0,1500000.0,125
8055166,1,1,1,10,2024,2,35,4.0,0.0,38857
8080357,1,1,1,10,2024,2,44,3.0,1000000.0,52943
8080246,1,2,1,10,2024,2,37,5.0,1190000.0,52673
8077490,1,1,1,10,2024,2,60,10.0,6200000.0,46345
8040445,1,1,1,10,2024,2,36,5.0,500000.0,5243
8051616,1,1,1,10,2024,2,55,11.0,8500000.0,30609
8078474,1,3,1,10,2024,1,23,5.0,1200000.0,48504
8046754,1,4,1,10,2024,2,22,4.0,300000.0,20367
8043068,1,1,1,10,2024,1,44,3.0,600000.0,11070
8049878,1,1,1,10,2024,2,44,3.0,400000.0,26586
8078353,1,1,1,10,2024,1,46,5.0,400000.0,48256
8086651,1,2,1,10,2024,1,35,10.0,1200000.0,64224
8041653,1,1,1,10,2024,2,54,8.0,1300000.0,8072
8079875,1,1,1,10,2024,1,45,4.0,1300000.0,51815
8040684,1,1,1,10,2024,1,48,5.0,1500000.0,5777
8082926,1,3,1,10,2024,2,21,8.0,600000.0,57923
8083315,1,1,1,10,2024,2,32,5.0,1200000.0,58829
8080863,1,1,1,10,2024,1,32,5.0,200000.0,53908
8039111,1,3,1,10,2024,2,18,5.0,200000.0,2329
8079937,1,1,1,10,2024,1,43,5.0,1300000.0,51944
8047982,1,2,1,10,2024,1,28,3.0,160000.0,22789
8044013,1,2,1,10,2024,2,48,6.0,1000000.0,13445
8084758,1,1,1,10,2024,1,66,4.0,750000.0,61854
8080817,1,3,1,10,2024,1,21,5.0,1400000.0,53812
8040497,1,2,1,10,2024,2,54,10.0,4500000.0,5373
8055786,1,1,1,10,2024,1,61,4.0,550000.0,39963
8039380,1,1,1,10,2024,1,63,1.0,360000.0,2934
8054743,1,1,1,10,2024,2,39,3.0,550000.0,37957
8044875,1,1,1,10,2024,2,32,10.0,2600000.0,15733
8083662,1,2,1,10,2024,1,20,5.0,1000000.0,59502
8038627,1,1,1,10,2024,2,60,9.0,3500000.0,1041
8054303,1,1,1,10,2024,2,29,6.0,1200000.0,36945
8051281,1,1,1,10,2024,2,43,3.0,500000.0,29754
8054234,1,1,1,10,2024,1,52,5.0,500000.0,36789
8078299,1,2,1,10,2024,1,33,1.0,350000.0,48113
8040961,1,2,1,10,2024,2,53,9.0,1300000.0,6447
8086798,1,1,1,10,2024,1,72,3.0,1400000.0,64504
8082970,1,2,1,10,2024,1,25,5.0,600000.0,58015
8042159,1,1,1,10,2024,1,46,10.0,1800000.0,9205
8055125,1,2,1,10,2024,1,46,3.0,900000.0,38742
8077122,1,1,1,10,2024,1,79,3.0,408000.0,45492
8048628,1,2,1,10,2024,2,30,9.0,1300000.0,24019
8083766,1,1,1,10,2024,1,46,3.0,1200000.0,59709
8056365,1,4,1,10,2024,1,32,6.0,1600000.0,41163
8078575,1,2,1,10,2024,2,21,5.0,1300000.0,48712
8076826,1,1,1,10,2024,2,23,4.0,1100000.0,44771
8055596,1,3,1,10,2024,2,26,5.0,1300000.0,39613
8079540,1,1,1,10,2024,2,40,5.0,1300000.0,50956
8051417,1,1,1,10,2024,2,55,3.0,600000.0,30144
8039457,1,1,1,10,2024,2,48,5.0,1460000.0,3083
8083845,1,1,1,10,2024,2,30,12.0,3200000.0,59872
8079458,1,2,1,10,2024,2,55,7.0,1300000.0,50801
8048943,1,1,1,10,2024,2,53,5.0,2500000.0,24638
8045135,1,1,1,10,2024,2,58,8.0,1300000.0,16430
8078391,1,2,1,10,2024,2,30,5.0,800000.0,48322
8048125,1,2,1,10,2024,2,58,5.0,1300000.0,23109
8078003,1,2,1,10,2024,2,74,1.0,720000.0,47434
8041385,1,1,1,10,2024,1,49,3.0,1800000.0,7429
8044105,1,1,1,10,2024,1,69,10.0,2500000.0,13661
8053314,1,3,1,10,2024,1,48,9.0,800000.0,34866
8078108,1,2,1,10,2024,2,38,5.0,560000.0,47646
8053576,1,2,1,10,2024,1,31,9.0,800000.0,35434
8045290,1,3,1,10,2024,2,44,5.0,500000.0,16855
8045214,1,2,1,10,2024,2,30,10.0,3500000.0,16661
8047705,1,1,1,10,2024,2,47,12.0,5300000.0,22176
8047666,1,1,1,10,2024,2,31,10.0,1300000.0,22099
8076490,1,1,1,10,2024,1,71,10.0,1450000.0,44001
8042015,1,5,1,10,2024,2,22,5.0,1300000.0,8883
8039494,1,1,1,10,2024,1,55,5.0,1700000.0,3159
8078436,1,1,1,10,2024,1,57,4.0,2500000.0,48398
8039995,1,1,1,10,2024,2,50,9.0,1300000.0,4138
8044188,1,1,1,10,2024,1,29,8.0,2500000.0,13849
8046337,1,6,1,10,2024,2,47,4.0,1900000.0,19320
8083133,1,1,1,10,2024,2,58,10.0,3000000.0,58406
8055793,1,4,1,10,2024,2,22,4.0,1500000.0,39991
8051031,1,2,1,10,2024,2,49,10.0,3300000.0,29505
8048231,1,2,1,10,2024,2,41,5.0,800000.0,23314
8083444,1,2,1,10,2024,1,32,5.0,600000.0,59087
8056141,1,2,1,10,2024,1,25,10.0,1300000.0,40678
8047890,1,2,1,10,2024,1,60,4.0,1300000.0,22633
8043291,1,3,1,10,2024,2,51,3.0,300000.0,11602
8048404,1,1,1,10,2024,2,62,8.0,700000.0,23625
8053488,1,1,1,10,2024,2,31,10.0,20000000.0,35241
8052716,1,1,1,10,2024,1,46,3.0,1470000.0,33423
8046798,1,2,1,10,2024,1,46,4.0,1300000.0,20467
8053543,1,2,1,10,2024,2,69,8.0,3000000.0,35351
8041558,1,1,1,10,2024,2,35,4.0,1300000.0,7846
8046705,1,2,1,10,2024,2,23,10.0,2500000.0,20250
8041526,1,1,1,10,2024,1,39,9.0,2700000.0,7771
8079033,1,3,1,10,2024,2,44,3.0,1250000.0,49722
8046324,1,1,1,10,2024,2,25,5.0,2500000.0,19283
8082363,1,2,1,10,2024,1,38,10.0,3500000.0,56556
8080137,1,1,1,10,2024,2,52,5.0,1000000.0,52392
8082896,1,4,1,10,2024,2,19,8.0,0.0,57863
8054997,1,3,1,10,2024,1,40,4.0,700000.0,38517
8080702,1,3,1,10,2024,1,42,4.0,1500000.0,53614
8083123,1,1,1,10,2024,2,36,5.0,1300000.0,58393
8082966,1,2,1,10,2024,2,21,5.0,400000.0,58003
8053734,1,2,1,10,2024,1,24,10.0,1300000.0,35834
8045208,1,2,1,10,2024,2,60,3.0,200000.0,16644
8053879,1,1,1,10,2024,2,62,5.0,1500000.0,36070
8042794,1,1,1,10,2024,2,39,5.0,300000.0,10569
8046890,1,1,1,10,2024,2,45,10.0,2500000.0,20667
8044487,1,1,1,10,2024,2,62,10.0,4500000.0,14668
8076160,1,1,1,10,2024,1,47,1.0,900000.0,43171
8040208,1,2,1,10,2024,1,22,4.0,200000.0,4669
8052070,1,1,1,10,2024,1,36,3.0,1200000.0,31750
8053187,1,3,1,10,2024,1,35,5.0,1733000.0,34565
8056430,1,1,1,10,2024,1,48,3.0,1300000.0,41334
8080891,1,1,1,10,2024,1,61,5.0,2500000.0,53959
8038603,1,1,1,10,2024,2,49,5.0,150000.0,970
8083449,1,2,1,10,2024,2,52,10.0,6000000.0,59097
8050222,1,2,1,10,2024,2,52,5.0,1300000.0,27393
8049065,1,1,1,10,2024,2,36,10.0,3900000.0,24861
8048997,1,1,1,10,2024,1,50,12.0,6500000.0,24730
8043376,1,1,1,10,2024,1,31,5.0,400000.0,11816
8046456,1,2,1,10,2024,1,43,5.0,1500000.0,19583
8076418,1,2,1,10,2024,2,57,3.0,1200000.0,43797
8046891,1,1,1,10,2024,2,22,4.0,252000.0,20670
8048450,1,3,1,10,2024,2,18,8.0,480000.0,23701
8078486,1,1,1,10,2024,1,42,3.0,350000.0,48523
8082943,1,4,1,10,2024,2,39,3.0,700000.0,57958
8056278,1,1,1,10,2024,1,35,6.0,1900000.0,40987
8076082,1,2,1,10,2024,2,44,4.0,700000.0,42950
8039869,1,1,1,10,2024,2,61,3.0,500000.0,3868
8077080,1,2,1,10,2024,2,21,10.0,500000.0,45368
8040717,1,1,1,10,2024,1,61,3.0,3000000.0,5847
8046033,1,1,1,10,2024,1,37,8.0,1200000.0,18539
8051869,1,1,1,10,2024,2,33,11.0,1400000.0,31291
8056149,1,2,1,10,2024,2,40,8.0,1300000.0,40701
8045009,1,2,1,10,2024,2,21,5.0,700000.0,16098
8050396,1,3,1,10,2024,1,38,11.0,10000000.0,27841
8078045,1,1,1,10,2024,2,46,3.0,300000.0,47522
8076659,1,2,1,10,2024,2,34,11.0,6525000.0,44386
8049988,1,1,1,10,2024,1,38,10.0,2000000.0,26831
8040742,1,3,1,10,2024,1,29,1.0,400000.0,5910
8053434,1,1,1,10,2024,1,42,9.0,1300000.0,35169
8079641,1,1,1,10,2024,1,36,8.0,1600000.0,51108
8085879,1,2,1,10,2024,2,51,3.0,300000.0,62988
8046534,1,1,1,10,2024,1,31,10.0,3259000.0,19803
8047675,1,2,1,10,2024,1,52,5.0,1300000.0,22116
8050874,1,1,1,10,2024,1,41,8.0,2600000.0,29063
8086434,1,2,1,10,2024,2,57,3.0,350000.0,63669
8042219,1,4,1,10,2024,1,27,10.0,1462000.0,9345
8045276,1,1,1,10,2024,2,53,10.0,3000000.0,16824
8046840,1,4,1,10,2024,1,21,5.0,500000.0,20557
8038379,1,1,1,10,2024,1,60,10.0,7800000.0,516
8083997,1,2,1,10,2024,2,18,5.0,1400000.0,60189
8046569,1,1,1,10,2024,2,61,4.0,800000.0,19910
8078307,1,2,1,10,2024,2,56,3.0,1500000.0,48136
8085987,1,1,1,10,2024,2,44,3.0,860000.0,63155
8038598,1,1,1,10,2024,2,46,3.0,1300000.0,952
8045785,1,2,1,10,2024,1,46,3.0,500000.0,18174
8050321,1,1,1,10,2024,1,68,3.0,750000.0,27606
8050793,1,3,1,10,2024,1,57,3.0,1200000.0,28849
8046494,1,1,1,10,2024,2,71,5.0,260000.0,19672
8079767,1,3,1,10,2024,1,45,5.0,1464000.0,51507
8083482,1,1,1,10,2024,1,55,5.0,2000000.0,59170
8082874,1,3,1,10,2024,2,30,11.0,3000000.0,57805
8051762,1,5,1,10,2024,2,24,5.0,1300000.0,30989
8084741,1,2,1,10,2024,2,30,5.0,900000.0,61809
8054999,1,2,1,10,2024,2,25,6.0,1700000.0,38522
8085882,1,1,1,10,2024,1,33,10.0,1300000.0,62991
8046521,1,1,1,10,2024,2,57,5.0,150000.0,19763
8051997,1,2,1,10,2024,2,73,3.0,1600000.0,31587
8080958,1,2,1,10,2024,2,25,8.0,2600000.0,54113
8041246,1,1,1,10,2024,2,28,10.0,1800000.0,7158
8047688,1,2,1,10,2024,2,44,10.0,1400000.0,22139
8050429,1,3,1,10,2024,1,20,5.0,1800000.0,27907
8047548,1,1,1,10,2024,2,58,10.0,7000000.0,21814
8044699,1,2,1,10,2024,2,69,3.0,400000.0,15268
8050670,1,4,1,10,2024,2,18,5.0,600000.0,28554
8044276,1,1,1,10,2024,1,35,5.0,1300000.0,14079
8038442,1,1,1,10,2024,1,62,3.0,2000000.0,667
8046509,1,8,1,10,2024,1,59,3.0,600000.0,19723
8082628,1,2,1,10,2024,2,40,5.0,1600000.0,57144
8082721,1,1,1,10,2024,1,51,3.0,1400000.0,57401
8043051,1,2,1,10,2024,1,21,6.0,1300000.0,11035
8050318,1,1,1,10,2024,2,65,4.0,240000.0,27596
8056404,1,2,1,10,2024,2,52,3.0,540000.0,41278
8076070,1,3,1,10,2024,1,26,5.0,1300000.0,42914
8053447,1,1,1,10,2024,2,79,3.0,250000.0,35181
8046092,1,3,1,10,2024,1,24,10.0,1500000.0,18701
8041635,1,1,1,10,2024,1,27,10.0,2300000.0,8028
8076893,1,1,1,10,2024,2,46,5.0,900000.0,44910
8044557,1,1,1,10,2024,2,64,8.0,2100000.0,14890
8082614,1,2,1,10,2024,2,22,5.0,1300000.0,57105
8079511,1,2,1,10,2024,1,32,9.0,2000000.0,50886
8080121,1,1,1,10,2024,2,22,4.0,300000.0,52344
8046573,1,1,1,10,2024,1,63,5.0,1300000.0,19926
8050537,1,1,1,10,2024,2,40,12.0,4200000.0,28247
8054088,1,2,1,10,2024,2,43,4.0,400000.0,36474
8052656,1,1,1,10,2024,2,44,5.0,150000.0,33327
8078197,1,2,1,10,2024,2,23,6.0,1300000.0,47849
8076163,1,7,1,10,2024,1,45,3.0,700000.0,43190
8040900,1,2,1,10,2024,1,62,6.0,700000.0,6312
8086408,1,1,1,10,2024,1,61,9.0,3000000.0,63623
8040423,1,1,1,10,2024,2,31,5.0,1300000.0,5175
8079394,1,1,1,10,2024,2,51,8.0,1800000.0,50627
8039320,1,1,1,10,2024,2,24,9.0,1000000.0,2876
8050179,1,1,1,10,2024,2,68,3.0,750000.0,27284
8038536,1,5,1,10,2024,2,27,8.0,1400000.0,864
8084757,1,1,1,10,2024,2,44,8.0,1800000.0,61853
8076106,1,1,1,10,2024,1,44,3.0,600000.0,43003
8041239,1,1,1,10,2024,1,60,3.0,2000000.0,7147
8076275,1,1,1,10,2024,1,69,4.0,180000.0,43470
8079664,1,1,1,10,2024,2,62,4.0,200000.0,51165
8043803,1,1,1,10,2024,2,34,5.0,180000.0,12950
8039716,1,1,1,10,2024,1,72,5.0,400000.0,3580
8082930,1,2,1,10,2024,1,36,5.0,1300000.0,57929
8039309,1,1,1,10,2024,2,27,9.0,1300000.0,2848
8043201,1,2,1,10,2024,2,58,11.0,4800000.0,11387
8077861,1,1,1,10,2024,2,32,5.0,400000.0,47112
8052066,1,1,1,10,2024,2,23,5.0,500000.0,31743
8041231,1,3,1,10,2024,1,29,5.0,1300000.0,7131
8080135,1,1,1,10,2024,1,46,9.0,1200000.0,52383
8038629,1,4,1,10,2024,1,37,10.0,2000000.0,1047
8078306,1,1,1,10,2024,1,59,3.0,1200000.0,48129
8086099,1,1,1,10,2024,2,65,4.0,580000.0,63274
8044444,1,3,1,10,2024,2,35,5.0,800000.0,14562
8083995,1,4,1,10,2024,1,53,3.0,1300000.0,60184
8082811,1,1,1,10,2024,1,47,4.0,1500000.0,57648
8080480,1,4,1,10,2024,2,19,5.0,1020000.0,53162
8038368,1,1,1,10,2024,1,65,3.0,1400000.0,489
8042191,1,4,1,10,2024,1,23,5.0,600000.0,9289
8052201,1,3,1,10,2024,2,34,5.0,300000.0,32092
8042726,1,1,1,10,2024,1,55,7.0,2000000.0,10424
8052785,1,2,1,10,2024,2,46,3.0,1450000.0,33588
8043596,1,1,1,10,2024,2,23,5.0,800000.0,12400
8053064,1,2,1,10,2024,2,47,8.0,3900000.0,34337
8086284,1,1,1,10,2024,2,33,5.0,1200000.0,63406
8043636,1,1,1,10,2024,2,25,8.0,1300000.0,12501
8080125,1,1,1,10,2024,2,41,8.0,2500000.0,52355
8043724,1,1,1,10,2024,1,64,3.0,140000.0,12727
8045783,1,1,1,10,2024,2,40,5.0,1300000.0,18168
8083659,1,2,1,10,2024,2,36,5.0,1300000.0,59497
8052583,1,3,1,10,2024,2,43,8.0,1650000.0,33169
8041625,1,1,1,10,2024,2,47,9.0,600000.0,7995
8049743,1,3,1,10,2024,1,26,9.0,1800000.0,26245
8045776,1,3,1,10,2024,1,29,8.0,1900000.0,18151
8054782,1,1,1,10,2024,2,29,10.0,1600000.0,38060
8042721,1,1,1,10,2024,2,46,3.0,800000.0,10408
8038295,1,1,1,10,2024,1,54,12.0,6800000.0,294
8081125,1,2,1,10,2024,1,68,3.0,100000.0,54437
8039143,1,1,1,10,2024,1,76,8.0,300000.0,2430
8077474,1,2,1,10,2024,2,32,8.0,1700000.0,46320
8051296,1,1,1,10,2024,2,53,3.0,300000.0,29794
8041969,1,1,1,10,2024,2,44,12.0,3000000.0,8763
8084522,1,1,1,10,2024,2,32,9.0,520000.0,61354
8044074,1,1,1,10,2024,2,46,5.0,1300000.0,13596
8054491,1,1,1,10,2024,2,54,3.0,1300000.0,37386
8079587,1,1,1,10,2024,1,42,5.0,1800000.0,51016
8080580,1,2,1,10,2024,2,45,10.0,4500000.0,53360
8054292,1,1,1,10,2024,2,39,6.0,900000.0,36904
8083469,1,2,1,10,2024,2,48,10.0,2400000.0,59134
8041686,1,2,1,10,2024,2,39,10.0,1500000.0,8136
8080952,1,1,1,10,2024,2,28,5.0,800000.0,54095
8039091,1,1,1,10,2024,1,44,8.0,1300000.0,2270
8050769,1,1,1,10,2024,2,51,11.0,4161378.0,28787
8082464,1,2,1,10,2024,1,75,4.0,200000.0,56761
8085011,1,1,1,10,2024,2,39,8.0,1350000.0,62427
8042372,1,1,1,10,2024,1,42,12.0,4438000.0,9658
8084329,1,1,1,10,2024,1,51,10.0,1500000.0,60976
8050401,1,2,1,10,2024,2,26,5.0,800000.0,27849
8080402,1,1,1,10,2024,1,65,10.0,6000000.0,53072
8079044,1,1,1,10,2024,2,55,3.0,1000000.0,49751
8044250,1,1,1,10,2024,1,53,3.0,1200000.0,13979
8052787,1,2,1,10,2024,2,32,5.0,1300000.0,33594
8083219,1,1,1,10,2024,2,46,5.0,700000.0,58579
8054913,1,4,1,10,2024,2,22,10.0,1300000.0,38351
8084839,1,3,1,10,2024,2,38,4.0,1300000.0,62021
8052557,1,1,1,10,2024,2,71,3.0,1000000.0,33090
8055786,1,2,1,10,2024,2,54,4.0,180000.0,39964
8084733,1,2,1,10,2024,1,18,3.0,1300000.0,61782
8077577,1,1,1,10,2024,1,36,9.0,2000000.0,46526
8050419,1,1,1,10,2024,2,55,5.0,360000.0,27877
8039761,1,1,1,10,2024,1,70,10.0,4000000.0,3679
8078496,1,1,1,10,2024,2,41,5.0,260000.0,48540
8050951,1,4,1,10,2024,2,22,5.0,800000.0,29288
8045680,1,2,1,10,2024,2,26,10.0,2000000.0,17913
8084179,1,4,1,10,2024,1,63,3.0,1200000.0,60639
8077127,1,1,1,10,2024,1,45,4.0,1500000.0,45510
8038556,1,1,1,10,2024,2,52,3.0,1400000.0,897
8047436,1,2,1,10,2024,2,28,5.0,1200000.0,21619
8054556,1,1,1,10,2024,2,46,5.0,2000000.0,37516
8045755,1,1,1,10,2024,2,56,8.0,1680000.0,18109
8050359,1,1,1,10,2024,2,41,5.0,1300000.0,27754
8079740,1,1,1,10,2024,1,47,4.0,1400000.0,51391
8085908,1,1,1,10,2024,2,35,8.0,1300000.0,63045
8051871,1,1,1,10,2024,1,44,3.0,800000.0,31297
8053486,1,1,1,10,2024,2,35,10.0,8000000.0,35240
8084689,1,1,1,10,2024,1,30,5.0,1200000.0,61695
8044318,1,1,1,10,2024,1,46,8.0,2000000.0,14220
8056167,1,2,1,10,2024,2,30,9.0,1300000.0,40744
8079490,1,2,1,10,2024,1,37,10.0,5300000.0,50858
8054994,1,1,1,10,2024,1,46,3.0,600000.0,38508
8046022,1,1,1,10,2024,2,69,3.0,200000.0,18518
8085095,1,1,1,10,2024,2,33,9.0,1200000.0,62607
8080069,1,1,1,10,2024,1,40,5.0,1500000.0,52185
8044274,1,1,1,10,2024,1,41,4.0,1650000.0,14071
8051458,1,1,1,10,2024,1,60,3.0,700000.0,30246
8083067,1,1,1,10,2024,2,31,10.0,1300000.0,58243
8084797,1,1,1,10,2024,2,26,10.0,2000000.0,61934
8048127,1,6,1,10,2024,2,20,10.0,1100000.0,23119
8076686,1,2,1,10,2024,2,44,5.0,300000.0,44439
8039891,1,1,1,10,2024,2,29,4.0,1000000.0,3912
8081136,1,1,1,10,2024,1,34,8.0,600000.0,54452
8042373,1,1,1,10,2024,1,52,10.0,4200000.0,9659
8079720,1,1,1,10,2024,1,27,5.0,600000.0,51300
8051436,1,1,1,10,2024,2,20,10.0,1600000.0,30198
8083696,1,1,1,10,2024,2,26,8.0,2500000.0,59571
8056381,1,2,1,10,2024,1,27,6.0,1300000.0,41217
8080573,1,2,1,10,2024,2,41,10.0,3600000.0,53342
8081593,1,2,1,10,2024,1,68,3.0,387000.0,55456
8043302,1,1,1,10,2024,2,31,8.0,1300000.0,11631
8084394,1,3,1,10,2024,1,33,10.0,800000.0,61129
8082908,1,2,1,10,2024,2,54,5.0,1100000.0,57891
8039083,1,2,1,10,2024,1,67,3.0,800000.0,2247
8041822,1,2,1,10,2024,2,36,8.0,1380000.0,8343
8046185,1,2,1,10,2024,2,26,5.0,180000.0,18910
8038955,1,2,1,10,2024,2,41,5.0,800000.0,1908
8076834,1,1,1,10,2024,1,67,3.0,1550000.0,44796
8043058,1,1,1,10,2024,2,25,10.0,480000.0,11047
8043699,1,2,1,10,2024,2,39,5.0,1300000.0,12661
8078010,1,1,1,10,2024,1,37,3.0,1400000.0,47459
8086457,1,2,1,10,2024,2,42,5.0,1250000.0,63729
8052273,1,1,1,10,2024,2,31,5.0,2540000.0,32297
8076357,1,1,1,10,2024,2,32,10.0,2600000.0,43652
8078864,1,1,1,10,2024,2,38,5.0,735000.0,49313
8079504,1,2,1,10,2024,2,32,10.0,2500000.0,50882
8051357,1,2,1,10,2024,2,51,3.0,500000.0,29984
8042243,1,1,1,10,2024,1,62,3.0,600000.0,9405
8046355,1,1,1,10,2024,1,28,5.0,1000000.0,19365
8050164,1,2,1,10,2024,2,45,8.0,3500000.0,27246
8077230,1,1,1,10,2024,1,52,3.0,1300000.0,45777
8078387,1,3,1,10,2024,2,28,4.0,1100000.0,48312
8051290,1,1,1,10,2024,1,40,5.0,1300000.0,29779
8050083,1,1,1,10,2024,1,62,3.0,1000000.0,27076
8042695,1,2,1,10,2024,1,54,5.0,600000.0,10336
8041596,1,1,1,10,2024,1,31,5.0,1500000.0,7938
8080774,1,2,1,10,2024,1,41,5.0,1800000.0,53732
8047936,1,4,1,10,2024,2,23,10.0,1300000.0,22714
8039018,1,1,1,10,2024,2,59,5.0,800000.0,2040
8083965,1,3,1,10,2024,2,29,10.0,4000000.0,60091
8054264,1,1,1,10,2024,1,61,5.0,250000.0,36832
8082660,1,1,1,10,2024,1,50,10.0,2000000.0,57250
8040557,1,1,1,10,2024,2,37,4.0,300000.0,5507
8082976,1,1,1,10,2024,2,62,3.0,1200000.0,58030
8048463,1,1,1,10,2024,1,52,5.0,1300000.0,23727
8083488,1,1,1,10,2024,2,49,10.0,700000.0,59182
8054997,1,4,1,10,2024,1,20,8.0,1466000.0,38518
8042785,1,2,1,10,2024,2,23,5.0,1600000.0,10533
8039101,1,3,1,10,2024,2,19,9.0,1300000.0,2304
8055878,1,1,1,10,2024,1,33,5.0,1800000.0,40194
8075604,1,3,1,10,2024,2,45,3.0,360000.0,41558
8043440,1,1,1,10,2024,1,30,5.0,1000000.0,11976
8077991,1,5,1,10,2024,2,78,3.0,300000.0,47408
8084675,1,2,1,10,2024,2,38,8.0,1700000.0,61662
8043614,1,4,1,10,2024,2,19,10.0,900000.0,12450
8053189,1,1,1,10,2024,2,46,8.0,1700000.0,34570
8043165,1,2,1,10,2024,2,48,3.0,200000.0,11312
8084995,1,1,1,10,2024,2,41,3.0,1000000.0,62390
8053787,1,2,1,10,2024,2,28,8.0,1800000.0,35875
8043256,1,1,1,10,2024,1,67,3.0,3200000.0,11506
8042618,1,2,1,10,2024,1,26,4.0,300000.0,10169
8083079,1,2,1,10,2024,2,34,10.0,700000.0,58277
8056308,1,2,1,10,2024,1,39,3.0,1300000.0,41035
8078752,1,2,1,10,2024,2,31,5.0,1462000.0,49095
8047171,1,1,1,10,2024,2,32,5.0,350000.0,21099
8045757,1,1,1,10,2024,2,34,10.0,3000000.0,18114
8046827,1,2,1,10,2024,1,29,5.0,1000000.0,20538
8048876,1,2,1,10,2024,2,62,10.0,5000000.0,24485
8078306,1,4,1,10,2024,1,16,4.0,400000.0,48132
8080327,1,2,1,10,2024,2,45,10.0,1300000.0,52865
8082283,1,4,1,10,2024,2,29,10.0,1300000.0,56389
8040173,1,4,1,10,2024,1,23,5.0,800000.0,4563
8049354,1,2,1,10,2024,1,56,5.0,2500000.0,25421
8046515,1,2,1,10,2024,1,46,5.0,1300000.0,19746
8055640,1,3,1,10,2024,2,35,5.0,1300000.0,39665
8075719,1,2,1,10,2024,1,57,5.0,1600000.0,41900
8053107,1,2,1,10,2024,1,21,10.0,1300000.0,34413
8080001,1,3,1,10,2024,1,37,13.0,1500000.0,52057
8078178,1,1,1,10,2024,1,75,3.0,500000.0,47807
8046171,1,3,1,10,2024,1,23,5.0,1400000.0,18871
8039283,1,2,1,10,2024,2,29,12.0,17370000.0,2781
8038800,1,1,1,10,2024,1,31,4.0,2500000.0,1525
8045418,1,1,1,10,2024,1,62,9.0,1600000.0,17209
8077544,1,1,1,10,2024,1,46,3.0,1700000.0,46438
8038686,1,2,1,10,2024,2,55,5.0,1350000.0,1213
8041878,1,2,1,10,2024,1,25,5.0,1380000.0,8504
8082774,1,1,1,10,2024,2,36,10.0,2200000.0,57536
8054838,1,1,1,10,2024,2,41,10.0,2000000.0,38169
8048540,1,1,1,10,2024,2,43,3.0,880000.0,23891
8050253,1,1,1,10,2024,1,52,5.0,1462000.0,27465
8044308,1,1,1,10,2024,1,49,12.0,9600000.0,14193
8082934,1,1,1,10,2024,1,40,11.0,3000000.0,57939
8052228,1,1,1,10,2024,2,40,4.0,700000.0,32164
8050336,1,2,1,10,2024,2,29,4.0,150000.0,27661
8050389,1,4,1,10,2024,2,19,6.0,1300000.0,27828
8038496,1,1,1,10,2024,1,22,5.0,1800000.0,763
8040606,1,1,1,10,2024,2,60,4.0,600000.0,5638
8085982,1,1,1,10,2024,1,59,3.0,700000.0,63139
8083843,1,2,1,10,2024,1,67,3.0,1500000.0,59865
8042813,1,2,1,10,2024,1,38,4.0,1500000.0,10611
8056246,3,2,3,10,2024,1,20,5.0,1080000.0,40916
8040883,1,1,1,10,2024,1,29,9.0,2700000.0,6276
8048372,1,1,1,10,2024,2,47,8.0,1800000.0,23576
8044893,1,1,1,10,2024,2,56,11.0,4000000.0,15775
8042530,1,3,1,10,2024,1,22,10.0,1462000.0,10010
8043869,1,2,1,10,2024,2,44,10.0,1800000.0,13090
8055260,1,1,1,10,2024,1,35,5.0,3400000.0,39057
8048436,1,1,1,10,2024,2,23,9.0,1460000.0,23679
8038681,1,2,1,10,2024,1,50,3.0,700000.0,1192
8047888,1,1,1,10,2024,2,61,3.0,1000000.0,22629
8055265,1,2,1,10,2024,2,43,8.0,1000000.0,39067
8038620,1,3,1,10,2024,1,24,10.0,2600000.0,1019
8051250,1,1,1,10,2024,1,53,9.0,1300000.0,29679
8079744,1,8,1,10,2024,1,66,1.0,300000.0,51414
8042155,1,4,1,10,2024,1,43,8.0,1300000.0,9196
8040805,1,1,1,10,2024,1,53,5.0,1200000.0,6071
8053403,1,1,1,10,2024,2,33,10.0,1300000.0,35131
8084620,1,1,1,10,2024,2,45,4.0,1300000.0,61517
8045397,1,2,1,10,2024,1,50,10.0,1800000.0,17142
8084065,1,1,1,10,2024,2,60,5.0,13000000.0,60408
8052779,1,3,1,10,2024,2,22,5.0,1000000.0,33578
8054178,1,3,1,10,2024,2,28,10.0,1300000.0,36679
8080994,1,1,1,10,2024,1,55,5.0,1600000.0,54171
8045767,1,1,1,10,2024,1,29,8.0,1430000.0,18133
8042676,1,2,1,10,2024,1,33,5.0,1200000.0,10285
8039107,1,2,1,10,2024,2,31,10.0,1600000.0,2316
8051379,1,2,1,10,2024,2,39,8.0,1300000.0,30035
8077980,1,1,1,10,2024,2,40,4.0,336000.0,47367
8076579,1,3,1,10,2024,1,72,5.0,500000.0,44188
8040239,1,3,1,10,2024,2,31,5.0,950000.0,4769
8077528,1,1,1,10,2024,1,65,3.0,2000000.0,46404
8048149,1,2,1,10,2024,1,42,6.0,1700000.0,23182
8039003,1,2,1,10,2024,2,59,11.0,8000000.0,2013
8043949,1,3,1,10,2024,1,24,5.0,200000.0,13302
8079146,1,2,1,10,2024,1,74,3.0,180000.0,49953
8051394,1,2,1,10,2024,1,48,3.0,900000.0,30071
8042986,1,1,1,10,2024,2,36,5.0,400000.0,10889
8079645,1,1,1,10,2024,2,52,4.0,1400000.0,51118
8084067,1,1,1,10,2024,1,44,10.0,2800000.0,60416
8055553,1,2,1,10,2024,2,35,5.0,700000.0,39534
8080931,1,1,1,10,2024,2,59,3.0,100000.0,54050
8039004,1,3,1,10,2024,1,23,10.0,2000000.0,2017
8043333,1,3,1,10,2024,1,30,5.0,3500000.0,11709
8053864,1,1,1,10,2024,2,27,10.0,1300000.0,36038
8050284,1,2,1,10,2024,1,36,5.0,1462000.0,27542
8083418,1,2,1,10,2024,2,42,5.0,1300000.0,59023
8085860,1,1,1,10,2024,1,46,5.0,1800000.0,62960
8082962,1,1,1,10,2024,1,53,3.0,1000000.0,57989
8048846,1,5,1,10,2024,2,58,5.0,350000.0,24422
8051478,1,2,1,10,2024,2,56,9.0,800000.0,30297
8081460,1,1,1,10,2024,2,53,11.0,5800000.0,55193
8081776,1,1,1,10,2024,2,76,3.0,300000.0,55735
8056317,1,1,1,10,2024,2,48,5.0,1800000.0,41057
8048285,1,2,1,10,2024,2,41,5.0,1300000.0,23435
8084559,1,1,1,10,2024,2,36,6.0,190000.0,61432
8040441,1,1,1,10,2024,1,54,3.0,1800000.0,5231
8045565,1,2,1,10,2024,2,56,4.0,700000.0,17624
8047856,1,3,1,10,2024,2,37,9.0,1300000.0,22544
8038987,1,2,1,10,2024,2,47,5.0,400000.0,1982
8076628,1,4,1,10,2024,1,25,5.0,1300000.0,44319
8042619,1,1,1,10,2024,1,30,5.0,700000.0,10170
8081284,1,2,1,10,2024,2,42,5.0,1500000.0,54786
8075732,1,1,1,10,2024,2,26,4.0,1000000.0,41928
8075867,1,1,1,10,2024,1,64,3.0,1200000.0,42285
8043707,1,3,1,10,2024,1,27,10.0,6000000.0,12690
8054440,1,2,1,10,2024,2,56,10.0,3000000.0,37292
8076929,1,1,1,10,2024,2,30,10.0,1530000.0,44984
8082829,1,3,1,10,2024,2,27,5.0,1462000.0,57683
8053162,1,2,1,10,2024,1,38,9.0,5000000.0,34512
8056399,1,1,1,10,2024,1,23,5.0,1000000.0,41256
8043081,1,1,1,10,2024,1,52,4.0,650000.0,11107
8043293,1,2,1,10,2024,1,54,3.0,1300000.0,11605
8042686,1,2,1,10,2024,2,49,3.0,650000.0,10312
8082578,1,1,1,10,2024,2,61,1.0,420000.0,57030
8052893,1,1,1,10,2024,1,59,3.0,1000000.0,33845
8050264,1,2,1,10,2024,2,38,8.0,1500000.0,27492
8083228,1,1,1,10,2024,1,30,10.0,1300000.0,58607
8038734,1,2,1,10,2024,1,64,5.0,1500000.0,1347
8079813,1,1,1,10,2024,1,59,5.0,1200000.0,51636
8051937,1,4,1,10,2024,1,21,4.0,1000000.0,31449
8075890,1,1,1,10,2024,2,31,4.0,200000.0,42355
8040866,1,1,1,10,2024,2,44,8.0,230000.0,6238
8049479,1,2,1,10,2024,2,56,3.0,200000.0,25552
8079213,1,2,1,10,2024,1,23,5.0,400000.0,50141
8041516,1,1,1,10,2024,2,26,4.0,1200000.0,7742
8078063,1,2,1,10,2024,2,28,9.0,500000.0,47560
8078104,1,2,1,10,2024,2,35,11.0,2789000.0,47637
8082680,1,1,1,10,2024,1,49,1.0,700000.0,57305
8055357,1,2,1,10,2024,2,55,5.0,1300000.0,39234
8039970,1,1,1,10,2024,1,41,12.0,4000000.0,4094
8047981,1,1,1,10,2024,1,36,3.0,1000000.0,22786
8056301,1,2,1,10,2024,2,33,10.0,3000000.0,41025
8049980,1,1,1,10,2024,1,43,9.0,2500000.0,26804
8049127,1,4,1,10,2024,2,27,6.0,1500000.0,24969
8042770,1,1,1,10,2024,2,33,5.0,1100000.0,10510
8056395,1,1,1,10,2024,2,28,4.0,750000.0,41246
8041950,1,3,1,10,2024,2,25,5.0,2300000.0,8698
8047459,1,1,1,10,2024,1,45,11.0,5000000.0,21668
8077553,1,1,1,10,2024,1,39,5.0,1300000.0,46454
8077795,1,3,1,10,2024,2,3,1.0,,46983
8038500,1,2,1,10,2024,2,47,12.0,8000000.0,770
8084341,1,4,1,10,2024,1,34,6.0,350000.0,61008
8084812,1,1,1,10,2024,1,29,11.0,2500000.0,61957
8045593,1,1,1,10,2024,2,48,10.0,5000000.0,17692
8084031,1,1,1,10,2024,1,48,5.0,3000000.0,60285
8053957,1,1,1,10,2024,2,46,11.0,2450000.0,36223
8084198,1,2,1,10,2024,2,49,4.0,150000.0,60683
8080786,1,1,1,10,2024,2,29,10.0,1950000.0,53751
8082611,1,1,1,10,2024,2,55,5.0,1200000.0,57101
8049632,1,1,1,10,2024,1,66,3.0,640000.0,25954
8085745,1,2,1,10,2024,1,34,4.0,600000.0,62772
8079402,1,1,1,10,2024,1,68,3.0,500000.0,50647
8050323,1,1,1,10,2024,1,54,8.0,5200000.0,27614
8048403,1,5,1,10,2024,2,20,4.0,1200000.0,23624
8051316,1,3,1,10,2024,1,26,5.0,1200000.0,29868
8049981,1,1,1,10,2024,1,43,3.0,1400000.0,26806
8075742,1,2,1,10,2024,2,70,3.0,300000.0,41958
8084768,1,1,1,10,2024,1,61,4.0,1500000.0,61860
8050315,1,2,1,10,2024,1,23,5.0,1300000.0,27586
8052895,1,1,1,10,2024,1,50,3.0,940000.0,33850
8049962,1,3,1,10,2024,1,40,10.0,2000000.0,26758
8055805,1,1,1,10,2024,1,66,4.0,400000.0,40012
8079200,1,1,1,10,2024,2,48,3.0,0.0,50106
8054815,1,1,1,10,2024,1,70,5.0,1800000.0,38126
8041176,1,2,1,10,2024,1,23,5.0,300000.0,6989
8048846,1,1,1,10,2024,2,30,5.0,400000.0,24418
8078948,1,1,1,10,2024,1,40,3.0,4500000.0,49512
8049707,1,1,1,10,2024,2,26,5.0,800000.0,26140
8048535,1,3,1,10,2024,1,29,3.0,500000.0,23878
8041916,1,1,1,10,2024,2,46,5.0,1500000.0,8597
8045411,1,3,1,10,2024,2,27,10.0,1800000.0,17185
8080213,1,3,1,10,2024,2,32,10.0,4000000.0,52579
8050305,1,3,1,10,2024,1,30,5.0,1462000.0,27571
8045298,1,2,1,10,2024,2,43,3.0,1300000.0,16878
8045648,1,1,1,10,2024,2,36,5.0,720000.0,17837
8042699,1,1,1,10,2024,2,23,7.0,1300000.0,10346
8079440,1,3,1,10,2024,2,24,10.0,4250000.0,50754
8056071,1,1,1,10,2024,1,45,11.0,5000000.0,40526
8050508,1,1,1,10,2024,1,46,10.0,1860000.0,28160
8047680,1,1,1,10,2024,2,69,1.0,600000.0,22130
8082560,1,2,1,10,2024,1,24,3.0,300000.0,56989
8052121,1,2,1,10,2024,1,20,5.0,1200000.0,31908
8084024,1,6,1,10,2024,2,27,5.0,1400000.0,60264
8045011,1,2,1,10,2024,2,41,4.0,1300000.0,16105
8045302,2,1,2,10,2024,1,38,5.0,1300000.0,16890
8077380,1,1,1,10,2024,1,45,1.0,1300000.0,46128
8044469,1,2,1,10,2024,1,25,5.0,800000.0,14628
8083484,1,1,1,10,2024,2,62,3.0,300000.0,59174
8038853,1,3,1,10,2024,1,29,10.0,1500000.0,1646
8048792,1,1,1,10,2024,2,53,5.0,1200000.0,24309
8053310,1,1,1,10,2024,1,59,3.0,900000.0,34852
8083952,1,1,1,10,2024,2,32,9.0,1500000.0,60054
8052015,1,1,1,10,2024,2,44,5.0,1400000.0,31627
8042552,1,1,1,10,2024,1,33,5.0,1300000.0,10054
8039166,1,2,1,10,2024,1,48,4.0,1500000.0,2493
8044893,1,2,1,10,2024,1,23,10.0,3000000.0,15776
8050301,1,1,1,10,2024,2,63,5.0,900000.0,27562
8082740,1,2,1,10,2024,1,41,5.0,2500000.0,57467
8078121,1,1,1,10,2024,1,73,3.0,0.0,47677
8047397,1,1,1,10,2024,2,45,5.0,1300000.0,21578
8082414,1,2,1,10,2024,1,40,5.0,2500000.0,56670
8086817,1,2,1,10,2024,1,31,4.0,900000.0,64543
8038768,1,2,1,10,2024,1,50,5.0,1000000.0,1460
8048601,1,4,1,10,2024,1,27,8.0,1300000.0,23994
8044143,1,2,1,10,2024,1,35,12.0,5000000.0,13746
8086279,1,1,1,10,2024,1,64,11.0,3000000.0,63388
8052424,1,1,1,10,2024,2,42,9.0,3000000.0,32767
8078381,1,4,1,10,2024,1,18,6.0,1300000.0,48295
8042714,1,2,1,10,2024,1,63,3.0,500000.0,10383
8084818,1,4,1,10,2024,1,28,8.0,1300000.0,61975
8048438,1,1,1,10,2024,2,52,5.0,1300000.0,23683
8048225,1,1,1,10,2024,1,51,4.0,800000.0,23288
8040296,1,3,1,10,2024,1,45,5.0,800000.0,4892
8054145,1,4,1,10,2024,2,42,8.0,1700000.0,36591
8044632,1,2,1,10,2024,2,33,8.0,1300000.0,15084
8051489,1,1,1,10,2024,2,43,5.0,1300000.0,30324
8040099,1,1,1,10,2024,1,56,4.0,1800000.0,4363
8052472,1,1,1,10,2024,2,39,3.0,1200000.0,32862
8046194,1,1,1,10,2024,1,19,6.0,1680000.0,18937
8041955,1,2,1,10,2024,1,61,3.0,1300000.0,8718
8051840,1,2,1,10,2024,2,33,10.0,800000.0,31217
8046034,1,4,1,10,2024,2,24,5.0,600000.0,18545
8045351,1,1,1,10,2024,1,22,8.0,1300000.0,17007
8055893,1,3,1,10,2024,2,19,5.0,1300000.0,40221
8044954,1,3,1,10,2024,1,43,8.0,3000000.0,15921
8049784,1,1,1,10,2024,2,62,8.0,1460000.0,26356
8046338,1,2,1,10,2024,2,54,5.0,100000.0,19322
8045023,1,2,1,10,2024,1,58,3.0,1600000.0,16139
8042442,1,1,1,10,2024,1,65,3.0,500000.0,9824
8049969,1,2,1,10,2024,1,70,3.0,1300000.0,26772
8050473,1,1,1,10,2024,1,22,5.0,600000.0,28033
8049013,1,1,1,10,2024,2,49,1.0,1080000.0,24762
8049926,1,1,1,10,2024,1,70,3.0,1120000.0,26695
8049717,1,2,1,10,2024,1,53,3.0,1675000.0,26168
8038601,1,1,1,10,2024,2,59,3.0,1300000.0,963
8054021,1,1,1,10,2024,2,28,9.0,1300000.0,36331
8054195,1,2,1,10,2024,1,60,5.0,1200000.0,36721
8039713,1,2,1,10,2024,2,21,5.0,1300000.0,3572
8056429,1,1,1,10,2024,2,25,8.0,1400000.0,41333
8053577,1,1,1,10,2024,1,48,8.0,3500000.0,35437
8076748,1,2,1,10,2024,1,21,10.0,2520000.0,44606
8083247,1,1,1,10,2024,2,69,6.0,1200000.0,58656
8085724,1,2,1,10,2024,2,43,3.0,700000.0,62715
8047042,1,2,1,10,2024,2,38,10.0,2400000.0,20880
8051698,1,1,1,10,2024,1,58,3.0,600000.0,30807
8086272,1,1,1,10,2024,1,35,5.0,3500000.0,63371
8046698,1,2,1,10,2024,2,36,10.0,2300000.0,20227
8077281,1,1,1,10,2024,1,24,6.0,1750000.0,45914
8084041,1,2,1,10,2024,2,36,10.0,3000000.0,60325
8079219,1,1,1,10,2024,1,30,3.0,480000.0,50166
8075601,1,2,1,10,2024,1,37,5.0,1300000.0,41540
8047367,1,2,1,10,2024,2,61,12.0,4000000.0,21527
8040772,1,4,1,10,2024,1,56,4.0,625000.0,6007
8047692,1,2,1,10,2024,1,22,5.0,1800000.0,22151
8040298,1,2,1,10,2024,2,31,5.0,1000000.0,4904
8039605,1,2,1,10,2024,2,31,5.0,1300000.0,3363
8043924,1,2,1,10,2024,2,31,10.0,2431000.0,13233
8048805,1,1,1,10,2024,2,55,3.0,120000.0,24329
8038502,1,1,1,10,2024,1,36,5.0,1600000.0,775
8038540,1,2,1,10,2024,2,29,10.0,1800000.0,872
8048031,1,1,1,10,2024,1,33,5.0,1300000.0,22883
8052337,1,2,1,10,2024,1,28,8.0,1500000.0,32493
8045583,1,2,1,10,2024,2,44,10.0,1000000.0,17672
8043753,1,1,1,10,2024,1,28,5.0,1000000.0,12808
8048163,1,1,1,10,2024,1,32,10.0,1500000.0,23217
8076312,1,1,1,10,2024,2,54,3.0,600000.0,43557
8050226,1,2,1,10,2024,2,47,5.0,720000.0,27401
8081173,1,2,1,10,2024,1,31,5.0,1300000.0,54530
8082498,1,1,1,10,2024,2,28,5.0,200000.0,56850
8079649,1,3,1,10,2024,1,42,5.0,1300000.0,51128
8075731,1,2,1,10,2024,1,38,5.0,1000000.0,41925
8048399,1,3,1,10,2024,2,33,6.0,1300000.0,23608
8042066,1,5,1,10,2024,2,28,5.0,500000.0,8938
8054938,1,2,1,10,2024,2,30,10.0,7000000.0,38402
8043193,1,1,1,10,2024,2,72,5.0,100000.0,11374
8082515,1,2,1,10,2024,1,53,5.0,1000000.0,56876
8080951,1,2,1,10,2024,1,39,4.0,500000.0,54093
8083167,1,1,1,10,2024,1,36,11.0,7350000.0,58475
8053016,1,2,1,10,2024,1,33,5.0,600000.0,34223
8082869,1,1,1,10,2024,1,38,10.0,4000000.0,57784
8078158,1,1,1,10,2024,2,27,8.0,1200000.0,47755
8050186,1,2,1,10,2024,2,34,3.0,150000.0,27291
8084631,1,3,1,10,2024,2,46,6.0,700000.0,61545
8078306,1,2,1,10,2024,2,50,1.0,0.0,48130
8077906,1,1,1,10,2024,1,74,3.0,3500000.0,47179
8045159,1,1,1,10,2024,2,51,3.0,800000.0,16490
8041909,1,2,1,10,2024,2,37,6.0,1300000.0,8576
8038403,1,3,1,10,2024,1,42,5.0,1500000.0,584
8048474,1,1,1,10,2024,2,36,10.0,2200000.0,23753
8044927,1,2,1,10,2024,2,54,11.0,2600000.0,15868
8050486,1,1,1,10,2024,2,53,4.0,800000.0,28065
8046633,3,2,3,10,2024,2,27,10.0,1300000.0,20093
8079013,1,1,1,10,2024,1,61,3.0,650000.0,49652
8056428,1,1,1,10,2024,2,46,5.0,1400000.0,41330
8076509,1,2,1,10,2024,2,46,12.0,6000000.0,44044
8051377,1,1,1,10,2024,2,61,3.0,1060000.0,30030
8042120,1,3,1,10,2024,2,29,5.0,1300000.0,9077
8077733,1,1,1,10,2024,2,32,3.0,600000.0,46845
8041997,1,2,1,10,2024,2,36,9.0,800000.0,8831
8048116,1,1,1,10,2024,1,24,10.0,800000.0,23081
8077338,1,1,1,10,2024,2,50,1.0,200000.0,46023
8077882,1,2,1,10,2024,2,60,3.0,100000.0,47137
8038754,1,2,1,10,2024,2,62,5.0,1300000.0,1415
8043405,1,1,1,10,2024,2,34,10.0,5000000.0,11888
8084785,1,1,1,10,2024,1,23,9.0,3000000.0,61908
8082669,1,1,1,10,2024,2,31,4.0,1300000.0,57279
8084189,1,1,1,10,2024,1,59,3.0,700000.0,60665
8079374,1,2,1,10,2024,2,57,4.0,150000.0,50593
8044752,1,1,1,10,2024,2,35,5.0,1000000.0,15386
8042023,1,2,1,10,2024,1,28,5.0,1300000.0,8902
8046042,1,3,1,10,2024,2,25,6.0,600000.0,18564
8050982,1,1,1,10,2024,2,41,8.0,1300000.0,29381
8038536,1,3,1,10,2024,1,30,5.0,1300000.0,862
8046110,1,1,1,10,2024,1,57,3.0,200000.0,18728
8079639,1,2,1,10,2024,2,28,12.0,3000000.0,51099
8043043,1,1,1,10,2024,1,38,8.0,3000000.0,11007
8051372,1,3,1,10,2024,2,34,11.0,900000.0,30021
8045689,1,1,1,10,2024,1,30,10.0,2700000.0,17935
8053533,1,1,1,10,2024,1,55,12.0,4000000.0,35332
8077506,1,2,1,10,2024,2,21,5.0,1300000.0,46352
8079206,1,1,1,10,2024,2,48,4.0,200000.0,50120
8075654,1,1,1,10,2024,1,73,3.0,2000000.0,41737
8055789,1,1,1,10,2024,2,60,3.0,250000.0,39975
8056342,1,1,1,10,2024,2,43,10.0,2600000.0,41110
8045547,1,3,1,10,2024,1,25,10.0,1300000.0,17569
8040264,1,3,1,10,2024,1,45,5.0,1000000.0,4796
8044246,1,5,1,10,2024,1,39,4.0,750000.0,13965
8047610,1,1,1,10,2024,1,36,5.0,1300000.0,21969
8054710,1,1,1,10,2024,1,41,9.0,2200000.0,37862
8086766,1,1,1,10,2024,1,38,4.0,1000000.0,64458
8043404,1,1,1,10,2024,2,43,10.0,3000000.0,11884
8050713,1,2,1,10,2024,1,49,10.0,5326000.0,28646
8051611,1,1,1,10,2024,1,45,10.0,5698000.0,30597
8075656,1,1,1,10,2024,1,48,5.0,900000.0,41740
8051818,1,1,1,10,2024,1,38,10.0,2900000.0,31136
8085088,1,1,1,10,2024,2,37,10.0,2000000.0,62590
8046743,1,2,1,10,2024,1,25,9.0,1350000.0,20341
8051403,1,1,1,10,2024,1,28,5.0,1400000.0,30105
8049928,1,2,1,10,2024,1,26,10.0,1500000.0,26698
8079849,1,1,1,10,2024,2,35,5.0,1900000.0,51741
8050622,1,2,1,10,2024,2,55,12.0,6000000.0,28452
8050226,1,1,1,10,2024,1,53,8.0,0.0,27400
8040188,1,1,1,10,2024,1,43,12.0,10014000.0,4611
8047765,1,2,1,10,2024,1,58,8.0,1200000.0,22325
8043856,1,1,1,10,2024,1,58,3.0,1400000.0,13061
8047047,1,1,1,10,2024,2,30,5.0,2000000.0,20890
8044853,1,2,1,10,2024,1,39,5.0,2000000.0,15667
8053104,1,1,1,10,2024,2,25,9.0,1300000.0,34400
8081642,1,2,1,10,2024,2,40,8.0,1300000.0,55537
8078243,1,1,1,10,2024,2,28,6.0,1100000.0,47966
8053004,1,1,1,10,2024,2,39,5.0,1300000.0,34189
8044505,1,2,1,10,2024,1,33,8.0,1300000.0,14723
8082777,1,1,1,10,2024,2,43,8.0,1200000.0,57545
8054840,1,1,1,10,2024,2,36,11.0,5153000.0,38174
8051045,1,2,1,10,2024,1,44,9.0,1300000.0,29550
8081413,1,2,1,10,2024,2,30,11.0,4000000.0,55105
8050692,1,3,1,10,2024,1,47,5.0,1000000.0,28606
8038757,1,1,1,10,2024,1,23,5.0,1100000.0,1422
8076578,1,1,1,10,2024,1,55,9.0,3000000.0,44185
8051494,1,2,1,10,2024,1,21,5.0,500000.0,30337
8054909,1,1,1,10,2024,1,52,5.0,1300000.0,38339
8080120,1,1,1,10,2024,2,45,3.0,300000.0,52332
8039486,1,2,1,10,2024,1,58,5.0,1300000.0,3147
8078017,1,3,1,10,2024,2,26,5.0,360000.0,47472
8075739,1,2,1,10,2024,2,44,4.0,400000.0,41950
8076034,1,2,1,10,2024,2,68,1.0,180000.0,42813
8086240,1,1,1,10,2024,1,36,10.0,1000000.0,63339
8055363,1,1,1,10,2024,2,30,5.0,800000.0,39245
8040351,1,1,1,10,2024,2,49,10.0,1300000.0,5015
8084682,1,1,1,10,2024,2,37,5.0,1300000.0,61679
8047841,1,2,1,10,2024,2,46,5.0,1300000.0,22508
8079828,1,2,1,10,2024,2,38,8.0,400000.0,51692
8046036,1,1,1,10,2024,1,40,3.0,30000000.0,18549
8044651,1,1,1,10,2024,2,49,8.0,2500000.0,15143
8083071,1,2,1,10,2024,2,46,10.0,2600000.0,58256
8082794,1,3,1,10,2024,1,29,5.0,2600000.0,57595
8056363,1,2,1,10,2024,1,29,3.0,1600000.0,41154
8086479,1,1,1,10,2024,1,57,3.0,1700000.0,63772
8078966,1,1,1,10,2024,1,72,1.0,900000.0,49565
8050588,1,1,1,10,2024,2,26,10.0,6000000.0,28378
8083499,1,1,1,10,2024,2,64,3.0,820000.0,59202
8055325,1,2,1,10,2024,1,46,5.0,650000.0,39172
8047016,1,1,1,10,2024,1,55,5.0,1300000.0,20841
8050527,1,1,1,10,2024,1,47,3.0,1400000.0,28213
8051843,1,1,1,10,2024,2,33,11.0,3500000.0,31223
8046900,1,1,1,10,2024,2,38,5.0,600000.0,20696
8044412,1,4,1,10,2024,2,45,10.0,250000.0,14467
8054131,1,3,1,10,2024,2,32,5.0,840000.0,36566
8053285,1,1,1,10,2024,1,61,5.0,1300000.0,34786
8079525,1,3,1,10,2024,2,27,5.0,1300000.0,50920
8053480,1,2,1,10,2024,2,44,10.0,1800000.0,35234
8051848,1,3,1,10,2024,1,18,5.0,640000.0,31243
8079963,1,1,1,10,2024,1,63,10.0,1400000.0,51980
8051254,1,2,1,10,2024,2,46,8.0,1900000.0,29685
8051241,1,1,1,10,2024,2,63,3.0,202500.0,29656
8041571,1,1,1,10,2024,1,34,5.0,1500000.0,7880
8048060,1,1,1,10,2024,2,56,3.0,600000.0,22947
8082426,1,2,1,10,2024,2,54,10.0,1300000.0,56690
8051529,1,1,1,10,2024,1,61,9.0,3000000.0,30419
8043922,1,3,1,10,2024,2,20,10.0,700000.0,13228
8082754,1,3,1,10,2024,1,26,6.0,1200000.0,57498
8082961,1,1,1,10,2024,2,53,5.0,700000.0,57981
8039580,1,2,1,10,2024,1,32,11.0,1800000.0,3328
8051909,1,3,1,10,2024,1,44,8.0,1700000.0,31387
8076831,1,1,1,10,2024,2,43,5.0,1600000.0,44786
8042409,1,2,1,10,2024,1,61,3.0,1000000.0,9756
8086521,1,1,1,10,2024,1,40,3.0,2000000.0,63878
8056142,1,1,1,10,2024,2,19,5.0,1456000.0,40680
8086589,1,3,1,10,2024,2,24,5.0,500000.0,64073
8080538,1,1,1,10,2024,2,76,3.0,200000.0,53267
8053708,1,2,1,10,2024,1,43,5.0,2500000.0,35769
8045068,1,2,1,10,2024,1,40,3.0,1300000.0,16247
8076983,1,1,1,10,2024,1,68,3.0,800000.0,45099
8083288,1,2,1,10,2024,2,22,5.0,300000.0,58750
8054095,1,1,1,10,2024,1,26,8.0,1800000.0,36488
8081289,1,1,1,10,2024,1,58,8.0,1900000.0,54799
8082103,1,1,1,10,2024,1,43,5.0,500000.0,56106
8053691,1,1,1,10,2024,2,33,5.0,1700000.0,35710
8042512,1,1,1,10,2024,2,61,1.0,250000.0,9979
8043507,1,2,1,10,2024,2,44,5.0,215000.0,12190
8077963,1,1,1,10,2024,2,67,1.0,200000.0,47319
8053687,1,1,1,10,2024,2,60,11.0,6000000.0,35697
8045252,1,1,1,10,2024,1,38,10.0,1600000.0,16767
8050331,1,1,1,10,2024,1,32,5.0,2000000.0,27642
8053275,1,1,1,10,2024,2,57,4.0,460000.0,34753
8076085,1,2,1,10,2024,2,54,3.0,900000.0,42957
8048064,1,1,1,10,2024,1,50,5.0,1300000.0,22961
8053318,1,2,1,10,2024,1,45,10.0,3300000.0,34879
8052472,1,2,1,10,2024,2,19,5.0,1250000.0,32863
8076473,1,2,1,10,2024,1,44,5.0,1300000.0,43947
8049737,1,1,1,10,2024,1,34,5.0,2100000.0,26223
8054806,1,2,1,10,2024,2,38,10.0,3900000.0,38110
8083189,1,2,1,10,2024,2,43,10.0,2400000.0,58490
8081900,1,1,1,10,2024,1,38,5.0,1300000.0,55817
8080212,1,3,1,10,2024,2,41,10.0,1300000.0,52573
8040326,1,1,1,10,2024,2,43,12.0,2600000.0,4959
8082703,1,1,1,10,2024,1,29,8.0,1500000.0,57361
8048274,1,2,1,10,2024,2,31,12.0,6000000.0,23408
8040225,1,3,1,10,2024,2,30,5.0,862000.0,4723
8041193,1,1,1,10,2024,2,64,6.0,500000.0,7035
8076570,1,2,1,10,2024,2,47,4.0,280000.0,44172
8040491,1,1,1,10,2024,1,44,10.0,3000000.0,5361
8048244,1,2,1,10,2024,2,26,5.0,600000.0,23352
8044811,1,1,1,10,2024,1,27,10.0,4500000.0,15532
8086475,1,1,1,10,2024,1,52,4.0,2300000.0,63762
8041650,1,1,1,10,2024,2,36,8.0,1500000.0,8069
8052767,1,1,1,10,2024,1,32,5.0,1300000.0,33546
8041844,1,2,1,10,2024,2,58,8.0,1300000.0,8399
8050868,1,1,1,10,2024,2,36,5.0,1600000.0,29049
8045552,1,4,1,10,2024,2,25,10.0,1300000.0,17585
8044025,1,2,1,10,2024,2,40,4.0,400000.0,13471
8049201,1,2,1,10,2024,1,38,5.0,1500000.0,25096
8051875,1,1,1,10,2024,1,42,10.0,4500000.0,31306
8050485,1,1,1,10,2024,1,31,4.0,1000000.0,28063
8053135,1,2,1,10,2024,2,32,9.0,2000000.0,34454
8054883,1,1,1,10,2024,1,44,5.0,1462000.0,38283
8055005,1,2,1,10,2024,2,42,4.0,200000.0,38539
8041949,1,2,1,10,2024,2,45,9.0,350000.0,8694
8039443,1,1,1,10,2024,2,76,3.0,500000.0,3055
8043330,1,2,1,10,2024,2,62,12.0,4700000.0,11697
8051809,1,1,1,10,2024,2,27,5.0,1300000.0,31109
8050563,1,2,1,10,2024,1,55,10.0,2000000.0,28324
8077990,1,1,1,10,2024,2,55,5.0,700000.0,47403
8047239,1,2,1,10,2024,1,31,9.0,1462000.0,21267
8045427,1,1,1,10,2024,2,47,3.0,900000.0,17232
8044023,1,1,1,10,2024,2,20,5.0,2100000.0,13464
8052381,1,1,1,10,2024,1,67,5.0,1600000.0,32623
8082809,1,1,1,10,2024,1,52,11.0,6000000.0,57644
8052569,1,1,1,10,2024,1,18,5.0,1300000.0,33121
8078676,1,1,1,10,2024,1,28,10.0,1600000.0,48910
8044300,1,4,1,10,2024,2,26,10.0,2600000.0,14175
8047845,1,2,1,10,2024,2,47,10.0,1700000.0,22519
8054360,1,1,1,10,2024,2,32,5.0,800000.0,37079
8078092,1,1,1,10,2024,1,56,3.0,175000.0,47609
8049280,1,1,1,10,2024,2,55,5.0,1500000.0,25269
8050326,1,1,1,10,2024,2,62,5.0,200000.0,27628
8079758,1,2,1,10,2024,1,21,4.0,800000.0,51468
8052490,1,1,1,10,2024,1,22,3.0,1600000.0,32909
8052060,1,2,1,10,2024,1,31,10.0,3500000.0,31730
8084860,1,2,1,10,2024,2,49,12.0,6000000.0,62074
8039427,1,1,1,10,2024,1,56,5.0,2000000.0,3021
8076878,1,2,1,10,2024,1,52,3.0,1600000.0,44886
8039747,1,1,1,10,2024,2,47,5.0,2312000.0,3646
8050731,1,1,1,10,2024,2,32,5.0,800000.0,28684
8054707,1,1,1,10,2024,2,33,8.0,1600000.0,37846
8082686,1,3,1,10,2024,2,52,9.0,1300000.0,57329
8086599,1,2,1,10,2024,2,46,4.0,1460000.0,64106
8041867,1,2,1,10,2024,1,39,5.0,1200000.0,8474
8053097,1,4,1,10,2024,2,58,3.0,2450000.0,34387
8077327,1,1,1,10,2024,1,55,3.0,2000000.0,45995
8041345,1,1,1,10,2024,2,53,3.0,820000.0,7309
8042153,1,3,1,10,2024,2,21,4.0,300000.0,9184
8080359,1,3,1,10,2024,1,40,4.0,1300000.0,52951
8079679,1,1,1,10,2024,2,21,4.0,1300000.0,51200
8077920,1,1,1,10,2024,2,27,1.0,750000.0,47217
8050389,1,1,1,10,2024,2,36,4.0,1300000.0,27825
8077239,1,1,1,10,2024,1,57,3.0,600000.0,45805
8041544,1,4,1,10,2024,1,18,4.0,1300000.0,7821
8055148,1,2,1,10,2024,2,48,5.0,1700000.0,38805
8075617,1,2,1,10,2024,1,20,5.0,800000.0,41609
8051363,1,6,1,10,2024,1,18,5.0,240000.0,30000
8054667,1,1,1,10,2024,2,27,9.0,1300000.0,37756
8042841,1,1,1,10,2024,2,27,10.0,768000.0,10671
8046761,1,4,1,10,2024,2,29,5.0,800000.0,20392
8081075,1,1,1,10,2024,2,54,4.0,650000.0,54360
8078914,1,1,1,10,2024,2,37,5.0,1030000.0,49430
8045367,1,2,1,10,2024,2,45,6.0,900000.0,17057
8080213,1,4,1,10,2024,1,24,8.0,1300000.0,52580
8080605,1,6,1,10,2024,2,55,4.0,400000.0,53417
8044574,1,2,1,10,2024,1,39,8.0,1100000.0,14932
8082332,1,1,1,10,2024,2,39,5.0,500000.0,56495
8078676,1,2,1,10,2024,2,24,5.0,1600000.0,48911
8083406,1,2,1,10,2024,2,34,5.0,1300000.0,59002
8041853,1,1,1,10,2024,1,44,5.0,1680000.0,8433
8046145,1,1,1,10,2024,2,29,4.0,1250000.0,18807
8045089,1,1,1,10,2024,2,46,3.0,870000.0,16306
8051481,1,1,1,10,2024,2,52,10.0,5000000.0,30306
8078928,1,2,1,10,2024,2,54,3.0,300000.0,49468
8046918,1,2,1,10,2024,2,70,3.0,300000.0,20735
8076706,1,1,1,10,2024,1,42,5.0,600000.0,44498
8079617,1,1,1,10,2024,1,42,10.0,1250000.0,51075
8041738,1,1,1,10,2024,2,57,10.0,2250000.0,8219
8041971,1,2,1,10,2024,1,59,10.0,6000000.0,8767
8055873,1,1,1,10,2024,2,46,10.0,1000000.0,40177
8082858,1,1,1,10,2024,1,37,8.0,1300000.0,57750
8044163,1,1,1,10,2024,1,34,8.0,1638000.0,13796
8047566,1,3,1,10,2024,2,29,10.0,3000000.0,21866
8043268,1,2,1,10,2024,1,19,5.0,900000.0,11535
8081001,1,4,1,10,2024,1,18,5.0,600000.0,54192
8084909,1,1,1,10,2024,2,34,8.0,1300000.0,62185
8052382,1,1,1,10,2024,1,70,1.0,1500000.0,32632
8051015,1,3,1,10,2024,2,42,11.0,2500000.0,29476
8079892,1,3,1,10,2024,1,45,9.0,6750000.0,51870
8083136,1,3,1,10,2024,2,44,10.0,700000.0,58417
8084504,1,2,1,10,2024,1,56,9.0,1300000.0,61323
8048218,1,1,1,10,2024,2,36,5.0,800000.0,23274
8045413,1,4,1,10,2024,2,54,10.0,1200000.0,17195
8048997,1,2,1,10,2024,2,40,10.0,2900000.0,24731
8052791,1,3,1,10,2024,2,50,3.0,1300000.0,33604
8081944,1,1,1,10,2024,2,67,3.0,120000.0,55893
8039658,1,1,1,10,2024,1,52,5.0,800000.0,3452
8044961,1,2,1,10,2024,2,55,4.0,600000.0,15946
8054995,1,2,1,10,2024,2,53,5.0,1000000.0,38510
8038958,1,1,1,10,2024,1,31,3.0,1300000.0,1914
8050053,1,1,1,10,2024,1,46,3.0,2500000.0,27012
8048776,1,4,1,10,2024,2,30,5.0,1300000.0,24270
8082702,1,2,1,10,2024,1,26,10.0,3000000.0,57360
8077760,1,2,1,10,2024,1,43,3.0,1200000.0,46906
8054428,1,8,1,10,2024,2,25,5.0,1300000.0,37251
8051854,1,2,1,10,2024,2,51,8.0,1800000.0,31259
8053087,1,4,1,10,2024,2,27,8.0,1400000.0,34364
8076361,1,2,1,10,2024,2,25,10.0,1600000.0,43661
8052250,1,2,1,10,2024,2,55,1.0,100000.0,32246
8054727,1,2,1,10,2024,1,45,5.0,1600000.0,37905
8052083,1,1,1,10,2024,1,49,4.0,900000.0,31801
8056139,1,1,1,10,2024,2,28,5.0,1400000.0,40669
8083350,1,2,1,10,2024,1,35,5.0,1500000.0,58910
8054528,1,1,1,10,2024,2,36,9.0,2400000.0,37471
8042880,1,2,1,10,2024,2,26,11.0,4400000.0,10743
8046591,1,1,1,10,2024,1,42,5.0,1500000.0,19988
8082793,1,3,1,10,2024,2,18,5.0,800000.0,57591
8051415,1,1,1,10,2024,2,55,8.0,1000000.0,30137
8076548,1,1,1,10,2024,1,34,5.0,850000.0,44134
8052948,1,1,1,10,2024,1,49,1.0,1000000.0,34000
8084048,1,2,1,10,2024,2,54,10.0,2500000.0,60358
8044496,1,1,1,10,2024,1,31,9.0,1800000.0,14693
8047351,1,1,1,10,2024,2,45,10.0,2000000.0,21489
8077194,1,1,1,10,2024,2,41,3.0,100000.0,45692
8048907,1,1,1,10,2024,2,58,4.0,1200000.0,24563
8041519,1,1,1,10,2024,1,44,10.0,2200000.0,7753
8039318,1,1,1,10,2024,1,61,3.0,1300000.0,2869
8053829,1,1,1,10,2024,1,68,4.0,600000.0,35969
8086761,1,1,1,10,2024,2,47,10.0,3700000.0,64442
8038469,1,2,1,10,2024,2,29,11.0,2800000.0,708
8078603,1,1,1,10,2024,1,68,5.0,300000.0,48770
8077288,1,2,1,10,2024,2,21,5.0,1200000.0,45928
8041666,1,2,1,10,2024,2,48,10.0,3500000.0,8105
8052399,1,1,1,10,2024,2,61,3.0,300000.0,32699
8075924,1,1,1,10,2024,2,28,5.0,120000.0,42454
8047656,1,1,1,10,2024,1,71,4.0,800000.0,22074
8050762,1,2,1,10,2024,2,59,5.0,1300000.0,28766
8080397,1,1,1,10,2024,2,29,11.0,7000000.0,53063
8084022,1,1,1,10,2024,1,31,3.0,1350000.0,60257
8082951,1,1,1,10,2024,1,41,3.0,1600000.0,57968
8047181,1,1,1,10,2024,2,52,5.0,400000.0,21124
8076398,1,2,1,10,2024,1,40,5.0,600000.0,43771
8046368,1,2,1,10,2024,2,27,8.0,1300000.0,19393
8075693,1,3,1,10,2024,1,27,1.0,800000.0,41836
8052372,1,4,1,10,2024,1,38,8.0,860000.0,32605
8050274,1,1,1,10,2024,1,48,12.0,4900000.0,27520
8045365,1,1,1,10,2024,1,23,9.0,1300000.0,17053
8055778,1,6,1,10,2024,2,21,9.0,520000.0,39951
8048122,1,2,1,10,2024,2,44,5.0,1300000.0,23101
8078866,1,3,1,10,2024,2,25,10.0,1300000.0,49317
8084027,1,2,1,10,2024,1,38,10.0,7000000.0,60276
8083686,1,3,1,10,2024,2,32,10.0,1300000.0,59551
8054204,1,1,1,10,2024,2,56,3.0,900000.0,36735
8052769,1,1,1,10,2024,2,22,10.0,1400000.0,33550
8078740,1,1,1,10,2024,1,46,5.0,1500000.0,49053
8076228,1,2,1,10,2024,1,72,1.0,400000.0,43338
8040225,1,2,1,10,2024,2,33,8.0,192000.0,4722
8081928,1,3,1,10,2024,2,29,10.0,600000.0,55867
8051765,1,1,1,10,2024,1,61,10.0,800000.0,30995
8041577,1,2,1,10,2024,1,27,5.0,1800000.0,7894
8039195,1,1,1,10,2024,2,54,11.0,5400000.0,2548
8048208,1,1,1,10,2024,1,35,5.0,920000.0,23272
8079925,1,2,1,10,2024,2,45,9.0,1300000.0,51933
8044912,1,1,1,10,2024,1,52,5.0,1300000.0,15826
8054760,1,1,1,10,2024,1,51,3.0,1000000.0,37995
8047480,1,1,1,10,2024,2,32,3.0,350000.0,21687
8045956,1,1,1,10,2024,1,63,3.0,750000.0,18335
8080392,1,1,1,10,2024,2,40,5.0,800000.0,53049
8054040,1,1,1,10,2024,1,45,3.0,1400000.0,36363
8040812,1,1,1,10,2024,1,42,8.0,500000.0,6083
8048840,1,3,1,10,2024,1,22,8.0,1300000.0,24409
8046113,1,2,1,10,2024,1,49,3.0,600000.0,18743
8038690,1,2,1,10,2024,1,32,5.0,1300000.0,1238
8049290,1,3,1,10,2024,2,24,8.0,1000000.0,25288
8055178,1,1,1,10,2024,1,66,11.0,4700000.0,38880
8082889,1,3,1,10,2024,1,43,5.0,2000000.0,57840
8052427,1,1,1,10,2024,1,61,3.0,1600000.0,32771
8048684,1,10,1,10,2024,2,23,8.0,1900000.0,24123
8052291,1,2,1,10,2024,2,49,3.0,190000.0,32361
8045985,1,2,1,10,2024,2,32,10.0,2500000.0,18422
8041642,1,1,1,10,2024,1,63,10.0,5500000.0,8044
8084436,1,2,1,10,2024,1,49,1.0,900000.0,61206
8043591,1,2,1,10,2024,1,45,3.0,700000.0,12389
8083152,1,2,1,10,2024,1,32,4.0,600000.0,58454
8084517,1,1,1,10,2024,2,34,6.0,2500000.0,61340
8053201,1,2,1,10,2024,2,30,9.0,1300000.0,34593
8049217,1,5,1,10,2024,2,37,8.0,1300000.0,25123
8084101,1,2,1,10,2024,1,23,9.0,1520000.0,60502
8044315,1,3,1,10,2024,1,63,3.0,1300000.0,14212
8055416,1,1,1,10,2024,2,66,3.0,1300000.0,39351
8079243,1,1,1,10,2024,2,50,5.0,2000000.0,50257
8039546,1,2,1,10,2024,2,23,8.0,2000000.0,3273
8049311,1,1,1,10,2024,2,53,3.0,700000.0,25322
8055667,1,2,1,10,2024,2,21,10.0,1500000.0,39759
8051937,1,1,1,10,2024,1,54,3.0,750000.0,31446
8041903,1,1,1,10,2024,1,45,10.0,5106000.0,8560
8081249,1,2,1,10,2024,2,40,3.0,500000.0,54693
8051064,1,1,1,10,2024,1,26,5.0,1100000.0,29590
8055384,1,1,1,10,2024,1,30,5.0,1800000.0,39298
8038839,1,1,1,10,2024,2,41,11.0,5200000.0,1613
8045459,1,2,1,10,2024,1,28,4.0,750000.0,17331
8051435,1,1,1,10,2024,2,59,10.0,4500000.0,30194
8076612,1,1,1,10,2024,1,60,3.0,1700000.0,44279
8054681,1,1,1,10,2024,1,45,1.0,120000.0,37792
8076368,1,1,1,10,2024,1,45,3.0,200000.0,43680
8078536,1,1,1,10,2024,1,56,3.0,1000000.0,48622
8038207,1,1,1,10,2024,1,47,3.0,1000000.0,55
8047791,1,4,1,10,2024,1,31,5.0,300000.0,22400
8080683,1,1,1,10,2024,2,34,8.0,1500000.0,53578
8043787,1,1,1,10,2024,1,57,3.0,900000.0,12907
8039398,1,1,1,10,2024,1,42,9.0,3500000.0,2975
8053037,1,1,1,10,2024,1,50,9.0,2500000.0,34280
8050135,1,1,1,10,2024,2,47,3.0,1300000.0,27176
8044819,1,2,1,10,2024,2,30,4.0,400000.0,15567
8039573,1,2,1,10,2024,2,47,3.0,400000.0,3314
8044999,1,1,1,10,2024,1,49,1.0,500000.0,16061
8051958,1,2,1,10,2024,1,47,5.0,4000000.0,31510
8056021,1,1,1,10,2024,2,54,3.0,700000.0,40440
8077894,1,1,1,10,2024,2,65,1.0,1080000.0,47160
8076006,1,2,1,10,2024,2,50,4.0,450000.0,42717
8054523,1,1,1,10,2024,1,60,8.0,1200000.0,37459
8080323,1,1,1,10,2024,2,44,8.0,1300000.0,52854
8041531,1,3,1,10,2024,2,21,5.0,1600000.0,7788
8054912,1,3,1,10,2024,2,31,10.0,1900000.0,38347
8082873,1,3,1,10,2024,2,23,5.0,200000.0,57801
8046085,1,1,1,10,2024,2,42,9.0,400000.0,18684
8042954,1,3,1,10,2024,1,15,4.0,400000.0,10818
8038637,1,1,1,10,2024,2,54,10.0,2600000.0,1063
8078795,1,1,1,10,2024,2,72,4.0,1200000.0,49177
8051475,1,1,1,10,2024,1,58,3.0,1300000.0,30285
8044462,1,1,1,10,2024,2,28,11.0,4800000.0,14608
8046864,1,2,1,10,2024,2,36,9.0,1300000.0,20598
8043608,1,2,1,10,2024,1,29,8.0,400000.0,12428
8043041,1,4,1,10,2024,2,54,10.0,800000.0,11002
8054878,1,1,1,10,2024,1,59,3.0,1500000.0,38268
8081887,1,1,1,10,2024,2,44,11.0,5000000.0,55786
8054774,1,2,1,10,2024,1,46,5.0,1200000.0,38038
8039439,1,1,1,10,2024,1,42,8.0,1300000.0,3047
8044277,1,2,1,10,2024,1,36,5.0,800000.0,14085
8046405,1,3,1,10,2024,2,34,10.0,3850000.0,19467
8049752,1,1,1,10,2024,1,52,3.0,1300000.0,26269
8084009,1,2,1,10,2024,2,42,5.0,500000.0,60218
8083997,1,1,1,10,2024,2,38,5.0,670000.0,60188
8047974,1,1,1,10,2024,1,46,8.0,2500000.0,22774
8049095,1,2,1,10,2024,2,30,3.0,1450000.0,24910
8039138,1,2,1,10,2024,2,27,10.0,2600000.0,2417
8083261,1,3,1,10,2024,1,26,5.0,2000000.0,58693
8043909,1,1,1,10,2024,2,38,10.0,800000.0,13193
8078596,1,2,1,10,2024,1,52,4.0,1200000.0,48752
8044653,1,2,1,10,2024,1,74,5.0,1400000.0,15149
8040751,1,3,1,10,2024,2,34,10.0,2500000.0,5939
8055893,1,1,1,10,2024,2,41,5.0,500000.0,40219
8050189,1,2,1,10,2024,2,42,5.0,1300000.0,27304
8052526,1,1,1,10,2024,1,28,4.0,1000000.0,33007
8041906,1,1,1,10,2024,1,42,9.0,1920313.0,8569
8084625,1,3,1,10,2024,1,51,4.0,1300000.0,61535
8052134,1,1,1,10,2024,1,49,4.0,1000000.0,31943
8054393,1,4,1,10,2024,2,64,5.0,220000.0,37164
8049882,1,2,1,10,2024,2,26,5.0,1200000.0,26599
8076456,1,1,1,10,2024,2,30,5.0,800000.0,43895
8080304,1,1,1,10,2024,2,52,10.0,3000000.0,52810
8080018,1,1,1,10,2024,1,43,5.0,1700000.0,52069
8046898,1,2,1,10,2024,2,29,11.0,4000000.0,20692
8045070,1,2,1,10,2024,1,20,5.0,1300000.0,16253
8078949,1,1,1,10,2024,1,63,3.0,800000.0,49516
8049413,1,2,1,10,2024,2,30,11.0,5000000.0,25516
8079019,1,1,1,10,2024,1,52,3.0,2700000.0,49664
8053736,1,1,1,10,2024,1,65,3.0,700000.0,35842
8038997,1,3,1,10,2024,2,31,12.0,5000000.0,2000
8041497,1,1,1,10,2024,1,33,5.0,1300000.0,7706
8079524,1,1,1,10,2024,1,60,3.0,1500000.0,50917
8054937,1,1,1,10,2024,2,65,3.0,700000.0,38400
8044862,1,1,1,10,2024,1,36,5.0,1000000.0,15687
8079148,1,1,1,10,2024,2,39,5.0,500000.0,49956
8052425,1,1,1,10,2024,1,24,5.0,3000000.0,32769
8041013,1,1,1,10,2024,2,33,5.0,1500000.0,6575
8079484,1,1,1,10,2024,2,56,8.0,4200000.0,50850
8055613,1,1,1,10,2024,2,55,10.0,2600000.0,39634
8079266,1,1,1,10,2024,1,36,4.0,300000.0,50328
8044107,1,1,1,10,2024,2,28,8.0,1350000.0,13663
8040409,1,3,1,10,2024,2,21,10.0,1300000.0,5142
8041027,1,1,1,10,2024,1,55,9.0,1200000.0,6623
8078181,1,1,1,10,2024,2,31,6.0,960000.0,47814
8049492,1,2,1,10,2024,1,62,1.0,980000.0,25597
8078615,1,1,1,10,2024,1,59,10.0,3000000.0,48804
8040381,1,3,1,10,2024,1,31,10.0,2500000.0,5084
8041940,1,1,1,10,2024,1,34,3.0,1800000.0,8666
8050197,1,1,1,10,2024,2,47,3.0,160000.0,27325
8052119,1,1,1,10,2024,1,63,3.0,750000.0,31892
8044956,1,2,1,10,2024,2,31,5.0,1500000.0,15930
8052658,1,2,1,10,2024,1,45,3.0,800000.0,33334
8052785,1,1,1,10,2024,1,60,3.0,2200000.0,33587
8055794,1,1,1,10,2024,1,32,9.0,6300000.0,39992
8078654,1,1,1,10,2024,2,48,5.0,0.0,48876
8044784,1,2,1,10,2024,2,36,5.0,600000.0,15455
8083097,1,1,1,10,2024,1,51,10.0,2600000.0,58331
8046264,1,1,1,10,2024,1,64,7.0,500000.0,19084
8043818,1,1,1,10,2024,2,28,10.0,1800000.0,12984
8051807,1,1,1,10,2024,2,30,10.0,1800000.0,31102
8082830,1,1,1,10,2024,2,55,3.0,1500000.0,57688
8052236,1,1,1,10,2024,1,36,5.0,1300000.0,32195
8056095,1,1,1,10,2024,1,25,6.0,1600000.0,40586
8053000,1,2,1,10,2024,2,39,5.0,1300000.0,34177
8086583,1,1,1,10,2024,2,53,5.0,600000.0,64051
8039723,1,1,1,10,2024,1,51,3.0,700000.0,3596
8081396,1,2,1,10,2024,2,33,10.0,4000000.0,55045
8043224,1,2,1,10,2024,2,25,10.0,480000.0,11432
8079165,1,1,1,10,2024,2,51,3.0,200000.0,50010
8082688,1,1,1,10,2024,2,30,8.0,1350000.0,57332
8040866,2,1,2,10,2024,2,41,8.0,1200000.0,6242
8047186,1,2,1,10,2024,2,34,10.0,1000000.0,21136
8053735,1,2,1,10,2024,2,62,1.0,150000.0,35838
8083158,1,1,1,10,2024,1,37,9.0,3443915.0,58464
8045170,1,2,1,10,2024,1,27,4.0,1050000.0,16527
8081514,1,2,1,10,2024,2,56,8.0,3300000.0,55336
8086763,1,1,1,10,2024,2,41,8.0,1500000.0,64447
8076981,1,2,1,10,2024,1,62,3.0,1200000.0,45094
8051920,1,1,1,10,2024,2,60,10.0,2500000.0,31411
8052060,1,1,1,10,2024,2,63,3.0,500000.0,31729
8084487,1,1,1,10,2024,1,68,3.0,700000.0,61282
8078355,1,1,1,10,2024,1,77,3.0,400000.0,48263
8075780,1,1,1,10,2024,2,56,3.0,600000.0,42053
8048128,1,1,1,10,2024,1,49,5.0,1300000.0,23122
8055225,1,1,1,10,2024,2,36,4.0,600000.0,39015
8055505,1,2,1,10,2024,2,35,11.0,4400000.0,39466
8052571,1,1,1,10,2024,2,38,5.0,800000.0,33125
8040214,1,2,1,10,2024,2,36,5.0,150000.0,4687
8043924,1,1,1,10,2024,1,34,10.0,4000000.0,13232
8038894,1,3,1,10,2024,2,25,12.0,3000000.0,1749
8081676,1,2,1,10,2024,1,50,10.0,2000000.0,55589
8051278,1,2,1,10,2024,2,34,5.0,1300000.0,29747
8079203,1,1,1,10,2024,2,27,10.0,2700000.0,50112
8051970,1,1,1,10,2024,2,47,8.0,1350000.0,31534
8050809,1,4,1,10,2024,2,68,3.0,700000.0,28895
8041512,1,1,1,10,2024,1,59,3.0,1500000.0,7737
8054080,1,4,1,10,2024,2,26,3.0,800000.0,36454
8080358,1,1,1,10,2024,1,25,3.0,1000000.0,52948
8077002,1,1,1,10,2024,2,24,3.0,600000.0,45134
8044266,1,2,1,10,2024,1,35,3.0,800000.0,14046
8038206,1,1,1,10,2024,2,54,1.0,100000.0,52
8040213,1,1,1,10,2024,2,52,10.0,3500000.0,4683
8051548,1,1,1,10,2024,1,61,9.0,3000000.0,30457
8075723,1,1,1,10,2024,1,60,10.0,2800000.0,41906
8079202,1,1,1,10,2024,1,31,10.0,900000.0,50109
8047776,1,1,1,10,2024,2,29,3.0,150000.0,22350
8050479,1,3,1,10,2024,2,24,9.0,1300000.0,28047
8044506,1,1,1,10,2024,2,68,3.0,300000.0,14726
8052924,1,1,1,10,2024,1,61,1.0,400000.0,33925
8042954,1,2,1,10,2024,1,17,4.0,300000.0,10817
8052322,1,5,1,10,2024,1,22,5.0,392000.0,32463
8076563,1,3,1,10,2024,1,40,3.0,2500000.0,44159
8045948,1,2,1,10,2024,2,42,5.0,650000.0,18312
8040212,1,4,1,10,2024,2,31,5.0,1600000.0,4682
8055172,1,2,1,10,2024,2,37,5.0,300000.0,38875
8042537,1,1,1,10,2024,2,31,4.0,700000.0,10019
8081451,1,1,1,10,2024,1,43,10.0,2000000.0,55182
8052582,1,2,1,10,2024,1,20,5.0,1300000.0,33166
8080961,1,2,1,10,2024,2,39,5.0,2000000.0,54122
8047628,1,4,1,10,2024,1,30,6.0,1400000.0,22018
8075881,1,3,1,10,2024,2,21,5.0,650000.0,42327
8081145,1,1,1,10,2024,1,41,3.0,1100000.0,54477
8040501,1,1,1,10,2024,2,27,10.0,3000000.0,5379
8083626,1,1,1,10,2024,1,60,3.0,400000.0,59448
8048049,1,1,1,10,2024,2,40,5.0,1642000.0,22912
8039160,1,1,1,10,2024,1,43,5.0,1300000.0,2473
8082497,1,1,1,10,2024,2,22,4.0,300000.0,56846
8077461,1,1,1,10,2024,2,36,8.0,1800000.0,46296
8051402,1,2,1,10,2024,2,34,8.0,800000.0,30101
8055678,1,1,1,10,2024,2,35,5.0,1300000.0,39786
8051380,1,6,1,10,2024,1,37,10.0,1600000.0,30043
8054373,1,1,1,10,2024,2,28,8.0,1000000.0,37109
8042490,1,1,1,10,2024,2,26,6.0,1300000.0,9925
8041541,1,1,1,10,2024,2,42,5.0,1300000.0,7811
8047831,1,1,1,10,2024,1,28,11.0,2300000.0,22487
8086575,1,3,1,10,2024,2,43,5.0,1000000.0,64023
8084626,1,1,1,10,2024,1,52,8.0,1450000.0,61536
8050050,1,1,1,10,2024,1,54,4.0,2000000.0,26999
8038978,1,4,1,10,2024,2,22,5.0,1300000.0,1958
8050335,1,2,1,10,2024,2,43,5.0,100000.0,27657
8048521,1,1,1,10,2024,2,41,3.0,900000.0,23844
8053254,1,5,1,10,2024,2,66,3.0,2600000.0,34720
8041544,1,1,1,10,2024,2,45,4.0,300000.0,7818
8041939,1,2,1,10,2024,2,23,4.0,900000.0,8663
8055908,1,1,1,10,2024,1,34,12.0,12000000.0,40242
8083407,1,1,1,10,2024,2,72,3.0,100000.0,59004
8086733,1,2,1,10,2024,1,31,4.0,1000000.0,64402
8049821,1,1,1,10,2024,2,35,8.0,800000.0,26446
8051995,1,1,1,10,2024,1,48,5.0,1300000.0,31581
8084238,1,1,1,10,2024,2,40,10.0,4500000.0,60774
8039939,1,1,1,10,2024,1,37,5.0,2500000.0,4048
8038467,1,2,1,10,2024,2,54,5.0,1462000.0,702
8046082,1,2,1,10,2024,2,54,8.0,2000000.0,18676
8040935,1,3,1,10,2024,2,18,6.0,100000.0,6390
8044680,1,1,1,10,2024,2,64,5.0,1300000.0,15216
8043798,1,2,1,10,2024,2,29,10.0,800000.0,12941
8040228,1,2,1,10,2024,2,70,3.0,500000.0,4735
8039545,1,1,1,10,2024,2,26,10.0,2300000.0,3269
8054111,1,1,1,10,2024,2,58,3.0,450000.0,36512
8075836,1,1,1,10,2024,1,74,3.0,600000.0,42206
8076866,1,1,1,10,2024,1,25,5.0,800000.0,44858
8078063,1,3,1,10,2024,2,21,5.0,480000.0,47561
8049167,1,1,1,10,2024,1,44,10.0,2000000.0,25038
8052019,1,1,1,10,2024,1,40,5.0,900000.0,31637
8086738,1,1,1,10,2024,2,56,5.0,1100000.0,64408
8051942,1,1,1,10,2024,2,28,10.0,1316000.0,31460
8051325,1,1,1,10,2024,1,39,3.0,0.0,29891
8055506,1,3,1,10,2024,1,35,5.0,1300000.0,39469
8042859,1,1,1,10,2024,2,21,8.0,1600000.0,10717
8049607,1,2,1,10,2024,1,58,3.0,420000.0,25877
8082754,1,1,1,10,2024,2,41,10.0,2000000.0,57496
8046920,1,2,1,10,2024,2,42,10.0,11000000.0,20741
8050106,1,1,1,10,2024,1,62,5.0,1000000.0,27118
8038540,1,1,1,10,2024,1,31,5.0,2400000.0,871
8084024,1,1,1,10,2024,1,29,5.0,1300000.0,60259
8038296,1,1,1,10,2024,1,59,5.0,1300000.0,296
8039444,1,2,1,10,2024,1,33,10.0,2400000.0,3057
8053041,1,1,1,10,2024,1,35,10.0,4000000.0,34298
8045320,1,1,1,10,2024,1,46,9.0,1900000.0,16935
8080574,1,3,1,10,2024,1,18,9.0,500000.0,53346
8080752,1,3,1,10,2024,2,30,8.0,2000000.0,53689
8075640,1,1,1,10,2024,1,31,5.0,1600000.0,41691
8054008,1,1,1,10,2024,2,43,8.0,1300000.0,36319
8079758,1,1,1,10,2024,2,58,4.0,200000.0,51467
8047825,1,2,1,10,2024,2,50,5.0,1000000.0,22464
8076958,1,2,1,10,2024,1,36,5.0,800000.0,45047
8083137,1,2,1,10,2024,2,22,5.0,700000.0,58419
8049660,1,1,1,10,2024,1,36,3.0,1000000.0,26010
8039618,1,2,1,10,2024,2,26,8.0,1462000.0,3378
8051248,1,1,1,10,2024,1,40,5.0,1800000.0,29675
8078225,1,1,1,10,2024,2,73,1.0,200000.0,47930
8053030,1,3,1,10,2024,2,41,5.0,600000.0,34268
8045215,1,2,1,10,2024,2,32,10.0,1300000.0,16663
8052215,1,1,1,10,2024,2,40,4.0,240000.0,32121
8054169,1,3,1,10,2024,2,27,10.0,1300000.0,36641
8046395,1,1,1,10,2024,1,73,4.0,1500000.0,19450
8081506,1,1,1,10,2024,2,42,5.0,1000000.0,55311
8055428,1,2,1,10,2024,2,51,8.0,3000000.0,39371
8046736,1,1,1,10,2024,2,47,5.0,500000.0,20321
8039942,1,1,1,10,2024,2,69,8.0,350000.0,4053
8040025,1,1,1,10,2024,1,37,5.0,1300000.0,4195
8045066,1,3,1,10,2024,1,33,3.0,500000.0,16242
8052827,1,1,1,10,2024,1,30,4.0,1700000.0,33695
8050386,1,1,1,10,2024,1,37,8.0,1300000.0,27822
8054319,1,1,1,10,2024,2,39,10.0,8000000.0,36994
8086519,1,6,1,10,2024,2,28,5.0,1300000.0,63869
8049271,1,2,1,10,2024,2,35,8.0,2100000.0,25243
8040512,1,1,1,10,2024,2,59,5.0,1300000.0,5406
8041686,1,1,1,10,2024,1,33,5.0,1500000.0,8135
8080229,1,2,1,10,2024,1,42,5.0,1500000.0,52628
8086631,1,1,1,10,2024,1,37,9.0,2637785.0,64173
8051502,1,2,1,10,2024,1,31,5.0,900000.0,30359
8084501,1,1,1,10,2024,1,49,3.0,1600000.0,61314
8052728,1,1,1,10,2024,1,32,3.0,1300000.0,33449
8039732,1,1,1,10,2024,1,32,12.0,6000000.0,3626
8052296,1,1,1,10,2024,2,50,3.0,300000.0,32374
8045935,1,1,1,10,2024,2,38,4.0,200000.0,18274
8051001,1,2,1,10,2024,1,70,1.0,700000.0,29440
8040879,1,2,1,10,2024,2,33,11.0,3500000.0,6269
8040918,1,2,1,10,2024,1,25,5.0,1462000.0,6356
8084410,1,1,1,10,2024,1,44,5.0,1300000.0,61155
8079125,1,2,1,10,2024,2,36,3.0,900000.0,49911
8080300,1,3,1,10,2024,2,22,10.0,1000000.0,52800
8051554,1,1,1,10,2024,1,61,9.0,3000000.0,30469
8076186,1,1,1,10,2024,2,58,4.0,600000.0,43270
8049794,1,3,1,10,2024,2,27,5.0,650000.0,26386
8077036,1,1,1,10,2024,1,40,4.0,1300000.0,45226
8079908,1,2,1,10,2024,2,62,3.0,1300000.0,51908
8047342,1,3,1,10,2024,2,39,8.0,800000.0,21467
8040059,1,1,1,10,2024,2,37,6.0,1300000.0,4291
8051613,1,2,1,10,2024,2,67,3.0,900000.0,30604
8084993,1,2,1,10,2024,2,46,3.0,600000.0,62386
8076773,1,2,1,10,2024,2,22,5.0,1300000.0,44662
8043584,1,2,1,10,2024,1,38,8.0,4000000.0,12372
8052361,1,3,1,10,2024,1,43,8.0,2200000.0,32566
8082030,1,2,1,10,2024,1,49,5.0,500000.0,55999
8080971,1,2,1,10,2024,2,40,11.0,3000000.0,54137
8044426,1,1,1,10,2024,1,55,3.0,160000.0,14516
8051617,1,1,1,10,2024,1,35,8.0,1700000.0,30611
8079377,1,2,1,10,2024,1,26,5.0,1000000.0,50601
8052857,1,1,1,10,2024,2,34,5.0,1300000.0,33772
8056191,1,1,1,10,2024,2,25,9.0,1300000.0,40769
8054428,1,2,1,10,2024,2,32,4.0,1300000.0,37245
8041238,1,1,1,10,2024,2,43,11.0,4500000.0,7145
8051359,1,1,1,10,2024,1,35,10.0,2000000.0,29990
8076107,1,2,1,10,2024,2,36,3.0,120000.0,43012
8084491,1,1,1,10,2024,1,38,6.0,1300000.0,61295
8044435,1,2,1,10,2024,2,34,10.0,3000000.0,14542
8051490,1,1,1,10,2024,1,48,5.0,1500000.0,30327
8077913,1,1,1,10,2024,1,51,3.0,1000000.0,47195
8042390,1,3,1,10,2024,2,26,5.0,1300000.0,9703
8083519,1,1,1,10,2024,2,44,5.0,1300000.0,59217
8038601,1,4,1,10,2024,2,33,5.0,2000000.0,966
8044165,1,2,1,10,2024,2,36,8.0,4500000.0,13802
8054239,1,2,1,10,2024,2,51,8.0,960000.0,36803
8082291,1,2,1,10,2024,1,26,8.0,1400000.0,56402
8052439,1,2,1,10,2024,2,26,5.0,250000.0,32796
8042093,1,2,1,10,2024,1,55,5.0,200000.0,9010
8043631,1,1,1,10,2024,2,36,8.0,2000000.0,12484
8053011,1,1,1,10,2024,1,46,3.0,500000.0,34205
8081540,1,2,1,10,2024,1,39,9.0,2600000.0,55384
8055849,1,4,1,10,2024,2,27,10.0,1300000.0,40104
8082364,1,1,1,10,2024,2,36,5.0,1300000.0,56559
8055365,1,2,1,10,2024,2,51,5.0,400000.0,39254
8046452,1,1,1,10,2024,2,64,8.0,2000000.0,19572
8042806,1,1,1,10,2024,2,30,5.0,1300000.0,10599
8050955,1,1,1,10,2024,2,47,3.0,1800000.0,29303
8045801,1,2,1,10,2024,2,51,10.0,3800000.0,18209
8048653,1,2,1,10,2024,1,44,5.0,1300000.0,24053
8049279,1,2,1,10,2024,2,36,10.0,1800000.0,25267
8045337,1,3,1,10,2024,2,26,10.0,1900000.0,16978
8085975,1,1,1,10,2024,2,36,6.0,1660000.0,63115
8076261,1,1,1,10,2024,2,57,1.0,200000.0,43443
8086660,1,2,1,10,2024,1,25,8.0,2500000.0,64266
8042068,1,4,1,10,2024,2,52,5.0,860000.0,8945
8077404,1,5,1,10,2024,1,46,8.0,1300000.0,46183
8038194,1,3,1,10,2024,1,36,3.0,1000000.0,30
8080798,1,1,1,10,2024,2,37,5.0,1300000.0,53774
8043211,1,1,1,10,2024,1,28,9.0,2500000.0,11398
8080253,1,1,1,10,2024,2,53,5.0,480000.0,52698
8082181,1,1,1,10,2024,2,52,11.0,5000000.0,56249
8048778,1,2,1,10,2024,1,56,8.0,1000000.0,24272
8039935,1,1,1,10,2024,2,24,3.0,200000.0,4035
8085010,1,1,1,10,2024,2,36,5.0,300000.0,62425
8038631,1,2,1,10,2024,2,39,9.0,1600000.0,1053
8086496,1,1,1,10,2024,1,45,1.0,1200000.0,63813
8052995,1,2,1,10,2024,2,51,5.0,743000.0,34164
8041936,1,1,1,10,2024,2,29,10.0,4000000.0,8657
8080997,1,3,1,10,2024,2,21,5.0,480000.0,54178
8055144,1,1,1,10,2024,1,52,8.0,1800000.0,38794
8086278,1,1,1,10,2024,1,67,10.0,4500000.0,63386
8038355,1,3,1,10,2024,2,40,8.0,1300000.0,451
8050391,1,1,1,10,2024,1,39,8.0,1300000.0,27831
8082898,1,2,1,10,2024,1,21,10.0,1300000.0,57869
8048063,1,1,1,10,2024,1,45,9.0,2500000.0,22957
8044285,1,1,1,10,2024,1,45,3.0,1200000.0,14122
8048954,1,1,1,10,2024,2,29,6.0,1300000.0,24661
8054413,1,2,1,10,2024,1,25,5.0,1300000.0,37210
8044617,1,2,1,10,2024,2,48,5.0,900000.0,15046
8084426,1,1,1,10,2024,1,45,5.0,1500000.0,61184
8082748,1,1,1,10,2024,1,60,4.0,2000000.0,57486
8084411,1,2,1,10,2024,2,25,10.0,1600000.0,61158
8084563,1,2,1,10,2024,2,53,5.0,900000.0,61449
8080818,1,1,1,10,2024,2,35,5.0,1500000.0,53813
8084081,1,1,1,10,2024,2,42,12.0,4000000.0,60458
8080930,1,3,1,10,2024,2,24,5.0,300000.0,54048
8078297,1,2,1,10,2024,2,32,5.0,1200000.0,48104
8077141,1,2,1,10,2024,2,38,5.0,600000.0,45545
8080203,1,1,1,10,2024,2,45,3.0,200000.0,52551
8077001,1,2,1,10,2024,1,57,3.0,600000.0,45133
8040799,1,1,1,10,2024,2,25,5.0,1300000.0,6060
8042076,1,1,1,10,2024,2,59,3.0,450000.0,8972
8043816,1,2,1,10,2024,2,41,10.0,50000000.0,12978
8051423,1,1,1,10,2024,1,73,3.0,240000.0,30164
8045725,1,2,1,10,2024,1,34,10.0,4000000.0,18026
8038388,1,3,1,10,2024,2,39,4.0,1850000.0,543
8077336,1,2,1,10,2024,1,53,3.0,1300000.0,46018
8084054,1,1,1,10,2024,2,45,10.0,1822700.0,60376
8043942,1,1,1,10,2024,2,59,4.0,200000.0,13271
8053093,1,1,1,10,2024,2,64,5.0,1300000.0,34376
8042132,1,2,1,10,2024,2,48,8.0,2500000.0,9134
8039847,1,2,1,10,2024,2,27,10.0,1300000.0,3828
8038681,1,4,1,10,2024,2,27,5.0,1600000.0,1194
8080050,1,2,1,10,2024,2,20,4.0,1300000.0,52139
8041171,1,1,1,10,2024,1,42,5.0,1000000.0,6968
8045248,1,2,1,10,2024,2,27,5.0,1300000.0,16760
8078613,1,2,1,10,2024,1,49,5.0,200000.0,48802
8054433,1,2,1,10,2024,1,24,5.0,720000.0,37273
8079892,1,1,1,10,2024,1,58,5.0,1300000.0,51868
8054702,1,5,1,10,2024,1,29,5.0,1300000.0,37833
8081810,1,1,1,10,2024,2,37,4.0,500000.0,55775
8075777,1,1,1,10,2024,2,37,7.0,1643000.0,42046
8083048,1,4,1,10,2024,2,24,10.0,2600000.0,58205
8077247,1,1,1,10,2024,1,65,3.0,1300000.0,45829
8076396,1,2,1,10,2024,2,56,5.0,1200000.0,43764
8053418,1,2,1,10,2024,2,50,5.0,1900000.0,35147
8050642,1,1,1,10,2024,1,71,8.0,1500000.0,28499
8077592,1,1,1,10,2024,1,43,6.0,650000.0,46556
8055668,1,1,1,10,2024,1,40,10.0,1700000.0,39760
8038281,1,1,1,10,2024,2,37,3.0,610000.0,254
8045930,1,1,1,10,2024,2,39,3.0,420000.0,18256
8079298,1,1,1,10,2024,2,56,3.0,350000.0,50423
8056312,1,1,1,10,2024,2,35,5.0,1300000.0,41044
8077632,1,1,1,10,2024,1,66,5.0,2000000.0,46629
8053222,1,4,1,10,2024,1,23,9.0,0.0,34639
8077537,1,1,1,10,2024,2,50,4.0,1700000.0,46424
8077230,1,3,1,10,2024,1,15,3.0,320000.0,45779
8041185,1,1,1,10,2024,1,24,5.0,2100000.0,7020
8045551,1,1,1,10,2024,2,63,3.0,300000.0,17580
8052356,1,1,1,10,2024,1,49,3.0,1000000.0,32561
8084910,1,1,1,10,2024,2,35,5.0,1800000.0,62187
8079152,1,1,1,10,2024,2,55,5.0,2100000.0,49970
8080030,1,2,1,10,2024,2,49,10.0,1500000.0,52100
8050595,1,2,1,10,2024,1,31,10.0,1500000.0,28394
8046888,1,1,1,10,2024,1,57,3.0,1000000.0,20661
8038469,1,1,1,10,2024,1,34,9.0,2500000.0,707
8076187,1,7,1,10,2024,1,42,5.0,400000.0,43278
8049586,1,1,1,10,2024,2,59,8.0,160000.0,25818
8086513,1,3,1,10,2024,2,36,5.0,1300000.0,63852
8077619,1,2,1,10,2024,1,49,3.0,3000000.0,46604
8045112,1,1,1,10,2024,1,25,5.0,1300000.0,16363
8054827,1,1,1,10,2024,1,66,11.0,4000000.0,38153
8040233,1,2,1,10,2024,2,52,3.0,150000.0,4744
8049548,1,2,1,10,2024,1,36,5.0,600000.0,25730
8045288,1,1,1,10,2024,1,22,9.0,600000.0,16850
8051000,1,1,1,10,2024,2,61,3.0,800000.0,29438
8047794,1,1,1,10,2024,2,27,5.0,450000.0,22406
8054746,1,2,1,10,2024,2,58,10.0,2850000.0,37960
8051520,1,2,1,10,2024,1,56,3.0,900000.0,30399
8049589,1,1,1,10,2024,1,38,5.0,700000.0,25827
8082885,1,2,1,10,2024,2,61,8.0,4000000.0,57829
8042003,1,1,1,10,2024,2,39,5.0,200000.0,8844
8081386,1,1,1,10,2024,2,32,5.0,450000.0,55019
8079153,1,1,1,10,2024,2,58,5.0,120000.0,49973
8050916,1,2,1,10,2024,1,30,10.0,2000000.0,29184
8047671,1,2,1,10,2024,1,33,4.0,1000000.0,22105
8050364,1,2,1,10,2024,2,42,5.0,1300000.0,27771
8044637,1,1,1,10,2024,2,48,4.0,120000.0,15100
8048837,1,2,1,10,2024,2,50,5.0,100000.0,24400
8038928,1,2,1,10,2024,2,50,8.0,1300000.0,1840
8042246,1,1,1,10,2024,1,44,10.0,3100000.0,9412
8053628,1,1,1,10,2024,1,25,10.0,1300000.0,35566
8038941,1,1,1,10,2024,1,52,8.0,1800000.0,1881
8084524,1,2,1,10,2024,1,22,5.0,120000.0,61358
8038870,1,2,1,10,2024,2,52,3.0,1500000.0,1690
8053651,1,1,1,10,2024,2,27,5.0,400000.0,35610
8046287,1,5,1,10,2024,1,36,3.0,200000.0,19166
8079557,1,1,1,10,2024,1,30,5.0,1832000.0,50982
8052160,1,1,1,10,2024,1,23,1.0,1050000.0,31989
8042957,1,2,1,10,2024,1,50,3.0,1000000.0,10825
8080411,1,2,1,10,2024,1,32,5.0,1000000.0,53093
8052215,1,2,1,10,2024,1,45,5.0,700000.0,32122
8042625,1,2,1,10,2024,1,36,5.0,700000.0,10195
8086089,1,1,1,10,2024,1,40,3.0,1000000.0,63254
8080250,1,2,1,10,2024,1,64,3.0,700000.0,52687
8038930,1,1,1,10,2024,2,50,9.0,1300000.0,1841
8079033,1,8,1,10,2024,1,20,4.0,1300000.0,49727
8039563,1,1,1,10,2024,2,46,3.0,6000000.0,3302
8046739,1,3,1,10,2024,2,26,9.0,1800000.0,20330
8040358,1,1,1,10,2024,2,39,9.0,2336000.0,5025
8080915,1,1,1,10,2024,2,42,5.0,1600000.0,54003
8078641,1,3,1,10,2024,1,45,8.0,1000000.0,48846
8076581,1,1,1,10,2024,2,60,5.0,1000000.0,44194
8052405,1,2,1,10,2024,1,48,3.0,10000000.0,32716
8046574,1,2,1,10,2024,1,25,5.0,200000.0,19930
8055184,1,1,1,10,2024,1,28,5.0,1300000.0,38898
8082849,1,1,1,10,2024,1,56,5.0,2850000.0,57735
8039631,1,1,1,10,2024,2,36,5.0,1400000.0,3410
8038500,1,1,1,10,2024,1,61,11.0,10400000.0,769
8046540,1,2,1,10,2024,1,31,4.0,800000.0,19818
8047904,1,1,1,10,2024,2,54,6.0,1300000.0,22666
8044172,1,1,1,10,2024,2,51,5.0,1400000.0,13815
8049047,1,1,1,10,2024,2,47,3.0,1330000.0,24819
8054719,1,5,1,10,2024,1,25,5.0,1400000.0,37890
8044848,1,4,1,10,2024,2,23,5.0,500000.0,15656
8043941,1,1,1,10,2024,1,33,3.0,400000.0,13266
8049283,1,1,1,10,2024,2,58,8.0,1500000.0,25276
8041492,1,1,1,10,2024,1,29,5.0,1600000.0,7699
8082495,1,1,1,10,2024,2,33,8.0,250000.0,56841
8038510,1,2,1,10,2024,2,46,5.0,1462000.0,792
8078042,1,1,1,10,2024,1,18,4.0,1880000.0,47518
8083836,1,1,1,10,2024,1,63,3.0,1300000.0,59843
8077993,1,1,1,10,2024,2,40,5.0,640000.0,47411
8040555,1,3,1,10,2024,1,30,5.0,1300000.0,5502
8080400,1,1,1,10,2024,2,31,10.0,1300000.0,53070
8055993,1,2,1,10,2024,2,35,11.0,5000000.0,40400
8039765,1,1,1,10,2024,2,27,5.0,300000.0,3686
8038711,1,1,1,10,2024,2,41,5.0,0.0,1296
8076496,1,2,1,10,2024,2,42,5.0,800000.0,44012
8048239,1,1,1,10,2024,1,46,3.0,0.0,23334
8042465,1,2,1,10,2024,2,42,5.0,1300000.0,9873
8042402,1,2,1,10,2024,2,39,11.0,5200000.0,9733
8052606,1,2,1,10,2024,1,25,4.0,1200000.0,33227
8084475,1,1,1,10,2024,1,53,3.0,300000.0,61253
8056099,1,2,1,10,2024,2,49,8.0,1600000.0,40596
8083657,1,2,1,10,2024,2,25,5.0,1300000.0,59495
8040860,1,3,1,10,2024,2,40,8.0,1800000.0,6219
8047113,1,1,1,10,2024,1,77,10.0,300000.0,21008
8041453,1,1,1,10,2024,2,34,8.0,1300000.0,7594
8052989,1,3,1,10,2024,2,29,8.0,160000.0,34140
8077283,1,1,1,10,2024,2,48,8.0,2000000.0,45918
8085743,1,1,1,10,2024,1,27,5.0,1700000.0,62763
8038367,1,2,1,10,2024,1,62,3.0,700000.0,488
8047264,1,1,1,10,2024,2,34,3.0,1100000.0,21313
8042595,1,1,1,10,2024,2,50,3.0,180000.0,10112
8085762,1,1,1,10,2024,2,48,3.0,210000.0,62797
8050252,1,1,1,10,2024,2,38,9.0,2100000.0,27463
8053191,1,1,1,10,2024,1,41,5.0,1968000.0,34573
8052704,1,2,1,10,2024,2,20,4.0,240000.0,33399
8038436,1,3,1,10,2024,2,27,11.0,5180000.0,657
8044632,1,1,1,10,2024,1,32,5.0,1300000.0,15083
8048798,1,3,1,10,2024,1,38,12.0,15600000.0,24319
8040182,1,5,1,10,2024,1,19,5.0,1300000.0,4597
8044539,1,2,1,10,2024,2,38,11.0,9000000.0,14837
8044478,1,3,1,10,2024,2,19,4.0,150000.0,14654
8078435,1,2,1,10,2024,2,57,3.0,400000.0,48396
8040644,1,3,1,10,2024,1,27,10.0,1300000.0,5702
8045317,1,2,1,10,2024,2,34,5.0,1300000.0,16929
8044076,1,1,1,10,2024,2,44,3.0,300000.0,13602
8080375,1,2,1,10,2024,2,25,5.0,2000000.0,52991
8046300,1,2,1,10,2024,1,37,5.0,900000.0,19222
8075584,1,1,1,10,2024,2,53,11.0,5200000.0,41489
8046016,1,4,1,10,2024,1,30,5.0,2000000.0,18503
8038803,1,3,1,10,2024,1,59,5.0,2800000.0,1532
8078021,1,3,1,10,2024,1,19,5.0,500000.0,47484
8048128,1,4,1,10,2024,1,25,5.0,1300000.0,23125
8050656,1,2,1,10,2024,2,35,10.0,4400000.0,28532
8052844,1,3,1,10,2024,2,21,8.0,3200000.0,33742
8053965,1,1,1,10,2024,2,49,5.0,1800000.0,36240
8051513,1,3,1,10,2024,1,19,8.0,1300000.0,30383
8049377,1,1,1,10,2024,1,20,4.0,600000.0,25473
8081407,1,2,1,10,2024,1,22,5.0,150000.0,55088
8048839,1,2,1,10,2024,1,18,5.0,900000.0,24406
8076745,1,1,1,10,2024,2,57,11.0,4800000.0,44596
8045743,1,2,1,10,2024,1,61,3.0,1200000.0,18066
8042105,1,2,1,10,2024,2,39,8.0,1300000.0,9041
8079693,1,4,1,10,2024,2,36,8.0,1300000.0,51236
8046701,1,2,1,10,2024,2,55,4.0,260000.0,20237
8077847,1,1,1,10,2024,2,48,1.0,1000000.0,47079
8084526,1,2,1,10,2024,1,20,5.0,300000.0,61365
8042977,1,1,1,10,2024,2,56,5.0,1300000.0,10872
8041541,1,2,1,10,2024,1,21,8.0,1600000.0,7812
8038289,1,2,1,10,2024,1,24,5.0,1300000.0,279
8050468,1,3,1,10,2024,1,22,5.0,1500000.0,28011
8039027,1,1,1,10,2024,1,42,8.0,4500000.0,2063
8040204,1,1,1,10,2024,1,29,5.0,1800000.0,4652
8050545,1,8,1,10,2024,2,27,5.0,1300000.0,28270
8079906,1,1,1,10,2024,1,28,4.0,1800000.0,51902
8075731,1,4,1,10,2024,2,19,5.0,500000.0,41927
8044495,1,1,1,10,2024,2,64,3.0,500000.0,14691
8051512,1,2,1,10,2024,1,52,4.0,1200000.0,30380
8078281,1,3,1,10,2024,2,22,5.0,1200000.0,48056
8041028,1,2,1,10,2024,2,63,5.0,0.0,6626
8083264,1,1,1,10,2024,1,49,3.0,1500000.0,58698
8083493,1,2,1,10,2024,2,34,5.0,450000.0,59193
8042649,1,1,1,10,2024,2,48,5.0,2000000.0,10223
8077624,1,3,1,10,2024,1,22,5.0,820000.0,46618
8084990,1,4,1,10,2024,2,29,8.0,1000000.0,62377
8083191,1,1,1,10,2024,1,49,9.0,1000000.0,58494
8083024,1,1,1,10,2024,1,54,5.0,800000.0,58151
8076756,1,2,1,10,2024,2,56,10.0,5000000.0,44621
8084106,1,1,1,10,2024,1,59,3.0,12130000.0,60513
8050511,1,1,1,10,2024,1,47,10.0,2200000.0,28173
8076544,1,3,1,10,2024,1,37,5.0,1500000.0,44125
8083854,1,1,1,10,2024,2,24,4.0,1200000.0,59894
8039768,1,1,1,10,2024,2,37,8.0,4150000.0,3694
8050460,1,2,1,10,2024,2,33,12.0,13000000.0,27985
8081009,1,1,1,10,2024,2,34,8.0,1800000.0,54205
8038975,1,2,1,10,2024,2,33,10.0,2600000.0,1945
8043759,1,2,1,10,2024,2,42,5.0,700000.0,12827
8082160,1,1,1,10,2024,1,47,8.0,2500000.0,56214
8043896,1,2,1,10,2024,2,40,11.0,6800000.0,13165
8040964,1,1,1,10,2024,1,52,5.0,1650000.0,6451
8080341,1,1,1,10,2024,2,68,5.0,2000000.0,52903
8039459,1,1,1,10,2024,1,64,10.0,1000000.0,3089
8052240,1,2,1,10,2024,1,30,5.0,1600000.0,32210
8085059,1,1,1,10,2024,2,26,9.0,1300000.0,62547
8081695,1,2,1,10,2024,1,23,5.0,600000.0,55621
8079863,1,1,1,10,2024,1,51,5.0,0.0,51772
8055847,1,4,1,10,2024,1,37,3.0,700000.0,40096
8052844,1,1,1,10,2024,1,44,3.0,2100000.0,33740
8054226,1,1,1,10,2024,2,27,5.0,600000.0,36772
8047839,1,1,1,10,2024,2,52,6.0,1800000.0,22505
8083878,1,2,1,10,2024,1,46,5.0,1800000.0,59948
8040674,1,6,1,10,2024,2,55,10.0,4500000.0,5754
8081521,1,4,1,10,2024,2,19,5.0,1300000.0,55350
8078113,1,3,1,10,2024,1,29,4.0,400000.0,47659
8045762,1,1,1,10,2024,1,52,5.0,1800000.0,18124
8083951,1,1,1,10,2024,1,32,8.0,900000.0,60048
8044679,1,3,1,10,2024,2,24,11.0,1500000.0,15212
8082073,1,1,1,10,2024,2,54,5.0,1300000.0,56062
8040251,1,1,1,10,2024,2,35,10.0,2600000.0,4776
8046419,1,1,1,10,2024,2,22,8.0,2100000.0,19502
8046550,1,3,1,10,2024,1,31,5.0,120000.0,19853
8056401,1,1,1,10,2024,1,45,3.0,1000000.0,41264
8050524,1,2,1,10,2024,1,57,3.0,1000000.0,28204
8044518,1,2,1,10,2024,2,21,4.0,720000.0,14768
8053359,1,1,1,10,2024,1,31,10.0,2800000.0,34992
8050477,1,1,1,10,2024,1,28,9.0,1300000.0,28038
8054089,1,1,1,10,2024,2,55,3.0,500000.0,36477
8050644,1,1,1,10,2024,2,44,10.0,1300000.0,28504
8055978,1,1,1,10,2024,2,57,8.0,600000.0,40369
8043062,1,2,1,10,2024,1,27,5.0,1300000.0,11058
8084786,1,1,1,10,2024,2,62,3.0,1200000.0,61910
8053017,1,2,1,10,2024,2,26,5.0,150000.0,34226
8048798,1,1,1,10,2024,1,61,5.0,1462000.0,24317
8079895,1,1,1,10,2024,2,23,10.0,1300000.0,51873
8051747,1,1,1,10,2024,2,49,5.0,1300000.0,30941
8056230,1,3,1,10,2024,2,50,5.0,1300000.0,40872
8081553,1,2,1,10,2024,1,33,5.0,4000000.0,55403
8053944,1,3,1,10,2024,1,19,5.0,1300000.0,36200
8078343,1,2,1,10,2024,1,22,4.0,500000.0,48224
8039309,1,2,1,10,2024,1,30,9.0,1300000.0,2849
8042245,1,2,1,10,2024,2,32,10.0,2300000.0,9409
8081643,1,2,1,10,2024,2,22,5.0,200000.0,55541
8077508,1,2,1,10,2024,1,38,5.0,1300000.0,46358
8082942,1,1,1,10,2024,1,79,11.0,200000.0,57951
8079448,1,3,1,10,2024,2,32,9.0,600000.0,50779
8051432,1,1,1,10,2024,1,39,3.0,1000000.0,30187
8045058,1,3,1,10,2024,2,78,3.0,1300000.0,16226
8052590,1,2,1,10,2024,1,34,10.0,1500000.0,33183
8080382,1,3,1,10,2024,2,34,10.0,400000.0,53016
8051797,1,1,1,10,2024,2,49,8.0,1300000.0,31072
8038430,1,1,1,10,2024,2,57,5.0,1300000.0,649
8054315,1,1,1,10,2024,2,45,5.0,1400000.0,36977
8053851,1,4,1,10,2024,2,28,12.0,4200000.0,36015
8080307,1,1,1,10,2024,2,61,5.0,100000.0,52817
8043855,1,1,1,10,2024,1,30,10.0,8000000.0,13060
8038215,1,1,1,10,2024,1,54,3.0,800000.0,71
8048344,1,1,1,10,2024,1,68,1.0,180000.0,23543
8050397,1,1,1,10,2024,1,44,10.0,5000000.0,27842
8038472,1,1,1,10,2024,2,47,9.0,1300000.0,712
8056311,1,1,1,10,2024,1,49,3.0,1600000.0,41042
8043382,1,2,1,10,2024,1,23,5.0,15000000.0,11832
8083996,1,2,1,10,2024,1,26,5.0,1300000.0,60186
8079453,1,2,1,10,2024,2,39,10.0,1600000.0,50790
8049622,1,2,1,10,2024,2,26,5.0,150000.0,25920
8043383,1,2,1,10,2024,1,23,5.0,1500000.0,11834
8084712,1,3,1,10,2024,2,38,11.0,4600000.0,61735
8046570,1,2,1,10,2024,2,30,4.0,120000.0,19913
8084481,1,1,1,10,2024,2,35,5.0,1600000.0,61268
8079407,1,1,1,10,2024,1,64,3.0,300000.0,50660
8075876,1,2,1,10,2024,1,26,5.0,480000.0,42310
8081040,1,3,1,10,2024,1,20,10.0,1120000.0,54279
8039912,1,1,1,10,2024,2,38,11.0,4000000.0,3972
8046726,1,1,1,10,2024,1,63,12.0,8000000.0,20295
8038635,1,1,1,10,2024,2,32,8.0,2800000.0,1062
8038659,1,1,1,10,2024,1,48,3.0,750000.0,1118
8038564,1,1,1,10,2024,2,37,5.0,1400000.0,915
8085057,1,3,1,10,2024,1,34,9.0,3000000.0,62543
8081501,1,1,1,10,2024,2,37,5.0,1600000.0,55297
8079493,1,1,1,10,2024,1,55,8.0,1300000.0,50860
8076501,1,2,1,10,2024,1,63,1.0,600000.0,44023
8083975,1,1,1,10,2024,1,59,5.0,1300000.0,60120
8040975,1,2,1,10,2024,2,27,5.0,2800000.0,6483
8044529,1,1,1,10,2024,2,56,5.0,800000.0,14802
8084815,1,2,1,10,2024,1,39,5.0,1100000.0,61966
8042704,1,2,1,10,2024,2,53,3.0,1200000.0,10351
8084721,1,1,1,10,2024,1,41,5.0,1300000.0,61752
8085026,1,1,1,10,2024,2,36,10.0,2200000.0,62441
8080365,1,1,1,10,2024,2,41,5.0,500000.0,52968
8042705,1,1,1,10,2024,1,40,5.0,1000000.0,10361
8050745,1,3,1,10,2024,2,19,10.0,600000.0,28726
8055726,1,1,1,10,2024,1,53,10.0,2000000.0,39886
8044789,1,1,1,10,2024,1,36,8.0,7796000.0,15468
8078388,1,1,1,10,2024,1,36,10.0,2000000.0,48314
8041879,1,2,1,10,2024,2,30,8.0,1500000.0,8507
8082803,1,1,1,10,2024,1,41,5.0,1500000.0,57628
8084169,1,2,1,10,2024,2,66,8.0,2400000.0,60596
8039130,1,3,1,10,2024,1,33,10.0,3800000.0,2399
8041776,1,2,1,10,2024,2,43,10.0,2000000.0,8272
8084178,1,1,1,10,2024,1,55,4.0,800000.0,60630
8084818,1,1,1,10,2024,2,30,8.0,350000.0,61972
8078047,1,1,1,10,2024,2,47,3.0,100000.0,47527
8050452,1,1,1,10,2024,2,29,8.0,1300000.0,27967
8086628,1,1,1,10,2024,2,52,9.0,100000.0,64166
8082542,1,1,1,10,2024,1,31,9.0,2000000.0,56945
8044145,1,2,1,10,2024,1,57,4.0,1000000.0,13751
8080436,1,1,1,10,2024,2,46,11.0,2800000.0,53115
8051692,1,3,1,10,2024,2,20,8.0,1300000.0,30789
8043538,1,1,1,10,2024,2,38,10.0,4200000.0,12270
8046591,1,2,1,10,2024,1,48,5.0,1500000.0,19989
8049051,1,2,1,10,2024,1,49,3.0,1200000.0,24832
8043728,1,3,1,10,2024,2,32,8.0,600000.0,12740
8056332,1,2,1,10,2024,2,26,10.0,1700000.0,41090
8048140,1,3,1,10,2024,2,32,9.0,1300000.0,23159
8039571,1,1,1,10,2024,1,58,4.0,1700000.0,3310
8039074,1,1,1,10,2024,2,43,5.0,800000.0,2213
8039040,1,1,1,10,2024,1,48,4.0,700000.0,2121
8047035,1,2,1,10,2024,2,22,10.0,1500000.0,20869
8054599,1,1,1,10,2024,2,37,10.0,3000000.0,37583
8050312,1,1,1,10,2024,2,63,3.0,1000000.0,27576
8039870,1,2,1,10,2024,2,58,8.0,2200000.0,3872
8042362,1,1,1,10,2024,1,61,13.0,3500000.0,9645
8050977,1,1,1,10,2024,1,47,11.0,3700000.0,29366
8077682,1,1,1,10,2024,2,61,11.0,3600000.0,46741
8038573,1,2,1,10,2024,2,21,8.0,1300000.0,933
8080857,1,1,1,10,2024,1,56,5.0,2650000.0,53896
8054381,1,5,1,10,2024,2,59,3.0,1500000.0,37131
8044990,1,1,1,10,2024,2,21,5.0,150000.0,16029
8044236,1,2,1,10,2024,1,30,5.0,900000.0,13924
8045381,1,1,1,10,2024,1,49,4.0,1300000.0,17091
8080222,1,2,1,10,2024,1,42,4.0,1400000.0,52611
8040855,1,2,1,10,2024,1,43,10.0,2400000.0,6200
8086527,1,1,1,10,2024,1,41,3.0,500000.0,63898
8080081,1,1,1,10,2024,1,40,4.0,1400000.0,52218
8043265,1,2,1,10,2024,1,42,5.0,450000.0,11527
8044563,1,1,1,10,2024,1,59,6.0,1900000.0,14902
8050441,1,1,1,10,2024,2,40,5.0,1300000.0,27938
8077918,1,2,1,10,2024,2,57,4.0,300000.0,47212
8052904,1,1,1,10,2024,2,24,8.0,2000000.0,33876
8078580,1,1,1,10,2024,1,37,10.0,1000000.0,48724
8078108,1,1,1,10,2024,1,35,5.0,600000.0,47645
8080828,1,2,1,10,2024,1,28,3.0,300000.0,53840
8040828,1,1,1,10,2024,1,45,11.0,3900000.0,6112
8041180,1,5,1,10,2024,2,39,5.0,200000.0,7003
8045663,1,3,1,10,2024,2,26,6.0,1300000.0,17877
8046364,1,2,1,10,2024,2,41,11.0,2100000.0,19384
8054627,1,2,1,10,2024,2,40,8.0,1800000.0,37665
8083081,1,1,1,10,2024,1,67,12.0,5700000.0,58285
8079090,1,4,1,10,2024,1,23,5.0,1200000.0,49838
8043739,1,1,1,10,2024,1,39,11.0,5400000.0,12763
8052896,1,1,1,10,2024,1,78,3.0,100000.0,33854
8083339,1,1,1,10,2024,1,40,5.0,2700000.0,58881
8048007,1,2,1,10,2024,2,31,8.0,1300000.0,22843
8048109,1,2,1,10,2024,2,39,5.0,1150000.0,23058
8054873,1,3,1,10,2024,1,42,5.0,1300000.0,38261
8076391,1,1,1,10,2024,1,25,5.0,1300000.0,43748
8050020,1,1,1,10,2024,1,37,4.0,1350000.0,26912
8086653,2,1,2,10,2024,2,51,4.0,542000.0,64237
8044382,1,1,1,10,2024,2,56,5.0,1600000.0,14392
8049598,1,2,1,10,2024,2,64,11.0,5864200.0,25856
8054074,1,2,1,10,2024,2,33,11.0,4300000.0,36440
8050942,1,1,1,10,2024,2,71,3.0,730000.0,29256
8050527,1,2,1,10,2024,2,32,5.0,250000.0,28214
8038399,1,2,1,10,2024,2,25,9.0,1500000.0,566
8046170,1,1,1,10,2024,1,62,9.0,400000.0,18866
8076528,1,2,1,10,2024,1,29,4.0,600000.0,44096
8078961,1,2,1,10,2024,2,43,3.0,840000.0,49555
8046086,1,1,1,10,2024,2,48,9.0,200000.0,18688
8084217,1,1,1,10,2024,1,42,4.0,1300000.0,60730
8076347,1,1,1,10,2024,1,37,3.0,1400000.0,43625
8044560,1,2,1,10,2024,1,26,4.0,2000000.0,14895
8056100,1,1,1,10,2024,2,47,5.0,600000.0,40597
8078264,1,1,1,10,2024,1,60,6.0,200000.0,48016
8048475,1,1,1,10,2024,2,28,8.0,1300000.0,23755
8077261,1,2,1,10,2024,1,57,1.0,300000.0,45872
8040951,1,1,1,10,2024,1,23,5.0,1500000.0,6428
8042165,1,1,1,10,2024,2,51,8.0,1300000.0,9213
8086629,1,2,1,10,2024,1,76,13.0,3000000.0,64169
8056029,1,1,1,10,2024,1,47,5.0,800000.0,40442
8086546,1,1,1,10,2024,1,54,10.0,8200000.0,63942
8048124,1,2,1,10,2024,2,58,10.0,4200000.0,23107
8052754,1,1,1,10,2024,1,57,3.0,1600000.0,33511
8040209,1,1,1,10,2024,2,44,5.0,200000.0,4672
8083254,1,2,1,10,2024,1,33,1.0,600000.0,58672
8041856,1,1,1,10,2024,2,72,3.0,500000.0,8441
8044609,1,1,1,10,2024,2,37,5.0,1200000.0,15026
8056405,1,2,1,10,2024,2,39,4.0,500000.0,41281
8043363,1,2,1,10,2024,2,24,5.0,1800000.0,11792
8085053,1,2,1,10,2024,2,33,9.0,2000000.0,62533
8078017,1,1,1,10,2024,1,72,3.0,240000.0,47470
8080168,1,1,1,10,2024,2,56,11.0,2900000.0,52459
8081119,1,1,1,10,2024,1,46,8.0,800000.0,54429
8041145,1,1,1,10,2024,2,28,10.0,1300000.0,6900
8052598,1,1,1,10,2024,2,35,10.0,2000000.0,33205
8055534,1,2,1,10,2024,2,44,8.0,1850000.0,39523
8038481,1,1,1,10,2024,1,36,4.0,1300000.0,731
8045557,1,1,1,10,2024,2,50,3.0,1300000.0,17599
8084244,1,4,1,10,2024,1,32,5.0,740000.0,60788
8076794,1,2,1,10,2024,2,50,11.0,3500000.0,44714
8046313,1,1,1,10,2024,1,49,5.0,1800000.0,19259
8043590,1,1,1,10,2024,1,47,3.0,1400000.0,12386
8039044,1,1,1,10,2024,1,30,4.0,1100000.0,2132
8047490,1,4,1,10,2024,1,27,5.0,1000000.0,21710
8077927,1,1,1,10,2024,2,39,6.0,340000.0,47238
8041588,1,1,1,10,2024,2,57,10.0,2600000.0,7923
8048197,1,2,1,10,2024,2,55,3.0,300000.0,23263
8051849,1,2,1,10,2024,2,27,5.0,400000.0,31248
8084942,1,1,1,10,2024,1,26,5.0,1200000.0,62251
8079326,1,1,1,10,2024,1,51,1.0,1000000.0,50501
8042455,1,1,1,10,2024,1,41,6.0,1600000.0,9847
8078165,1,1,1,10,2024,1,57,3.0,900000.0,47778
8080940,1,2,1,10,2024,2,46,10.0,2800000.0,54075
8080541,1,1,1,10,2024,2,37,3.0,1300000.0,53277
8080322,1,2,1,10,2024,1,31,5.0,1300000.0,52853
8054193,1,2,1,10,2024,1,29,9.0,2700000.0,36716
8083036,1,1,1,10,2024,2,66,4.0,500000.0,58179
8079148,1,2,1,10,2024,1,45,4.0,200000.0,49957
8050706,1,1,1,10,2024,1,64,4.0,300000.0,28632
8082729,1,5,1,10,2024,1,29,5.0,1300000.0,57439
8082342,1,4,1,10,2024,2,28,5.0,1462000.0,56522
8078437,1,2,1,10,2024,1,32,5.0,1300000.0,48400
8084209,1,2,1,10,2024,2,28,8.0,1500000.0,60718
8052445,1,1,1,10,2024,1,43,3.0,1300000.0,32804
8041288,1,3,1,10,2024,2,57,12.0,7000000.0,7252
8048172,1,1,1,10,2024,2,55,10.0,2600000.0,23230
8079760,1,2,1,10,2024,2,44,3.0,400000.0,51472
8041020,1,1,1,10,2024,2,46,4.0,800000.0,6601
8050210,1,1,1,10,2024,1,57,3.0,2300000.0,27361
8081140,2,1,2,10,2024,2,46,4.0,320000.0,54463
8048524,1,3,1,10,2024,2,26,5.0,1300000.0,23854
8055163,1,1,1,10,2024,1,47,5.0,1200000.0,38851
8083058,1,1,1,10,2024,1,23,5.0,400000.0,58225
8044535,1,1,1,10,2024,2,43,5.0,100000.0,14821
8082477,1,1,1,10,2024,1,43,5.0,1900000.0,56793
8082940,1,2,1,10,2024,1,54,10.0,1518000.0,57947
8077078,1,4,1,10,2024,1,29,5.0,2000000.0,45361
8077632,1,2,1,10,2024,2,57,3.0,100000.0,46630
8055292,1,2,1,10,2024,2,52,5.0,840000.0,39107
8048378,1,4,1,10,2024,1,27,5.0,1500000.0,23590
8048320,1,1,1,10,2024,2,52,5.0,1500000.0,23508
8045272,1,1,1,10,2024,2,32,9.0,1500000.0,16815
8086409,1,1,1,10,2024,1,61,9.0,3000000.0,63625
8081605,1,1,1,10,2024,1,47,3.0,5000000.0,55471
8039162,1,1,1,10,2024,1,38,8.0,1700000.0,2477
8077560,1,1,1,10,2024,1,53,3.0,1600000.0,46474
8052847,1,1,1,10,2024,1,54,4.0,15000000.0,33750
8084032,1,3,1,10,2024,2,63,10.0,7000000.0,60290
8038362,1,1,1,10,2024,1,24,5.0,1300000.0,470
8041728,1,2,1,10,2024,2,60,3.0,500000.0,8203
8045927,1,2,1,10,2024,1,59,5.0,1800000.0,18248
8041019,1,1,1,10,2024,1,47,4.0,1000000.0,6597
8077697,1,1,1,10,2024,1,46,4.0,3000000.0,46762
8051711,1,2,1,10,2024,1,30,6.0,3000000.0,30847
8046754,1,6,1,10,2024,1,41,4.0,600000.0,20369
8055075,1,2,1,10,2024,1,69,5.0,200000.0,38711
8040443,1,2,1,10,2024,2,22,5.0,2000000.0,5238
8080280,1,5,1,10,2024,1,36,5.0,1300000.0,52759
8050959,1,1,1,10,2024,1,54,3.0,1300000.0,29316
8077906,1,5,1,10,2024,2,93,5.0,2100000.0,47183
8052729,1,1,1,10,2024,1,70,4.0,590000.0,33453
8084818,1,8,1,10,2024,2,34,5.0,1300000.0,61979
8053350,1,1,1,10,2024,1,43,5.0,1000000.0,34958
8039123,1,7,1,10,2024,1,27,5.0,1000000.0,2371
8047053,1,2,1,10,2024,1,39,5.0,1300000.0,20899
8048340,1,1,1,10,2024,1,62,4.0,1500000.0,23531
8083449,1,3,1,10,2024,2,25,10.0,2300000.0,59098
8077104,1,1,1,10,2024,1,24,5.0,1300000.0,45442
8045010,1,2,1,10,2024,1,35,5.0,1300000.0,16100
8053789,1,2,1,10,2024,2,47,12.0,3800000.0,35883
8039538,1,2,1,10,2024,2,39,10.0,4168000.0,3263
8049621,1,1,1,10,2024,2,31,5.0,200000.0,25915
8038516,1,2,1,10,2024,2,39,5.0,1300000.0,804
8083339,1,2,1,10,2024,2,41,5.0,1700000.0,58882
8080684,1,1,1,10,2024,2,40,5.0,1300000.0,53581
8084378,1,1,1,10,2024,2,35,5.0,1100000.0,61087
8077591,1,2,1,10,2024,1,23,5.0,700000.0,46552
8045162,1,2,1,10,2024,2,23,9.0,700000.0,16495
8050786,2,1,2,10,2024,1,32,5.0,700000.0,28836
8044938,1,1,1,10,2024,1,40,8.0,1300000.0,15888
8053051,1,1,1,10,2024,2,53,11.0,9500000.0,34312
8078346,1,1,1,10,2024,1,52,3.0,1200000.0,48232
8050120,1,1,1,10,2024,1,45,3.0,1300000.0,27142
8050608,1,1,1,10,2024,2,55,9.0,1000000.0,28426
8038486,1,3,1,10,2024,2,19,5.0,318000.0,746
8038538,1,1,1,10,2024,2,28,5.0,1200000.0,869
8043402,1,1,1,10,2024,1,35,5.0,2000000.0,11876
8054738,1,2,1,10,2024,1,47,5.0,650000.0,37939
8040450,1,2,1,10,2024,2,36,5.0,1300000.0,5255
8084856,1,1,1,10,2024,1,62,5.0,1600000.0,62065
8081599,1,1,1,10,2024,2,40,3.0,1000000.0,55460
8044964,1,1,1,10,2024,2,24,8.0,2100000.0,15953
8085880,1,1,1,10,2024,1,21,10.0,600000.0,62989
8047791,1,5,1,10,2024,2,62,5.0,300000.0,22401
8046241,1,1,1,10,2024,2,52,1.0,1420000.0,19032
8081281,1,1,1,10,2024,2,41,10.0,3892000.0,54778
8077299,1,1,1,10,2024,1,57,1.0,1800000.0,45942
8049296,1,1,1,10,2024,1,62,5.0,1462000.0,25302
8047589,1,1,1,10,2024,1,53,11.0,3000000.0,21933
8080689,1,1,1,10,2024,2,30,5.0,1300000.0,53589
8054116,3,1,3,10,2024,1,28,5.0,1400000.0,36530
8040487,1,2,1,10,2024,2,32,10.0,1400000.0,5348
8075821,1,4,1,10,2024,2,24,10.0,1400000.0,42171
8056468,1,1,1,10,2024,1,30,9.0,2100000.0,41384
8038656,1,1,1,10,2024,1,32,8.0,800000.0,1100
8050545,1,7,1,10,2024,1,29,10.0,800000.0,28269
8054302,1,1,1,10,2024,1,76,3.0,600000.0,36943
8085731,1,2,1,10,2024,2,32,5.0,1100000.0,62731
8038471,1,1,1,10,2024,1,45,10.0,2400000.0,711
8039125,1,1,1,10,2024,1,65,9.0,800000.0,2376
8078414,1,3,1,10,2024,2,31,10.0,1600000.0,48356
8049191,1,1,1,10,2024,1,43,10.0,6000000.0,25084
8051775,1,2,1,10,2024,2,30,9.0,1800000.0,31018
8075659,1,1,1,10,2024,2,54,3.0,,41747
8047162,1,3,1,10,2024,1,18,5.0,1300000.0,21087
8046186,1,2,1,10,2024,2,22,5.0,1000000.0,18918
8086384,1,1,1,10,2024,1,61,9.0,3000000.0,63577
8051933,1,1,1,10,2024,2,38,5.0,1384000.0,31439
8054186,1,2,1,10,2024,1,28,5.0,1500000.0,36700
8039043,1,1,1,10,2024,1,58,5.0,900000.0,2130
8039200,1,1,1,10,2024,2,33,9.0,1300000.0,2566
8050964,1,2,1,10,2024,1,24,10.0,1800000.0,29332
8050474,1,1,1,10,2024,2,29,8.0,1300000.0,28035
8078195,1,1,1,10,2024,2,44,8.0,1450000.0,47840
8055180,1,1,1,10,2024,1,43,3.0,1300000.0,38886
8056145,1,2,1,10,2024,2,40,6.0,400000.0,40691
8052237,1,4,1,10,2024,2,19,5.0,380000.0,32201
8053584,1,1,1,10,2024,1,27,4.0,1080000.0,35456
8078304,1,1,1,10,2024,1,49,5.0,350000.0,48122
8045446,1,1,1,10,2024,1,34,4.0,900000.0,17285
8051348,1,1,1,10,2024,2,66,3.0,100000.0,29956
8053928,1,2,1,10,2024,2,39,5.0,1560000.0,36160
8050461,1,1,1,10,2024,1,32,9.0,1600000.0,27987
8084374,1,4,1,10,2024,2,41,5.0,400000.0,61077
8084692,1,1,1,10,2024,2,44,8.0,2000000.0,61699
8055029,1,3,1,10,2024,2,28,11.0,2400000.0,38611
8049386,1,1,1,10,2024,2,60,8.0,3300000.0,25488
8053110,1,1,1,10,2024,1,46,10.0,4850000.0,34421
8080402,1,2,1,10,2024,2,57,11.0,25000000.0,53073
8040401,1,1,1,10,2024,2,22,10.0,1000000.0,5122
8053512,1,1,1,10,2024,1,30,10.0,1800000.0,35281
8076420,1,2,1,10,2024,1,34,5.0,1300000.0,43802
8042031,1,2,1,10,2024,2,32,9.0,1300000.0,8925
8041021,1,1,1,10,2024,2,39,5.0,600000.0,6604
8086564,1,2,1,10,2024,2,54,10.0,52000000.0,63993
8083838,1,2,1,10,2024,2,33,9.0,2600000.0,59851
8086847,1,7,1,10,2024,1,27,5.0,1300000.0,64556
8051752,1,2,1,10,2024,2,26,9.0,2000000.0,30959
8076693,1,1,1,10,2024,1,62,3.0,1000000.0,44457
8042855,1,2,1,10,2024,2,25,9.0,3300000.0,10706
8080376,1,2,1,10,2024,2,52,10.0,3000000.0,52993
8038313,1,3,1,10,2024,1,19,4.0,1800000.0,343
8047354,1,1,1,10,2024,1,43,8.0,1200000.0,21499
8038732,1,1,1,10,2024,1,63,5.0,1300000.0,1339
8047632,1,2,1,10,2024,2,47,5.0,1300000.0,22029
8046276,1,2,1,10,2024,1,49,5.0,1300000.0,19129
8080775,1,2,1,10,2024,2,23,5.0,150000.0,53736
8042278,1,1,1,10,2024,2,28,4.0,1080000.0,9469
8078286,1,1,1,10,2024,1,34,4.0,300000.0,48077
8051557,1,1,1,10,2024,1,61,9.0,3000000.0,30475
8046595,1,1,1,10,2024,1,55,8.0,1550000.0,19996
8039959,1,4,1,10,2024,1,41,10.0,3000000.0,4086
8055864,1,2,1,10,2024,2,56,5.0,300000.0,40153
8046370,1,2,1,10,2024,1,33,5.0,1300000.0,19396
8085066,1,3,1,10,2024,2,35,10.0,1300000.0,62553
8045730,1,2,1,10,2024,2,66,3.0,450000.0,18036
8079900,1,5,1,10,2024,2,58,3.0,1800000.0,51887
8048960,1,1,1,10,2024,2,35,11.0,1300000.0,24675
8054006,1,2,1,10,2024,2,41,5.0,1900000.0,36312
8075675,1,1,1,10,2024,1,29,5.0,1000000.0,41789
8048353,1,1,1,10,2024,2,33,8.0,1200000.0,23555
8048600,1,4,1,10,2024,2,19,9.0,350000.0,23989
8086762,1,1,1,10,2024,2,23,5.0,1300000.0,64445
8084408,1,2,1,10,2024,2,24,10.0,1300000.0,61152
8077376,1,1,1,10,2024,2,51,5.0,1300000.0,46115
8047766,1,2,1,10,2024,2,56,4.0,800000.0,22327
8052032,1,2,1,10,2024,1,45,5.0,1400000.0,31674
8055998,1,2,1,10,2024,2,31,5.0,2500000.0,40408
8038688,1,3,1,10,2024,1,46,3.0,600000.0,1227
8054045,1,2,1,10,2024,1,27,5.0,200000.0,36380
8081474,1,1,1,10,2024,1,52,5.0,1300000.0,55219
8049190,1,1,1,10,2024,2,30,8.0,2160000.0,25080
8054311,1,1,1,10,2024,1,53,5.0,1350000.0,36969
8053286,1,1,1,10,2024,2,31,5.0,200000.0,34789
8056187,1,1,1,10,2024,2,37,5.0,1300000.0,40759
8086720,1,1,1,10,2024,2,44,5.0,800000.0,64369
8054291,1,3,1,10,2024,1,30,5.0,1300000.0,36899
8049358,1,1,1,10,2024,1,31,5.0,1200000.0,25430
8040444,1,2,1,10,2024,1,33,5.0,1200000.0,5241
8075605,1,2,1,10,2024,2,50,3.0,480000.0,41563
8042091,1,2,1,10,2024,1,33,5.0,1200000.0,9006
8080800,1,6,1,10,2024,1,36,4.0,500000.0,53785
8081066,1,1,1,10,2024,2,59,3.0,400000.0,54339
8039283,1,1,1,10,2024,1,32,12.0,21750000.0,2780
8055462,1,1,1,10,2024,1,52,5.0,3000000.0,39403
8076541,1,1,1,10,2024,1,67,3.0,300000.0,44116
8084277,1,1,1,10,2024,1,51,3.0,1800000.0,60866
8040032,1,1,1,10,2024,1,26,5.0,1200000.0,4216
8050685,1,1,1,10,2024,1,37,5.0,4200000.0,28588
8052156,1,1,1,10,2024,1,43,1.0,1150000.0,31984
8054400,1,1,1,10,2024,2,52,6.0,2200000.0,37184
8039237,1,1,1,10,2024,2,52,6.0,1300000.0,2665
8047672,1,3,1,10,2024,2,33,10.0,1300000.0,22111
8048155,1,2,1,10,2024,2,41,10.0,2580000.0,23201
8075962,1,1,1,10,2024,1,19,1.0,200000.0,42586
8052347,1,1,1,10,2024,1,45,4.0,1000000.0,32525
8048999,1,2,1,10,2024,1,27,10.0,1300000.0,24738
8039491,1,2,1,10,2024,2,63,3.0,280000.0,3154
8050632,1,1,1,10,2024,1,32,5.0,1300000.0,28475
8042904,1,1,1,10,2024,1,27,10.0,1000000.0,10795
8046261,1,1,1,10,2024,1,66,10.0,2600000.0,19076
8055754,1,1,1,10,2024,1,59,11.0,8266666.0,39889
8045269,1,1,1,10,2024,1,35,10.0,1300000.0,16806
8041811,1,3,1,10,2024,2,28,10.0,1300000.0,8322
8053694,1,1,1,10,2024,1,43,5.0,1500000.0,35720
8044175,1,2,1,10,2024,2,28,10.0,2500000.0,13827
8050454,1,1,1,10,2024,2,34,10.0,3000000.0,27969
8050235,1,1,1,10,2024,2,30,4.0,1200000.0,27417
8083306,1,2,1,10,2024,1,44,1.0,960000.0,58796
8038316,1,2,1,10,2024,2,32,5.0,1770000.0,349
8047561,1,3,1,10,2024,1,60,1.0,600000.0,21845
8076446,1,2,1,10,2024,1,49,3.0,800000.0,43866
8045044,1,1,1,10,2024,1,25,5.0,1900000.0,16183
8045966,1,1,1,10,2024,2,49,5.0,320000.0,18367
8048429,1,1,1,10,2024,2,56,11.0,6200000.0,23659
8050173,1,1,1,10,2024,2,41,3.0,1300000.0,27271
8084417,1,3,1,10,2024,2,21,8.0,1600000.0,61169
8077161,1,1,1,10,2024,1,81,3.0,650000.0,45604
8078549,1,1,1,10,2024,1,71,3.0,1200000.0,48651
8050980,1,1,1,10,2024,1,37,3.0,1600000.0,29374
8052115,1,2,1,10,2024,1,29,1.0,900000.0,31884
8043300,1,3,1,10,2024,1,50,3.0,1300000.0,11628
8042862,1,1,1,10,2024,1,41,5.0,2000000.0,10722
8052328,1,5,1,10,2024,1,24,10.0,500000.0,32481
8038906,1,2,1,10,2024,2,38,12.0,1800000.0,1775
8039946,1,2,1,10,2024,2,26,11.0,1600000.0,4068
8080720,1,2,1,10,2024,2,43,8.0,1300000.0,53638
8052941,1,1,1,10,2024,2,27,5.0,1400000.0,33977
8052873,1,1,1,10,2024,2,46,8.0,1300000.0,33802
8051621,1,1,1,10,2024,1,39,11.0,7900000.0,30621
8080119,1,1,1,10,2024,1,23,8.0,1350000.0,52329
8049791,1,1,1,10,2024,2,34,3.0,1000000.0,26372
8053240,1,2,1,10,2024,2,24,10.0,800000.0,34687
8082073,1,2,1,10,2024,1,55,5.0,1500000.0,56063
8049881,1,3,1,10,2024,2,18,6.0,0.0,26596
8053917,1,2,1,10,2024,1,41,9.0,1460000.0,36136
8038687,1,2,1,10,2024,2,54,5.0,200000.0,1220
8038619,1,1,1,10,2024,2,37,10.0,1700000.0,1014
8082864,1,1,1,10,2024,2,40,5.0,500000.0,57770
8045277,1,3,1,10,2024,1,24,5.0,1300000.0,16827
8082398,1,1,1,10,2024,1,58,10.0,2500000.0,56626
8078611,1,1,1,10,2024,1,64,12.0,4300000.0,48795
8085680,1,2,1,10,2024,1,31,4.0,1200000.0,62616
8080804,1,1,1,10,2024,2,74,3.0,1100000.0,53790
8038288,1,2,1,10,2024,2,47,5.0,1300000.0,276
8051547,1,1,1,10,2024,1,61,9.0,3000000.0,30455
8040342,1,2,1,10,2024,2,26,9.0,1362000.0,4998
8045336,1,2,1,10,2024,1,50,3.0,1600000.0,16974
8040455,1,1,1,10,2024,1,62,3.0,1000000.0,5268
8054525,1,2,1,10,2024,1,62,5.0,1300000.0,37467
8039164,1,2,1,10,2024,1,28,5.0,900000.0,2485
8083818,1,2,1,10,2024,2,44,10.0,2800000.0,59811
8053956,1,1,1,10,2024,2,42,8.0,1300000.0,36222
8044902,1,2,1,10,2024,2,23,10.0,500000.0,15799
8047640,1,1,1,10,2024,1,36,5.0,400000.0,22049
8085975,1,2,1,10,2024,1,17,3.0,150000.0,63116
8045222,1,2,1,10,2024,2,41,3.0,150000.0,16686
8047256,1,1,1,10,2024,2,29,5.0,800000.0,21298
8053046,1,2,1,10,2024,2,53,11.0,8000000.0,34308
8049906,1,1,1,10,2024,1,63,3.0,700000.0,26662
8080959,1,1,1,10,2024,2,42,5.0,1800000.0,54114
8080844,1,2,1,10,2024,2,29,10.0,3000000.0,53876
8082756,1,1,1,10,2024,2,43,10.0,1200000.0,57499
8048780,1,1,1,10,2024,1,42,4.0,1462000.0,24273
8079113,1,1,1,10,2024,1,54,3.0,1200000.0,49884
8045718,1,1,1,10,2024,2,48,5.0,2600000.0,18012
8039944,1,1,1,10,2024,2,49,5.0,1020000.0,4059
8081935,1,2,1,10,2024,2,62,5.0,800000.0,55886
8040355,1,2,1,10,2024,2,58,5.0,200000.0,5021
8047366,1,2,1,10,2024,1,50,11.0,10000000.0,21523
8046913,1,2,1,10,2024,2,45,9.0,1300000.0,20720
8049174,1,1,1,10,2024,1,37,8.0,1800000.0,25053
8055021,1,2,1,10,2024,2,43,10.0,2300000.0,38590
8048883,1,2,1,10,2024,2,34,8.0,2000000.0,24505
8079553,1,1,1,10,2024,2,39,12.0,8300000.0,50972
8047579,1,2,1,10,2024,2,25,9.0,1300000.0,21895
8046794,1,5,1,10,2024,2,27,8.0,1500000.0,20453
8077186,1,2,1,10,2024,1,45,5.0,800000.0,45677
8078688,1,1,1,10,2024,2,43,4.0,1600000.0,48939
8084262,1,1,1,10,2024,2,44,4.0,650000.0,60837
8054453,1,4,1,10,2024,1,25,3.0,700000.0,37316
8080692,1,1,1,10,2024,2,27,8.0,1300000.0,53600
8055033,1,1,1,10,2024,1,47,5.0,1300000.0,38619
8081490,1,1,1,10,2024,2,38,10.0,1550000.0,55268
8075691,1,1,1,10,2024,1,47,1.0,1200000.0,41830
8084770,1,1,1,10,2024,2,21,6.0,2000000.0,61865
8081299,1,1,1,10,2024,2,38,10.0,2200000.0,54824
8050950,1,1,1,10,2024,1,48,4.0,1300000.0,29280
8084082,1,1,1,10,2024,2,27,5.0,1400000.0,60459
8041456,1,1,1,10,2024,2,56,8.0,1000000.0,7603
8080149,1,1,1,10,2024,1,50,8.0,1800000.0,52421
8045800,1,1,1,10,2024,1,48,10.0,4000000.0,18205
8053831,1,1,1,10,2024,2,72,3.0,600000.0,35971
8046795,1,5,1,10,2024,2,30,6.0,700000.0,20458
8079575,1,3,1,10,2024,2,37,5.0,2875000.0,50999
8052120,1,1,1,10,2024,1,71,3.0,720000.0,31903
8049626,1,1,1,10,2024,1,57,3.0,2046000.0,25935
8049727,1,2,1,10,2024,2,35,4.0,1150000.0,26199
8038983,1,3,1,10,2024,2,20,6.0,1300000.0,1974
8046867,1,3,1,10,2024,1,54,6.0,1300000.0,20607
8050353,1,1,1,10,2024,1,32,8.0,3000000.0,27736
8040690,1,2,1,10,2024,1,39,10.0,7000000.0,5793
8055595,1,1,1,10,2024,2,30,10.0,1300000.0,39609
8040561,1,2,1,10,2024,2,45,10.0,2900000.0,5520
8053994,1,1,1,10,2024,2,42,10.0,2000000.0,36289
8042879,1,2,1,10,2024,1,43,3.0,800000.0,10740
8044128,1,1,1,10,2024,2,65,5.0,1600000.0,13702
8052414,1,1,1,10,2024,1,74,1.0,380000.0,32734
8051497,1,1,1,10,2024,2,31,10.0,2000000.0,30343
8052858,1,3,1,10,2024,1,31,8.0,1200000.0,33776
8053028,1,1,1,10,2024,2,30,5.0,240000.0,34259
8078531,1,1,1,10,2024,1,21,4.0,1000000.0,48611
8081985,1,1,1,10,2024,1,26,5.0,1300000.0,55950
8082798,1,2,1,10,2024,2,45,6.0,1680000.0,57611
8046840,1,3,1,10,2024,2,23,10.0,700000.0,20556
8078252,1,1,1,10,2024,2,40,6.0,300000.0,47985
8043401,1,2,1,10,2024,2,62,10.0,2000000.0,11870
8047750,1,3,1,10,2024,1,52,5.0,600000.0,22278
8049718,1,5,1,10,2024,1,35,4.0,1710000.0,26173
8078980,1,3,1,10,2024,1,38,4.0,1150000.0,49597
8052149,1,2,1,10,2024,1,54,4.0,1200000.0,31973
8043221,1,1,1,10,2024,2,42,4.0,450000.0,11427
8079900,1,3,1,10,2024,1,29,10.0,6000000.0,51885
8077981,1,3,1,10,2024,2,26,5.0,1800000.0,47374
8056460,1,1,1,10,2024,1,34,5.0,1200000.0,41368
8048189,1,1,1,10,2024,1,29,5.0,1200000.0,23255
8048266,1,1,1,10,2024,1,33,6.0,3500000.0,23394
8052263,1,2,1,10,2024,2,42,3.0,1000000.0,32278
8052129,1,1,1,10,2024,2,65,3.0,1000000.0,31932
8077117,1,1,1,10,2024,1,64,3.0,900000.0,45477
8051690,1,1,1,10,2024,2,60,11.0,4700000.0,30782
8076123,1,2,1,10,2024,2,42,3.0,150000.0,43072
8042081,1,1,1,10,2024,1,27,5.0,700000.0,8983
8042439,1,1,1,10,2024,2,57,4.0,1200000.0,9811
8054597,1,1,1,10,2024,1,39,9.0,1800000.0,37575
8047021,1,1,1,10,2024,2,40,10.0,1500000.0,20848
8079510,1,2,1,10,2024,2,34,5.0,1400000.0,50884
8049029,1,2,1,10,2024,1,71,5.0,2700000.0,24789
8076611,1,1,1,10,2024,2,74,4.0,1800000.0,44278
8083672,1,4,1,10,2024,1,60,5.0,900000.0,59520
8051127,1,1,1,10,2024,2,39,8.0,950000.0,29622
8080063,1,1,1,10,2024,2,33,5.0,1640000.0,52168
8041894,1,2,1,10,2024,1,38,9.0,1000000.0,8539
8080480,1,2,1,10,2024,1,57,5.0,2200000.0,53160
8081206,1,2,1,10,2024,2,47,8.0,1300000.0,54564
8054453,1,1,1,10,2024,1,58,1.0,400000.0,37313
8077531,1,1,1,10,2024,1,61,1.0,600000.0,46409
8041253,1,1,1,10,2024,1,44,5.0,700000.0,7171
8079171,1,1,1,10,2024,1,55,5.0,700000.0,50029
8050032,1,2,1,10,2024,2,52,1.0,200000.0,26948
8052637,1,2,1,10,2024,2,54,5.0,1300000.0,33305
8082608,1,1,1,10,2024,2,77,4.0,350000.0,57089
8082998,1,3,1,10,2024,1,28,10.0,2400000.0,58074
8051355,1,4,1,10,2024,1,61,5.0,800000.0,29980
8047820,1,3,1,10,2024,2,27,6.0,1000000.0,22451
8052122,1,1,1,10,2024,1,59,3.0,1000000.0,31910
8080129,1,3,1,10,2024,2,28,5.0,600000.0,52367
8082915,1,3,1,10,2024,1,22,10.0,1000000.0,57905
8080388,1,2,1,10,2024,2,54,10.0,6000000.0,53036
8053176,1,1,1,10,2024,1,36,11.0,8000000.0,34536
8050634,1,1,1,10,2024,1,71,13.0,1500000.0,28480
8041892,1,2,1,10,2024,1,49,11.0,4000000.0,8534
8076169,1,1,1,10,2024,2,58,4.0,210000.0,43207
8047096,1,1,1,10,2024,1,48,3.0,1300000.0,20979
8045975,1,2,1,10,2024,2,46,8.0,760000.0,18394
8040057,1,1,1,10,2024,2,40,4.0,700000.0,4286
8053817,1,1,1,10,2024,1,61,10.0,700000.0,35940
8040987,1,3,1,10,2024,2,33,5.0,1462000.0,6514
8040921,1,1,1,10,2024,1,31,5.0,1300000.0,6361
8086861,1,2,1,10,2024,2,35,6.0,1600000.0,64604
8045662,1,1,1,10,2024,1,33,6.0,1500000.0,17873
8041927,1,2,1,10,2024,2,25,4.0,1000000.0,8632
8039836,1,4,1,10,2024,2,31,5.0,900000.0,3809
8046099,1,1,1,10,2024,2,28,10.0,1200000.0,18720
8084008,1,1,1,10,2024,2,46,5.0,750000.0,60214
8051522,1,2,1,10,2024,2,28,5.0,1300000.0,30404
8040941,1,1,1,10,2024,2,45,5.0,500000.0,6404
8079867,1,3,1,10,2024,1,31,11.0,3200000.0,51786
8082114,1,4,1,10,2024,1,33,5.0,900000.0,56119
8043810,1,1,1,10,2024,2,44,5.0,1300000.0,12966
8054183,1,2,1,10,2024,2,27,11.0,3317000.0,36691
8048673,1,2,1,10,2024,2,39,8.0,2924776.0,24087
8041831,1,2,1,10,2024,2,61,3.0,500000.0,8357
8049481,1,2,1,10,2024,1,33,5.0,450000.0,25559
8038306,1,1,1,10,2024,2,43,5.0,1300000.0,322
8054147,1,1,1,10,2024,2,27,3.0,900000.0,36594
8079076,1,1,1,10,2024,1,63,4.0,1400000.0,49813
8050835,1,4,1,10,2024,2,24,5.0,700000.0,28964
8081435,1,1,1,10,2024,1,47,10.0,1400000.0,55156
8054509,1,1,1,10,2024,2,39,5.0,1300000.0,37425
8046434,1,2,1,10,2024,2,44,11.0,4500000.0,19531
8049732,1,1,1,10,2024,2,42,5.0,1250000.0,26209
8086465,1,1,1,10,2024,1,69,3.0,500000.0,63749
8047793,1,1,1,10,2024,2,29,8.0,850000.0,22404
8040618,1,1,1,10,2024,1,35,5.0,800000.0,5652
8053680,1,1,1,10,2024,2,46,5.0,3000000.0,35679
8050201,1,2,1,10,2024,1,42,5.0,2000000.0,27337
8047932,1,1,1,10,2024,1,53,9.0,1340000.0,22704
8077055,1,4,1,10,2024,1,31,3.0,1600000.0,45282
8047614,1,1,1,10,2024,2,47,5.0,1300000.0,21983
8042488,1,1,1,10,2024,1,77,3.0,600000.0,9920
8052404,1,2,1,10,2024,2,59,1.0,100000.0,32714
8055582,1,1,1,10,2024,1,34,5.0,1400000.0,39579
8055042,1,2,1,10,2024,2,50,5.0,500000.0,38653
8043365,1,1,1,10,2024,2,43,5.0,1300000.0,11793
8075634,1,1,1,10,2024,2,70,3.0,140000.0,41654
8077743,1,1,1,10,2024,2,70,5.0,200000.0,46864
8084247,1,2,1,10,2024,2,67,1.0,150000.0,60797
8052916,1,1,1,10,2024,1,51,12.0,4000000.0,33905
8076593,1,1,1,10,2024,2,55,4.0,1300000.0,44227
8038371,1,3,1,10,2024,2,28,10.0,6000000.0,501
8082316,1,1,1,10,2024,2,51,5.0,600000.0,56452
8083060,1,1,1,10,2024,2,29,10.0,5000000.0,58227
8046026,1,1,1,10,2024,1,38,4.0,1500000.0,18529
8047623,1,3,1,10,2024,1,28,5.0,1300000.0,22002
8078046,1,1,1,10,2024,2,46,3.0,200000.0,47524
8081034,1,1,1,10,2024,2,36,3.0,1000000.0,54262
8050056,1,1,1,10,2024,1,66,3.0,400000.0,27018
8041893,1,1,1,10,2024,1,43,4.0,2000000.0,8535
8083628,1,2,1,10,2024,1,48,8.0,2000000.0,59450
8047000,1,2,1,10,2024,2,25,9.0,1300000.0,20813
8046187,1,1,1,10,2024,2,50,5.0,1100000.0,18920
8039048,1,1,1,10,2024,2,29,5.0,100000.0,2147
8078908,1,1,1,10,2024,1,32,1.0,1850000.0,49414
8039603,1,2,1,10,2024,2,33,8.0,1300000.0,3358
8049482,1,1,1,10,2024,1,31,5.0,450000.0,25565
8045944,1,1,1,10,2024,1,29,5.0,1350000.0,18300
8043784,1,2,1,10,2024,1,29,1.0,1200000.0,12897
8086417,1,1,1,10,2024,1,61,9.0,3000000.0,63635
8043340,1,2,1,10,2024,2,50,11.0,8500000.0,11738
8056259,1,2,1,10,2024,2,28,10.0,3500000.0,40963
8041277,1,1,1,10,2024,2,27,5.0,1300000.0,7223
8049716,1,2,1,10,2024,1,29,5.0,1100000.0,26164
8054748,1,1,1,10,2024,1,71,9.0,5000000.0,37964
8045384,1,2,1,10,2024,2,46,5.0,150000.0,17101
8084344,1,1,1,10,2024,1,36,4.0,3000000.0,61009
8051638,1,1,1,10,2024,1,37,5.0,1300000.0,30664
8039322,1,1,1,10,2024,1,44,10.0,1800000.0,2882
8052363,1,4,1,10,2024,1,22,5.0,750000.0,32575
8044191,1,1,1,10,2024,1,48,8.0,1430000.0,13857
8079692,1,3,1,10,2024,2,41,11.0,4000000.0,51232
8053457,1,2,1,10,2024,2,37,5.0,1800000.0,35195
8086051,1,2,1,10,2024,1,32,10.0,1800000.0,63230
8085079,1,1,1,10,2024,2,25,8.0,400000.0,62572
8084064,1,3,1,10,2024,1,32,10.0,3000000.0,60406
8077869,1,1,1,10,2024,1,56,9.0,1800000.0,47122
8077408,1,1,1,10,2024,1,31,5.0,1200000.0,46190
8080810,1,2,1,10,2024,2,52,5.0,1300000.0,53803
8045100,1,4,1,10,2024,1,26,5.0,800000.0,16339
8044428,1,1,1,10,2024,1,48,5.0,700000.0,14524
8046119,1,3,1,10,2024,1,40,4.0,3000000.0,18760
8081318,1,1,1,10,2024,2,37,8.0,1300000.0,54865
8054294,1,1,1,10,2024,2,35,5.0,300000.0,36913
8044130,1,3,1,10,2024,2,26,10.0,1800000.0,13707
8039196,1,1,1,10,2024,2,64,5.0,4000000.0,2554
8047782,1,3,1,10,2024,2,22,8.0,1000000.0,22374
8038888,1,1,1,10,2024,2,52,5.0,200000.0,1733
8044691,1,1,1,10,2024,2,28,6.0,600000.0,15247
8046705,1,3,1,10,2024,1,29,10.0,1300000.0,20251
8053818,1,1,1,10,2024,1,42,5.0,1300000.0,35945
8050162,1,2,1,10,2024,1,59,3.0,2500000.0,27238
8078960,1,3,1,10,2024,1,16,4.0,500000.0,49551
8053523,1,1,1,10,2024,2,66,10.0,637500.0,35304
8075791,1,2,1,10,2024,1,52,5.0,700000.0,42089
8050763,1,4,1,10,2024,2,24,5.0,1440000.0,28770
8076479,1,1,1,10,2024,1,53,1.0,400000.0,43958
8080803,1,1,1,10,2024,1,61,4.0,200000.0,53788
8049567,1,1,1,10,2024,2,33,10.0,1020000.0,25784
8052442,1,1,1,10,2024,1,40,3.0,2050000.0,32800
8042395,1,3,1,10,2024,1,46,8.0,1462000.0,9713
8045797,1,2,1,10,2024,1,34,10.0,4400000.0,18199
8052765,1,5,1,10,2024,1,23,5.0,1600000.0,33540
8055917,1,1,1,10,2024,2,55,3.0,1400000.0,40259
8080217,1,2,1,10,2024,2,25,8.0,1300000.0,52590
8042069,1,1,1,10,2024,1,54,5.0,650000.0,8948
8053112,1,3,1,10,2024,1,31,10.0,400000.0,34432
8056223,1,2,1,10,2024,1,58,4.0,1080000.0,40854
8045095,1,1,1,10,2024,2,51,3.0,700000.0,16323
8042670,1,1,1,10,2024,2,33,8.0,2600000.0,10270
8040936,1,1,1,10,2024,1,57,3.0,1200000.0,6391
8076198,1,2,1,10,2024,2,48,3.0,600000.0,43298
8044119,1,1,1,10,2024,1,68,4.0,2400000.0,13679
8050779,1,1,1,10,2024,2,59,5.0,2200000.0,28810
8046071,1,2,1,10,2024,1,59,3.0,1300000.0,18643
8047235,1,1,1,10,2024,1,58,5.0,2500000.0,21258
8082661,1,1,1,10,2024,1,34,5.0,1200000.0,57256
8077645,1,1,1,10,2024,1,67,3.0,0.0,46654
8044608,1,1,1,10,2024,2,55,11.0,4500000.0,15023
8040441,1,3,1,10,2024,1,22,5.0,1462000.0,5233
8077105,1,1,1,10,2024,1,54,3.0,800000.0,45444
8054738,1,1,1,10,2024,2,44,3.0,600000.0,37938
8085871,1,1,1,10,2024,2,37,6.0,2200000.0,62973
8045092,1,1,1,10,2024,1,49,3.0,900000.0,16315
8045549,1,1,1,10,2024,2,40,4.0,3000000.0,17573
8040809,1,1,1,10,2024,1,63,9.0,2000000.0,6077
8043997,1,1,1,10,2024,2,65,5.0,400000.0,13407
8042902,1,1,1,10,2024,1,30,9.0,1350000.0,10792
8077983,1,1,1,10,2024,2,28,4.0,400000.0,47381
8038428,1,2,1,10,2024,2,38,5.0,1883000.0,643
8084666,1,2,1,10,2024,2,44,5.0,1020000.0,61647
8051357,1,1,1,10,2024,1,48,5.0,700000.0,29983
8039748,1,1,1,10,2024,2,31,8.0,200000.0,3650
8043378,1,1,1,10,2024,1,48,3.0,2000000.0,11821
8050018,1,1,1,10,2024,1,45,8.0,1500000.0,26906
8077051,1,1,1,10,2024,1,44,3.0,600000.0,45273
8042227,1,2,1,10,2024,2,62,12.0,4500000.0,9367
8051645,1,1,1,10,2024,2,28,8.0,1600000.0,30679
8076721,1,1,1,10,2024,2,51,4.0,1200000.0,44524
8054754,1,4,1,10,2024,2,27,5.0,1300000.0,37977
8046866,1,2,1,10,2024,1,52,6.0,1500000.0,20603
8079008,1,2,1,10,2024,2,37,3.0,1040000.0,49643
8086760,1,1,1,10,2024,2,24,5.0,800000.0,64440
8084727,1,3,1,10,2024,2,19,5.0,1300000.0,61764
8048374,1,3,1,10,2024,1,35,10.0,1800000.0,23581
8084553,1,1,1,10,2024,2,21,10.0,5000000.0,61418
8044610,1,3,1,10,2024,2,29,8.0,1300000.0,15032
8047855,1,1,1,10,2024,2,22,10.0,1000000.0,22541
8044133,1,2,1,10,2024,1,55,4.0,1300000.0,13713
8050074,1,3,1,10,2024,1,19,4.0,900000.0,27059
8042810,1,2,1,10,2024,1,30,5.0,1500000.0,10605
8084122,1,1,1,10,2024,1,53,5.0,1900000.0,60537
8042217,1,1,1,10,2024,2,35,11.0,2500000.0,9337
8080029,1,3,1,10,2024,1,25,10.0,3000000.0,52098
8079359,1,2,1,10,2024,1,51,10.0,1000000.0,50567
8044243,1,3,1,10,2024,1,30,5.0,800000.0,13949
8043541,1,2,1,10,2024,1,52,5.0,1300000.0,12277
8043059,1,2,1,10,2024,2,28,6.0,600000.0,11051
8076109,1,1,1,10,2024,2,43,4.0,700000.0,43021
8078130,1,2,1,10,2024,2,32,11.0,1200000.0,47692
8048715,1,6,1,10,2024,2,34,5.0,1300000.0,24193
8044322,1,1,1,10,2024,1,30,4.0,1720000.0,14237
8053345,1,1,1,10,2024,1,40,10.0,3500000.0,34939
8042357,1,2,1,10,2024,1,21,10.0,2000000.0,9637
8052976,1,1,1,10,2024,1,53,3.0,204000.0,34080
8076059,1,2,1,10,2024,2,42,6.0,3000000.0,42882
8042551,1,1,1,10,2024,2,49,3.0,600000.0,10051
8045625,1,1,1,10,2024,1,42,5.0,900000.0,17758
8039703,1,1,1,10,2024,2,65,3.0,1300000.0,3551
8048530,1,3,1,10,2024,2,28,5.0,1300000.0,23872
8040149,1,2,1,10,2024,1,41,4.0,600000.0,4501
8040755,1,2,1,10,2024,2,38,10.0,2000000.0,5956
8075991,1,1,1,10,2024,1,34,5.0,1420000.0,42681
8079518,1,1,1,10,2024,1,39,10.0,2000000.0,50905
8080642,1,1,1,10,2024,1,67,3.0,1000000.0,53493
8041895,1,1,1,10,2024,2,36,10.0,7860000.0,8542
8083963,1,1,1,10,2024,1,35,9.0,6500000.0,60081
8040619,1,1,1,10,2024,1,34,5.0,1500000.0,5656
8050921,1,1,1,10,2024,2,52,12.0,4000000.0,29202
8082312,1,4,1,10,2024,1,8,3.0,,56449
8040432,1,1,1,10,2024,1,33,10.0,3000000.0,5207
8084064,1,1,1,10,2024,1,54,10.0,780000.0,60404
8041604,1,1,1,10,2024,1,30,9.0,400000.0,7951
8043189,1,5,1,10,2024,1,20,5.0,1300000.0,11363
8042245,1,3,1,10,2024,2,29,10.0,1800000.0,9410
8044896,1,2,1,10,2024,1,26,10.0,2000000.0,15785
8082846,1,1,1,10,2024,1,42,5.0,1500000.0,57729
8047612,1,1,1,10,2024,2,49,10.0,2000000.0,21973
8041763,1,1,1,10,2024,2,76,3.0,1100000.0,8258
8080204,1,1,1,10,2024,1,49,5.0,1300000.0,52554
8040869,1,3,1,10,2024,2,47,8.0,1300000.0,6250
8051680,1,3,1,10,2024,2,43,8.0,1000000.0,30755
8047330,1,1,1,10,2024,1,68,3.0,400000.0,21437
8038364,1,1,1,10,2024,2,49,8.0,2600000.0,476
8076029,1,1,1,10,2024,2,45,5.0,300000.0,42796
8046392,1,1,1,10,2024,2,30,5.0,1300000.0,19442
8046741,1,3,1,10,2024,2,20,8.0,1300000.0,20335
8041493,1,1,1,10,2024,1,21,4.0,1000000.0,7702
8044234,1,1,1,10,2024,2,36,5.0,720000.0,13917
8039084,1,1,1,10,2024,1,28,5.0,1300000.0,2248
8054833,1,2,1,10,2024,1,48,4.0,1000000.0,38161
8084193,1,3,1,10,2024,1,29,5.0,400000.0,60675
8044645,1,1,1,10,2024,1,50,3.0,1000000.0,15121
8077600,1,4,1,10,2024,1,21,5.0,150000.0,46573
8044320,1,1,1,10,2024,1,55,3.0,1300000.0,14228
8084018,1,2,1,10,2024,2,29,5.0,900000.0,60247
8055267,1,1,1,10,2024,2,43,10.0,4000000.0,39073
8056350,1,2,1,10,2024,2,34,10.0,2000000.0,41130
8046048,1,1,1,10,2024,1,63,3.0,0.0,18583
8052317,1,1,1,10,2024,1,75,4.0,0.0,32439
8040422,1,1,1,10,2024,2,41,10.0,2500000.0,5174
8045262,1,2,1,10,2024,1,33,5.0,1300000.0,16785
8040987,1,2,1,10,2024,1,53,4.0,700000.0,6513
8050643,1,2,1,10,2024,1,31,10.0,1400000.0,28502
8039713,1,1,1,10,2024,2,39,4.0,1020000.0,3571
8082577,1,2,1,10,2024,1,32,8.0,1300000.0,57028
8040554,1,2,1,10,2024,2,37,8.0,480000.0,5496
8079518,1,2,1,10,2024,2,38,9.0,1500000.0,50906
8044432,1,1,1,10,2024,2,30,5.0,600000.0,14533
8038286,1,2,1,10,2024,1,24,10.0,1680000.0,268
8038750,1,3,1,10,2024,1,46,11.0,2000000.0,1403
8040471,1,1,1,10,2024,2,26,6.0,1300000.0,5311
8044710,1,1,1,10,2024,2,67,10.0,800000.0,15298
8084775,1,1,1,10,2024,2,46,5.0,2000000.0,61883
8045136,1,1,1,10,2024,1,42,5.0,1000000.0,16432
8050983,1,1,1,10,2024,1,69,12.0,5450000.0,29383
8054722,1,1,1,10,2024,1,65,4.0,1300000.0,37901
8041229,1,1,1,10,2024,2,33,5.0,450000.0,7122
8040167,1,4,1,10,2024,1,31,5.0,1500000.0,4538
8084111,1,1,1,10,2024,1,22,5.0,1300000.0,60531
8076518,1,1,1,10,2024,1,64,3.0,600000.0,44074
8080576,1,2,1,10,2024,1,54,3.0,2200000.0,53349
8048128,1,3,1,10,2024,1,34,5.0,1394000.0,23124
8053208,1,2,1,10,2024,2,26,10.0,5300000.0,34608
8076017,1,3,1,10,2024,1,20,4.0,900000.0,42753
8048521,1,3,1,10,2024,2,20,8.0,1300000.0,23846
8054261,1,2,1,10,2024,2,36,8.0,1600000.0,36827
8053379,1,1,1,10,2024,1,47,5.0,2800000.0,35051
8043656,1,1,1,10,2024,1,27,5.0,3000000.0,12561
8055261,1,2,1,10,2024,1,27,8.0,1300000.0,39062
8052141,1,1,1,10,2024,1,39,5.0,1300000.0,31957
8055147,1,3,1,10,2024,2,20,8.0,1600000.0,38803
8083674,1,3,1,10,2024,2,29,5.0,300000.0,59524
8044365,1,2,1,10,2024,2,56,5.0,1500000.0,14360
8080097,1,4,1,10,2024,2,28,5.0,500000.0,52266
8047447,1,1,1,10,2024,2,51,3.0,400000.0,21647
8048133,1,2,1,10,2024,1,31,10.0,840000.0,23138
8048089,1,1,1,10,2024,1,37,11.0,7000000.0,23022
8085768,1,1,1,10,2024,1,42,5.0,400000.0,62812
8076758,1,2,1,10,2024,1,38,11.0,6000000.0,44625
8051431,1,1,1,10,2024,1,67,3.0,1700000.0,30185
8078526,1,1,1,10,2024,1,35,9.0,2000000.0,48600
8085804,1,1,1,10,2024,2,33,5.0,600000.0,62906
8075938,1,1,1,10,2024,1,26,3.0,200000.0,42507
8042967,1,2,1,10,2024,1,39,6.0,2000000.0,10853
8077458,1,2,1,10,2024,2,40,3.0,1650000.0,46291
8082693,1,1,1,10,2024,1,58,5.0,1000000.0,57341
8077422,1,1,1,10,2024,2,60,3.0,200000.0,46220
8049237,1,1,1,10,2024,2,42,5.0,900000.0,25167
8055324,1,4,1,10,2024,1,21,10.0,2100000.0,39170
8052620,1,1,1,10,2024,1,45,10.0,3800000.0,33257
8038911,1,2,1,10,2024,1,46,12.0,4900000.0,1792
8045025,1,2,1,10,2024,1,19,8.0,1300000.0,16145
8055486,1,1,1,10,2024,2,28,8.0,2300000.0,39443
8082439,1,3,1,10,2024,1,32,10.0,3200000.0,56717
8079972,1,1,1,10,2024,2,21,10.0,700000.0,52005
8083015,1,1,1,10,2024,2,65,10.0,1000000.0,58128
8050215,1,4,1,10,2024,1,21,3.0,2180000.0,27374
8049831,1,2,1,10,2024,1,18,4.0,600000.0,26485
8077976,1,3,1,10,2024,1,27,5.0,900000.0,47358
8047981,1,2,1,10,2024,2,46,3.0,400000.0,22787
8051286,1,2,1,10,2024,2,34,5.0,950000.0,29767
8040531,1,2,1,10,2024,2,38,10.0,1600000.0,5447
8044285,1,3,1,10,2024,1,23,4.0,860000.0,14124
8076269,1,3,1,10,2024,2,61,4.0,1000000.0,43459
8050963,1,1,1,10,2024,2,51,10.0,2600000.0,29329
8051936,1,1,1,10,2024,2,51,3.0,800000.0,31444
8047311,1,4,1,10,2024,1,25,9.0,1000000.0,21408
8054950,1,2,1,10,2024,1,44,5.0,1300000.0,38428
8077135,1,1,1,10,2024,1,29,5.0,1800000.0,45526
8078975,1,1,1,10,2024,1,42,3.0,1900000.0,49582
8077102,1,1,1,10,2024,2,36,5.0,1300000.0,45438
8046822,1,1,1,10,2024,1,23,10.0,2500000.0,20524
8084109,1,3,1,10,2024,2,40,5.0,1300000.0,60524
8053343,1,3,1,10,2024,2,29,10.0,2300000.0,34934
8046554,1,1,1,10,2024,1,27,3.0,350000.0,19866
8044516,1,4,1,10,2024,1,67,5.0,1000000.0,14760
8053663,1,3,1,10,2024,1,25,5.0,1000000.0,35635
8039527,1,2,1,10,2024,1,23,5.0,2000000.0,3240
8084319,1,1,1,10,2024,2,44,5.0,250000.0,60957
8049984,1,3,1,10,2024,2,20,10.0,1300000.0,26819
8084374,1,3,1,10,2024,2,27,10.0,3500000.0,61076
8040898,1,2,1,10,2024,2,32,5.0,1500000.0,6307
8082596,1,1,1,10,2024,1,36,9.0,1300000.0,57083
8075727,1,2,1,10,2024,1,60,9.0,3500000.0,41918
8042652,1,1,1,10,2024,2,64,4.0,700000.0,10231
8076145,1,1,1,10,2024,1,44,3.0,500000.0,43138
8084186,1,4,1,10,2024,1,53,3.0,1000000.0,60656
8051948,1,1,1,10,2024,2,49,5.0,500000.0,31483
8079948,1,3,1,10,2024,1,36,9.0,3000000.0,51967
8046398,1,2,1,10,2024,2,45,9.0,1800000.0,19458
8080936,1,1,1,10,2024,1,30,3.0,1200000.0,54062
8039462,1,1,1,10,2024,1,35,10.0,4000000.0,3097
8048892,1,1,1,10,2024,2,33,3.0,1300000.0,24534
8050773,1,2,1,10,2024,1,39,9.0,1900000.0,28798
8044193,1,1,1,10,2024,1,49,11.0,3600000.0,13859
8039214,1,1,1,10,2024,1,72,5.0,900000.0,2599
8051785,1,1,1,10,2024,2,30,5.0,1420000.0,31036
8085790,1,1,1,10,2024,2,37,9.0,2500000.0,62873
8077441,1,1,1,10,2024,2,42,10.0,2000000.0,46255
8047457,1,2,1,10,2024,2,37,11.0,3200000.0,21662
8055843,1,2,1,10,2024,2,49,8.0,1300000.0,40087
8054083,1,2,1,10,2024,2,19,3.0,900000.0,36462
8084895,1,2,1,10,2024,2,40,9.0,3000000.0,62152
8078138,1,1,1,10,2024,1,36,9.0,1000000.0,47705
8044920,1,1,1,10,2024,1,31,10.0,2000000.0,15849
8083646,1,1,1,10,2024,2,26,8.0,480000.0,59476
8040235,1,2,1,10,2024,2,61,4.0,250000.0,4758
8041052,1,1,1,10,2024,2,41,5.0,1510000.0,6681
8045759,1,1,1,10,2024,1,27,5.0,1500000.0,18118
8052869,1,1,1,10,2024,1,36,1.0,750000.0,33791
8079441,1,1,1,10,2024,1,44,9.0,1500000.0,50756
8041062,1,1,1,10,2024,1,44,10.0,20000000.0,6703
8053278,1,1,1,10,2024,1,54,8.0,2500000.0,34765
8041351,1,2,1,10,2024,2,40,5.0,300000.0,7326
8046168,1,1,1,10,2024,1,27,5.0,1000000.0,18861
8085036,1,2,1,10,2024,1,35,5.0,2000000.0,62484
8084777,1,4,1,10,2024,2,64,4.0,1350000.0,61891
8053243,1,1,1,10,2024,1,29,8.0,1300000.0,34695
8038920,1,2,1,10,2024,1,40,5.0,1300000.0,1821
8084976,1,2,1,10,2024,2,30,3.0,1100000.0,62356
8076324,1,2,1,10,2024,1,47,5.0,250000.0,43589
8050291,1,2,1,10,2024,2,49,5.0,150000.0,27554
8044145,1,1,1,10,2024,2,57,4.0,1300000.0,13750
8038957,1,2,1,10,2024,2,62,9.0,3000000.0,1913
8051307,1,1,1,10,2024,1,45,12.0,6700000.0,29837
8050306,1,2,1,10,2024,2,59,10.0,800000.0,27574
8083704,1,1,1,10,2024,2,44,3.0,300000.0,59584
8077364,1,1,1,10,2024,2,66,7.0,200000.0,46091
8043419,1,1,1,10,2024,2,58,10.0,1600000.0,11926
8048839,1,1,1,10,2024,2,41,5.0,900000.0,24405
8045361,1,1,1,10,2024,2,33,9.0,1900000.0,17033
8053795,1,3,1,10,2024,2,20,5.0,1300000.0,35887
8052415,1,2,1,10,2024,1,35,10.0,1300000.0,32736
8048113,1,4,1,10,2024,2,23,5.0,1300000.0,23073
8049148,1,1,1,10,2024,2,63,3.0,480000.0,25011
8086681,1,3,1,10,2024,1,26,4.0,800000.0,64316
8047296,1,1,1,10,2024,1,67,3.0,1500000.0,21373
8077077,1,2,1,10,2024,2,62,3.0,400000.0,45357
8077749,1,3,1,10,2024,2,39,6.0,1500000.0,46880
8046619,1,1,1,10,2024,2,51,3.0,1300000.0,20050
8044736,1,3,1,10,2024,2,36,5.0,800000.0,15358
8038488,1,3,1,10,2024,2,54,5.0,1500000.0,750
8040411,1,3,1,10,2024,2,36,5.0,500000.0,5148
8050940,1,5,1,10,2024,2,21,10.0,1800000.0,29252
8080846,1,1,1,10,2024,1,59,12.0,8900000.0,53882
8055690,1,1,1,10,2024,1,41,10.0,4680000.0,39826
8045993,1,1,1,10,2024,1,42,6.0,1300000.0,18442
8044607,1,2,1,10,2024,2,35,11.0,3000000.0,15020
8054175,1,3,1,10,2024,2,27,5.0,900000.0,36657
8075856,1,2,1,10,2024,2,46,10.0,2100000.0,42268
8049793,1,1,1,10,2024,1,51,1.0,1200000.0,26379
8051461,1,2,1,10,2024,2,36,5.0,1300000.0,30256
8056496,1,1,1,10,2024,2,43,3.0,800000.0,41438
8040397,1,1,1,10,2024,2,40,10.0,2500000.0,5111
8086441,1,2,1,10,2024,2,47,7.0,2500000.0,63676
8038695,1,3,1,10,2024,2,31,5.0,1600000.0,1251
8042858,1,2,1,10,2024,2,39,5.0,800000.0,10714
8055139,1,2,1,10,2024,1,29,6.0,1300000.0,38784
8048601,1,6,1,10,2024,1,19,5.0,1300000.0,23996
8040745,1,1,1,10,2024,2,55,5.0,800000.0,5923
8082453,1,2,1,10,2024,2,43,5.0,300000.0,56734
8080791,1,1,1,10,2024,1,25,5.0,1500000.0,53761
8055894,1,1,1,10,2024,2,33,8.0,400000.0,40222
8040590,1,1,1,10,2024,1,63,4.0,800000.0,5604
8050846,1,1,1,10,2024,1,30,4.0,6350000.0,28996
8084793,1,2,1,10,2024,2,17,10.0,1200000.0,61927
8079456,1,1,1,10,2024,2,42,8.0,1300000.0,50796
8049242,1,2,1,10,2024,2,25,10.0,1300000.0,25182
8044265,1,2,1,10,2024,2,38,8.0,750000.0,14042
8082807,1,1,1,10,2024,2,44,9.0,1894000.0,57640
8043710,1,1,1,10,2024,2,83,3.0,100000.0,12694
8081310,1,6,1,10,2024,1,70,1.0,1500000.0,54852
8080054,1,1,1,10,2024,1,50,12.0,5160000.0,52151
8055667,1,1,1,10,2024,1,22,6.0,1300000.0,39758
8053354,1,5,1,10,2024,2,36,5.0,550000.0,34973
8083438,1,1,1,10,2024,2,65,3.0,600000.0,59074
8079450,1,1,1,10,2024,1,47,5.0,1400000.0,50786
8085932,1,2,1,10,2024,2,41,10.0,4000000.0,63057
8051414,1,1,1,10,2024,1,69,3.0,800000.0,30136
8083418,1,1,1,10,2024,1,51,3.0,1300000.0,59022
8040287,1,1,1,10,2024,2,38,5.0,380000.0,4864
8050897,1,1,1,10,2024,2,50,5.0,1300000.0,29130
8082511,1,2,1,10,2024,1,28,4.0,600000.0,56869
8040230,1,1,1,10,2024,2,39,8.0,2100000.0,4739
8039282,1,1,1,10,2024,1,35,6.0,1680000.0,2775
8041898,1,1,1,10,2024,2,31,10.0,2800000.0,8553
8084331,1,2,1,10,2024,1,49,4.0,1000000.0,60982
8086272,1,2,1,10,2024,2,34,9.0,350000.0,63372
8050280,1,1,1,10,2024,2,32,8.0,1200000.0,27537
8045224,1,1,1,10,2024,2,45,5.0,1320000.0,16698
8039570,1,1,1,10,2024,2,55,5.0,1300000.0,3309
8053597,1,2,1,10,2024,1,45,5.0,1450000.0,35479
8080387,1,1,1,10,2024,2,58,4.0,400000.0,53033
8086529,1,1,1,10,2024,2,27,8.0,1300000.0,63904
8051572,1,1,1,10,2024,1,61,9.0,3000000.0,30505
8079982,1,2,1,10,2024,2,27,8.0,1000000.0,52016
8046262,1,1,1,10,2024,2,39,5.0,1000000.0,19078
8053549,1,1,1,10,2024,2,53,8.0,1300000.0,35361
8044350,1,1,1,10,2024,1,40,4.0,1300000.0,14318
8050465,1,1,1,10,2024,2,51,3.0,500000.0,28001
8038623,1,1,1,10,2024,1,53,11.0,4500000.0,1032
8047955,1,2,1,10,2024,2,54,5.0,1700000.0,22739
8044235,1,3,1,10,2024,1,36,4.0,350000.0,13922
8046896,1,1,1,10,2024,1,57,4.0,600000.0,20685
8046136,1,3,1,10,2024,2,33,3.0,1560000.0,18784
8046199,1,2,1,10,2024,2,23,10.0,730000.0,18949
8081174,1,1,1,10,2024,1,41,3.0,350000.0,54534
8054516,1,2,1,10,2024,2,43,3.0,1300000.0,37435
8047642,1,1,1,10,2024,1,47,3.0,1000000.0,22057
8083222,1,4,1,10,2024,2,68,5.0,240000.0,58593
8046054,1,2,1,10,2024,2,51,3.0,600000.0,18603
8039315,1,1,1,10,2024,2,43,9.0,1300000.0,2858
8044953,1,1,1,10,2024,2,55,3.0,100000.0,15917
8055856,1,1,1,10,2024,1,40,5.0,2000000.0,40123
8081622,1,2,1,10,2024,1,26,4.0,850000.0,55489
8086305,1,1,1,10,2024,2,60,4.0,1248000.0,63442
8045586,1,2,1,10,2024,2,26,5.0,1300000.0,17678
8047633,1,2,1,10,2024,1,28,10.0,1700000.0,22032
8039781,1,1,1,10,2024,2,18,5.0,1200000.0,3709
8047556,1,1,1,10,2024,1,68,11.0,1000000.0,21837
8076250,1,2,1,10,2024,1,48,3.0,1500000.0,43403
8048051,1,2,1,10,2024,2,29,4.0,1200000.0,22919
8077034,1,3,1,10,2024,1,28,4.0,1300000.0,45221
8042896,1,2,1,10,2024,2,40,11.0,4400000.0,10779
8082867,1,2,1,10,2024,2,42,9.0,1000000.0,57776
8083644,1,1,1,10,2024,2,26,10.0,1300000.0,59472
8056074,1,1,1,10,2024,1,59,5.0,135000.0,40535
8041396,1,5,1,10,2024,1,27,12.0,650000.0,7458
8039616,1,1,1,10,2024,2,33,5.0,1440000.0,3373
8080987,1,2,1,10,2024,2,43,10.0,1200000.0,54163
8053461,1,1,1,10,2024,2,36,12.0,5000000.0,35203
8055694,1,1,1,10,2024,2,45,8.0,1300000.0,39839
8047088,1,1,1,10,2024,2,65,8.0,1300000.0,20963
8047213,1,3,1,10,2024,1,22,10.0,600000.0,21209
8040346,1,1,1,10,2024,1,61,4.0,3000000.0,5006
8047393,1,1,1,10,2024,1,69,10.0,2000000.0,21573
8042403,1,1,1,10,2024,1,48,11.0,4700000.0,9736
8083023,1,1,1,10,2024,1,41,11.0,0.0,58148
8080153,1,1,1,10,2024,1,23,5.0,1600000.0,52432
8084597,1,1,1,10,2024,2,32,10.0,4500000.0,61491
8039678,1,2,1,10,2024,2,31,8.0,1500000.0,3499
8081498,1,1,1,10,2024,2,41,10.0,2800000.0,55289
8082344,1,2,1,10,2024,2,60,10.0,5000000.0,56526
8046909,1,1,1,10,2024,2,68,10.0,6000000.0,20709
8044621,1,1,1,10,2024,2,46,5.0,200000.0,15052
8081225,1,1,1,10,2024,1,35,6.0,1300000.0,54613
8046720,1,2,1,10,2024,2,58,10.0,3800000.0,20280
8053165,1,1,1,10,2024,1,27,5.0,1800000.0,34518
8055462,1,2,1,10,2024,2,41,5.0,3000000.0,39404
8039327,1,1,1,10,2024,1,25,10.0,1300000.0,2894
8052292,1,2,1,10,2024,2,58,8.0,600000.0,32365
8049896,1,1,1,10,2024,1,64,3.0,560000.0,26631
8046615,1,1,1,10,2024,2,28,5.0,1500000.0,20043
8043457,1,2,1,10,2024,2,40,4.0,900000.0,12019
8052279,1,1,1,10,2024,1,57,3.0,1300000.0,32313
8041941,1,2,1,10,2024,1,27,5.0,1300000.0,8672
8048442,1,1,1,10,2024,2,34,10.0,2900000.0,23690
8080550,1,2,1,10,2024,2,53,3.0,1300000.0,53299
8082331,1,1,1,10,2024,1,62,11.0,6000000.0,56492
8079211,1,3,1,10,2024,2,24,10.0,1300000.0,50133
8082999,1,2,1,10,2024,2,54,11.0,2000000.0,58076
8052266,1,2,1,10,2024,1,55,5.0,800000.0,32290
8077332,1,3,1,10,2024,1,21,5.0,1300000.0,46007
8046161,1,1,1,10,2024,1,55,5.0,1200000.0,18847
8051916,1,1,1,10,2024,2,38,5.0,1600000.0,31402
8050528,1,1,1,10,2024,2,46,4.0,1300000.0,28217
8054454,1,3,1,10,2024,1,20,5.0,300000.0,37320
8076662,1,5,1,10,2024,2,51,5.0,1400000.0,44397
8039526,1,1,1,10,2024,2,22,5.0,1300000.0,3237
8051489,1,3,1,10,2024,1,25,5.0,1300000.0,30326
8055323,1,1,1,10,2024,1,68,4.0,1200000.0,39165
8054869,1,1,1,10,2024,1,44,8.0,2600000.0,38245
8038478,1,1,1,10,2024,1,20,4.0,2000000.0,722
8042370,1,2,1,10,2024,2,52,11.0,8700000.0,9655
8075674,1,1,1,10,2024,2,62,10.0,4000000.0,41788
8081268,1,2,1,10,2024,2,49,8.0,400000.0,54747
8047037,1,1,1,10,2024,2,52,5.0,800000.0,20873
8044439,1,2,1,10,2024,2,68,4.0,300000.0,14550
8051344,1,2,1,10,2024,2,27,10.0,2000000.0,29947
8044682,1,1,1,10,2024,1,37,8.0,1300000.0,15223
8039700,1,1,1,10,2024,2,23,5.0,200000.0,3542
8053494,1,2,1,10,2024,1,42,13.0,7500000.0,35255
8042553,1,1,1,10,2024,2,52,3.0,1300000.0,10056
8077517,1,1,1,10,2024,1,42,5.0,1800000.0,46378
8080222,1,1,1,10,2024,2,42,5.0,900000.0,52610
8041022,1,1,1,10,2024,2,30,10.0,1300000.0,6609
8039207,1,2,1,10,2024,2,59,10.0,1300000.0,2584
8050961,1,1,1,10,2024,1,60,4.0,1300000.0,29322
8046676,1,1,1,10,2024,1,54,12.0,15000000.0,20180
8041609,1,1,1,10,2024,1,18,5.0,1600000.0,7962
8044301,1,1,1,10,2024,1,43,5.0,3500000.0,14176
8083466,1,1,1,10,2024,2,56,10.0,2700000.0,59131
8044493,1,4,1,10,2024,2,20,8.0,2000000.0,14686
8055645,1,2,1,10,2024,2,65,5.0,150000.0,39683
8049556,1,1,1,10,2024,2,42,5.0,160000.0,25750
8052283,1,3,1,10,2024,2,40,5.0,400000.0,32324
8076254,1,1,1,10,2024,1,36,5.0,1300000.0,43416
8050042,1,2,1,10,2024,2,35,5.0,1280000.0,26971
8039028,1,1,1,10,2024,1,54,10.0,1500000.0,2067
8084559,1,7,1,10,2024,1,31,3.0,980000.0,61438
8080974,1,2,1,10,2024,2,30,10.0,400000.0,54140
8054846,1,1,1,10,2024,1,40,11.0,6108000.0,38188
8080279,1,2,1,10,2024,1,35,4.0,1000000.0,52753
8052942,1,2,1,10,2024,2,28,5.0,1600000.0,33983
8056491,1,1,1,10,2024,1,40,3.0,1000000.0,41437
8053082,1,1,1,10,2024,2,47,5.0,2100000.0,34358
8040475,1,1,1,10,2024,1,49,6.0,3800000.0,5320
8083674,1,1,1,10,2024,2,31,5.0,1460000.0,59522
8043268,1,1,1,10,2024,1,42,4.0,1350000.0,11534
8055696,1,1,1,10,2024,2,30,8.0,1300000.0,39848
8050012,1,4,1,10,2024,2,34,5.0,160000.0,26895
8077352,1,1,1,10,2024,1,41,8.0,1400000.0,46063
8054375,1,1,1,10,2024,2,25,5.0,900000.0,37112
8078485,1,1,1,10,2024,2,56,5.0,3256000.0,48521
8051107,1,1,1,10,2024,2,36,10.0,2600000.0,29618
8075696,1,1,1,10,2024,2,56,3.0,400000.0,41845
8053178,1,1,1,10,2024,1,54,5.0,3000000.0,34537
8041659,1,1,1,10,2024,2,42,8.0,1500000.0,8084
8054402,1,1,1,10,2024,2,38,10.0,1200000.0,37186
8041371,1,5,1,10,2024,1,18,4.0,1000000.0,7394
8080470,1,1,1,10,2024,2,34,11.0,2400000.0,53138
8042211,1,2,1,10,2024,2,62,5.0,330000.0,9332
8049806,1,2,1,10,2024,2,66,5.0,4500000.0,26413
8084728,1,2,1,10,2024,1,56,1.0,1462000.0,61768
8038666,1,3,1,10,2024,2,41,4.0,720000.0,1145
8045205,1,1,1,10,2024,2,38,4.0,1000000.0,16631
8079447,1,1,1,10,2024,1,52,5.0,1720000.0,50775
8049896,1,2,1,10,2024,2,43,3.0,550000.0,26632
8078713,1,1,1,10,2024,1,67,3.0,500000.0,48992
8076753,1,2,1,10,2024,2,31,11.0,7000000.0,44616
8046644,1,1,1,10,2024,1,45,12.0,6000000.0,20111
8041620,1,1,1,10,2024,2,46,4.0,900000.0,7985
8078855,1,1,1,10,2024,1,37,4.0,1500000.0,49300
8045232,1,1,1,10,2024,1,70,1.0,280000.0,16724
8082856,1,1,1,10,2024,1,24,10.0,1500000.0,57746
8052577,1,2,1,10,2024,2,48,10.0,500000.0,33148
8078113,1,1,1,10,2024,1,52,3.0,800000.0,47657
8049570,1,2,1,10,2024,2,18,5.0,900000.0,25791
8043873,1,1,1,10,2024,2,48,3.0,1700000.0,13101
8082890,1,1,1,10,2024,2,35,8.0,250000.0,57841
8075751,1,1,1,10,2024,1,53,1.0,450000.0,41970
8038753,1,1,1,10,2024,1,64,5.0,100000.0,1409
8054912,1,1,1,10,2024,1,59,3.0,1300000.0,38345
8038959,1,1,1,10,2024,1,41,11.0,4000000.0,1918
8044146,1,1,1,10,2024,2,42,5.0,3500000.0,13753
8077267,1,1,1,10,2024,1,45,4.0,1084000.0,45885
8075984,1,1,1,10,2024,1,40,12.0,3200000.0,42657
8041661,1,1,1,10,2024,1,19,8.0,1350000.0,8092
8050241,1,1,1,10,2024,1,59,5.0,1700000.0,27433
8038336,1,1,1,10,2024,2,33,10.0,2590000.0,404
8052617,1,1,1,10,2024,2,56,8.0,3000000.0,33253
8041251,1,1,1,10,2024,2,41,9.0,0.0,7166
8076303,1,3,1,10,2024,1,30,3.0,200000.0,43538
8052410,1,1,1,10,2024,1,58,8.0,1300000.0,32726
8045337,1,2,1,10,2024,2,57,8.0,1500000.0,16977
8043699,1,4,1,10,2024,2,20,10.0,1300000.0,12663
8049746,1,1,1,10,2024,1,57,5.0,550000.0,26252
8045042,1,2,1,10,2024,1,43,11.0,5200000.0,16181
8050242,1,1,1,10,2024,2,38,5.0,840000.0,27436
8038960,1,1,1,10,2024,2,32,5.0,1400000.0,1922
8054836,1,6,1,10,2024,1,18,5.0,400000.0,38168
8081266,1,2,1,10,2024,1,46,5.0,1300000.0,54739
8055040,1,1,1,10,2024,1,38,12.0,6000000.0,38646
8040164,1,1,1,10,2024,2,51,3.0,1040000.0,4527
8043528,1,1,1,10,2024,2,49,3.0,1300000.0,12249
8045079,1,1,1,10,2024,1,38,4.0,1100000.0,16277
8038311,1,1,1,10,2024,1,38,3.0,2400000.0,335
8053215,1,2,1,10,2024,1,62,3.0,1300000.0,34622
8047398,1,1,1,10,2024,1,42,9.0,400000.0,21581
8053827,1,3,1,10,2024,2,21,10.0,800000.0,35968
8052961,1,2,1,10,2024,2,26,10.0,0.0,34038
8043501,1,2,1,10,2024,2,25,9.0,1300000.0,12165
8044561,1,1,1,10,2024,2,64,3.0,300000.0,14896
8040181,1,1,1,10,2024,1,52,4.0,1000000.0,4590
8055570,1,2,1,10,2024,2,64,4.0,15000000.0,39562
8053780,1,1,1,10,2024,1,26,5.0,1000000.0,35870
8043144,1,2,1,10,2024,2,35,9.0,1900000.0,11253
8039836,1,2,1,10,2024,2,61,3.0,850000.0,3807
8050496,1,1,1,10,2024,2,68,5.0,1069000.0,28109
8042155,1,3,1,10,2024,2,52,5.0,1000000.0,9195
8045184,1,1,1,10,2024,2,37,12.0,6000000.0,16573
8047860,1,1,1,10,2024,2,44,5.0,1320000.0,22559
8082714,1,2,1,10,2024,2,27,5.0,1200000.0,57390
8046464,1,1,1,10,2024,2,69,11.0,6800000.0,19605
8079025,1,2,1,10,2024,1,45,3.0,500000.0,49697
8042694,1,1,1,10,2024,2,40,12.0,3200000.0,10333
8051911,1,1,1,10,2024,2,36,10.0,1900000.0,31391
8050702,1,1,1,10,2024,2,51,4.0,600000.0,28624
8048929,1,2,1,10,2024,2,29,5.0,2500000.0,24611
8050001,1,2,1,10,2024,1,25,5.0,1300000.0,26863
8046696,1,1,1,10,2024,1,47,11.0,2100000.0,20220
8040620,1,1,1,10,2024,1,54,3.0,750000.0,5659
8040822,1,1,1,10,2024,1,47,5.0,2000000.0,6104
8079734,2,1,2,10,2024,1,36,5.0,1400000.0,51358
8083232,1,2,1,10,2024,2,43,5.0,1860000.0,58621
8080760,1,3,1,10,2024,1,61,3.0,1300000.0,53704
8077241,1,1,1,10,2024,1,58,3.0,1000000.0,45809
8047175,1,2,1,10,2024,1,36,8.0,1300000.0,21108
8055406,1,2,1,10,2024,2,60,5.0,1300000.0,39344
8055872,1,1,1,10,2024,2,31,11.0,8536104.0,40173
8053234,1,1,1,10,2024,2,45,5.0,1300000.0,34675
8049108,1,1,1,10,2024,2,37,6.0,1855000.0,24930
8082091,1,1,1,10,2024,2,65,3.0,400000.0,56083
8049512,1,1,1,10,2024,2,58,5.0,1150000.0,25649
8039591,1,1,1,10,2024,1,57,10.0,4300000.0,3341
8047634,1,1,1,10,2024,2,60,10.0,1300000.0,22033
8081268,1,1,1,10,2024,1,69,10.0,1300000.0,54746
8080925,1,1,1,10,2024,1,35,5.0,1600000.0,54032
8039154,1,1,1,10,2024,2,48,8.0,1300000.0,2457
8041019,1,3,1,10,2024,2,24,5.0,1300000.0,6599
8076063,1,1,1,10,2024,1,57,3.0,152500.0,42896
8083559,1,1,1,10,2024,2,61,10.0,500000.0,59304
8046313,1,2,1,10,2024,2,49,5.0,1500000.0,19260
8054959,1,1,1,10,2024,2,33,10.0,4000000.0,38440
8045341,1,1,1,10,2024,2,53,3.0,1300000.0,16988
8045104,1,1,1,10,2024,1,29,9.0,1300000.0,16346
8038819,1,2,1,10,2024,2,59,10.0,2000000.0,1568
8041001,1,2,1,10,2024,1,42,4.0,800000.0,6544
8041196,1,1,1,10,2024,2,47,11.0,6300000.0,7042
8040705,1,1,1,10,2024,1,28,3.0,800000.0,5811
8041659,1,2,1,10,2024,1,39,9.0,1400000.0,8085
8043539,1,1,1,10,2024,2,43,8.0,1300000.0,12272
8050592,1,1,1,10,2024,2,47,8.0,1300000.0,28384
8086648,1,1,1,10,2024,1,61,9.0,3000000.0,64216
8041956,1,3,1,10,2024,1,40,3.0,1300000.0,8721
8042506,1,2,1,10,2024,2,24,8.0,1240000.0,9967
8055062,1,1,1,10,2024,2,54,8.0,900000.0,38701
8056423,1,2,1,10,2024,1,52,5.0,3000000.0,41313
8046053,1,2,1,10,2024,2,58,3.0,700000.0,18601
8076406,1,2,1,10,2024,2,35,11.0,4500000.0,43777
8045715,1,2,1,10,2024,2,22,5.0,1400000.0,18001
8083120,1,2,1,10,2024,2,67,5.0,1000000.0,58388
8084894,1,1,1,10,2024,1,53,8.0,3000000.0,62149
8081511,1,2,1,10,2024,2,46,12.0,5400000.0,55327
8083236,1,2,1,10,2024,2,43,10.0,2000000.0,58628
8051374,1,2,1,10,2024,1,56,11.0,4000000.0,30024
8054034,1,2,1,10,2024,1,31,10.0,3700000.0,36347
8044884,1,1,1,10,2024,1,55,3.0,1300000.0,15747
8041648,1,1,1,10,2024,2,43,5.0,17000000.0,8061
8042118,1,1,1,10,2024,1,35,1.0,1000000.0,9071
8052822,1,1,1,10,2024,1,34,8.0,3200000.0,33677
8043215,1,2,1,10,2024,1,27,4.0,1300000.0,11412
8038938,1,3,1,10,2024,2,30,8.0,1300000.0,1870
8049647,1,2,1,10,2024,1,58,3.0,1200000.0,25988
8083312,1,1,1,10,2024,2,38,9.0,1600000.0,58817
8084952,1,2,1,10,2024,1,46,3.0,1500000.0,62262
8045264,1,2,1,10,2024,1,57,5.0,1000000.0,16795
8079646,1,1,1,10,2024,1,30,8.0,1300000.0,51122
8040123,1,2,1,10,2024,2,38,8.0,2600000.0,4432
8054495,1,1,1,10,2024,2,34,9.0,16000000.0,37396
8044742,1,2,1,10,2024,1,25,4.0,1100000.0,15370
8048174,1,1,1,10,2024,1,43,5.0,1400000.0,23234
8048232,1,3,1,10,2024,2,25,8.0,1300000.0,23319
8082190,1,1,1,10,2024,2,49,8.0,2500000.0,56267
8049396,1,2,1,10,2024,2,30,12.0,4500000.0,25505
8052195,1,1,1,10,2024,1,35,5.0,750000.0,32076
8076146,1,2,1,10,2024,2,36,5.0,500000.0,43144
8051943,1,3,1,10,2024,1,19,5.0,1000000.0,31467
8084017,1,2,1,10,2024,2,31,5.0,900000.0,60245
8076178,1,1,1,10,2024,2,80,8.0,250000.0,43239
8042692,1,3,1,10,2024,1,31,10.0,2600000.0,10325
8043711,1,2,1,10,2024,1,27,5.0,1900000.0,12696
8084245,1,2,1,10,2024,1,32,10.0,700000.0,60792
8076159,1,2,1,10,2024,2,27,8.0,500000.0,43169
8051384,1,1,1,10,2024,2,51,11.0,4500000.0,30049
8055048,1,1,1,10,2024,1,46,5.0,300000.0,38668
8045469,1,4,1,10,2024,1,18,3.0,980000.0,17364
8056162,1,1,1,10,2024,2,60,5.0,120000.0,40728
8053459,1,1,1,10,2024,2,44,5.0,1750000.0,35197
8086593,1,1,1,10,2024,1,56,3.0,1500000.0,64092
8080368,1,1,1,10,2024,2,29,10.0,6000000.0,52974
8079712,1,4,1,10,2024,1,27,8.0,300000.0,51269
8038865,1,1,1,10,2024,1,63,3.0,1200000.0,1678
8038305,1,1,1,10,2024,1,27,10.0,4500000.0,320
8053298,1,3,1,10,2024,1,40,10.0,800000.0,34816
8054889,1,1,1,10,2024,2,40,10.0,2900000.0,38298
8076409,1,2,1,10,2024,1,47,4.0,1000000.0,43783
8079916,1,1,1,10,2024,2,33,5.0,1300000.0,51919
8078115,1,1,1,10,2024,1,75,3.0,500000.0,47667
8082049,1,1,1,10,2024,1,25,5.0,900000.0,56025
8050835,1,2,1,10,2024,2,20,5.0,1300000.0,28962
8051767,1,1,1,10,2024,2,40,5.0,200000.0,30999
8043919,1,2,1,10,2024,2,31,8.0,1500000.0,13220
8043432,1,2,1,10,2024,1,21,4.0,1400000.0,11958
8048459,1,3,1,10,2024,2,20,5.0,800000.0,23718
8084073,1,1,1,10,2024,1,71,10.0,4500000.0,60438
8044962,1,1,1,10,2024,1,49,10.0,1450000.0,15947
8045351,1,2,1,10,2024,2,25,10.0,1300000.0,17008
8076825,1,3,1,10,2024,2,30,10.0,600000.0,44769
8038992,1,1,1,10,2024,2,35,8.0,3000000.0,1991
8083781,1,2,1,10,2024,2,36,5.0,2500000.0,59744
8084578,1,2,1,10,2024,2,35,9.0,1300000.0,61475
8042106,1,3,1,10,2024,1,22,4.0,3500000.0,9046
8040652,1,1,1,10,2024,2,78,3.0,2500000.0,5721
8049763,1,1,1,10,2024,1,59,4.0,1000000.0,26295
8043283,1,1,1,10,2024,1,69,3.0,600000.0,11571
8078788,1,1,1,10,2024,1,65,3.0,1650000.0,49162
8076087,1,3,1,10,2024,1,24,10.0,2000000.0,42965
8046425,1,3,1,10,2024,1,44,5.0,3000000.0,19516
8039478,1,5,1,10,2024,1,59,10.0,6000000.0,3129
8079458,1,3,1,10,2024,1,30,9.0,1000000.0,50802
8044070,1,1,1,10,2024,2,30,5.0,1000000.0,13580
8050271,1,3,1,10,2024,1,20,5.0,1700000.0,27517
8048024,1,1,1,10,2024,2,59,5.0,400000.0,22875
8043012,1,2,1,10,2024,2,74,9.0,100000.0,10947
8084284,1,3,1,10,2024,2,33,10.0,3800000.0,60888
8052588,1,1,1,10,2024,2,48,10.0,2300000.0,33180
8041222,1,2,1,10,2024,2,60,10.0,2496000.0,7107
8039299,1,1,1,10,2024,1,57,10.0,2000000.0,2826
8047118,1,1,1,10,2024,1,47,11.0,20000000.0,21014
8040039,1,5,1,10,2024,1,46,5.0,1300000.0,4237
8050695,1,1,1,10,2024,2,67,3.0,1000000.0,28610
8039122,2,1,2,10,2024,2,61,9.0,1050000.0,2363
8049374,1,3,1,10,2024,1,23,5.0,800000.0,25463
8048275,1,1,1,10,2024,2,68,3.0,300000.0,23411
8081744,1,1,1,10,2024,1,41,8.0,1600000.0,55679
8076641,1,3,1,10,2024,1,25,5.0,1300000.0,44347
8046453,1,3,1,10,2024,1,34,10.0,2560000.0,19576
8039546,1,1,1,10,2024,1,24,10.0,1300000.0,3272
8055536,1,1,1,10,2024,2,45,8.0,1300000.0,39526
8039745,1,2,1,10,2024,1,15,4.0,600000.0,3642
8050895,1,1,1,10,2024,1,37,10.0,5800000.0,29122
8080116,1,1,1,10,2024,1,48,4.0,800000.0,52318
8054974,1,1,1,10,2024,2,46,5.0,600000.0,38475
8047304,1,1,1,10,2024,1,67,10.0,6000000.0,21388
8084130,1,1,1,10,2024,1,21,10.0,2400000.0,60539
8084239,1,1,1,10,2024,1,50,5.0,900000.0,60777
8040020,1,1,1,10,2024,2,66,5.0,150000.0,4180
8045090,1,2,1,10,2024,2,25,6.0,1350000.0,16311
8077775,1,1,1,10,2024,1,39,5.0,1300000.0,46931
8055784,1,2,1,10,2024,1,52,3.0,500000.0,39959
8051267,1,1,1,10,2024,2,34,12.0,4000000.0,29717
8043402,1,2,1,10,2024,2,34,10.0,1300000.0,11877
8042356,1,2,1,10,2024,2,36,10.0,4945000.0,9633
8081513,1,2,1,10,2024,2,33,8.0,500000.0,55333
8038753,1,4,1,10,2024,2,34,8.0,1300000.0,1412
8044277,1,1,1,10,2024,2,69,3.0,120000.0,14084
8055014,1,1,1,10,2024,1,34,3.0,1200000.0,38566
8052052,1,2,1,10,2024,2,28,10.0,5200000.0,31707
8082948,1,1,1,10,2024,2,35,11.0,3900000.0,57967
8052220,1,1,1,10,2024,1,57,5.0,250000.0,32145
8050565,1,1,1,10,2024,1,41,11.0,8000000.0,28328
8050622,1,1,1,10,2024,1,58,10.0,9800000.0,28451
8052048,1,2,1,10,2024,2,28,5.0,800000.0,31700
8045937,1,1,1,10,2024,2,37,3.0,150000.0,18281
8041912,1,3,1,10,2024,1,26,5.0,1300000.0,8587
8041473,1,1,1,10,2024,2,51,3.0,1300000.0,7649
8084064,1,2,1,10,2024,2,46,4.0,1500000.0,60405
8079235,1,1,1,10,2024,2,28,5.0,300000.0,50229
8054436,1,1,1,10,2024,1,29,5.0,1200000.0,37281
8039778,1,2,1,10,2024,1,32,8.0,1700000.0,3707
8053429,1,2,1,10,2024,2,38,9.0,2000000.0,35163
8051071,1,1,1,10,2024,1,23,10.0,900000.0,29607
8041411,1,1,1,10,2024,1,62,3.0,1500000.0,7498
8081888,1,4,1,10,2024,2,29,10.0,200000.0,55793
8082335,1,3,1,10,2024,2,38,4.0,500000.0,56504
8039097,1,4,1,10,2024,1,24,10.0,1800000.0,2290
8045792,1,1,1,10,2024,2,43,5.0,1500000.0,18190
8084281,1,1,1,10,2024,2,30,5.0,300000.0,60879
8078197,1,1,1,10,2024,2,44,6.0,1300000.0,47848
8075673,1,1,1,10,2024,1,21,4.0,2200000.0,41786
8043114,1,3,1,10,2024,1,20,4.0,1280000.0,11180
8044329,1,1,1,10,2024,2,42,11.0,10400000.0,14258
8075786,1,1,1,10,2024,1,43,4.0,600000.0,42070
8051842,1,2,1,10,2024,2,60,4.0,0.0,31221
8080330,1,1,1,10,2024,1,32,4.0,1300000.0,52872
8050798,1,2,1,10,2024,2,50,10.0,3000000.0,28860
8077018,1,3,1,10,2024,2,31,8.0,2200000.0,45175
8049026,1,4,1,10,2024,1,28,10.0,1540000.0,24783
8046117,1,3,1,10,2024,2,32,5.0,750000.0,18754
8044973,1,1,1,10,2024,2,41,10.0,1450000.0,15972
8083340,1,4,1,10,2024,2,22,5.0,1000000.0,58887
8042211,1,1,1,10,2024,1,65,11.0,46000000.0,9331
8079083,1,1,1,10,2024,1,64,3.0,1500000.0,49825
8078303,1,1,1,10,2024,1,36,3.0,1300000.0,48121
8053701,1,1,1,10,2024,1,50,5.0,1200000.0,35746
8038683,1,2,1,10,2024,2,22,8.0,1300000.0,1204
8055689,1,3,1,10,2024,2,21,10.0,1900000.0,39825
8039770,1,1,1,10,2024,1,43,10.0,2200000.0,3697
8048910,1,2,1,10,2024,1,50,3.0,900000.0,24571
8045041,1,1,1,10,2024,2,39,10.0,1338000.0,16177
8046207,1,1,1,10,2024,2,53,4.0,1000000.0,18971
8038691,1,1,1,10,2024,1,44,4.0,1500000.0,1241
8039870,1,3,1,10,2024,1,25,10.0,4200000.0,3873
8053127,1,2,1,10,2024,2,39,8.0,1600000.0,34446
8045189,1,4,1,10,2024,2,21,4.0,800000.0,16587
8081276,1,1,1,10,2024,1,32,5.0,700000.0,54761
8084087,1,2,1,10,2024,2,21,10.0,1300000.0,60468
8055489,1,1,1,10,2024,1,41,5.0,3000000.0,39447
8079168,1,4,1,10,2024,1,36,5.0,700000.0,50020
8043942,1,3,1,10,2024,1,30,5.0,800000.0,13273
8038883,1,4,1,10,2024,2,47,9.0,1350000.0,1722
8052300,1,2,1,10,2024,1,55,1.0,900000.0,32386
8045339,1,1,1,10,2024,2,39,10.0,750000.0,16981
8082503,1,2,1,10,2024,1,67,3.0,200000.0,56860
8083706,1,2,1,10,2024,1,30,10.0,2600000.0,59591
8083558,1,1,1,10,2024,2,32,11.0,4000000.0,59303
8081654,1,1,1,10,2024,2,60,3.0,150000.0,55556
8049183,1,6,1,10,2024,2,44,8.0,1300000.0,25071
8048579,1,2,1,10,2024,2,43,11.0,3500000.0,23952
8078188,1,1,1,10,2024,2,31,5.0,1200000.0,47819
8049773,1,1,1,10,2024,2,62,3.0,900000.0,26317
8083049,1,3,1,10,2024,2,38,5.0,280000.0,58208
8081388,1,1,1,10,2024,1,51,5.0,900000.0,55021
8051602,1,2,1,10,2024,2,20,10.0,1300000.0,30578
8048724,1,1,1,10,2024,1,31,10.0,7000000.0,24223
8081262,1,1,1,10,2024,1,29,8.0,700000.0,54729
8038519,1,3,1,10,2024,1,25,12.0,1300000.0,814
8080578,1,2,1,10,2024,2,39,12.0,7000000.0,53354
8051568,1,1,1,10,2024,1,61,9.0,3000000.0,30497
8076622,1,2,1,10,2024,1,29,5.0,1700000.0,44296
8085002,1,2,1,10,2024,2,36,8.0,1000000.0,62409
8078443,1,1,1,10,2024,1,25,5.0,1400000.0,48414
8049990,1,1,1,10,2024,1,37,9.0,2300000.0,26835
8077016,1,3,1,10,2024,2,26,8.0,2200000.0,45166
8084920,1,1,1,10,2024,1,40,5.0,2500000.0,62206
8047108,1,3,1,10,2024,1,32,5.0,1300000.0,21005
8081507,1,1,1,10,2024,2,41,5.0,500000.0,55314
8044723,1,1,1,10,2024,2,43,4.0,1000000.0,15323
8039139,1,1,1,10,2024,2,43,8.0,1500000.0,2418
8052581,1,1,1,10,2024,1,44,5.0,3600000.0,33161
8055445,1,2,1,10,2024,2,37,5.0,700000.0,39384
8044300,1,3,1,10,2024,1,27,10.0,3000000.0,14174
8079601,1,2,1,10,2024,2,55,5.0,3000000.0,51044
8044203,1,1,1,10,2024,2,57,5.0,2600000.0,13882
8044844,1,2,1,10,2024,2,44,8.0,1300000.0,15641
8049729,1,3,1,10,2024,2,16,5.0,960000.0,26205
8044243,1,7,1,10,2024,1,44,5.0,500000.0,13953
8042159,1,2,1,10,2024,2,46,10.0,1300000.0,9206
8051531,1,1,1,10,2024,1,61,9.0,3000000.0,30423
8048705,1,2,1,10,2024,2,28,10.0,4000000.0,24152
8045959,1,1,1,10,2024,2,51,5.0,200000.0,18340
8046701,1,1,1,10,2024,1,62,5.0,2000000.0,20236
8082135,1,1,1,10,2024,2,48,5.0,1300000.0,56177
8045482,1,2,1,10,2024,2,30,5.0,400000.0,17402
8043676,1,1,1,10,2024,2,19,5.0,900000.0,12613
8076368,1,2,1,10,2024,2,46,4.0,700000.0,43681
8079733,1,1,1,10,2024,1,54,3.0,1400000.0,51351
8054070,1,4,1,10,2024,1,18,4.0,1200000.0,36430
8044654,1,2,1,10,2024,1,59,5.0,1500000.0,15152
8049712,1,1,1,10,2024,2,33,5.0,1300000.0,26151
8041903,1,2,1,10,2024,2,45,10.0,1800000.0,8561
8045010,1,3,1,10,2024,2,32,5.0,1000000.0,16101
8050236,1,1,1,10,2024,2,38,5.0,1300000.0,27422
8044420,1,2,1,10,2024,1,38,5.0,1300000.0,14497
8077465,1,1,1,10,2024,2,36,3.0,600000.0,46300
8042007,1,1,1,10,2024,1,80,1.0,500000.0,8854
8048704,1,1,1,10,2024,1,60,11.0,3000000.0,24148
8043785,1,2,1,10,2024,1,33,5.0,1000000.0,12901
8046002,1,2,1,10,2024,2,50,3.0,330000.0,18467
8047448,1,1,1,10,2024,2,50,5.0,700000.0,21649
8082097,1,1,1,10,2024,2,22,5.0,320000.0,56092
8041409,1,1,1,10,2024,2,84,10.0,700000.0,7495
8042788,1,1,1,10,2024,2,38,8.0,250000.0,10541
8042876,1,1,1,10,2024,1,24,5.0,1920000.0,10736
8079778,1,2,1,10,2024,2,30,8.0,500000.0,51543
8081014,1,7,1,10,2024,2,34,5.0,600000.0,54225
8082674,1,2,1,10,2024,2,33,5.0,280000.0,57293
8047975,1,2,1,10,2024,1,77,1.0,250000.0,22778
8047212,1,2,1,10,2024,2,59,3.0,200000.0,21203
8085765,1,1,1,10,2024,2,24,5.0,3600000.0,62804
8053885,1,2,1,10,2024,1,23,5.0,1300000.0,36074
8054731,1,3,1,10,2024,1,26,5.0,1000000.0,37917
8044085,1,2,1,10,2024,2,38,10.0,4500000.0,13623
8081504,1,1,1,10,2024,2,27,5.0,900000.0,55307
8084744,1,2,1,10,2024,2,55,3.0,500000.0,61819
8038334,1,2,1,10,2024,2,28,10.0,3000000.0,401
8050341,1,2,1,10,2024,1,38,4.0,1300000.0,27684
8045674,1,1,1,10,2024,2,66,5.0,1450000.0,17899
8045258,1,3,1,10,2024,1,40,10.0,2000000.0,16780
8047101,1,2,1,10,2024,1,74,5.0,3500000.0,20991
8054831,1,1,1,10,2024,2,17,3.0,100000.0,38158
8055381,1,1,1,10,2024,2,44,5.0,1300000.0,39289
8053394,1,4,1,10,2024,1,65,4.0,700000.0,35108
8076101,1,1,1,10,2024,1,47,1.0,1300000.0,42984
8051759,1,1,1,10,2024,2,64,11.0,6259000.0,30982
8042252,1,1,1,10,2024,1,56,10.0,3326701.0,9428
8075860,1,1,1,10,2024,2,60,5.0,2000000.0,42278
8084643,1,1,1,10,2024,1,27,6.0,1800000.0,61578
8052438,1,1,1,10,2024,1,66,3.0,1650000.0,32794
8056101,1,1,1,10,2024,2,47,4.0,500000.0,40600
8046797,1,2,1,10,2024,1,41,3.0,400000.0,20463
8081510,1,1,1,10,2024,2,59,5.0,200000.0,55324
8038909,1,1,1,10,2024,2,25,5.0,1800000.0,1783
8047528,1,3,1,10,2024,2,31,5.0,500000.0,21774
8080608,1,1,1,10,2024,2,42,4.0,1000000.0,53422
8076680,1,2,1,10,2024,1,30,8.0,1300000.0,44436
8077982,1,3,1,10,2024,1,31,10.0,800000.0,47380
8040870,1,2,1,10,2024,1,32,10.0,1600000.0,6252
8080395,1,1,1,10,2024,2,33,5.0,700000.0,53058
8041685,1,1,1,10,2024,2,37,5.0,700000.0,8134
8078228,1,1,1,10,2024,1,69,3.0,0.0,47942
8041908,1,1,1,10,2024,2,31,10.0,3000000.0,8573
8040426,1,2,1,10,2024,2,29,8.0,700000.0,5185
8054152,1,1,1,10,2024,2,38,5.0,360000.0,36600
8077376,1,3,1,10,2024,2,23,8.0,1300000.0,46117
8083549,1,1,1,10,2024,1,66,4.0,1300000.0,59285
8047643,1,1,1,10,2024,1,41,5.0,900000.0,22062
8049962,1,1,1,10,2024,2,61,5.0,4000000.0,26756
8055888,1,1,1,10,2024,2,29,12.0,2000000.0,40205
8043597,1,1,1,10,2024,2,40,5.0,550000.0,12402
8041002,1,1,1,10,2024,2,47,3.0,800000.0,6547
8048813,1,2,1,10,2024,2,45,10.0,800000.0,24345
8086858,1,1,1,10,2024,2,45,12.0,6500000.0,64596
8078789,1,1,1,10,2024,1,25,5.0,2080000.0,49166
8047951,1,1,1,10,2024,2,53,11.0,4300000.0,22732
8050965,1,1,1,10,2024,1,73,3.0,1500000.0,29333
8086381,1,1,1,10,2024,1,61,9.0,3000000.0,63571
8084376,1,2,1,10,2024,1,42,3.0,1500000.0,61084
8078697,1,2,1,10,2024,2,45,10.0,3500000.0,48959
8041070,1,1,1,10,2024,1,38,10.0,8000000.0,6721
8056165,1,2,1,10,2024,1,26,3.0,1000000.0,40737
8081479,1,1,1,10,2024,2,31,10.0,3000000.0,55238
8076516,1,3,1,10,2024,1,42,4.0,600000.0,44065
8051903,1,1,1,10,2024,1,56,5.0,1000000.0,31373
8084375,1,3,1,10,2024,1,21,4.0,1300000.0,61081
8054155,1,2,1,10,2024,1,33,10.0,600000.0,36612
8084533,1,2,1,10,2024,2,38,5.0,180000.0,61380
8050164,1,3,1,10,2024,2,27,8.0,1600000.0,27247
8044328,1,1,1,10,2024,1,45,4.0,2000000.0,14254
8048511,1,1,1,10,2024,2,71,5.0,500000.0,23819
8043485,1,2,1,10,2024,2,58,5.0,400000.0,12107
8038399,1,4,1,10,2024,1,51,5.0,1300000.0,568
8052721,1,2,1,10,2024,2,38,3.0,450000.0,33433
8083227,1,1,1,10,2024,1,47,5.0,1500000.0,58606
8086563,1,3,1,10,2024,2,49,11.0,6720000.0,63989
8083664,1,3,1,10,2024,2,25,10.0,1300000.0,59510
8053180,1,2,1,10,2024,2,57,5.0,1300000.0,34543
8077967,1,4,1,10,2024,2,42,5.0,818000.0,47331
8042075,1,1,1,10,2024,1,56,5.0,1200000.0,8969
8084305,1,3,1,10,2024,2,24,10.0,150000.0,60919
8082619,1,1,1,10,2024,1,43,3.0,2000000.0,57112
8052592,1,1,1,10,2024,2,50,1.0,480000.0,33189
8038826,1,2,1,10,2024,2,25,5.0,1300000.0,1584
8049311,1,5,1,10,2024,2,21,4.0,1200000.0,25326
8078098,1,2,1,10,2024,2,23,6.0,1000000.0,47626
8052881,1,1,1,10,2024,1,37,5.0,2800000.0,33818
8043582,1,1,1,10,2024,2,55,5.0,1300000.0,12367
8077833,1,1,1,10,2024,2,68,3.0,200000.0,47048
8052124,1,2,1,10,2024,1,61,3.0,1400000.0,31914
8046129,1,1,1,10,2024,1,62,11.0,3000000.0,18777
8054788,1,1,1,10,2024,1,48,12.0,3900000.0,38067
8079923,1,1,1,10,2024,2,32,10.0,2340000.0,51930
8081696,1,1,1,10,2024,1,54,8.0,600000.0,55625
8052157,1,1,1,10,2024,2,66,5.0,1100000.0,31985
8047218,1,1,1,10,2024,2,57,3.0,0.0,21220
8048031,1,2,1,10,2024,2,27,5.0,300000.0,22884
8080294,1,3,1,10,2024,2,29,6.0,400000.0,52783
8050187,1,2,1,10,2024,2,51,1.0,150000.0,27293
8053598,1,1,1,10,2024,2,42,5.0,1300000.0,35483
8050442,1,1,1,10,2024,1,39,5.0,1600000.0,27940
8079846,1,1,1,10,2024,2,44,4.0,1600000.0,51732
8084689,1,2,1,10,2024,2,20,5.0,800000.0,61696
8052832,1,1,1,10,2024,1,31,5.0,1300000.0,33711
8080169,1,2,1,10,2024,2,54,10.0,3100000.0,52464
8044306,1,2,1,10,2024,2,68,4.0,2000000.0,14190
8078375,1,1,1,10,2024,2,61,6.0,1000000.0,48287
8051393,1,3,1,10,2024,2,38,5.0,1300000.0,30069
8045985,1,1,1,10,2024,2,55,4.0,340000.0,18421
8076169,1,2,1,10,2024,1,30,5.0,700000.0,43208
8048842,1,1,1,10,2024,2,50,10.0,3000000.0,24411
8043923,1,2,1,10,2024,1,39,4.0,2000000.0,13230
8055076,1,2,1,10,2024,1,26,5.0,900000.0,38713
8053813,1,1,1,10,2024,1,50,4.0,1500000.0,35937
8078302,1,1,1,10,2024,1,32,3.0,1000000.0,48118
8052778,1,3,1,10,2024,2,20,10.0,600000.0,33575
8076582,1,1,1,10,2024,2,30,10.0,1000000.0,44195
8083082,1,1,1,10,2024,2,77,3.0,600000.0,58286
8049831,1,1,1,10,2024,2,35,3.0,500000.0,26484
8055977,1,1,1,10,2024,2,35,10.0,600000.0,40367
8043014,1,1,1,10,2024,1,46,3.0,500000.0,10950
8046344,1,1,1,10,2024,1,34,4.0,1450000.0,19338
8077986,1,1,1,10,2024,1,45,4.0,1000000.0,47389
8045432,1,2,1,10,2024,2,49,5.0,1440000.0,17245
8055983,1,1,1,10,2024,2,59,4.0,450000.0,40381
8054358,1,1,1,10,2024,2,29,5.0,900000.0,37077
8038495,1,1,1,10,2024,1,64,5.0,2500000.0,757
8039893,1,3,1,10,2024,2,29,5.0,250000.0,3919
8048849,1,2,1,10,2024,2,22,10.0,1000000.0,24428
8047998,1,1,1,10,2024,2,30,5.0,1300000.0,22822
8051322,1,1,1,10,2024,2,50,5.0,1312000.0,29884
8055647,1,3,1,10,2024,2,30,5.0,400000.0,39689
8038662,1,2,1,10,2024,1,65,5.0,700000.0,1127
8054242,1,1,1,10,2024,1,37,3.0,800000.0,36807
8041223,1,2,1,10,2024,2,30,5.0,450000.0,7111
8053995,1,1,1,10,2024,1,44,5.0,1300000.0,36291
8077061,1,1,1,10,2024,1,40,3.0,800000.0,45299
8055239,1,1,1,10,2024,2,45,5.0,2000000.0,39036
8047114,1,4,1,10,2024,1,53,5.0,1300000.0,21012
8049369,1,1,1,10,2024,1,42,3.0,1600000.0,25440
8054279,1,1,1,10,2024,2,25,3.0,1000000.0,36861
8055762,1,2,1,10,2024,2,52,3.0,400000.0,39905
8038509,1,3,1,10,2024,1,35,9.0,2700000.0,788
8038518,1,2,1,10,2024,2,51,5.0,600000.0,809
8040137,1,2,1,10,2024,2,30,5.0,500000.0,4470
8041204,1,3,1,10,2024,2,25,10.0,3000000.0,7065
8054202,1,1,1,10,2024,1,27,8.0,500000.0,36731
8084319,1,2,1,10,2024,1,50,5.0,1600000.0,60958
8044705,1,1,1,10,2024,1,28,5.0,1450000.0,15288
8083519,1,4,1,10,2024,1,23,8.0,1300000.0,59220
8081014,1,1,1,10,2024,2,60,3.0,700000.0,54219
8084971,1,1,1,10,2024,1,62,3.0,900000.0,62332
8049045,1,4,1,10,2024,2,32,5.0,1300000.0,24814
8038574,1,1,1,10,2024,1,45,4.0,1000000.0,934
8051357,1,3,1,10,2024,1,25,10.0,400000.0,29985
8040852,1,1,1,10,2024,2,34,9.0,1500000.0,6188
8078334,1,2,1,10,2024,1,36,3.0,900000.0,48200
8048017,1,2,1,10,2024,1,33,9.0,3000000.0,22864
8042539,1,1,1,10,2024,1,39,3.0,1950000.0,10026
8050194,1,1,1,10,2024,2,29,8.0,100000.0,27316
8040339,1,3,1,10,2024,2,25,8.0,1300000.0,4991
8053398,1,2,1,10,2024,2,44,10.0,2600000.0,35119
8040856,1,2,1,10,2024,2,25,8.0,1300000.0,6207
8055423,1,2,1,10,2024,2,30,10.0,2500000.0,39362
8040194,1,1,1,10,2024,1,30,5.0,1462000.0,4630
8081122,1,1,1,10,2024,2,28,10.0,4000000.0,54433
8049135,1,3,1,10,2024,1,33,8.0,1600000.0,24982
8052085,1,3,1,10,2024,2,30,10.0,1800000.0,31808
8051564,1,1,1,10,2024,1,61,9.0,3000000.0,30489
8040286,1,1,1,10,2024,1,60,3.0,1200000.0,4861
8079170,1,3,1,10,2024,2,24,7.0,350000.0,50026
8053235,1,1,1,10,2024,1,52,5.0,1500000.0,34677
8053226,1,2,1,10,2024,2,43,8.0,1500000.0,34651
8051440,1,2,1,10,2024,2,30,10.0,1900000.0,30210
8076912,1,1,1,10,2024,1,36,3.0,1550000.0,44955
8043171,1,2,1,10,2024,1,38,5.0,4000000.0,11331
8077642,1,1,1,10,2024,2,44,4.0,1300000.0,46648
8077113,1,1,1,10,2024,2,38,3.0,200000.0,45464
8079671,1,1,1,10,2024,2,40,5.0,1300000.0,51181
8053719,1,1,1,10,2024,1,41,3.0,1500000.0,35795
8053672,1,1,1,10,2024,2,67,3.0,800000.0,35655
8080861,1,1,1,10,2024,1,46,5.0,1800000.0,53904
8038432,1,1,1,10,2024,1,67,5.0,1800000.0,651
8039114,1,1,1,10,2024,1,44,8.0,2000000.0,2340
8038687,1,3,1,10,2024,2,29,8.0,600000.0,1221
8083995,1,1,1,10,2024,2,53,3.0,280000.0,60181
8053216,1,4,1,10,2024,1,18,10.0,180000.0,34626
8039060,1,1,1,10,2024,2,39,3.0,1300000.0,2171
8038714,1,1,1,10,2024,1,62,3.0,300000.0,1301
8047496,1,1,1,10,2024,1,28,9.0,500000.0,21722
8080230,1,1,1,10,2024,1,52,5.0,1800000.0,52630
8056302,1,3,1,10,2024,1,26,10.0,3200000.0,41029
8086587,1,2,1,10,2024,1,33,10.0,2500000.0,64069
8038280,1,3,1,10,2024,1,44,3.0,580000.0,253
8075687,1,1,1,10,2024,1,25,4.0,1050000.0,41818
8040365,1,2,1,10,2024,2,22,9.0,1950000.0,5042
8042409,1,3,1,10,2024,2,31,8.0,2400000.0,9757
8038393,1,1,1,10,2024,1,50,10.0,8000000.0,552
8045090,1,1,1,10,2024,2,49,3.0,900000.0,16310
8053562,1,2,1,10,2024,1,29,5.0,1200000.0,35389
8044284,1,2,1,10,2024,2,39,8.0,300000.0,14118
8084102,1,2,1,10,2024,1,49,5.0,1300000.0,60505
8055896,1,1,1,10,2024,2,62,10.0,4000000.0,40225
8076974,1,3,1,10,2024,2,22,4.0,300000.0,45079
8083860,1,1,1,10,2024,2,54,3.0,400000.0,59908
8052653,1,1,1,10,2024,1,56,13.0,5000000.0,33318
8041264,1,1,1,10,2024,2,39,5.0,900000.0,7195
8084602,1,1,1,10,2024,2,64,3.0,200000.0,61501
8038285,1,1,1,10,2024,1,51,11.0,3500000.0,262
8048721,1,1,1,10,2024,2,35,5.0,3700000.0,24213
8045989,1,2,1,10,2024,1,33,3.0,1300000.0,18436
8077121,1,1,1,10,2024,1,73,3.0,600000.0,45490
8044097,1,1,1,10,2024,1,35,4.0,1300000.0,13653
8053112,1,1,1,10,2024,1,55,4.0,1300000.0,34430
8053223,1,3,1,10,2024,2,45,8.0,1300000.0,34643
8051852,1,1,1,10,2024,1,44,5.0,500000.0,31253
8045793,1,1,1,10,2024,2,37,11.0,8400000.0,18192
8076459,1,1,1,10,2024,2,39,5.0,500000.0,43901
8052629,1,2,1,10,2024,2,36,10.0,2000000.0,33275
8076477,1,2,1,10,2024,1,55,3.0,1600000.0,43956
8052479,1,1,1,10,2024,1,29,3.0,800000.0,32882
8043637,1,1,1,10,2024,2,40,10.0,1600000.0,12503
8043619,1,1,1,10,2024,1,26,4.0,600000.0,12462
8077017,1,1,1,10,2024,1,56,4.0,1500000.0,45168
8051418,1,1,1,10,2024,1,43,8.0,1300000.0,30150
8083150,1,1,1,10,2024,2,62,10.0,2000000.0,58450
8051448,1,1,1,10,2024,2,64,1.0,250000.0,30230
8055071,1,2,1,10,2024,1,44,5.0,1200000.0,38706
8055791,1,2,1,10,2024,2,33,5.0,100000.0,39980
8044317,1,1,1,10,2024,2,67,5.0,600000.0,14217
8051781,1,1,1,10,2024,2,63,8.0,0.0,31027
8050167,1,1,1,10,2024,1,38,11.0,5000000.0,27255
8047785,1,1,1,10,2024,2,48,10.0,1650000.0,22384
8038518,1,4,1,10,2024,1,26,4.0,200000.0,811
8054308,1,3,1,10,2024,1,30,5.0,1300000.0,36955
8053211,1,1,1,10,2024,1,32,9.0,1800000.0,34615
8076637,1,1,1,10,2024,1,40,5.0,1300000.0,44334
8048551,1,3,1,10,2024,2,24,10.0,2000000.0,23916
8076920,1,1,1,10,2024,1,53,3.0,1900000.0,44969
8044527,1,1,1,10,2024,1,58,4.0,900000.0,14798
8082413,1,2,1,10,2024,1,71,5.0,1300000.0,56668
8038343,1,1,1,10,2024,1,44,5.0,1830000.0,418
8086809,1,1,1,10,2024,1,27,6.0,1400000.0,64525
8049997,1,1,1,10,2024,1,73,3.0,200000.0,26851
8045622,1,1,1,10,2024,2,51,5.0,180000.0,17746
8047745,1,2,1,10,2024,1,50,5.0,1200000.0,22268
8080233,1,4,1,10,2024,2,45,9.0,1300000.0,52639
8085999,1,1,1,10,2024,1,38,6.0,2500000.0,63174
8047700,1,2,1,10,2024,2,42,5.0,1300000.0,22165
8083161,1,1,1,10,2024,2,45,11.0,2500000.0,58470
8086435,1,1,1,10,2024,1,85,1.0,800000.0,63673
8049151,1,1,1,10,2024,1,58,5.0,1200000.0,25016
8040409,1,2,1,10,2024,1,44,4.0,1300000.0,5141
8048127,1,3,1,10,2024,2,31,5.0,1400000.0,23116
8077237,1,3,1,10,2024,1,45,9.0,2600000.0,45799
8048225,1,5,1,10,2024,2,52,10.0,1080000.0,23292
8055217,1,3,1,10,2024,2,40,5.0,1300000.0,38977
8051004,1,1,1,10,2024,2,31,5.0,1300000.0,29445
8052721,1,3,1,10,2024,1,18,4.0,590000.0,33434
8052996,1,3,1,10,2024,1,51,5.0,1400000.0,34168
8048886,1,2,1,10,2024,2,39,4.0,1300000.0,24512
8048827,1,2,1,10,2024,2,43,4.0,240000.0,24377
8043341,1,1,1,10,2024,2,55,9.0,700000.0,11741
8044833,1,1,1,10,2024,1,45,5.0,3500000.0,15605
8076774,1,2,1,10,2024,2,42,8.0,1100000.0,44665
8043098,1,1,1,10,2024,1,70,5.0,680000.0,11145
8038497,2,1,2,10,2024,1,20,5.0,1300000.0,768
8046383,1,1,1,10,2024,1,28,12.0,6900000.0,19429
8082281,1,2,1,10,2024,1,62,3.0,1300000.0,56384
8053138,1,2,1,10,2024,1,32,5.0,3000000.0,34460
8045951,1,1,1,10,2024,1,61,1.0,950000.0,18322
8054504,1,1,1,10,2024,1,43,5.0,1300000.0,37408
8086569,1,1,1,10,2024,1,41,4.0,2300000.0,64006
8040774,1,1,1,10,2024,1,32,10.0,1000000.0,6011
8053260,1,1,1,10,2024,1,30,5.0,2000000.0,34734
8083116,1,2,1,10,2024,2,52,9.0,1600000.0,58376
8080955,1,1,1,10,2024,1,28,5.0,1200000.0,54105
8082783,1,1,1,10,2024,1,45,10.0,2300000.0,57563
8085824,1,2,1,10,2024,1,37,4.0,920000.0,62931
8056118,1,2,1,10,2024,2,44,10.0,2200000.0,40631
8040568,1,1,1,10,2024,2,30,10.0,1000000.0,5536
8048722,1,1,1,10,2024,1,63,10.0,5000000.0,24215
8051819,1,1,1,10,2024,1,41,4.0,850000.0,31137
8050660,1,1,1,10,2024,1,35,12.0,3500000.0,28536
8051979,1,1,1,10,2024,1,55,5.0,1400000.0,31555
8040542,1,2,1,10,2024,1,36,3.0,1300000.0,5466
8038770,1,3,1,10,2024,2,52,11.0,6000000.0,1471
8055973,1,2,1,10,2024,2,20,5.0,1300000.0,40363
8076285,1,3,1,10,2024,1,25,4.0,500000.0,43490
8040221,1,2,1,10,2024,1,34,10.0,2000000.0,4708
8082892,1,2,1,10,2024,2,35,10.0,1000000.0,57851
8085035,1,1,1,10,2024,2,49,4.0,500000.0,62478
8086667,1,1,1,10,2024,1,44,3.0,900000.0,64284
8054287,1,3,1,10,2024,2,54,5.0,1200000.0,36884
8078066,1,1,1,10,2024,2,50,3.0,400000.0,47567
8082334,1,2,1,10,2024,2,27,10.0,200000.0,56499
8053294,1,1,1,10,2024,1,56,5.0,1350000.0,34803
8082368,1,1,1,10,2024,2,56,10.0,4000000.0,56568
8049123,1,1,1,10,2024,1,44,3.0,250000.0,24956
8078194,1,1,1,10,2024,1,53,3.0,1200000.0,47836
8045969,1,1,1,10,2024,2,25,5.0,200000.0,18378
8079151,1,1,1,10,2024,1,77,1.0,400000.0,49966
8048531,1,2,1,10,2024,1,75,1.0,450000.0,23874
8083106,1,2,1,10,2024,1,45,12.0,4800000.0,58349
8041003,1,2,1,10,2024,2,50,4.0,1550000.0,6552
8039009,1,2,1,10,2024,2,48,5.0,650000.0,2025
8081032,1,3,1,10,2024,1,23,10.0,300000.0,54260
8041620,1,2,1,10,2024,2,21,8.0,1700000.0,7986
8038604,1,3,1,10,2024,2,21,10.0,1500000.0,975
8076070,1,1,1,10,2024,1,66,1.0,1200000.0,42912
8042753,1,1,1,10,2024,2,30,5.0,1200000.0,10476
8040008,1,1,1,10,2024,1,53,4.0,400000.0,4147
8039938,1,3,1,10,2024,2,28,3.0,250000.0,4046
8079531,1,5,1,10,2024,1,32,4.0,600000.0,50938
8050133,1,2,1,10,2024,1,45,3.0,350000.0,27172
8054822,1,2,1,10,2024,2,30,10.0,2600000.0,38149
8049120,1,2,1,10,2024,2,38,5.0,1300000.0,24948
8050493,2,3,2,10,2024,2,45,4.0,450000.0,28096
8054314,1,3,1,10,2024,2,34,5.0,800000.0,36974
8086575,1,1,1,10,2024,2,71,3.0,150000.0,64021
8051395,1,4,1,10,2024,2,42,10.0,2900000.0,30079
8083734,1,3,1,10,2024,2,31,5.0,1400000.0,59645
8046051,1,3,1,10,2024,1,18,5.0,1000000.0,18595
8080099,1,1,1,10,2024,1,60,8.0,1300000.0,52274
8043180,1,1,1,10,2024,2,44,5.0,1300000.0,11347
8049141,1,3,1,10,2024,1,25,5.0,1200000.0,24999
8050910,1,1,1,10,2024,2,43,11.0,3000000.0,29160
8078124,1,1,1,10,2024,1,58,3.0,0.0,47682
8045129,1,2,1,10,2024,2,52,3.0,300000.0,16421
8041740,1,2,1,10,2024,1,59,12.0,4500000.0,8222
8046622,1,1,1,10,2024,2,63,10.0,400000.0,20058
8055919,1,4,1,10,2024,2,22,5.0,800000.0,40270
8051611,1,2,1,10,2024,2,52,9.0,2500000.0,30598
8053123,1,2,1,10,2024,2,22,5.0,1300000.0,34443
8046891,1,5,1,10,2024,2,25,5.0,450000.0,20674
8046495,1,1,1,10,2024,2,43,10.0,3500000.0,19674
8042229,1,2,1,10,2024,2,29,10.0,800000.0,9373
8044243,1,1,1,10,2024,1,69,1.0,200000.0,13947
8050529,1,1,1,10,2024,1,52,3.0,1300000.0,28222
8077374,1,1,1,10,2024,2,39,3.0,600000.0,46109
8051736,1,1,1,10,2024,2,21,5.0,1200000.0,30910
8041213,1,2,1,10,2024,2,49,5.0,1300000.0,7085
8054472,1,1,1,10,2024,2,26,5.0,680000.0,37357
8038887,1,2,1,10,2024,1,58,5.0,1000000.0,1732
8054054,1,3,1,10,2024,1,42,5.0,1200000.0,36399
8054256,1,3,1,10,2024,2,29,10.0,700000.0,36819
8047869,1,2,1,10,2024,1,58,10.0,3600000.0,22581
8054224,1,2,1,10,2024,2,26,10.0,1300000.0,36769
8043038,1,1,1,10,2024,2,51,3.0,800000.0,10993
8055369,1,1,1,10,2024,2,54,5.0,2000000.0,39261
8045953,1,2,1,10,2024,2,67,1.0,250000.0,18329
8053304,1,2,1,10,2024,2,46,11.0,5200000.0,34837
8052133,1,1,1,10,2024,2,36,8.0,550000.0,31940
8084784,1,2,1,10,2024,1,54,3.0,3000000.0,61906
8054463,1,1,1,10,2024,1,34,11.0,3500000.0,37344
8040403,1,1,1,10,2024,1,75,3.0,2600000.0,5124
8040509,1,1,1,10,2024,2,56,3.0,400000.0,5399
8053370,1,2,1,10,2024,2,46,10.0,2600000.0,35029
8042899,1,2,1,10,2024,2,34,5.0,1500000.0,10783
8039893,1,2,1,10,2024,1,26,4.0,300000.0,3918
8081134,1,1,1,10,2024,2,53,3.0,500000.0,54449
8044819,1,3,1,10,2024,1,33,5.0,1200000.0,15568
8041154,1,1,1,10,2024,2,37,10.0,3900000.0,6923
8083187,1,1,1,10,2024,2,62,3.0,600000.0,58485
8079155,1,1,1,10,2024,1,52,3.0,720000.0,49982
8049625,1,2,1,10,2024,1,21,5.0,1300000.0,25933
8076515,1,1,1,10,2024,1,46,3.0,2000000.0,44055
8052471,1,1,1,10,2024,2,43,10.0,2700000.0,32861
8076832,1,4,1,10,2024,2,19,4.0,950000.0,44792
8083525,1,2,1,10,2024,2,35,5.0,500000.0,59235
8078537,1,3,1,10,2024,2,28,3.0,,48626
8055486,1,2,1,10,2024,1,24,6.0,2300000.0,39444
8046921,1,2,1,10,2024,2,57,10.0,2500000.0,20744
8050478,1,1,1,10,2024,1,37,8.0,1400000.0,28041
8038261,1,3,1,10,2024,2,17,6.0,600000.0,199
8078465,1,3,1,10,2024,1,46,1.0,1636000.0,48480
8048422,1,1,1,10,2024,1,66,4.0,700000.0,23648
8084189,1,2,1,10,2024,2,51,5.0,1300000.0,60666
8048827,1,1,1,10,2024,1,51,4.0,610000.0,24376
8052007,1,2,1,10,2024,1,35,4.0,1400000.0,31614
8048328,1,1,1,10,2024,2,36,3.0,500000.0,23516
8040255,1,1,1,10,2024,1,60,5.0,3700000.0,4781
8078915,1,3,1,10,2024,2,49,3.0,900000.0,49435
8046273,1,2,1,10,2024,2,25,4.0,1000000.0,19115
8081343,1,1,1,10,2024,1,56,1.0,1600000.0,54909
8056473,1,1,1,10,2024,1,41,5.0,700000.0,41396
8039938,1,1,1,10,2024,2,45,3.0,200000.0,4044
8052511,1,1,1,10,2024,1,54,1.0,290000.0,32969
8076472,1,2,1,10,2024,1,64,3.0,180000.0,43942
8048766,1,2,1,10,2024,1,33,5.0,1300000.0,24248
8041266,1,1,1,10,2024,1,50,5.0,1300000.0,7199
8042837,1,1,1,10,2024,1,41,11.0,5000000.0,10652
8039565,1,1,1,10,2024,2,69,5.0,1300000.0,3305
8053908,1,3,1,10,2024,1,37,10.0,1300000.0,36116
8055378,1,2,1,10,2024,2,24,5.0,1300000.0,39279
8038387,1,1,1,10,2024,2,40,5.0,100000.0,539
8084060,1,2,1,10,2024,1,41,11.0,5000000.0,60392
8075896,1,1,1,10,2024,1,21,4.0,1050000.0,42367
8045411,1,1,1,10,2024,2,44,3.0,920000.0,17183
8048308,1,1,1,10,2024,2,58,3.0,1250000.0,23487
8040928,1,1,1,10,2024,2,44,10.0,2500000.0,6379
8055509,1,1,1,10,2024,1,59,10.0,10000000.0,39474
8086525,1,1,1,10,2024,1,49,4.0,1200000.0,63890
8041945,1,3,1,10,2024,1,31,10.0,3000000.0,8681
8086772,1,1,1,10,2024,2,43,5.0,1150000.0,64472
8045676,1,1,1,10,2024,1,60,6.0,1600000.0,17902
8053098,1,1,1,10,2024,2,32,10.0,3500000.0,34388
8042467,1,3,1,10,2024,2,22,9.0,1400000.0,9877
8039189,1,4,1,10,2024,2,25,10.0,1300000.0,2535
8039001,1,1,1,10,2024,2,38,10.0,3000000.0,2007
8041413,1,2,1,10,2024,2,48,4.0,1840000.0,7503
8081512,1,3,1,10,2024,1,39,8.0,800000.0,55331
8056346,1,2,1,10,2024,1,44,3.0,850000.0,41119
8048389,1,1,1,10,2024,1,27,8.0,1400000.0,23600
8041459,1,3,1,10,2024,2,24,8.0,1300000.0,7607
8086315,1,1,1,10,2024,1,61,9.0,3000000.0,63451
8083121,1,1,1,10,2024,1,63,9.0,1300000.0,58390
8042071,1,4,1,10,2024,1,55,1.0,600000.0,8960
8049502,1,2,1,10,2024,1,34,9.0,1300000.0,25619
8086819,1,1,1,10,2024,2,49,5.0,150000.0,64547
8078210,1,2,1,10,2024,2,30,5.0,200000.0,47887
8052246,1,2,1,10,2024,1,34,3.0,1200000.0,32229
8050396,1,1,1,10,2024,2,64,9.0,10000000.0,27839
8041292,1,2,1,10,2024,2,49,12.0,6000000.0,7261
8047573,1,2,1,10,2024,2,64,10.0,4296799.0,21882
8077284,1,1,1,10,2024,2,20,10.0,4200000.0,45921
8049390,1,3,1,10,2024,1,38,10.0,1800000.0,25493
8079131,1,1,1,10,2024,2,49,3.0,500000.0,49927
8086545,1,5,1,10,2024,1,19,5.0,1300000.0,63940
8078250,1,1,1,10,2024,2,28,10.0,1400000.0,47977
8085072,1,5,1,10,2024,2,26,9.0,1923000.0,62563
8044460,1,1,1,10,2024,2,56,12.0,5000000.0,14602
8048240,1,2,1,10,2024,2,35,8.0,1300000.0,23337
8080330,1,2,1,10,2024,2,33,6.0,1300000.0,52873
8038792,1,1,1,10,2024,1,30,10.0,2800000.0,1515
8050854,1,2,1,10,2024,1,54,3.0,260000.0,29017
8080325,1,1,1,10,2024,1,37,4.0,1000000.0,52861
8041101,1,1,1,10,2024,1,50,5.0,1000000.0,6774
8076166,1,1,1,10,2024,1,42,3.0,600000.0,43195
8045180,1,4,1,10,2024,2,62,3.0,1200000.0,16561
8076828,1,1,1,10,2024,1,53,3.0,3000000.0,44774
8077109,1,1,1,10,2024,1,57,3.0,450000.0,45452
8046421,1,3,1,10,2024,2,29,8.0,2000000.0,19507
8052177,1,2,1,10,2024,2,41,10.0,2600000.0,32033
8048157,1,1,1,10,2024,1,69,3.0,800000.0,23207
8055141,1,1,1,10,2024,1,46,3.0,200000.0,38785
8047096,1,4,1,10,2024,1,23,5.0,1300000.0,20982
8039061,1,2,1,10,2024,2,54,5.0,120000.0,2176
8077599,1,1,1,10,2024,2,60,5.0,600000.0,46569
8049347,1,1,1,10,2024,2,49,5.0,2100000.0,25412
8048727,1,2,1,10,2024,1,27,10.0,100000.0,24235
8042209,1,2,1,10,2024,1,43,11.0,4000000.0,9327
8038953,1,1,1,10,2024,1,70,10.0,4000000.0,1901
8040353,1,2,1,10,2024,2,52,5.0,500000.0,5018
8038205,1,1,1,10,2024,1,83,3.0,350000.0,51
8040281,1,1,1,10,2024,2,40,3.0,1100000.0,4841
8075771,1,2,1,10,2024,2,60,4.0,250000.0,42027
8044864,1,1,1,10,2024,1,49,5.0,3000000.0,15693
8052851,1,1,1,10,2024,2,49,3.0,1120000.0,33758
8051519,1,2,1,10,2024,1,41,3.0,1500000.0,30396
8050735,1,3,1,10,2024,1,32,10.0,2000000.0,28694
8038930,1,3,1,10,2024,2,26,11.0,1900000.0,1843
8051283,1,2,1,10,2024,1,24,8.0,1300000.0,29761
8077059,1,2,1,10,2024,1,22,4.0,800000.0,45293
8054799,1,2,1,10,2024,1,37,5.0,600000.0,38087
8042318,1,2,1,10,2024,1,55,3.0,500000.0,9548
8084175,1,1,1,10,2024,1,27,8.0,1300000.0,60614
8080232,1,1,1,10,2024,1,31,10.0,1800000.0,52635
8038211,1,1,1,10,2024,1,74,1.0,500000.0,65
8048145,1,2,1,10,2024,2,41,5.0,800000.0,23171
8080216,1,2,1,10,2024,2,39,5.0,1300000.0,52586
8077345,1,1,1,10,2024,1,21,5.0,1300000.0,46047
8051060,1,2,1,10,2024,1,44,5.0,1200000.0,29582
8046143,1,1,1,10,2024,1,64,3.0,1300000.0,18804
8076480,1,2,1,10,2024,1,55,4.0,1800000.0,43960
8084478,1,1,1,10,2024,1,61,3.0,1300000.0,61263
8047532,1,1,1,10,2024,2,39,10.0,4000000.0,21779
8039137,1,2,1,10,2024,1,27,9.0,1500000.0,2415
8054759,1,1,1,10,2024,2,53,3.0,750000.0,37991
8039069,1,1,1,10,2024,1,67,4.0,1500000.0,2197
8045568,1,3,1,10,2024,1,25,9.0,1700000.0,17637
8038917,1,2,1,10,2024,1,44,12.0,8000000.0,1814
8080650,1,1,1,10,2024,2,44,9.0,1300000.0,53511
8046331,1,1,1,10,2024,1,25,8.0,3000000.0,19301
8041486,1,1,1,10,2024,2,60,8.0,1300000.0,7683
8054974,1,2,1,10,2024,1,25,8.0,1000000.0,38476
8042668,1,1,1,10,2024,2,60,11.0,5000000.0,10265
8047983,1,3,1,10,2024,1,20,10.0,400000.0,22794
8085764,1,1,1,10,2024,2,74,1.0,250000.0,62803
8052184,1,1,1,10,2024,1,44,5.0,750000.0,32043
8052431,1,1,1,10,2024,1,65,3.0,500000.0,32777
8052961,1,1,1,10,2024,2,51,3.0,250000.0,34037
8050686,1,1,1,10,2024,1,57,4.0,1200000.0,28592
8038905,1,1,1,10,2024,1,55,8.0,1300000.0,1771
8048553,1,2,1,10,2024,2,34,8.0,1300000.0,23921
8086394,1,1,1,10,2024,1,61,9.0,3000000.0,63595
8055054,1,1,1,10,2024,1,48,10.0,3500000.0,38680
8044012,1,1,1,10,2024,2,36,9.0,1300000.0,13440
8055418,1,1,1,10,2024,1,55,5.0,1800000.0,39352
8051326,1,1,1,10,2024,1,38,5.0,500000.0,29892
8049035,1,1,1,10,2024,2,38,5.0,1300000.0,24793
8075917,1,1,1,10,2024,1,21,5.0,600000.0,42428
8040023,1,2,1,10,2024,1,35,5.0,1750000.0,4190
8042183,1,1,1,10,2024,2,53,5.0,480000.0,9258
8077606,1,1,1,10,2024,2,60,3.0,490000.0,46585
8053581,1,2,1,10,2024,2,58,3.0,600000.0,35450
8044926,1,1,1,10,2024,2,41,3.0,1700000.0,15864
8040801,1,1,1,10,2024,2,26,9.0,1400000.0,6064
8038816,1,1,1,10,2024,1,65,3.0,1300000.0,1558
8086858,1,2,1,10,2024,1,50,12.0,2100000.0,64597
8054028,1,1,1,10,2024,1,49,10.0,3800000.0,36344
8039685,1,2,1,10,2024,1,33,5.0,1200000.0,3515
8085874,1,2,1,10,2024,2,38,5.0,500000.0,62978
8053526,1,2,1,10,2024,2,38,12.0,4300000.0,35311
8050561,1,1,1,10,2024,1,42,10.0,1800000.0,28315
8041432,1,1,1,10,2024,2,44,11.0,2000000.0,7550
8076176,1,6,1,10,2024,2,20,5.0,1000000.0,43237
8039525,1,2,1,10,2024,1,24,5.0,1300000.0,3235
8042842,1,4,1,10,2024,2,26,10.0,3500000.0,10676
8085799,1,1,1,10,2024,1,35,5.0,3000000.0,62896
8081774,1,1,1,10,2024,1,51,10.0,500000.0,55734
8046372,1,2,1,10,2024,1,38,9.0,5500000.0,19406
8050997,1,3,1,10,2024,1,46,4.0,1500000.0,29430
8080897,1,1,1,10,2024,2,63,4.0,350000.0,53966
8079885,1,1,1,10,2024,2,55,8.0,1300000.0,51853
8054148,1,1,1,10,2024,2,58,9.0,2000000.0,36595
8077191,1,1,1,10,2024,2,33,4.0,600000.0,45683
8046760,1,3,1,10,2024,2,29,10.0,3000000.0,20387
8053513,1,2,1,10,2024,1,36,10.0,3500000.0,35284
8079858,1,1,1,10,2024,1,67,5.0,1500000.0,51757
8079191,1,1,1,10,2024,1,53,3.0,300000.0,50086
8079349,1,1,1,10,2024,2,62,3.0,200000.0,50541
8086350,1,1,1,10,2024,1,61,9.0,3000000.0,63509
8077597,1,1,1,10,2024,2,53,4.0,1000000.0,46562
8051264,1,1,1,10,2024,1,58,5.0,600000.0,29710
8048249,1,1,1,10,2024,2,33,5.0,200000.0,23366
8083303,1,1,1,10,2024,2,57,3.0,1000000.0,58789
8054925,1,1,1,10,2024,1,65,11.0,4000000.0,38376
8039991,1,1,1,10,2024,2,49,8.0,800000.0,4133
8050917,1,1,1,10,2024,2,49,1.0,300000.0,29186
8039433,1,2,1,10,2024,2,27,5.0,1500000.0,3035
8075900,1,1,1,10,2024,1,46,1.0,200000.0,42375
8079663,1,3,1,10,2024,2,36,5.0,1300000.0,51162
8054806,1,3,1,10,2024,1,39,10.0,2600000.0,38111
8039243,1,2,1,10,2024,2,65,5.0,1300000.0,2677
8045472,1,1,1,10,2024,1,35,4.0,1600000.0,17375
8043131,1,1,1,10,2024,1,52,3.0,1500000.0,11221
8046237,1,1,1,10,2024,2,65,3.0,100000.0,19021
8056299,1,2,1,10,2024,2,27,4.0,900000.0,41018
8081400,1,1,1,10,2024,1,39,3.0,0.0,55063
8050864,1,1,1,10,2024,2,77,4.0,900000.0,29038
8056099,1,1,1,10,2024,1,51,8.0,1300000.0,40595
8041117,1,1,1,10,2024,1,56,10.0,3000000.0,6839
8079894,1,1,1,10,2024,2,55,5.0,1800000.0,51871
8052567,1,1,1,10,2024,1,44,5.0,1300000.0,33114
8076824,1,2,1,10,2024,1,30,5.0,1300000.0,44765
8080886,1,5,1,10,2024,2,73,3.0,2000000.0,53951
8051573,1,1,1,10,2024,1,61,9.0,3000000.0,30507
8078492,1,3,1,10,2024,2,42,10.0,3900000.0,48532
8083878,1,1,1,10,2024,1,30,10.0,3000000.0,59947
8078978,1,1,1,10,2024,1,38,3.0,800000.0,49588
8076112,1,3,1,10,2024,1,21,5.0,720000.0,43035
8047835,1,1,1,10,2024,2,50,12.0,3900000.0,22495
8052131,1,2,1,10,2024,2,27,8.0,2400000.0,31935
8053302,1,2,1,10,2024,1,51,8.0,1300000.0,34830
8047012,1,2,1,10,2024,1,24,5.0,1300000.0,20837
8055799,1,1,1,10,2024,2,52,4.0,600000.0,39999
8045980,1,1,1,10,2024,2,26,5.0,230000.0,18407
8049057,1,1,1,10,2024,1,29,5.0,600000.0,24842
8053629,1,2,1,10,2024,2,24,8.0,1300000.0,35569
8078950,1,1,1,10,2024,1,50,5.0,700000.0,49519
8042129,1,2,1,10,2024,2,51,3.0,650000.0,9123
8042681,1,1,1,10,2024,2,56,4.0,800000.0,10297
8046980,1,2,1,10,2024,2,41,11.0,10000000.0,20783
8046084,1,1,1,10,2024,2,62,4.0,150000.0,18683
8077168,1,1,1,10,2024,2,42,3.0,400000.0,45624
8076659,1,1,1,10,2024,1,41,12.0,2000000.0,44385
8056077,1,2,1,10,2024,2,54,11.0,1300000.0,40545
8082801,1,2,1,10,2024,1,31,5.0,500000.0,57626
8046757,1,2,1,10,2024,1,52,3.0,600000.0,20379
8049748,1,2,1,10,2024,2,31,8.0,1300000.0,26258
8054777,1,6,1,10,2024,1,43,4.0,1500000.0,38051
8044505,1,1,1,10,2024,2,27,9.0,1300000.0,14722
8049139,1,2,1,10,2024,1,27,5.0,1000000.0,24995
8053023,1,1,1,10,2024,2,81,4.0,700000.0,34246
8046141,1,5,1,10,2024,1,29,5.0,1650000.0,18799
8043334,1,4,1,10,2024,2,22,10.0,6800000.0,11714
8039555,1,2,1,10,2024,2,33,10.0,1800000.0,3295
8043544,1,4,1,10,2024,2,28,10.0,1300000.0,12289
8053564,1,1,1,10,2024,1,39,5.0,700000.0,35397
8046630,1,3,1,10,2024,2,31,10.0,2800000.0,20084
8082586,1,1,1,10,2024,1,58,3.0,700000.0,57057
8048547,1,4,1,10,2024,1,59,4.0,1500000.0,23907
8042840,1,7,1,10,2024,2,19,5.0,1300000.0,10668
8052503,1,1,1,10,2024,1,27,3.0,1200000.0,32948
8079441,1,2,1,10,2024,2,47,5.0,1300000.0,50757
8082831,1,1,1,10,2024,1,51,5.0,2500000.0,57691
8051886,1,1,1,10,2024,2,35,11.0,4000000.0,31329
8053309,1,1,1,10,2024,2,28,8.0,1500000.0,34850
8076174,1,1,1,10,2024,1,61,5.0,600000.0,43225
8046785,1,2,1,10,2024,2,62,10.0,4500000.0,20430
8079638,1,2,1,10,2024,2,42,5.0,1300000.0,51096
8041722,1,2,1,10,2024,2,30,10.0,1800000.0,8193
8048010,1,1,1,10,2024,2,59,3.0,200000.0,22850
8038386,1,2,1,10,2024,2,31,11.0,5200000.0,537
8053420,1,2,1,10,2024,2,20,8.0,1640000.0,35153
8040435,1,1,1,10,2024,1,60,3.0,900000.0,5215
8053080,1,1,1,10,2024,1,26,8.0,1700000.0,34353
8043390,1,1,1,10,2024,1,45,3.0,1462000.0,11845
8044780,1,1,1,10,2024,2,67,3.0,250000.0,15443
8083945,1,2,1,10,2024,2,37,6.0,1300000.0,60028
8049582,1,2,1,10,2024,1,67,3.0,1300000.0,25813
8079098,1,2,1,10,2024,2,38,5.0,800000.0,49863
8078602,1,3,1,10,2024,2,25,8.0,1200000.0,48769
8051662,1,1,1,10,2024,2,49,10.0,1580000.0,30719
8051553,1,1,1,10,2024,1,61,9.0,3000000.0,30467
8083001,1,3,1,10,2024,1,65,10.0,1800000.0,58082
8053004,1,2,1,10,2024,1,28,5.0,1300000.0,34190
8083713,1,4,1,10,2024,2,42,3.0,700000.0,59604
8044972,1,1,1,10,2024,2,54,8.0,1800000.0,15970
8077194,1,3,1,10,2024,1,23,4.0,500000.0,45694
8040047,1,1,1,10,2024,1,36,8.0,1300000.0,4259
8081064,1,3,1,10,2024,2,28,5.0,1200000.0,54336
8080048,1,2,1,10,2024,1,44,4.0,1300000.0,52136
8079737,1,2,1,10,2024,2,40,5.0,400000.0,51373
8078660,1,1,1,10,2024,1,19,5.0,1300000.0,48889
8078388,1,2,1,10,2024,1,21,5.0,1400000.0,48315
8043167,1,5,1,10,2024,1,31,5.0,200000.0,11321
8079482,1,2,1,10,2024,2,45,11.0,5000000.0,50845
8084060,1,1,1,10,2024,2,39,12.0,4300000.0,60391
8052321,1,3,1,10,2024,1,24,8.0,150000.0,32454
8078619,1,2,1,10,2024,2,59,11.0,5000000.0,48812
8041010,1,1,1,10,2024,2,44,3.0,320000.0,6561
8052237,1,2,1,10,2024,1,44,5.0,1040000.0,32199
8080314,1,1,1,10,2024,2,57,5.0,1300000.0,52833
8083278,1,1,1,10,2024,1,67,3.0,600000.0,58727
8055021,1,1,1,10,2024,1,42,5.0,1300000.0,38589
8045775,1,1,1,10,2024,1,25,5.0,1450000.0,18147
8080882,1,2,1,10,2024,1,24,10.0,1300000.0,53945
8053464,1,2,1,10,2024,2,25,11.0,3500000.0,35211
8046374,1,1,1,10,2024,2,65,4.0,600000.0,19411
8045204,1,1,1,10,2024,1,25,5.0,1600000.0,16629
8050755,1,1,1,10,2024,2,72,3.0,120000.0,28747
8053089,1,3,1,10,2024,1,64,10.0,1500000.0,34372
8050074,1,2,1,10,2024,1,56,3.0,1800000.0,27058
8040636,1,1,1,10,2024,2,53,3.0,600000.0,5692
8045468,1,1,1,10,2024,2,46,5.0,1300000.0,17357
8045343,1,1,1,10,2024,1,30,12.0,4600000.0,16993
8047368,1,1,1,10,2024,1,51,4.0,700000.0,21529
8053014,1,1,1,10,2024,1,69,3.0,250000.0,34216
8054849,1,5,1,10,2024,2,28,5.0,600000.0,38198
8040120,1,1,1,10,2024,2,59,10.0,2800000.0,4428
8050394,1,1,1,10,2024,1,64,10.0,12000000.0,27835
8044257,1,1,1,10,2024,2,43,4.0,476000.0,14013
8045115,1,3,1,10,2024,1,25,6.0,900000.0,16375
8038464,1,2,1,10,2024,2,55,5.0,1200000.0,692
8048334,1,1,1,10,2024,2,71,4.0,500000.0,23525
8039080,1,1,1,10,2024,2,35,8.0,1000000.0,2239
8080602,1,1,1,10,2024,2,36,10.0,3000000.0,53407
8045408,1,1,1,10,2024,2,45,10.0,1550000.0,17175
8054758,1,1,1,10,2024,2,39,5.0,900000.0,37987
8039814,1,2,1,10,2024,2,54,5.0,2000000.0,3770
8050318,1,3,1,10,2024,1,63,3.0,400000.0,27598
8043108,1,1,1,10,2024,2,69,3.0,290000.0,11164
8084519,1,1,1,10,2024,2,39,5.0,1300000.0,61347
8038933,1,1,1,10,2024,2,38,10.0,150000.0,1853
8077300,1,1,1,10,2024,1,48,4.0,1600000.0,45943
8039042,1,1,1,10,2024,2,38,8.0,1300000.0,2126
8050783,1,1,1,10,2024,2,34,9.0,1300000.0,28826
8084507,1,1,1,10,2024,2,50,5.0,1000000.0,61331
8052455,1,1,1,10,2024,1,49,3.0,1100000.0,32824
8038973,1,2,1,10,2024,1,49,8.0,600000.0,1941
8043381,1,3,1,10,2024,2,30,11.0,4000000.0,11830
8052691,1,1,1,10,2024,2,38,5.0,1300000.0,33375
8077959,1,1,1,10,2024,2,46,5.0,400000.0,47312
8077586,1,1,1,10,2024,1,59,3.0,1300000.0,46544
8083830,1,1,1,10,2024,1,45,5.0,1300000.0,59833
8041158,1,1,1,10,2024,2,31,5.0,800000.0,6931
8078842,1,1,1,10,2024,2,46,5.0,1300000.0,49273
8053439,1,1,1,10,2024,2,28,10.0,1800000.0,35173
8076105,1,1,1,10,2024,1,58,4.0,280000.0,43000
8047665,1,3,1,10,2024,1,30,10.0,2500000.0,22098
8077455,1,1,1,10,2024,2,51,3.0,800000.0,46285
8052717,1,1,1,10,2024,1,50,3.0,1375000.0,33424
8084256,1,1,1,10,2024,1,37,12.0,5300000.0,60822
8050493,3,1,3,10,2024,1,56,3.0,500000.0,28100
8048893,1,1,1,10,2024,2,39,8.0,2000000.0,24537
8077252,1,1,1,10,2024,1,78,1.0,200000.0,45844
8042150,1,2,1,10,2024,1,45,5.0,900000.0,9171
8082385,1,1,1,10,2024,1,29,4.0,1200000.0,56606
8046341,1,1,1,10,2024,2,35,11.0,10500000.0,19330
8046518,1,1,1,10,2024,1,44,12.0,4000000.0,19749
8045429,1,2,1,10,2024,2,53,5.0,1300000.0,17239
8039195,1,4,1,10,2024,2,32,11.0,7000000.0,2551
8041161,1,2,1,10,2024,1,20,8.0,600000.0,6940
8084743,1,1,1,10,2024,2,62,5.0,1000000.0,61815
8084789,1,2,1,10,2024,2,43,3.0,800000.0,61917
8053184,1,2,1,10,2024,2,19,5.0,2000000.0,34556
8039007,1,1,1,10,2024,2,29,12.0,3500000.0,2021
8053872,1,2,1,10,2024,2,28,8.0,900000.0,36057
8078178,1,2,1,10,2024,2,57,3.0,1000000.0,47808
8077212,1,2,1,10,2024,1,30,3.0,600000.0,45739
8055348,1,2,1,10,2024,2,34,10.0,900000.0,39216
8076044,1,1,1,10,2024,1,54,10.0,6500000.0,42829
8076795,1,1,1,10,2024,1,30,4.0,2400000.0,44715
8077702,1,1,1,10,2024,1,54,5.0,2000000.0,46774
8053343,1,4,1,10,2024,2,43,8.0,1300000.0,34935
8054625,1,2,1,10,2024,1,45,5.0,700000.0,37663
8040345,1,1,1,10,2024,2,52,9.0,1800000.0,5005
8049745,1,1,1,10,2024,2,51,10.0,1550000.0,26251
8086499,1,2,1,10,2024,2,30,5.0,1300000.0,63822
8048229,1,1,1,10,2024,2,37,10.0,1300000.0,23302
8081687,1,1,1,10,2024,2,57,10.0,3500000.0,55606
8053305,1,2,1,10,2024,1,22,10.0,2000000.0,34840
8046730,1,2,1,10,2024,2,48,4.0,1300000.0,20310
8043641,1,2,1,10,2024,1,47,10.0,280000.0,12512
8043990,1,1,1,10,2024,1,49,8.0,2700000.0,13392
8046083,1,1,1,10,2024,1,42,5.0,1600000.0,18679
8048530,1,1,1,10,2024,2,62,3.0,420000.0,23870
8081309,1,2,1,10,2024,2,45,3.0,1200000.0,54844
8078365,1,1,1,10,2024,1,33,10.0,4000000.0,48276
8078732,1,1,1,10,2024,1,37,5.0,1300000.0,49037
8048280,1,1,1,10,2024,1,30,5.0,1000000.0,23427
8084210,1,2,1,10,2024,1,34,8.0,1300000.0,60722
8042400,1,2,1,10,2024,1,21,5.0,1300000.0,9728
8080171,1,1,1,10,2024,1,29,10.0,1300000.0,52469
8076130,1,2,1,10,2024,1,20,3.0,100000.0,43091
8045651,1,2,1,10,2024,2,23,8.0,1462000.0,17846
8077175,1,3,1,10,2024,1,25,4.0,500000.0,45647
8039157,1,1,1,10,2024,2,48,10.0,3250000.0,2467
8051265,1,1,1,10,2024,2,43,10.0,5600000.0,29712
8053242,1,2,1,10,2024,2,35,10.0,1300000.0,34693
8083243,1,1,1,10,2024,2,55,5.0,1000000.0,58646
8050100,1,1,1,10,2024,1,55,3.0,1200000.0,27111
8079798,1,1,1,10,2024,2,64,10.0,160000.0,51588
8082488,1,2,1,10,2024,2,35,8.0,1300000.0,56829
8046481,1,3,1,10,2024,2,20,10.0,1600000.0,19649
8054567,1,1,1,10,2024,2,36,5.0,1300000.0,37537
8076413,1,1,1,10,2024,2,51,10.0,5000000.0,43789
8042889,1,1,1,10,2024,1,52,11.0,1000000.0,10758
8047913,1,1,1,10,2024,1,42,5.0,1200000.0,22681
8043407,1,1,1,10,2024,1,59,1.0,150000.0,11892
8082623,1,1,1,10,2024,1,37,5.0,2000000.0,57124
8086370,1,1,1,10,2024,1,61,9.0,3000000.0,63549
8041918,1,2,1,10,2024,2,33,10.0,8000000.0,8603
8041145,1,3,1,10,2024,1,61,3.0,250000.0,6902
8079984,1,2,1,10,2024,1,29,5.0,1300000.0,52023
8079816,1,7,1,10,2024,1,48,4.0,650000.0,51651
8042185,1,1,1,10,2024,2,28,8.0,1358000.0,9263
8038951,1,1,1,10,2024,2,22,5.0,1300000.0,1899
8052083,1,2,1,10,2024,2,54,4.0,800000.0,31802
8046696,1,2,1,10,2024,2,46,9.0,1850000.0,20221
8054769,1,2,1,10,2024,2,50,5.0,700000.0,38025
8044431,1,1,1,10,2024,2,55,4.0,200000.0,14532
8049103,1,3,1,10,2024,1,19,4.0,350000.0,24925
8043333,1,1,1,10,2024,1,65,4.0,2500000.0,11707
8048072,1,2,1,10,2024,2,34,5.0,1300000.0,22981
8077791,1,1,1,10,2024,1,55,3.0,6600000.0,46966
8043050,1,1,1,10,2024,2,37,5.0,800000.0,11029
8084728,1,1,1,10,2024,2,50,3.0,600000.0,61767
8076337,1,1,1,10,2024,1,63,3.0,600000.0,43611
8078537,1,1,1,10,2024,1,71,1.0,680000.0,48624
8054732,1,1,1,10,2024,2,26,5.0,550000.0,37920
8041779,1,1,1,10,2024,1,27,8.0,1450000.0,8277
8078694,1,2,1,10,2024,2,39,3.0,600000.0,48952
8048091,1,2,1,10,2024,2,46,5.0,0.0,23026
8052960,1,2,1,10,2024,2,65,5.0,100000.0,34032
8049893,1,2,1,10,2024,1,18,10.0,350000.0,26624
8053391,1,3,1,10,2024,1,26,5.0,1400000.0,35093
8053518,1,1,1,10,2024,1,32,10.0,2200000.0,35293
8051661,1,2,1,10,2024,1,62,12.0,2000000.0,30717
8045640,1,2,1,10,2024,2,50,5.0,1300000.0,17807
8046275,1,1,1,10,2024,1,68,3.0,1000000.0,19127
8048867,1,1,1,10,2024,2,47,3.0,800000.0,24474
8045664,1,1,1,10,2024,2,48,4.0,400000.0,17879
8050410,1,1,1,10,2024,2,55,11.0,6000000.0,27866
8079269,1,1,1,10,2024,1,72,4.0,500000.0,50334
8052669,1,2,1,10,2024,1,42,5.0,1800000.0,33363
8054540,1,1,1,10,2024,2,59,5.0,1000000.0,37491
8042500,1,4,1,10,2024,1,27,10.0,2800000.0,9949
8041927,1,1,1,10,2024,1,25,4.0,1500000.0,8631
8044840,1,4,1,10,2024,2,30,5.0,190000.0,15627
8081259,1,2,1,10,2024,1,23,5.0,1300000.0,54719
8039130,1,2,1,10,2024,2,58,10.0,6000000.0,2398
8048174,1,3,1,10,2024,1,21,5.0,1200000.0,23236
8053384,1,1,1,10,2024,2,61,3.0,500000.0,35068
8056458,1,1,1,10,2024,1,21,4.0,1400000.0,41366
8053444,1,1,1,10,2024,2,40,5.0,600000.0,35178
8076238,1,2,1,10,2024,1,21,4.0,500000.0,43371
8054900,1,1,1,10,2024,2,22,6.0,2000000.0,38322
8050826,1,2,1,10,2024,2,26,10.0,2300000.0,28942
8041008,1,1,1,10,2024,2,53,4.0,768000.0,6558
8086526,1,1,1,10,2024,1,50,3.0,1000000.0,63893
8083603,1,1,1,10,2024,1,24,9.0,4500000.0,59393
8041181,1,3,1,10,2024,2,50,5.0,200000.0,7007
8041120,1,1,1,10,2024,2,39,5.0,700000.0,6847
8077651,1,1,1,10,2024,1,79,1.0,700000.0,46663
8045540,1,1,1,10,2024,1,61,11.0,4000000.0,17559
8082947,1,1,1,10,2024,2,61,5.0,480000.0,57964
8086660,1,1,1,10,2024,2,25,8.0,1500000.0,64265
8053136,1,1,1,10,2024,2,35,10.0,4670000.0,34457
8038535,1,3,1,10,2024,2,22,5.0,1300000.0,859
8077663,1,1,1,10,2024,1,42,5.0,1300000.0,46681
8050442,1,2,1,10,2024,2,33,8.0,1300000.0,27941
8044281,1,4,1,10,2024,2,31,3.0,180000.0,14105
8042798,1,2,1,10,2024,2,25,5.0,500000.0,10582
8076386,1,1,1,10,2024,2,24,9.0,1300000.0,43726
8080245,1,2,1,10,2024,2,39,5.0,1190000.0,52665
8084019,1,2,1,10,2024,1,44,3.0,1300000.0,60249
8039952,1,1,1,10,2024,2,60,3.0,1000000.0,4075
8045942,1,2,1,10,2024,1,29,10.0,1000000.0,18290
8042551,1,2,1,10,2024,1,29,5.0,1500000.0,10052
8038986,1,1,1,10,2024,2,32,5.0,1300000.0,1979
8052002,1,3,1,10,2024,1,27,4.0,1500000.0,31600
8049788,1,1,1,10,2024,2,71,3.0,800000.0,26369
8041700,1,2,1,10,2024,2,45,11.0,8000000.0,8165
8051410,1,2,1,10,2024,2,57,4.0,400000.0,30124
8055792,1,1,1,10,2024,1,47,4.0,550000.0,39983
8080252,1,2,1,10,2024,2,34,5.0,1300000.0,52694
8045637,1,1,1,10,2024,1,68,5.0,176000.0,17796
8049200,1,1,1,10,2024,2,40,6.0,620000.0,25092
8053962,1,2,1,10,2024,2,42,5.0,1300000.0,36235
8055318,1,2,1,10,2024,2,23,5.0,1300000.0,39154
8046507,1,5,1,10,2024,1,50,3.0,900000.0,19713
8039588,1,1,1,10,2024,1,49,5.0,1300000.0,3338
8044990,1,3,1,10,2024,2,43,4.0,1200000.0,16031
8052163,1,1,1,10,2024,2,44,3.0,1000000.0,31991
8055787,1,2,1,10,2024,2,62,3.0,250000.0,39971
8050992,1,2,1,10,2024,1,34,5.0,1300000.0,29414
8052836,1,1,1,10,2024,1,42,3.0,1500000.0,33720
8052173,1,1,1,10,2024,1,50,5.0,1800000.0,32020
8079797,1,1,1,10,2024,1,37,10.0,4200000.0,51587
8050434,1,1,1,10,2024,2,31,10.0,2000000.0,27920
8050328,1,1,1,10,2024,1,63,5.0,1000000.0,27635
8039461,1,1,1,10,2024,2,66,5.0,1560000.0,3095
8077561,1,1,1,10,2024,1,30,5.0,1200000.0,46477
8076468,1,1,1,10,2024,2,40,5.0,1350000.0,43928
8045077,1,1,1,10,2024,1,38,4.0,1400000.0,16268
8080158,1,2,1,10,2024,1,26,4.0,1300000.0,52445
8043796,1,2,1,10,2024,2,34,9.0,2000000.0,12936
8042797,1,1,1,10,2024,1,31,5.0,1450000.0,10577
8076061,1,6,1,10,2024,2,20,5.0,250000.0,42894
8043932,1,1,1,10,2024,1,48,5.0,4000000.0,13254
8043760,1,1,1,10,2024,1,41,6.0,1496000.0,12828
8048315,1,1,1,10,2024,2,31,10.0,3500000.0,23505
8082302,1,1,1,10,2024,2,38,4.0,1000000.0,56423
8047901,1,1,1,10,2024,2,62,3.0,600000.0,22664
8047676,1,1,1,10,2024,2,68,5.0,2000000.0,22118
8050683,1,1,1,10,2024,2,29,10.0,1900000.0,28585
8086492,1,4,1,10,2024,2,22,4.0,650000.0,63805
8052234,1,1,1,10,2024,1,29,3.0,1440000.0,32192
8050325,1,4,1,10,2024,2,27,10.0,1300000.0,27625
8050831,1,1,1,10,2024,1,26,8.0,1300000.0,28955
8048701,1,1,1,10,2024,2,55,6.0,1300000.0,24142
8040645,1,1,1,10,2024,1,39,8.0,900000.0,5703
8086674,1,5,1,10,2024,1,37,5.0,1400000.0,64292
8043998,1,1,1,10,2024,2,39,5.0,1000000.0,13409
8076512,1,2,1,10,2024,2,43,10.0,2500000.0,44050
8077516,1,1,1,10,2024,1,55,3.0,1550000.0,46374
8044742,1,1,1,10,2024,1,64,4.0,900000.0,15369
8046372,1,1,1,10,2024,2,37,8.0,2000000.0,19405
8085798,1,1,1,10,2024,1,33,10.0,1462000.0,62895
8082644,1,2,1,10,2024,1,37,3.0,1200000.0,57191
8043359,1,3,1,10,2024,2,43,10.0,1300000.0,11779
8050340,1,4,1,10,2024,1,24,5.0,1300000.0,27680
8076899,1,1,1,10,2024,1,66,3.0,1500000.0,44925
8083518,1,6,1,10,2024,1,62,3.0,1200000.0,59216
8049290,1,2,1,10,2024,1,27,10.0,1600000.0,25287
8054041,1,1,1,10,2024,1,53,5.0,1450000.0,36369
8041403,1,2,1,10,2024,2,40,12.0,6000000.0,7481
8055807,1,1,1,10,2024,1,56,10.0,8000000.0,40013
8084055,1,2,1,10,2024,2,44,10.0,2200000.0,60380
8080001,1,2,1,10,2024,1,39,5.0,1000000.0,52056
8040473,1,1,1,10,2024,2,51,6.0,900000.0,5318
8055919,1,1,1,10,2024,2,44,5.0,900000.0,40267
8055580,1,1,1,10,2024,2,27,4.0,1300000.0,39576
8046268,1,6,1,10,2024,1,22,4.0,330000.0,19099
8046582,1,4,1,10,2024,2,22,10.0,2500000.0,19963
8041624,1,2,1,10,2024,2,25,10.0,960000.0,7993
8043121,1,1,1,10,2024,1,38,6.0,1300000.0,11190
8041897,1,1,1,10,2024,2,37,9.0,2200000.0,8547
8044365,1,3,1,10,2024,1,23,5.0,1436000.0,14361
8055145,1,3,1,10,2024,1,25,10.0,1200000.0,38800
8049084,1,4,1,10,2024,2,32,6.0,1300000.0,24881
8043430,1,1,1,10,2024,2,45,5.0,800000.0,11949
8048996,1,1,1,10,2024,1,52,4.0,600000.0,24723
8050742,1,1,1,10,2024,2,52,11.0,4800000.0,28715
8041828,1,1,1,10,2024,1,38,3.0,1300000.0,8350
8043254,1,5,1,10,2024,1,24,5.0,1300000.0,11503
8048061,1,3,1,10,2024,1,41,8.0,1500000.0,22951
8042147,1,1,1,10,2024,1,50,3.0,1300000.0,9164
8045991,1,1,1,10,2024,1,49,8.0,1500000.0,18440
8082943,1,1,1,10,2024,1,30,3.0,1300000.0,57955
8076289,1,1,1,10,2024,1,27,5.0,1500000.0,43500
8040804,1,1,1,10,2024,2,30,8.0,2000000.0,6067
8038357,1,1,1,10,2024,1,57,3.0,1000000.0,458
8044344,1,2,1,10,2024,1,29,10.0,1420000.0,14293
8039110,1,2,1,10,2024,1,36,5.0,900000.0,2323
8084409,1,2,1,10,2024,2,22,5.0,884000.0,61154
8043427,1,2,1,10,2024,1,36,4.0,700000.0,11944
8050316,1,1,1,10,2024,1,62,4.0,1400000.0,27589
8046564,1,2,1,10,2024,2,32,8.0,1460000.0,19893
8082734,1,1,1,10,2024,1,27,5.0,800000.0,57448
8046417,1,2,1,10,2024,2,19,10.0,1300000.0,19498
8048020,1,1,1,10,2024,1,52,9.0,3700000.0,22872
8041875,1,1,1,10,2024,2,49,10.0,1300000.0,8496
8085755,1,1,1,10,2024,1,27,3.0,1200000.0,62786
8051390,1,3,1,10,2024,2,20,8.0,0.0,30062
8039581,1,1,1,10,2024,1,54,11.0,4790000.0,3330
8076774,1,1,1,10,2024,1,53,5.0,1300000.0,44664
8086029,1,1,1,10,2024,1,33,9.0,1500000.0,63197
8079307,1,1,1,10,2024,2,69,3.0,300000.0,50456
8040114,1,1,1,10,2024,2,45,5.0,1000000.0,4408
8081523,1,2,1,10,2024,2,53,3.0,1300000.0,55353
8077598,1,1,1,10,2024,2,32,5.0,1300000.0,46564
8075692,1,2,1,10,2024,2,62,4.0,300000.0,41832
8079030,1,2,1,10,2024,1,52,3.0,1400000.0,49716
8041077,1,2,1,10,2024,2,24,10.0,2300000.0,6731
8040915,1,2,1,10,2024,2,18,5.0,900000.0,6348
8039794,1,1,1,10,2024,2,25,5.0,250000.0,3733
8042388,1,2,1,10,2024,2,23,6.0,1000000.0,9693
8083293,1,3,1,10,2024,1,41,5.0,1200000.0,58769
8045319,1,1,1,10,2024,1,52,9.0,1800000.0,16934
8082399,1,2,1,10,2024,1,44,10.0,1800000.0,56629
8050093,1,1,1,10,2024,1,54,3.0,900000.0,27098
8052807,1,1,1,10,2024,1,74,3.0,600000.0,33637
8041210,1,2,1,10,2024,1,42,5.0,450000.0,7080
8052582,1,1,1,10,2024,1,56,3.0,1350000.0,33165
8081532,1,2,1,10,2024,2,37,5.0,1300000.0,55367
8078130,1,1,1,10,2024,1,27,5.0,1400000.0,47691
8045728,1,1,1,10,2024,2,41,10.0,1500000.0,18031
8040285,1,1,1,10,2024,2,43,5.0,450000.0,4858
8077870,1,1,1,10,2024,2,73,3.0,200000.0,47125
8050453,1,1,1,10,2024,1,69,5.0,100000.0,27968
8076641,1,2,1,10,2024,2,52,3.0,800000.0,44346
8039191,1,2,1,10,2024,2,33,11.0,3100000.0,2539
8076502,1,1,1,10,2024,1,56,3.0,1300000.0,44028
8045725,1,1,1,10,2024,2,47,10.0,4700000.0,18025
8083758,1,2,1,10,2024,2,31,8.0,1300000.0,59689
8083026,1,2,1,10,2024,2,63,11.0,4500000.0,58157
8046626,1,4,1,10,2024,2,72,10.0,1500000.0,20075
8044951,1,1,1,10,2024,2,36,10.0,700000.0,15911
8040037,1,2,1,10,2024,2,23,8.0,900000.0,4230
8051435,1,2,1,10,2024,1,51,4.0,1800000.0,30195
8056238,1,2,1,10,2024,2,31,8.0,1300000.0,40892
8047240,1,2,1,10,2024,1,63,3.0,300000.0,21269
8055776,1,1,1,10,2024,2,36,10.0,500000.0,39942
8081407,1,1,1,10,2024,2,42,4.0,700000.0,55087
8053542,1,3,1,10,2024,2,25,10.0,200000.0,35348
8041544,1,3,1,10,2024,1,21,5.0,1300000.0,7820
8054929,1,1,1,10,2024,2,54,10.0,4500000.0,38388
8053726,1,1,1,10,2024,2,36,8.0,1600000.0,35814
8077671,1,3,1,10,2024,1,46,10.0,4000000.0,46706
8043764,1,2,1,10,2024,2,47,3.0,610000.0,12839
8041184,1,2,1,10,2024,2,63,3.0,618000.0,7019
8038907,1,1,1,10,2024,1,54,5.0,3000000.0,1778
8047988,1,1,1,10,2024,2,73,1.0,105000.0,22805
8053727,1,1,1,10,2024,1,67,6.0,1500000.0,35817
8050169,1,2,1,10,2024,1,40,3.0,300000.0,27262
8083432,1,3,1,10,2024,2,64,12.0,2500000.0,59059
8054641,1,1,1,10,2024,2,56,1.0,728000.0,37694
8053630,1,2,1,10,2024,2,46,9.0,1300000.0,35571
8053494,1,1,1,10,2024,2,41,13.0,7100000.0,35254
8045033,1,1,1,10,2024,2,30,8.0,700000.0,16161
8054502,1,1,1,10,2024,2,62,10.0,1400000.0,37403
8044775,1,1,1,10,2024,1,27,5.0,350000.0,15433
8080579,1,2,1,10,2024,1,50,12.0,4000000.0,53357
8048718,1,1,1,10,2024,2,63,4.0,250000.0,24204
8046968,1,1,1,10,2024,2,31,5.0,1300000.0,20767
8076188,1,1,1,10,2024,1,71,4.0,1000000.0,43281
8048486,1,2,1,10,2024,2,62,5.0,720000.0,23773
8079624,1,1,1,10,2024,2,67,9.0,4000000.0,51081
8082980,1,2,1,10,2024,1,49,3.0,1300000.0,58044
8044917,1,2,1,10,2024,1,48,5.0,1600000.0,15840
8038640,1,3,1,10,2024,2,48,10.0,1800000.0,1073
8050421,1,4,1,10,2024,1,30,6.0,500000.0,27885
8079092,1,4,1,10,2024,2,21,10.0,3000000.0,49845
8078211,1,1,1,10,2024,1,62,3.0,600000.0,47890
8080976,1,1,1,10,2024,1,42,8.0,3000000.0,54143
8046108,1,2,1,10,2024,2,47,5.0,1800000.0,18724
8039069,1,2,1,10,2024,2,64,9.0,1400000.0,2198
8045987,1,1,1,10,2024,2,39,3.0,900000.0,18429
8078476,1,2,1,10,2024,2,51,5.0,700000.0,48507
8084177,1,2,1,10,2024,1,52,8.0,400000.0,60626
8047509,1,2,1,10,2024,1,62,4.0,1400000.0,21748
8049989,1,1,1,10,2024,1,58,3.0,1300000.0,26833
8080315,1,2,1,10,2024,2,49,10.0,1800000.0,52835
8079714,1,1,1,10,2024,2,52,3.0,200000.0,51278
8038342,1,4,1,10,2024,2,36,9.0,1300000.0,415
8076520,1,1,1,10,2024,1,23,5.0,900000.0,44077
8077765,1,2,1,10,2024,2,28,6.0,1700000.0,46921
8039379,1,4,1,10,2024,2,32,8.0,1600000.0,2932
8038994,1,1,1,10,2024,1,34,5.0,900000.0,1995
8086117,1,3,1,10,2024,2,57,11.0,3900000.0,63311
8040761,1,2,1,10,2024,1,53,5.0,1200000.0,5974
8048508,1,2,1,10,2024,2,62,4.0,800000.0,23810
8049740,1,1,1,10,2024,2,44,5.0,1100000.0,26236
8052965,1,2,1,10,2024,2,29,5.0,130000.0,34053
8049065,1,2,1,10,2024,1,40,5.0,1000000.0,24862
8052126,1,1,1,10,2024,1,54,4.0,400000.0,31920
8044136,1,2,1,10,2024,1,45,8.0,1800000.0,13724
8042077,1,1,1,10,2024,1,51,5.0,1300000.0,8974
8044148,1,3,1,10,2024,2,60,10.0,4000000.0,13761
8053233,1,1,1,10,2024,1,65,3.0,1500000.0,34670
8047726,1,6,1,10,2024,2,30,4.0,1200000.0,22219
8038844,1,2,1,10,2024,1,77,3.0,1000000.0,1626
8076464,1,1,1,10,2024,1,43,3.0,1300000.0,43915
8040069,1,2,1,10,2024,2,70,4.0,2000000.0,4296
8046199,1,1,1,10,2024,2,44,5.0,700000.0,18948
8077418,1,1,1,10,2024,2,73,3.0,600000.0,46211
8048044,1,2,1,10,2024,1,62,5.0,3000000.0,22902
8076540,1,1,1,10,2024,2,36,4.0,500000.0,44112
8051019,1,3,1,10,2024,1,24,8.0,1570000.0,29486
8048994,1,1,1,10,2024,2,45,10.0,2000000.0,24721
8039618,1,3,1,10,2024,1,29,5.0,1500000.0,3379
8053578,1,2,1,10,2024,1,20,8.0,1300000.0,35442
8042811,1,2,1,10,2024,2,23,5.0,1200000.0,10608
8053127,1,1,1,10,2024,1,42,8.0,2000000.0,34445
8056363,1,1,1,10,2024,2,33,4.0,1300000.0,41153
8053300,1,2,1,10,2024,2,40,8.0,450000.0,34820
8052923,1,2,1,10,2024,2,24,10.0,1500000.0,33923
8079211,1,1,1,10,2024,2,50,5.0,140000.0,50131
8051927,1,1,1,10,2024,1,51,4.0,700000.0,31424
8049387,1,1,1,10,2024,2,31,9.0,3300000.0,25489
8039657,1,2,1,10,2024,1,47,5.0,3000000.0,3449
8045740,1,1,1,10,2024,2,33,9.0,1600000.0,18056
8039687,1,1,1,10,2024,2,38,5.0,1462000.0,3519
8052757,1,1,1,10,2024,1,38,5.0,1800000.0,33514
8081447,1,1,1,10,2024,2,29,5.0,600000.0,55177
8081247,1,2,1,10,2024,2,31,5.0,1200000.0,54686
8038690,1,3,1,10,2024,2,26,5.0,1300000.0,1239
8044095,1,1,1,10,2024,1,30,10.0,2000000.0,13649
8044950,1,1,1,10,2024,2,50,10.0,700000.0,15908
8054146,1,1,1,10,2024,2,26,5.0,500000.0,36592
8081553,1,1,1,10,2024,2,37,10.0,1600000.0,55402
8041034,1,2,1,10,2024,2,55,5.0,1300000.0,6638
8083085,1,2,1,10,2024,2,55,3.0,200000.0,58301
8048679,1,2,1,10,2024,2,42,8.0,1000000.0,24105
8039229,1,2,1,10,2024,2,22,5.0,1000000.0,2644
8052677,1,2,1,10,2024,1,24,3.0,1200000.0,33373
8046286,1,1,1,10,2024,2,47,5.0,600000.0,19160
8076168,1,1,1,10,2024,2,22,5.0,1090000.0,43204
8077972,1,1,1,10,2024,1,34,5.0,2600000.0,47344
8076589,1,1,1,10,2024,1,34,5.0,1300000.0,44212
8042410,1,1,1,10,2024,2,43,4.0,1100000.0,9758
8043627,1,1,1,10,2024,1,60,3.0,500000.0,12475
8051618,1,1,1,10,2024,1,65,4.0,1500000.0,30614
8079385,1,3,1,10,2024,1,34,5.0,1000000.0,50613
8081537,1,1,1,10,2024,1,45,5.0,1000000.0,55381
8077173,1,1,1,10,2024,1,81,3.0,600000.0,45641
8045422,1,1,1,10,2024,1,40,10.0,2000000.0,17215
8053538,1,1,1,10,2024,1,62,5.0,2400000.0,35337
8076061,1,2,1,10,2024,1,25,5.0,0.0,42890
8080357,1,2,1,10,2024,1,46,3.0,3500000.0,52944
8050806,1,2,1,10,2024,1,28,5.0,1400000.0,28882
8052169,1,1,1,10,2024,1,63,3.0,1600000.0,32012
8040718,1,1,1,10,2024,2,37,5.0,1300000.0,5850
8079696,1,2,1,10,2024,2,50,11.0,4600000.0,51239
8077451,1,1,1,10,2024,2,71,3.0,160000.0,46273
8038922,1,3,1,10,2024,2,25,8.0,1400000.0,1826
8050840,1,3,1,10,2024,1,39,5.0,220000.0,28978
8053916,1,1,1,10,2024,2,52,8.0,2400000.0,36133
8045479,1,2,1,10,2024,2,55,11.0,4800000.0,17392
8044523,2,1,2,10,2024,2,37,8.0,1300000.0,14786
8081583,1,1,1,10,2024,2,51,10.0,3000000.0,55434
8082287,1,1,1,10,2024,2,53,8.0,1300000.0,56396
8084679,1,2,1,10,2024,2,41,5.0,1000000.0,61674
8042220,1,2,1,10,2024,2,64,5.0,3000000.0,9348
8076691,1,1,1,10,2024,1,53,3.0,400000.0,44453
8047811,1,2,1,10,2024,2,33,4.0,1290000.0,22423
8054559,1,4,1,10,2024,2,34,10.0,1300000.0,37527
8049618,1,1,1,10,2024,2,37,3.0,300000.0,25904
8080324,1,1,1,10,2024,2,28,5.0,500000.0,52858
8055350,1,3,1,10,2024,1,23,10.0,400000.0,39221
8055223,1,1,1,10,2024,2,74,3.0,1000000.0,39006
8038307,1,1,1,10,2024,1,56,4.0,1300000.0,324
8077356,1,1,1,10,2024,1,66,4.0,700000.0,46075
8055695,1,4,1,10,2024,2,21,10.0,1300000.0,39846
8042577,1,1,1,10,2024,2,17,10.0,650000.0,10093
8084231,1,2,1,10,2024,1,46,10.0,4000000.0,60758
8048313,1,1,1,10,2024,2,52,3.0,1300000.0,23498
8039551,1,2,1,10,2024,2,27,11.0,3000000.0,3287
8052633,1,1,1,10,2024,2,40,4.0,1160000.0,33288
8041029,1,1,1,10,2024,2,56,3.0,700000.0,6630
8041344,1,1,1,10,2024,1,66,3.0,1200000.0,7302
8083349,1,3,1,10,2024,1,21,6.0,800000.0,58908
8049187,1,1,1,10,2024,1,57,3.0,1300000.0,25073
8051845,1,1,1,10,2024,2,34,3.0,500000.0,31230
8078008,1,1,1,10,2024,2,53,3.0,500000.0,47453
8041752,1,1,1,10,2024,2,52,5.0,1472000.0,8245
8053906,1,1,1,10,2024,2,47,10.0,3000000.0,36113
8052372,1,1,1,10,2024,1,62,1.0,500000.0,32602
8053034,1,2,1,10,2024,2,59,5.0,1300000.0,34274
8049799,1,2,1,10,2024,1,73,3.0,550000.0,26394
8049238,1,1,1,10,2024,1,38,3.0,1200000.0,25171
8045467,1,1,1,10,2024,1,42,3.0,1500000.0,17356
8055372,1,1,1,10,2024,1,53,5.0,1300000.0,39269
8054096,1,1,1,10,2024,2,55,3.0,600000.0,36489
8079365,1,1,1,10,2024,2,51,3.0,1000000.0,50579
8055869,1,1,1,10,2024,1,56,5.0,1000000.0,40166
8041889,1,3,1,10,2024,1,28,10.0,2000000.0,8527
8042373,1,4,1,10,2024,1,21,5.0,1300000.0,9662
8080015,1,1,1,10,2024,1,60,4.0,2000000.0,52066
8048915,1,1,1,10,2024,2,57,4.0,300000.0,24580
8084997,1,2,1,10,2024,2,36,8.0,250000.0,62398
8082685,1,3,1,10,2024,1,40,10.0,2800000.0,57325
8049416,1,3,1,10,2024,1,30,9.0,2800000.0,25521
8050919,1,1,1,10,2024,2,47,10.0,720000.0,29197
8053855,1,3,1,10,2024,1,20,10.0,720000.0,36023
8041914,1,3,1,10,2024,1,16,4.0,480000.0,8594
8044678,1,3,1,10,2024,1,31,5.0,1300000.0,15209
8085692,1,1,1,10,2024,2,46,5.0,700000.0,62645
8049714,1,2,1,10,2024,2,29,10.0,1800000.0,26159
8046096,1,1,1,10,2024,1,61,4.0,1400000.0,18709
8053060,1,3,1,10,2024,2,26,5.0,1300000.0,34326
8077454,1,2,1,10,2024,2,34,10.0,5000000.0,46282
8082295,1,2,1,10,2024,2,44,5.0,1300000.0,56408
8048189,1,4,1,10,2024,2,32,5.0,1350000.0,23258
8083030,1,1,1,10,2024,2,48,4.0,5800000.0,58164
8045680,1,1,1,10,2024,1,27,10.0,1300000.0,17912
8041919,1,3,1,10,2024,2,24,4.0,1300000.0,8607
8044785,1,2,1,10,2024,1,31,4.0,1200000.0,15458
8051697,1,1,1,10,2024,2,43,6.0,600000.0,30804
8043547,1,2,1,10,2024,1,55,3.0,500000.0,12297
8049211,1,1,1,10,2024,2,27,8.0,1000000.0,25113
8039030,1,2,1,10,2024,1,38,5.0,1800000.0,2073
8046593,1,2,1,10,2024,2,50,5.0,1300000.0,19993
8077341,1,1,1,10,2024,2,44,8.0,1150000.0,46033
8081376,1,1,1,10,2024,2,52,8.0,566000.0,54978
8055013,1,2,1,10,2024,2,67,4.0,150000.0,38562
8044994,1,1,1,10,2024,2,36,5.0,900000.0,16040
8041896,1,3,1,10,2024,1,23,9.0,1800000.0,8546
8052086,1,1,1,10,2024,1,55,4.0,1300000.0,31809
8045029,1,2,1,10,2024,2,40,5.0,600000.0,16154
8048428,1,2,1,10,2024,2,69,4.0,100000.0,23658
8053846,1,1,1,10,2024,2,40,8.0,1300000.0,36001
8080359,1,4,1,10,2024,2,35,5.0,1300000.0,52952
8076748,1,1,1,10,2024,2,56,9.0,1300000.0,44605
8040126,1,1,1,10,2024,2,38,10.0,2500000.0,4438
8041216,1,1,1,10,2024,2,43,4.0,240000.0,7093
8075618,1,1,1,10,2024,2,36,5.0,640000.0,41610
8046511,1,6,1,10,2024,2,29,8.0,1300000.0,19732
8044096,1,1,1,10,2024,1,44,11.0,5000000.0,13650
8051624,1,2,1,10,2024,1,37,8.0,1400000.0,30629
8082023,1,1,1,10,2024,2,51,3.0,550000.0,55991
8047716,1,1,1,10,2024,1,33,10.0,2900000.0,22196
8084110,1,1,1,10,2024,1,59,5.0,1200000.0,60527
8054683,1,4,1,10,2024,1,35,5.0,700000.0,37798
8043277,1,3,1,10,2024,1,21,5.0,1300000.0,11552
8077396,1,1,1,10,2024,2,44,5.0,1200000.0,46159
8077051,1,2,1,10,2024,2,35,3.0,500000.0,45274
8041258,1,1,1,10,2024,1,32,5.0,2700000.0,7184
8077068,1,1,1,10,2024,1,56,3.0,800000.0,45322
8040862,1,1,1,10,2024,1,44,8.0,1300000.0,6225
8076514,1,1,1,10,2024,1,69,3.0,150000.0,44052
8040379,1,1,1,10,2024,1,41,5.0,1400000.0,5077
8080050,1,1,1,10,2024,2,43,5.0,1300000.0,52138
8044574,1,1,1,10,2024,2,31,8.0,800000.0,14931
8078473,1,1,1,10,2024,2,45,5.0,900000.0,48498
8055276,1,1,1,10,2024,2,36,5.0,850000.0,39083
8080615,1,1,1,10,2024,1,36,5.0,1300000.0,53430
8052947,1,1,1,10,2024,1,71,1.0,800000.0,33998
8079721,1,1,1,10,2024,1,33,5.0,1465000.0,51301
8081410,1,2,1,10,2024,1,48,3.0,800000.0,55096
8081377,1,2,1,10,2024,1,39,5.0,900000.0,54984
8047338,1,1,1,10,2024,1,59,3.0,1600000.0,21459
8041086,1,2,1,10,2024,1,64,5.0,1300000.0,6745
8050024,1,3,1,10,2024,2,17,5.0,520000.0,26926
8054882,1,1,1,10,2024,2,27,5.0,200000.0,38279
8050217,1,2,1,10,2024,2,37,4.0,1300000.0,27379
8046718,1,1,1,10,2024,2,50,4.0,1000000.0,20275
8076884,1,1,1,10,2024,2,25,4.0,900000.0,44896
8040756,1,2,1,10,2024,2,49,5.0,1300000.0,5961
8084852,1,1,1,10,2024,1,22,6.0,1400000.0,62057
8044509,1,1,1,10,2024,1,42,5.0,800000.0,14735
8046556,1,2,1,10,2024,1,39,5.0,1000000.0,19872
8082833,1,1,1,10,2024,2,41,8.0,1100000.0,57698
8081388,1,2,1,10,2024,2,54,5.0,1300000.0,55022
8077198,1,3,1,10,2024,1,25,5.0,240000.0,45704
8078223,1,1,1,10,2024,2,34,3.0,200000.0,47923
8051301,1,1,1,10,2024,2,43,5.0,2000000.0,29814
8055793,1,1,1,10,2024,2,25,8.0,1462000.0,39988
8050152,1,1,1,10,2024,1,75,10.0,4000000.0,27211
8086512,1,1,1,10,2024,1,43,9.0,3300000.0,63849
8085939,1,1,1,10,2024,2,54,11.0,4900000.0,63063
8038851,1,1,1,10,2024,1,34,11.0,3300000.0,1639
8049480,1,3,1,10,2024,1,31,3.0,400000.0,25557
8050506,1,6,1,10,2024,2,52,6.0,360000.0,28153
8080087,1,2,1,10,2024,1,45,4.0,900000.0,52229
8076132,1,1,1,10,2024,1,52,1.0,450000.0,43096
8044892,1,6,1,10,2024,1,24,5.0,1000000.0,15772
8039495,1,1,1,10,2024,2,35,5.0,1300000.0,3163
8080733,1,1,1,10,2024,2,44,8.0,1300000.0,53651
8050525,1,1,1,10,2024,2,56,4.0,850000.0,28205
8043635,1,2,1,10,2024,2,24,10.0,1200000.0,12500
8039945,1,1,1,10,2024,2,40,8.0,650000.0,4062
8078957,1,1,1,10,2024,1,27,4.0,1200000.0,49540
8041175,1,1,1,10,2024,2,56,5.0,500000.0,6983
8046930,1,1,1,10,2024,2,26,10.0,200000.0,20759
8047384,1,1,1,10,2024,1,42,5.0,800000.0,21559
8046276,1,1,1,10,2024,1,75,3.0,0.0,19128
8044244,1,2,1,10,2024,1,50,3.0,900000.0,13955
8080827,1,2,1,10,2024,2,29,10.0,3800000.0,53837
8044451,1,3,1,10,2024,1,30,5.0,1300000.0,14580
8055684,1,1,1,10,2024,1,57,10.0,2500000.0,39806
8040797,1,1,1,10,2024,1,22,8.0,1600000.0,6057
8044583,1,1,1,10,2024,2,44,8.0,1300000.0,14956
8038761,1,2,1,10,2024,2,20,10.0,950000.0,1440
8079021,1,1,1,10,2024,1,36,4.0,1020000.0,49680
8084212,1,1,1,10,2024,1,61,5.0,1500000.0,60724
8083063,1,1,1,10,2024,1,44,8.0,600000.0,58236
8040831,1,1,1,10,2024,2,59,10.0,5000000.0,6117
8044543,1,1,1,10,2024,2,42,5.0,1300000.0,14850
8085983,1,1,1,10,2024,1,48,4.0,400000.0,63140
8042015,1,1,1,10,2024,2,50,3.0,1440000.0,8879
8040965,1,1,1,10,2024,2,59,3.0,540000.0,6455
8048685,1,2,1,10,2024,1,44,5.0,1300000.0,24125
8039887,1,1,1,10,2024,2,30,5.0,1500000.0,3902
8045383,1,2,1,10,2024,1,28,8.0,1000000.0,17099
8052784,1,1,1,10,2024,1,54,4.0,2200000.0,33583
8053353,1,3,1,10,2024,2,23,5.0,600000.0,34966
8050497,1,1,1,10,2024,1,39,4.0,800000.0,28110
8081150,1,1,1,10,2024,1,35,3.0,1500000.0,54485
8075978,1,2,1,10,2024,2,26,8.0,2000000.0,42640
8045197,1,2,1,10,2024,2,70,3.0,200000.0,16610
8077873,1,2,1,10,2024,1,69,3.0,0.0,47129
8084758,1,2,1,10,2024,1,29,3.0,700000.0,61855
8047911,1,1,1,10,2024,2,46,8.0,1200000.0,22676
8045583,1,1,1,10,2024,1,45,10.0,1000000.0,17671
8051796,1,1,1,10,2024,2,39,3.0,1300000.0,31070
8082816,1,1,1,10,2024,1,36,10.0,5700000.0,57663
8076815,1,1,1,10,2024,1,47,10.0,3000000.0,44736
8038835,1,2,1,10,2024,2,48,12.0,6000000.0,1603
8076956,1,1,1,10,2024,1,53,3.0,1100000.0,45040
8044386,1,2,1,10,2024,2,39,10.0,2600000.0,14406
8052576,1,2,1,10,2024,2,29,9.0,1900000.0,33145
8054420,1,1,1,10,2024,2,55,5.0,1000000.0,37221
8055583,1,1,1,10,2024,1,42,3.0,1500000.0,39580
8043083,1,3,1,10,2024,1,15,3.0,350000.0,11110
8040132,1,1,1,10,2024,1,44,4.0,1000000.0,4457
8086652,1,1,1,10,2024,1,56,5.0,1000000.0,64228
8050234,1,1,1,10,2024,2,34,8.0,1462000.0,27416
8041140,1,2,1,10,2024,2,43,5.0,1300000.0,6888
8076483,1,4,1,10,2024,2,35,3.0,350000.0,43970
8051946,1,2,1,10,2024,1,33,5.0,1300000.0,31477
8051607,1,2,1,10,2024,1,58,4.0,1300000.0,30589
8052558,1,1,1,10,2024,1,50,3.0,700000.0,33095
8079215,1,1,1,10,2024,2,58,1.0,150000.0,50150
8083046,1,1,1,10,2024,2,41,5.0,500000.0,58197
8040168,1,4,1,10,2024,2,19,5.0,1000000.0,4546
8084561,1,1,1,10,2024,2,43,3.0,900000.0,61443
8049882,1,1,1,10,2024,1,43,5.0,1650000.0,26598
8077098,1,1,1,10,2024,1,67,3.0,100000.0,45426
8038644,1,1,1,10,2024,1,39,10.0,2300000.0,1078
8056159,1,2,1,10,2024,2,45,3.0,1100000.0,40719
8039541,1,2,1,10,2024,2,32,5.0,2400000.0,3266
8039149,1,1,1,10,2024,1,55,8.0,2600000.0,2446
8044935,1,1,1,10,2024,2,53,3.0,1000000.0,15881
8055652,1,2,1,10,2024,2,37,5.0,1200000.0,39704
8040167,1,5,1,10,2024,2,25,5.0,1300000.0,4539
8075782,1,2,1,10,2024,2,52,10.0,2400000.0,42061
8079939,1,1,1,10,2024,2,36,8.0,1850000.0,51947
8079223,1,1,1,10,2024,2,54,1.0,300000.0,50178
8049349,1,1,1,10,2024,2,44,4.0,800000.0,25414
8053111,1,1,1,10,2024,1,30,8.0,1300000.0,34426
8083060,1,3,1,10,2024,2,51,8.0,1200000.0,58229
8075902,1,2,1,10,2024,2,56,1.0,195000.0,42385
8078300,1,2,1,10,2024,1,20,6.0,800000.0,48115
8052979,1,1,1,10,2024,1,50,5.0,1270000.0,34087
8041575,1,3,1,10,2024,2,44,10.0,1800000.0,7890
8084562,1,3,1,10,2024,2,38,10.0,2000000.0,61447
8054730,1,2,1,10,2024,1,39,6.0,1300000.0,37913
8082855,1,1,1,10,2024,1,46,5.0,1300000.0,57745
8042897,1,1,1,10,2024,2,19,7.0,1200000.0,10780
8045274,1,1,1,10,2024,1,56,3.0,2500000.0,16817
8055594,1,1,1,10,2024,2,45,9.0,2200000.0,39607
8079028,1,1,1,10,2024,2,52,3.0,200000.0,49712
8052036,1,2,1,10,2024,2,54,8.0,23400000.0,31679
8086651,1,3,1,10,2024,2,31,8.0,1300000.0,64225
8038988,1,2,1,10,2024,2,33,5.0,1997000.0,1985
8041846,1,2,1,10,2024,1,56,6.0,1300000.0,8406
8040113,1,1,1,10,2024,1,65,3.0,500000.0,4402
8046459,1,1,1,10,2024,2,33,5.0,1300000.0,19591
8043320,1,1,1,10,2024,1,53,4.0,650000.0,11667
8047926,1,1,1,10,2024,2,40,5.0,800000.0,22696
8045676,1,3,1,10,2024,2,35,8.0,2900000.0,17904
8052925,1,3,1,10,2024,1,24,5.0,300000.0,33928
8084840,1,3,1,10,2024,1,30,5.0,1300000.0,62025
8046502,1,2,1,10,2024,1,38,5.0,600000.0,19693
8077243,1,1,1,10,2024,1,38,3.0,500000.0,45820
8041933,1,1,1,10,2024,1,28,5.0,1000000.0,8647
8047582,1,1,1,10,2024,2,55,5.0,1300000.0,21913
8049173,1,2,1,10,2024,2,37,10.0,2800000.0,25051
8039712,1,1,1,10,2024,2,40,11.0,3000000.0,3569
8084402,1,1,1,10,2024,1,46,9.0,2500000.0,61141
8044754,1,1,1,10,2024,1,37,9.0,4200000.0,15391
8039996,1,1,1,10,2024,2,68,3.0,800000.0,4139
8046181,1,1,1,10,2024,1,28,5.0,1840000.0,18900
8084322,1,3,1,10,2024,2,48,5.0,700000.0,60966
8054506,1,2,1,10,2024,2,36,3.0,1000000.0,37417
8046473,1,1,1,10,2024,2,42,11.0,4000000.0,19631
8039306,1,1,1,10,2024,2,26,10.0,910000.0,2841
8076163,1,2,1,10,2024,2,46,1.0,180000.0,43185
8050761,1,1,1,10,2024,2,28,8.0,200000.0,28763
8048887,1,2,1,10,2024,2,38,10.0,1200000.0,24517
8045626,1,2,1,10,2024,1,53,3.0,200000.0,17763
8039445,1,1,1,10,2024,2,52,11.0,3000000.0,3058
8043726,1,1,1,10,2024,1,32,10.0,850000.0,12732
8051284,1,1,1,10,2024,2,81,4.0,120000.0,29762
8049419,1,2,1,10,2024,1,26,5.0,2833000.0,25530
8048526,1,3,1,10,2024,2,35,5.0,1300000.0,23862
8078943,1,1,1,10,2024,1,64,4.0,1500000.0,49503
8084915,1,1,1,10,2024,2,58,4.0,900000.0,62193
8075698,1,1,1,10,2024,1,38,8.0,500000.0,41850
8053380,1,7,1,10,2024,2,27,5.0,1050000.0,35062
8079137,1,1,1,10,2024,2,30,5.0,800000.0,49929
8056370,1,4,1,10,2024,1,22,5.0,1400000.0,41179
8080112,1,1,1,10,2024,1,36,8.0,2680000.0,52309
8080072,1,1,1,10,2024,1,38,5.0,1500000.0,52193
8039487,1,1,1,10,2024,2,35,8.0,1300000.0,3149
8054176,1,2,1,10,2024,2,36,3.0,900000.0,36660
8044797,1,2,1,10,2024,2,22,10.0,500000.0,15489
8045131,1,1,1,10,2024,1,31,5.0,200000.0,16426
8076121,1,1,1,10,2024,2,56,7.0,3000000.0,43063
8076606,1,1,1,10,2024,2,58,5.0,1300000.0,44264
8054197,1,1,1,10,2024,2,62,3.0,700000.0,36725
8050921,1,2,1,10,2024,1,52,10.0,0.0,29203
8046873,1,1,1,10,2024,2,64,3.0,500000.0,20617
8082964,1,2,1,10,2024,1,71,3.0,700000.0,57994
8086863,1,2,1,10,2024,2,67,12.0,15000000.0,64609
8045391,1,2,1,10,2024,2,39,10.0,2400000.0,17119
8051828,1,1,1,10,2024,2,43,10.0,3300000.0,31174
8084518,1,2,1,10,2024,2,28,8.0,1100000.0,61344
8077338,1,2,1,10,2024,1,55,3.0,1600000.0,46024
8079880,1,2,1,10,2024,2,35,4.0,300000.0,51835
8053600,1,2,1,10,2024,2,37,10.0,2400000.0,35490
8044895,1,1,1,10,2024,2,59,5.0,1300000.0,15780
8041453,1,2,1,10,2024,1,36,8.0,18000000.0,7595
8055801,1,2,1,10,2024,1,37,5.0,5500000.0,40005
8054881,1,2,1,10,2024,1,20,5.0,1100000.0,38277
8041092,1,1,1,10,2024,2,25,10.0,2400000.0,6752
8083272,1,2,1,10,2024,1,31,10.0,1800000.0,58717
8044948,1,1,1,10,2024,2,52,12.0,4200000.0,15905
8052538,1,1,1,10,2024,2,56,3.0,500000.0,33037
8043951,1,1,1,10,2024,1,52,5.0,1000000.0,13305
8051581,1,1,1,10,2024,2,49,3.0,1300000.0,30524
8048705,1,1,1,10,2024,2,59,12.0,4000000.0,24151
8051836,1,2,1,10,2024,2,53,8.0,480000.0,31204
8055324,1,3,1,10,2024,1,28,10.0,3000000.0,39169
8079149,1,1,1,10,2024,2,60,5.0,1300000.0,49960
8083826,1,1,1,10,2024,1,38,5.0,1400000.0,59826
8080382,1,5,1,10,2024,2,29,10.0,1300000.0,53018
8078418,1,2,1,10,2024,1,19,5.0,1600000.0,48368
8081534,1,2,1,10,2024,2,31,5.0,1650000.0,55374
8042260,1,2,1,10,2024,2,62,11.0,4000000.0,9446
8040834,1,1,1,10,2024,2,47,1.0,840000.0,6119
8079874,1,3,1,10,2024,2,31,5.0,1300000.0,51811
8043205,1,1,1,10,2024,2,66,9.0,2000000.0,11389
8084589,1,1,1,10,2024,2,44,10.0,1300000.0,61482
8080275,1,2,1,10,2024,1,34,11.0,9000000.0,52749
8076016,1,1,1,10,2024,2,52,3.0,1300000.0,42750
8038817,1,2,1,10,2024,2,40,5.0,1300000.0,1562
8048601,1,5,1,10,2024,2,21,8.0,1000000.0,23995
8044110,1,1,1,10,2024,2,50,3.0,950000.0,13668
8047108,1,1,1,10,2024,1,54,4.0,1300000.0,21003
8040848,1,2,1,10,2024,2,27,9.0,1300000.0,6172
8083717,1,2,1,10,2024,2,30,5.0,1300000.0,59610
8083528,1,1,1,10,2024,1,54,5.0,1300000.0,59241
8052461,1,2,1,10,2024,1,27,5.0,1600000.0,32842
8049644,1,1,1,10,2024,2,75,3.0,800000.0,25979
8052243,1,1,1,10,2024,1,28,9.0,1300000.0,32215
8082792,1,2,1,10,2024,2,42,10.0,700000.0,57585
8085984,1,2,1,10,2024,2,46,1.0,200000.0,63142
8084717,1,1,1,10,2024,1,61,5.0,1462000.0,61742
8040505,1,1,1,10,2024,2,40,8.0,1500000.0,5384
8051277,1,2,1,10,2024,1,19,8.0,1300000.0,29745
8046339,1,2,1,10,2024,1,29,8.0,1300000.0,19325
8044983,1,2,1,10,2024,1,34,8.0,1200000.0,15998
8086622,1,1,1,10,2024,2,32,10.0,3000000.0,64150
8039898,1,2,1,10,2024,1,38,3.0,500000.0,3938
8038632,1,2,1,10,2024,1,66,1.0,350000.0,1057
8039964,1,1,1,10,2024,1,32,8.0,1200000.0,4091
8047279,1,2,1,10,2024,2,23,8.0,1600000.0,21349
8076848,1,2,1,10,2024,2,56,10.0,1800000.0,44821
8049650,1,2,1,10,2024,2,22,5.0,900000.0,25993
8039572,1,1,1,10,2024,1,55,5.0,2000000.0,3311
8079024,1,1,1,10,2024,1,58,3.0,2400000.0,49694
8077326,1,2,1,10,2024,1,38,3.0,3700000.0,45992
8044270,1,4,1,10,2024,1,22,8.0,1300000.0,14061
8052776,1,4,1,10,2024,1,27,4.0,1300000.0,33568
8083980,1,3,1,10,2024,2,48,3.0,800000.0,60135
8086095,1,3,1,10,2024,1,25,10.0,3000000.0,63267
8076148,1,4,1,10,2024,1,43,3.0,200000.0,43153
8043228,1,2,1,10,2024,2,50,10.0,2000000.0,11442
8051324,1,2,1,10,2024,2,30,6.0,850000.0,29889
8080468,1,1,1,10,2024,2,48,10.0,3300000.0,53133
8050665,1,1,1,10,2024,2,35,8.0,1500000.0,28544
8082330,1,2,1,10,2024,1,36,3.0,1300000.0,56491
8049481,1,1,1,10,2024,1,77,3.0,450000.0,25558
8050925,1,6,1,10,2024,1,19,3.0,200000.0,29217
8054913,1,5,1,10,2024,2,21,9.0,1300000.0,38352
8045412,1,2,1,10,2024,1,30,6.0,900000.0,17189
8038663,1,2,1,10,2024,1,52,3.0,1200000.0,1130
8039062,1,5,1,10,2024,2,59,5.0,400000.0,2181
8086818,1,1,1,10,2024,1,62,3.0,1300000.0,64545
8081143,1,1,1,10,2024,1,57,6.0,1200000.0,54472
8084168,1,1,1,10,2024,2,25,8.0,300000.0,60593
8047566,1,1,1,10,2024,1,53,10.0,5000000.0,21864
8082208,1,2,1,10,2024,1,42,8.0,900000.0,56279
8048827,1,4,1,10,2024,2,26,8.0,1300000.0,24379
8086655,1,1,1,10,2024,1,57,12.0,7000000.0,64245
8046455,1,1,1,10,2024,1,34,9.0,1500000.0,19580
8052945,1,3,1,10,2024,2,40,5.0,900000.0,33993
8082726,1,1,1,10,2024,1,39,3.0,1300000.0,57419
8076691,1,2,1,10,2024,2,51,5.0,1300000.0,44454
8046254,1,2,1,10,2024,1,25,10.0,1800000.0,19055
8047791,1,2,1,10,2024,1,65,3.0,1000000.0,22398
8051810,1,3,1,10,2024,2,54,10.0,900000.0,31113
8055985,1,2,1,10,2024,2,70,11.0,9100000.0,40384
8039435,1,1,1,10,2024,2,35,5.0,900000.0,3039
8053960,1,1,1,10,2024,1,38,11.0,2000000.0,36231
8052015,1,3,1,10,2024,1,36,8.0,1500000.0,31629
8040801,1,2,1,10,2024,1,35,10.0,4000000.0,6065
8083305,1,2,1,10,2024,1,58,1.0,180000.0,58792
8045968,1,1,1,10,2024,2,38,5.0,730000.0,18373
8055405,1,1,1,10,2024,1,46,10.0,3500000.0,39341
8044854,1,6,1,10,2024,2,29,10.0,1300000.0,15676
8041488,1,1,1,10,2024,2,53,5.0,600000.0,7689
8082454,1,1,1,10,2024,2,32,4.0,500000.0,56736
8044481,1,1,1,10,2024,1,30,5.0,1300000.0,14658
8081397,1,2,1,10,2024,2,66,1.0,550000.0,55051
8080953,1,1,1,10,2024,2,41,5.0,1462000.0,54098
8038692,1,3,1,10,2024,2,27,10.0,1300000.0,1246
8084285,1,1,1,10,2024,1,39,8.0,1300000.0,60891
8082967,1,1,1,10,2024,2,54,10.0,2800000.0,58006
8055060,1,1,1,10,2024,1,51,10.0,6180000.0,38694
8055587,1,1,1,10,2024,2,34,10.0,4500000.0,39594
8039071,1,1,1,10,2024,2,46,5.0,1462000.0,2209
8046665,1,2,1,10,2024,2,42,8.0,1300000.0,20152
8044189,1,2,1,10,2024,2,23,8.0,900000.0,13854
8050664,1,1,1,10,2024,1,37,12.0,2200000.0,28543
8083973,1,1,1,10,2024,1,49,5.0,2200000.0,60113
8083952,1,2,1,10,2024,1,33,5.0,200000.0,60055
8079472,1,1,1,10,2024,1,29,10.0,2500000.0,50825
8043822,1,1,1,10,2024,1,72,3.0,250000.0,12988
8046366,1,1,1,10,2024,2,56,11.0,3700000.0,19389
8045177,1,2,1,10,2024,2,30,5.0,450000.0,16552
8051747,1,2,1,10,2024,1,48,9.0,1300000.0,30942
8041954,1,1,1,10,2024,1,46,5.0,2000000.0,8710
8085735,1,1,1,10,2024,2,32,3.0,1070000.0,62740
8041877,1,2,1,10,2024,2,29,5.0,600000.0,8502
8041582,1,2,1,10,2024,2,31,8.0,1300000.0,7909
8055468,1,1,1,10,2024,1,35,3.0,1500000.0,39411
8046154,1,1,1,10,2024,1,44,3.0,1550000.0,18832
8084812,1,3,1,10,2024,2,26,8.0,1000000.0,61959
8051382,1,1,1,10,2024,2,32,4.0,320000.0,30045
8052422,1,5,1,10,2024,2,24,8.0,1600000.0,32761
8079880,1,1,1,10,2024,1,44,3.0,300000.0,51834
8080951,1,3,1,10,2024,1,36,4.0,1562000.0,54094
8039472,1,2,1,10,2024,1,50,4.0,1600000.0,3110
8084774,1,4,1,10,2024,2,28,5.0,1000000.0,61876
8040926,1,2,1,10,2024,2,70,5.0,1300000.0,6374
8075637,1,3,1,10,2024,1,24,5.0,750000.0,41674
8043282,1,4,1,10,2024,1,58,3.0,0.0,11570
8076239,1,1,1,10,2024,2,51,3.0,200000.0,43373
8055915,1,1,1,10,2024,1,58,5.0,4000000.0,40253
8050830,1,3,1,10,2024,2,47,4.0,2300000.0,28952
8050871,1,2,1,10,2024,2,28,10.0,1300000.0,29055
8082812,1,1,1,10,2024,2,69,4.0,700000.0,57653
8041239,1,3,1,10,2024,2,22,5.0,1300000.0,7149
8084389,1,4,1,10,2024,2,24,10.0,1080000.0,61113
8051299,1,2,1,10,2024,2,20,5.0,1000000.0,29807
8039016,1,1,1,10,2024,2,23,4.0,800000.0,2035
8078328,1,2,1,10,2024,2,34,3.0,170000.0,48180
8076171,1,1,1,10,2024,1,24,10.0,1300000.0,43216
8053597,1,1,1,10,2024,2,39,8.0,1400000.0,35478
8040359,1,1,1,10,2024,2,35,5.0,700000.0,5028
8046039,1,2,1,10,2024,1,23,12.0,1800000.0,18556
8043983,1,1,1,10,2024,2,45,5.0,300000.0,13383
8039395,1,1,1,10,2024,1,33,10.0,1300000.0,2965
8047759,1,1,1,10,2024,1,23,5.0,520000.0,22300
8041062,1,2,1,10,2024,2,30,10.0,2000000.0,6704
8048515,1,1,1,10,2024,2,62,5.0,600000.0,23829
8046261,1,2,1,10,2024,2,53,10.0,5500000.0,19077
8043481,1,1,1,10,2024,2,30,9.0,2300000.0,12094
8086354,1,1,1,10,2024,1,61,9.0,3000000.0,63517
8054376,1,2,1,10,2024,1,31,3.0,600000.0,37117
8042786,1,1,1,10,2024,2,67,5.0,105000.0,10535
8078956,1,3,1,10,2024,2,37,3.0,700000.0,49535
8050401,1,1,1,10,2024,2,29,4.0,720000.0,27848
8055669,1,1,1,10,2024,2,48,5.0,1980000.0,39762
8054780,1,1,1,10,2024,1,25,10.0,2600000.0,38056
8041095,1,1,1,10,2024,2,62,12.0,3500000.0,6759
8040353,1,1,1,10,2024,1,58,5.0,1300000.0,5017
8047191,1,2,1,10,2024,2,16,4.0,300000.0,21156
8048316,1,1,1,10,2024,2,25,5.0,1218000.0,23506
8083690,1,1,1,10,2024,1,42,11.0,3500000.0,59560
8041731,1,3,1,10,2024,2,35,10.0,1300000.0,8207
8051412,1,4,1,10,2024,1,51,10.0,1800000.0,30131
8045796,1,1,1,10,2024,2,26,5.0,2500000.0,18197
8045808,1,2,1,10,2024,2,31,10.0,2700000.0,18228
8049486,1,4,1,10,2024,1,21,5.0,1300000.0,25578
8052723,1,1,1,10,2024,1,24,3.0,1790000.0,33441
8046860,1,3,1,10,2024,2,45,10.0,2600000.0,20594
8052433,1,2,1,10,2024,1,17,3.0,1300000.0,32779
8042459,1,1,1,10,2024,2,35,3.0,100000.0,9853
8082723,1,4,1,10,2024,2,25,5.0,1000000.0,57410
8056030,1,2,1,10,2024,2,59,5.0,400000.0,40447
8044446,1,4,1,10,2024,2,23,5.0,1300000.0,14569
8085040,1,2,1,10,2024,1,54,5.0,3000000.0,62499
8086487,1,5,1,10,2024,1,33,3.0,400000.0,63790
8042725,1,1,1,10,2024,2,29,3.0,800000.0,10422
8079472,1,2,1,10,2024,2,28,9.0,1700000.0,50826
8076580,1,2,1,10,2024,2,32,5.0,1300000.0,44191
8045126,1,2,1,10,2024,2,64,3.0,650000.0,16414
8086653,1,2,1,10,2024,1,30,5.0,600000.0,64234
8055153,1,7,1,10,2024,2,23,5.0,1500000.0,38826
8075817,1,4,1,10,2024,1,24,10.0,1000000.0,42159
8052814,1,1,1,10,2024,1,67,3.0,1300000.0,33652
8084257,1,2,1,10,2024,2,28,8.0,0.0,60827
8046840,1,1,1,10,2024,2,45,5.0,1100000.0,20554
8086282,1,2,1,10,2024,2,41,3.0,300000.0,63400
8082721,1,3,1,10,2024,2,21,10.0,200000.0,57403
8038889,1,1,1,10,2024,1,42,3.0,500000.0,1735
8047330,1,9,1,10,2024,2,28,4.0,600000.0,21445
8052946,1,1,1,10,2024,2,30,5.0,1500000.0,33995
8079422,1,1,1,10,2024,1,41,10.0,300000.0,50702
8080616,1,2,1,10,2024,2,51,10.0,1800000.0,53434
8044049,1,1,1,10,2024,1,65,10.0,3000000.0,13520
8049251,1,2,1,10,2024,1,24,5.0,800000.0,25194
8049743,1,4,1,10,2024,2,24,9.0,980000.0,26246
8051285,1,3,1,10,2024,1,45,4.0,1500000.0,29765
8080061,1,1,1,10,2024,1,43,4.0,1500000.0,52164
8040068,1,1,1,10,2024,2,44,8.0,950000.0,4294
8080037,1,2,1,10,2024,2,36,5.0,1540000.0,52108
8077848,1,1,1,10,2024,2,51,3.0,1300000.0,47083
8047576,1,2,1,10,2024,2,27,10.0,2300000.0,21888
8050692,1,4,1,10,2024,1,41,4.0,1000000.0,28607
8050461,1,2,1,10,2024,2,31,8.0,1900000.0,27988
8047613,1,1,1,10,2024,2,48,5.0,300000.0,21978
8080415,1,1,1,10,2024,1,32,8.0,1600000.0,53099
8041679,1,2,1,10,2024,2,57,8.0,1300000.0,8123
8046816,1,2,1,10,2024,2,26,10.0,2600000.0,20517
8038911,1,1,1,10,2024,2,44,11.0,12000000.0,1791
8078586,1,1,1,10,2024,2,68,8.0,1120000.0,48740
8075929,1,1,1,10,2024,1,67,1.0,350000.0,42471
8048895,1,1,1,10,2024,2,54,5.0,1000000.0,24542
8046730,1,6,1,10,2024,1,29,1.0,1300000.0,20314
8054719,1,3,1,10,2024,2,42,4.0,1300000.0,37888
8049206,1,1,1,10,2024,2,34,8.0,2000000.0,25107
8077328,1,1,1,10,2024,1,42,10.0,5000000.0,45996
8043220,1,2,1,10,2024,2,51,5.0,1380000.0,11425
8046632,1,2,1,10,2024,1,34,8.0,1300000.0,20088
8053061,1,3,1,10,2024,2,28,8.0,2000000.0,34330
8045574,1,2,1,10,2024,1,27,9.0,2500000.0,17652
8077838,1,2,1,10,2024,2,44,6.0,1462000.0,47057
8038842,1,1,1,10,2024,2,42,10.0,7700000.0,1620
8055485,1,1,1,10,2024,1,25,10.0,3000000.0,39441
8047624,1,1,1,10,2024,2,40,6.0,600000.0,22004
8040239,1,1,1,10,2024,2,44,10.0,3000000.0,4767
8084031,1,2,1,10,2024,2,36,5.0,1750000.0,60286
8077353,1,1,1,10,2024,1,35,3.0,1300000.0,46068
8051470,1,2,1,10,2024,1,33,5.0,900000.0,30273
8054361,1,2,1,10,2024,1,28,5.0,710000.0,37085
8080262,1,2,1,10,2024,2,35,8.0,1400000.0,52715
8044325,1,1,1,10,2024,1,51,5.0,1950000.0,14243
8052544,1,2,1,10,2024,2,51,3.0,1000000.0,33052
8075756,1,1,1,10,2024,2,51,4.0,600000.0,41984
8044536,1,1,1,10,2024,1,43,5.0,1200000.0,14825
8043704,1,1,1,10,2024,2,41,3.0,600000.0,12679
8056483,1,1,1,10,2024,2,23,8.0,2800000.0,41416
8079898,1,3,1,10,2024,2,43,5.0,2700000.0,51882
8042024,1,2,1,10,2024,1,30,9.0,2500000.0,8905
8054859,1,2,1,10,2024,1,51,3.0,1300000.0,38225
8046266,1,2,1,10,2024,1,30,5.0,600000.0,19092
8080385,1,3,1,10,2024,2,41,12.0,5852000.0,53029
8084077,1,1,1,10,2024,2,63,5.0,100000.0,60449
8084768,1,3,1,10,2024,2,26,10.0,1400000.0,61862
8038468,1,1,1,10,2024,2,54,4.0,2130000.0,704
8043093,1,2,1,10,2024,2,36,5.0,500000.0,11132
8079311,1,1,1,10,2024,2,63,5.0,200000.0,50463
8049175,1,2,1,10,2024,2,31,10.0,2100000.0,25055
8043102,1,3,1,10,2024,1,45,3.0,450000.0,11154
8054934,1,1,1,10,2024,2,44,10.0,5700000.0,38392
8049252,1,5,1,10,2024,1,51,10.0,500000.0,25200
8077474,1,1,1,10,2024,1,31,5.0,1300000.0,46319
8053008,1,1,1,10,2024,1,28,5.0,900000.0,34200
8076231,1,2,1,10,2024,1,48,1.0,400000.0,43350
8046210,1,1,1,10,2024,1,64,10.0,2000000.0,18978
8046878,1,1,1,10,2024,1,53,3.0,2000000.0,20632
8085902,1,1,1,10,2024,1,34,8.0,2300000.0,63029
8078503,1,1,1,10,2024,1,33,3.0,1480000.0,48554
8042018,1,2,1,10,2024,1,40,3.0,1500000.0,8889
8050052,1,2,1,10,2024,1,50,3.0,420000.0,27009
8053725,1,1,1,10,2024,1,35,10.0,1700000.0,35812
8076182,1,2,1,10,2024,2,27,5.0,516000.0,43254
8080218,2,4,2,10,2024,1,22,5.0,1300000.0,52600
8048165,1,1,1,10,2024,1,72,12.0,3000000.0,23220
8052901,1,1,1,10,2024,2,30,4.0,948000.0,33869
8048919,1,2,1,10,2024,2,40,5.0,1300000.0,24593
8038861,1,2,1,10,2024,2,23,5.0,104000.0,1665
8055026,1,4,1,10,2024,1,16,5.0,100000.0,38603
8042420,1,1,1,10,2024,1,25,8.0,2000000.0,9769
8078170,1,2,1,10,2024,2,35,4.0,240000.0,47793
8042713,1,1,1,10,2024,2,56,3.0,1000000.0,10381
8076361,1,3,1,10,2024,2,27,5.0,1300000.0,43662
8054503,1,3,1,10,2024,2,19,10.0,2100000.0,37406
8043062,1,1,1,10,2024,2,52,5.0,350000.0,11057
8040811,1,1,1,10,2024,1,56,3.0,800000.0,6080
8079975,1,1,1,10,2024,2,52,4.0,740000.0,52007
8076605,1,1,1,10,2024,2,55,3.0,1050000.0,44263
8053944,1,2,1,10,2024,2,44,5.0,1300000.0,36199
8044921,1,1,1,10,2024,2,39,5.0,1500000.0,15852
8040545,1,1,1,10,2024,2,44,5.0,1300000.0,5470
8084860,1,1,1,10,2024,1,45,12.0,12000000.0,62073
8078703,1,1,1,10,2024,1,31,3.0,1300000.0,48970
8076344,1,1,1,10,2024,1,30,11.0,3717200.0,43616
8052275,1,1,1,10,2024,2,52,1.0,1300000.0,32304
8050553,1,1,1,10,2024,2,47,8.0,2150000.0,28289
8050360,1,2,1,10,2024,1,38,5.0,1300000.0,27759
8040958,1,2,1,10,2024,2,41,10.0,2000000.0,6441
8079827,1,1,1,10,2024,1,62,9.0,3600000.0,51688
8053744,1,1,1,10,2024,2,50,11.0,6300000.0,35859
8040626,1,1,1,10,2024,1,30,10.0,900000.0,5673
8080590,1,1,1,10,2024,1,33,6.0,1300000.0,53380
8046396,1,4,1,10,2024,2,21,10.0,1300000.0,19455
8048293,1,2,1,10,2024,1,59,5.0,1300000.0,23458
8042279,1,2,1,10,2024,2,45,3.0,2400000.0,9473
8051301,1,4,1,10,2024,2,19,5.0,500000.0,29817
8041030,1,1,1,10,2024,2,60,3.0,500000.0,6632
8049977,1,2,1,10,2024,2,43,3.0,700000.0,26797
8051477,1,3,1,10,2024,2,21,5.0,250000.0,30294
8077342,1,1,1,10,2024,2,34,8.0,1800000.0,46035
8039243,1,1,1,10,2024,1,69,6.0,500000.0,2676
8082661,1,2,1,10,2024,2,32,8.0,1400000.0,57257
8049832,1,1,1,10,2024,2,38,4.0,1300000.0,26487
8080604,1,1,1,10,2024,1,42,8.0,1500000.0,53409
8055495,1,2,1,10,2024,1,46,5.0,1300000.0,39462
8080893,1,1,1,10,2024,2,45,3.0,1400000.0,53961
8080727,1,1,1,10,2024,2,46,10.0,2500000.0,53646
8075638,1,3,1,10,2024,2,25,5.0,1160000.0,41681
8054316,1,1,1,10,2024,2,30,3.0,300000.0,36983
8043380,1,2,1,10,2024,1,19,5.0,2000000.0,11825
8039851,1,2,1,10,2024,2,34,10.0,1600000.0,3836
8041087,1,2,1,10,2024,2,36,8.0,2500000.0,6748
8053527,1,1,1,10,2024,1,45,8.0,1200000.0,35315
8077083,1,2,1,10,2024,2,23,10.0,2000000.0,45378
8043244,1,2,1,10,2024,2,37,11.0,10000000.0,11475
8043695,1,2,1,10,2024,2,60,3.0,1300000.0,12647
8077442,1,1,1,10,2024,1,33,5.0,1500000.0,46258
8040969,1,1,1,10,2024,1,59,3.0,800000.0,6463
8083334,1,1,1,10,2024,1,61,8.0,4000000.0,58867
8076516,1,2,1,10,2024,2,65,3.0,1000000.0,44064
8048284,1,1,1,10,2024,1,46,3.0,1200000.0,23432
8040333,1,1,1,10,2024,2,46,5.0,1610000.0,4974
8040575,1,1,1,10,2024,2,43,5.0,1500000.0,5563
8053463,1,2,1,10,2024,2,20,5.0,1300000.0,35208
8079784,1,1,1,10,2024,2,64,3.0,100000.0,51564
8084682,1,2,1,10,2024,1,40,5.0,1300000.0,61680
8046623,1,2,1,10,2024,2,47,10.0,2000000.0,20063
8080089,1,2,1,10,2024,2,52,3.0,200000.0,52237
8050638,1,1,1,10,2024,2,33,10.0,2400000.0,28489
8076462,1,1,1,10,2024,2,64,3.0,1200000.0,43909
8076850,1,1,1,10,2024,1,33,12.0,3800000.0,44824
8043533,1,1,1,10,2024,1,57,5.0,1850000.0,12259
8049265,1,2,1,10,2024,2,38,8.0,1500000.0,25225
8082713,1,2,1,10,2024,2,22,10.0,22600000.0,57386
8054538,1,2,1,10,2024,2,25,8.0,1800000.0,37490
8053743,1,1,1,10,2024,1,53,10.0,3000000.0,35857
8043540,1,1,1,10,2024,2,31,11.0,4200000.0,12275
8078807,1,1,1,10,2024,1,55,3.0,1300000.0,49191
8083996,1,1,1,10,2024,2,32,10.0,1500000.0,60185
8039277,1,4,1,10,2024,2,28,10.0,2500000.0,2762
8082281,1,1,1,10,2024,1,36,5.0,1200000.0,56383
8051396,1,2,1,10,2024,2,59,3.0,1700000.0,30082
8079489,1,1,1,10,2024,2,39,5.0,1800000.0,50854
8055447,1,1,1,10,2024,1,41,5.0,1200000.0,39390
8075868,1,1,1,10,2024,2,36,4.0,500000.0,42287
8050218,1,4,1,10,2024,2,26,10.0,2200000.0,27385
8079659,1,2,1,10,2024,1,39,5.0,1300000.0,51153
8040346,1,2,1,10,2024,2,53,4.0,1360000.0,5007
8042554,1,2,1,10,2024,2,30,5.0,1300000.0,10058
8080568,1,2,1,10,2024,2,51,5.0,800000.0,53332
8077631,1,1,1,10,2024,2,20,4.0,1110000.0,46628
8055635,1,1,1,10,2024,1,35,8.0,2000000.0,39648
8053088,1,2,1,10,2024,2,58,9.0,1500000.0,34368
8077022,1,1,1,10,2024,2,29,8.0,600000.0,45184
8049173,1,1,1,10,2024,1,39,8.0,2200000.0,25050
8049828,1,1,1,10,2024,1,35,5.0,3000000.0,26474
8041948,1,5,1,10,2024,2,42,9.0,1800000.0,8691
8046332,1,1,1,10,2024,2,38,3.0,1200000.0,19304
8050636,1,1,1,10,2024,1,56,5.0,1600000.0,28486
8042435,1,1,1,10,2024,1,43,3.0,2800000.0,9801
8083443,1,1,1,10,2024,2,27,5.0,1300000.0,59084
8040788,1,2,1,10,2024,1,30,6.0,1200000.0,6039
8055319,1,3,1,10,2024,2,20,10.0,1300000.0,39158
8078564,1,1,1,10,2024,1,57,1.0,900000.0,48680
8044721,1,3,1,10,2024,2,53,3.0,1462000.0,15319
8053243,1,2,1,10,2024,2,27,8.0,1300000.0,34696
8045671,1,1,1,10,2024,1,57,3.0,1500000.0,17893
8077974,1,3,1,10,2024,2,38,5.0,570000.0,47352
8040775,1,1,1,10,2024,2,44,6.0,1600000.0,6015
8075595,1,1,1,10,2024,1,47,5.0,1300000.0,41520
8039755,1,2,1,10,2024,2,34,10.0,500000.0,3663
8048048,1,1,1,10,2024,1,55,3.0,200000.0,22906
8052734,1,1,1,10,2024,1,51,3.0,142000.0,33461
8079757,1,2,1,10,2024,1,38,3.0,1000000.0,51464
8049719,1,1,1,10,2024,1,44,3.0,2400000.0,26174
8078693,1,1,1,10,2024,1,28,5.0,1800000.0,48950
8055874,1,2,1,10,2024,1,42,3.0,1300000.0,40181
8043781,1,1,1,10,2024,1,25,5.0,1500000.0,12885
8051665,1,1,1,10,2024,2,33,10.0,1300000.0,30726
8082522,1,2,1,10,2024,2,37,10.0,1000000.0,56899
8048911,1,1,1,10,2024,2,29,4.0,900000.0,24573
8055230,1,1,1,10,2024,1,57,4.0,500000.0,39026
8040488,1,1,1,10,2024,1,52,10.0,4000000.0,5352
8053570,1,1,1,10,2024,1,65,5.0,1200000.0,35412
8052849,1,2,1,10,2024,1,24,5.0,750000.0,33754
8046567,1,2,1,10,2024,2,40,5.0,1600000.0,19902
8044269,1,2,1,10,2024,1,41,5.0,2200000.0,14055
8056453,1,1,1,10,2024,2,42,12.0,4000000.0,41362
8050192,1,4,1,10,2024,2,22,5.0,340000.0,27312
8081230,1,5,1,10,2024,2,44,4.0,850000.0,54635
8079927,1,1,1,10,2024,1,61,4.0,1200000.0,51940
8049903,1,2,1,10,2024,2,70,3.0,900000.0,26652
8080150,1,1,1,10,2024,1,39,8.0,1300000.0,52423
8081261,1,3,1,10,2024,1,25,5.0,1300000.0,54727
8084676,1,4,1,10,2024,1,52,6.0,1300000.0,61667
8046334,1,1,1,10,2024,2,50,5.0,1300000.0,19311
8055238,1,1,1,10,2024,1,54,9.0,1800000.0,39033
8040458,1,1,1,10,2024,2,55,3.0,250000.0,5277
8045625,1,3,1,10,2024,1,19,6.0,900000.0,17760
8078271,1,1,1,10,2024,1,59,3.0,2500000.0,48036
8053714,1,1,1,10,2024,2,59,8.0,1000000.0,35788
8075897,1,2,1,10,2024,1,38,4.0,2700000.0,42371
8048245,1,1,1,10,2024,2,36,4.0,0.0,23355
8079456,1,2,1,10,2024,1,37,5.0,1300000.0,50797
8039507,1,4,1,10,2024,2,25,5.0,1300000.0,3195
8050305,1,1,1,10,2024,2,57,8.0,800000.0,27569
8084255,1,2,1,10,2024,2,39,10.0,2000000.0,60821
8039951,1,1,1,10,2024,1,41,5.0,1500000.0,4071
8038705,1,1,1,10,2024,1,38,10.0,3200000.0,1276
8039154,1,2,1,10,2024,1,42,8.0,1500000.0,2458
8050801,1,1,1,10,2024,2,49,8.0,500000.0,28865
8083106,1,3,1,10,2024,2,35,10.0,3500000.0,58350
8084674,1,1,1,10,2024,2,50,10.0,2000000.0,61660
8082621,1,1,1,10,2024,1,61,3.0,1000000.0,57120
8040097,1,1,1,10,2024,1,52,5.0,700000.0,4357
8046522,1,1,1,10,2024,2,49,3.0,1200000.0,19764
8049257,1,1,1,10,2024,1,29,10.0,3200000.0,25213
8078221,1,2,1,10,2024,2,19,8.0,1150000.0,47919
8041261,1,1,1,10,2024,2,50,3.0,800000.0,7191
8041459,1,4,1,10,2024,2,20,5.0,1300000.0,7608
8048042,1,1,1,10,2024,1,36,5.0,700000.0,22898
8052577,1,1,1,10,2024,1,49,11.0,5770185.0,33147
8052961,1,4,1,10,2024,1,56,1.0,250000.0,34040
8079578,1,3,1,10,2024,1,24,10.0,1300000.0,51005
8045458,1,3,1,10,2024,1,62,3.0,500000.0,17328
8042102,1,2,1,10,2024,1,50,3.0,800000.0,9031
8039046,1,2,1,10,2024,1,23,5.0,250000.0,2139
8040901,1,1,1,10,2024,1,47,3.0,800000.0,6315
8046628,1,2,1,10,2024,2,37,10.0,1300000.0,20079
8079134,1,1,1,10,2024,1,67,3.0,800000.0,49928
8080433,1,1,1,10,2024,2,41,12.0,5900000.0,53110
8054870,1,2,1,10,2024,1,57,3.0,2000000.0,38249
8049351,1,1,1,10,2024,1,43,5.0,1300000.0,25415
8052984,1,4,1,10,2024,2,39,4.0,440000.0,34103
8053421,1,2,1,10,2024,1,24,9.0,1780000.0,35155
8038826,1,3,1,10,2024,2,24,5.0,1300000.0,1585
8052322,1,1,1,10,2024,2,49,4.0,600000.0,32459
8050061,1,2,1,10,2024,1,67,3.0,400000.0,27027
8046749,1,1,1,10,2024,2,31,6.0,420000.0,20353
8040376,1,1,1,10,2024,2,31,10.0,780000.0,5065
8053704,2,2,2,10,2024,1,18,5.0,900000.0,35757
8043586,1,1,1,10,2024,2,47,11.0,6000000.0,12378
8048913,1,1,1,10,2024,2,42,4.0,1300000.0,24576
8045442,1,2,1,10,2024,1,24,9.0,1800000.0,17273
8051704,1,3,1,10,2024,1,18,6.0,1300000.0,30827
8051054,1,1,1,10,2024,1,35,5.0,1300000.0,29574
8081047,1,4,1,10,2024,2,41,4.0,360000.0,54305
8075745,1,1,1,10,2024,1,63,3.0,1450000.0,41961
8050600,1,1,1,10,2024,2,31,8.0,1300000.0,28405
8046136,1,2,1,10,2024,1,39,3.0,1800000.0,18783
8051643,1,2,1,10,2024,2,31,8.0,1700000.0,30676
8042567,1,1,1,10,2024,2,32,12.0,13800000.0,10073
8054177,4,1,4,10,2024,1,42,9.0,1460000.0,36673
8053888,1,2,1,10,2024,1,65,5.0,1300000.0,36078
8040331,1,1,1,10,2024,2,50,4.0,1530000.0,4969
8083584,1,1,1,10,2024,2,45,12.0,6500000.0,59362
8051016,1,1,1,10,2024,2,63,10.0,1300000.0,29477
8084283,1,4,1,10,2024,1,31,5.0,2600000.0,60885
8041531,1,1,1,10,2024,2,37,4.0,1646000.0,7786
8048681,1,1,1,10,2024,1,46,8.0,3921600.0,24107
8042229,1,1,1,10,2024,1,44,8.0,1450000.0,9372
8041044,1,1,1,10,2024,1,34,5.0,1500000.0,6663
8044848,1,3,1,10,2024,1,23,3.0,600000.0,15655
8052506,1,1,1,10,2024,1,20,3.0,1900000.0,32956
8056341,1,2,1,10,2024,2,29,10.0,1600000.0,41106
8040777,1,2,1,10,2024,1,42,10.0,1300000.0,6026
8040087,1,1,1,10,2024,1,63,3.0,1000000.0,4333
8055181,1,2,1,10,2024,1,57,3.0,1200000.0,38890
8038689,1,1,1,10,2024,1,63,1.0,1500000.0,1230
8038541,1,1,1,10,2024,1,60,5.0,1300000.0,875
8041577,1,1,1,10,2024,2,45,5.0,1300000.0,7893
8080483,1,2,1,10,2024,1,18,5.0,0.0,53168
8055944,1,2,1,10,2024,1,57,5.0,1300000.0,40305
8052512,1,1,1,10,2024,1,32,3.0,1680000.0,32971
8076738,1,1,1,10,2024,2,36,8.0,1800000.0,44578
8044045,1,4,1,10,2024,2,35,9.0,2500000.0,13508
8043788,1,2,1,10,2024,1,42,4.0,1200000.0,12910
8039355,1,2,1,10,2024,2,33,10.0,2100000.0,2910
8079984,1,1,1,10,2024,2,26,5.0,700000.0,52022
8050423,1,3,1,10,2024,2,22,5.0,1200000.0,27892
8039160,1,2,1,10,2024,2,42,5.0,1300000.0,2474
8055284,1,1,1,10,2024,2,30,10.0,2100000.0,39096
8079487,1,1,1,10,2024,2,48,11.0,6000000.0,50852
8052571,1,3,1,10,2024,1,20,5.0,800000.0,33127
8079868,1,1,1,10,2024,1,27,10.0,1600000.0,51788
8047844,1,2,1,10,2024,1,39,5.0,4000000.0,22517
8084024,1,2,1,10,2024,2,29,4.0,1600000.0,60260
8040777,1,3,1,10,2024,1,31,10.0,1600000.0,6027
8052230,1,2,1,10,2024,1,56,5.0,600000.0,32175
8048096,1,1,1,10,2024,2,67,10.0,3000000.0,23036
8048057,1,1,1,10,2024,2,54,4.0,800000.0,22932
8039550,1,1,1,10,2024,2,51,11.0,3600000.0,3283
8050150,1,2,1,10,2024,2,61,5.0,300000.0,27210
8084052,1,2,1,10,2024,2,32,10.0,2000000.0,60370
8051745,1,1,1,10,2024,2,56,3.0,1300000.0,30936
8077035,1,1,1,10,2024,1,41,3.0,1000000.0,45223
8081140,1,1,1,10,2024,2,66,1.0,840000.0,54461
8039234,1,1,1,10,2024,2,57,5.0,1000000.0,2659
8044383,1,3,1,10,2024,1,26,5.0,1300000.0,14397
8054130,1,1,1,10,2024,2,44,3.0,400000.0,36562
8078327,1,1,1,10,2024,2,32,6.0,600000.0,48175
8081982,1,1,1,10,2024,2,30,5.0,1300000.0,55942
8042095,1,1,1,10,2024,2,26,5.0,140000.0,9016
8053154,1,2,1,10,2024,2,41,5.0,900000.0,34488
8039502,1,1,1,10,2024,1,80,3.0,300000.0,3182
8049857,1,1,1,10,2024,1,54,3.0,2500000.0,26523
8054519,1,1,1,10,2024,2,64,4.0,800000.0,37442
8086387,1,1,1,10,2024,1,61,9.0,3000000.0,63583
8084742,1,1,1,10,2024,1,32,3.0,1300000.0,61812
8046493,1,2,1,10,2024,1,68,10.0,4000000.0,19669
8051317,1,1,1,10,2024,2,36,3.0,500000.0,29870
8038634,1,1,1,10,2024,1,32,9.0,1000000.0,1059
8043861,1,2,1,10,2024,2,24,10.0,1300000.0,13072
8050200,1,1,1,10,2024,1,55,5.0,700000.0,27332
8041559,1,3,1,10,2024,2,38,5.0,1500000.0,7849
8079806,1,2,1,10,2024,2,48,10.0,2600000.0,51605
8045156,1,4,1,10,2024,1,60,3.0,1300000.0,16484
8052962,1,2,1,10,2024,2,17,5.0,250000.0,34042
8076305,1,1,1,10,2024,1,60,1.0,500000.0,43543
8086461,1,1,1,10,2024,1,39,3.0,1600000.0,63741
8049565,1,4,1,10,2024,1,50,8.0,1200000.0,25780
8051398,1,4,1,10,2024,2,39,5.0,800000.0,30092
8045434,1,2,1,10,2024,2,24,10.0,2000000.0,17250
8045471,1,1,1,10,2024,2,32,5.0,1300000.0,17370
8076754,1,1,1,10,2024,2,64,5.0,300000.0,44617
8040789,1,1,1,10,2024,1,51,8.0,1400000.0,6041
8040598,1,1,1,10,2024,2,60,5.0,800000.0,5627
8078114,1,3,1,10,2024,1,17,4.0,800000.0,47664
8076092,1,2,1,10,2024,2,46,3.0,200000.0,42975
8044319,1,1,1,10,2024,1,29,5.0,3000000.0,14224
8053034,1,3,1,10,2024,2,33,10.0,3800000.0,34275
8051887,1,3,1,10,2024,1,54,9.0,1300000.0,31334
8050023,1,2,1,10,2024,2,55,10.0,200000.0,26921
8044949,1,1,1,10,2024,1,38,5.0,1000000.0,15907
8049189,1,2,1,10,2024,2,62,3.0,2000000.0,25079
8047307,1,2,1,10,2024,2,76,6.0,430000.0,21398
8047157,1,1,1,10,2024,2,30,6.0,1300000.0,21077
8041656,1,1,1,10,2024,2,65,11.0,7800000.0,8079
8049984,1,1,1,10,2024,1,59,3.0,1400000.0,26817
8040505,1,2,1,10,2024,1,36,5.0,1300000.0,5385
8080797,1,1,1,10,2024,2,51,3.0,200000.0,53772
8083905,1,1,1,10,2024,1,46,5.0,1300000.0,59977
8054222,1,2,1,10,2024,2,36,10.0,2262000.0,36767
8056471,1,1,1,10,2024,1,56,3.0,1500000.0,41391
8050804,1,1,1,10,2024,1,48,6.0,1200000.0,28876
8045766,1,1,1,10,2024,1,48,5.0,2100000.0,18129
8076672,1,1,1,10,2024,1,68,3.0,150000.0,44420
8083097,1,2,1,10,2024,2,42,10.0,2600000.0,58332
8054499,1,1,1,10,2024,2,36,5.0,1500000.0,37402
8045809,1,1,1,10,2024,1,29,12.0,17000000.0,18230
8045094,1,1,1,10,2024,2,47,3.0,600000.0,16321
8053262,1,4,1,10,2024,1,33,3.0,1300000.0,34740
8040346,1,4,1,10,2024,1,23,9.0,1360000.0,5009
8056486,1,7,1,10,2024,2,31,5.0,500000.0,41428
8043963,1,2,1,10,2024,1,33,10.0,500000.0,13352
8082794,1,2,1,10,2024,2,25,6.0,1300000.0,57594
8043508,1,1,1,10,2024,2,52,3.0,6500000.0,12192
8052967,1,1,1,10,2024,2,43,4.0,200000.0,34058
8041989,1,3,1,10,2024,2,28,5.0,1300000.0,8807
8079268,1,1,1,10,2024,1,54,5.0,300000.0,50330
8084333,1,1,1,10,2024,2,59,8.0,1800000.0,60986
8076594,1,4,1,10,2024,1,19,8.0,1500000.0,44231
8079470,1,1,1,10,2024,2,48,5.0,600000.0,50823
8052108,1,2,1,10,2024,1,37,5.0,400000.0,31864
8083068,1,1,1,10,2024,2,71,3.0,120000.0,58246
8075992,1,1,1,10,2024,1,62,4.0,700000.0,42685
8047623,1,4,1,10,2024,1,52,5.0,1300000.0,22003
8048990,1,2,1,10,2024,1,76,4.0,1000000.0,24713
8039516,1,2,1,10,2024,1,30,5.0,1900000.0,3206
8050727,1,1,1,10,2024,2,34,3.0,500000.0,28678
8046031,1,1,1,10,2024,2,71,1.0,200000.0,18537
8081424,1,1,1,10,2024,2,59,3.0,350000.0,55130
8054107,1,8,1,10,2024,1,47,4.0,700000.0,36507
8042091,1,1,1,10,2024,2,34,8.0,300000.0,9005
8084108,1,2,1,10,2024,2,35,10.0,3022700.0,60519
8038658,1,4,1,10,2024,1,0,,,1117
8050095,1,4,1,10,2024,2,61,3.0,450000.0,27105
8053170,1,1,1,10,2024,1,36,12.0,8500000.0,34529
8040427,1,2,1,10,2024,1,26,5.0,1300000.0,5195
8046724,1,1,1,10,2024,1,27,10.0,2000000.0,20291
8084003,1,4,1,10,2024,1,65,5.0,1500000.0,60205
8076824,1,1,1,10,2024,2,30,5.0,600000.0,44764
8041041,1,2,1,10,2024,2,35,5.0,1300000.0,6654
8040098,1,2,1,10,2024,1,30,6.0,1100000.0,4361
8076032,1,2,1,10,2024,2,34,5.0,155000.0,42805
8054780,1,2,1,10,2024,1,29,10.0,3000000.0,38057
8040627,1,2,1,10,2024,1,28,10.0,1300000.0,5675
8081641,1,3,1,10,2024,2,30,10.0,450000.0,55531
8038871,1,1,1,10,2024,2,29,4.0,500000.0,1691
8076931,1,3,1,10,2024,1,58,5.0,1300000.0,44993
8076078,1,2,1,10,2024,1,44,1.0,150000.0,42936
8056320,1,2,1,10,2024,2,48,5.0,1300000.0,41067
8081284,1,1,1,10,2024,1,44,5.0,1300000.0,54785
8081042,1,3,1,10,2024,2,33,10.0,1200000.0,54286
8049568,1,2,1,10,2024,1,29,3.0,1200000.0,25787
8038563,1,2,1,10,2024,1,29,5.0,1300000.0,911
8084419,1,1,1,10,2024,2,53,10.0,2500000.0,61170
8086271,1,1,1,10,2024,1,53,10.0,2100000.0,63368
8047106,1,2,1,10,2024,2,28,10.0,5000000.0,21002
8052531,1,1,1,10,2024,2,57,3.0,500000.0,33021
8042246,1,2,1,10,2024,2,43,11.0,3400000.0,9413
8078907,1,1,1,10,2024,2,71,3.0,2500000.0,49413
8045652,1,2,1,10,2024,2,38,10.0,1300000.0,17849
8041518,1,3,1,10,2024,2,68,4.0,1200000.0,7751
8053352,1,1,1,10,2024,2,44,5.0,1465000.0,34960
8042657,1,1,1,10,2024,2,21,8.0,1300000.0,10241
8081341,1,1,1,10,2024,1,56,5.0,800000.0,54899
8086070,1,1,1,10,2024,1,30,11.0,4700000.0,63243
8050468,1,1,1,10,2024,2,41,4.0,900000.0,28009
8077911,1,1,1,10,2024,1,51,3.0,300000.0,47190
8046046,1,2,1,10,2024,1,43,3.0,0.0,18575
8051730,1,2,1,10,2024,2,29,11.0,3800000.0,30891
8050568,1,1,1,10,2024,2,71,3.0,1400000.0,28336
8052371,1,4,1,10,2024,2,18,10.0,500000.0,32601
8052777,1,3,1,10,2024,2,25,10.0,1100000.0,33571
8054429,1,3,1,10,2024,2,21,5.0,1300000.0,37255
8045463,1,1,1,10,2024,2,18,3.0,820000.0,17344
8045984,1,2,1,10,2024,1,39,4.0,800000.0,18417
8086740,1,2,1,10,2024,1,39,5.0,1700000.0,64412
8047721,1,1,1,10,2024,1,58,4.0,2100000.0,22201
8044589,1,1,1,10,2024,2,29,8.0,1000000.0,14974
8083060,1,2,1,10,2024,2,25,11.0,2300000.0,58228
8078326,1,1,1,10,2024,2,34,8.0,1100000.0,48173
8049638,1,2,1,10,2024,2,29,11.0,1800000.0,25968
8084820,1,1,1,10,2024,2,59,11.0,5000000.0,61983
8043178,1,3,1,10,2024,2,22,8.0,1300000.0,11344
8044720,1,2,1,10,2024,2,18,5.0,1300000.0,15316
8042377,1,1,1,10,2024,2,51,3.0,850000.0,9669
8084028,1,1,1,10,2024,2,51,10.0,2600000.0,60277
8038232,1,2,1,10,2024,2,28,5.0,1300000.0,118
8083857,1,1,1,10,2024,2,62,3.0,700000.0,59901
8046185,1,1,1,10,2024,2,62,1.0,150000.0,18909
8040908,1,1,1,10,2024,1,48,5.0,1500000.0,6329
8050459,1,4,1,10,2024,1,50,5.0,1400000.0,27980
8078352,1,1,1,10,2024,1,52,3.0,300000.0,48252
8050001,1,1,1,10,2024,2,26,9.0,1500000.0,26862
8045800,1,2,1,10,2024,2,33,10.0,3000000.0,18206
8084670,1,1,1,10,2024,1,43,5.0,1300000.0,61655
