directorio,secuencia_p,orden,hogar,regis,per,p3271,p6040,p3042,inglabo,id_registro_original
8465468,1,1,1,10,2025,2,41,12.0,13000000.0,47681
8437087,1,1,1,10,2025,2,41,4.0,1620000.0,2897
8467459,1,2,1,10,2025,1,42,4.0,780000.0,52247
8463126,1,2,1,10,2025,2,25,5.0,1800000.0,42459
8466000,1,4,1,10,2025,2,20,5.0,800000.0,48794
8442285,1,1,1,10,2025,2,62,10.0,,14736
8442997,1,1,1,10,2025,2,48,10.0,2000000.0,16439
8436714,1,2,1,10,2025,2,41,11.0,4270500.0,1881
8466114,1,1,1,10,2025,1,42,8.0,2750000.0,48988
8469100,1,2,1,10,2025,2,70,9.0,600000.0,56289
8467994,1,1,1,10,2025,1,31,8.0,1800000.0,53586
8444370,1,1,1,10,2025,1,55,3.0,1800000.0,19951
8441826,1,1,1,10,2025,2,63,5.0,150000.0,13538
8440367,1,1,1,10,2025,2,36,8.0,1423500.0,10387
8439583,1,1,1,10,2025,1,45,4.0,300000.0,8629
8439366,1,2,1,10,2025,2,42,11.0,3000000.0,8120
8440287,1,1,1,10,2025,1,18,5.0,1423500.0,10200
8462436,1,2,1,10,2025,2,51,3.0,750000.0,40984
8444887,1,1,1,10,2025,2,37,5.0,1423500.0,21325
8444204,1,1,1,10,2025,1,59,3.0,400000.0,19522
8448100,1,2,1,10,2025,2,23,10.0,420000.0,28486
8466996,1,2,1,10,2025,2,41,4.0,280000.0,51074
8451860,1,4,1,10,2025,1,49,5.0,5000000.0,37333
8464106,1,2,1,10,2025,2,31,10.0,2500000.0,44764
8471582,1,1,1,10,2025,1,48,10.0,2800000.0,62277
8468356,1,2,1,10,2025,2,35,5.0,1425000.0,54398
8468262,1,2,1,10,2025,2,33,3.0,800000.0,54181
8444103,1,1,1,10,2025,2,57,10.0,1500000.0,19335
8443218,1,1,1,10,2025,1,67,1.0,800000.0,16972
8464846,1,2,1,10,2025,2,26,5.0,1200000.0,46383
8440839,1,1,1,10,2025,1,28,5.0,1400000.0,11571
8441773,1,1,1,10,2025,2,49,9.0,2800000.0,13460
8466783,1,3,1,10,2025,1,61,10.0,2400000.0,50561
8461843,1,1,1,10,2025,1,65,1.0,500000.0,39556
8472451,1,2,1,10,2025,2,56,10.0,3000000.0,64038
8438497,1,3,1,10,2025,1,27,10.0,800000.0,6159
8446055,1,3,1,10,2025,1,23,5.0,1400000.0,23679
8448002,1,2,1,10,2025,2,41,11.0,3000000.0,28233
8446389,1,4,1,10,2025,1,49,5.0,1000000.0,24588
8451638,1,2,1,10,2025,1,65,3.0,2000000.0,36729
8445306,1,1,1,10,2025,1,32,5.0,600000.0,21944
8469569,1,4,1,10,2025,1,19,5.0,1423500.0,57550
8445271,1,3,1,10,2025,1,29,5.0,1000000.0,21831
8444292,1,2,1,10,2025,1,40,5.0,800000.0,19751
8469161,1,1,1,10,2025,1,29,5.0,600000.0,56473
8436992,1,1,1,10,2025,1,46,10.0,20000000.0,2688
8439283,1,1,1,10,2025,2,57,4.0,900000.0,7910
8450181,1,2,1,10,2025,2,60,3.0,1600000.0,33110
8442792,2,1,2,10,2025,2,61,5.0,2300000.0,15936
8464432,1,2,1,10,2025,1,37,5.0,500000.0,45425
8462803,1,1,1,10,2025,2,30,8.0,850000.0,41808
8462959,1,1,1,10,2025,1,47,3.0,2000000.0,42099
8444841,1,1,1,10,2025,2,22,10.0,3000000.0,21221
8470164,1,2,1,10,2025,1,20,5.0,700000.0,59085
8436101,1,1,1,10,2025,1,29,5.0,1423500.0,393
8445698,1,1,1,10,2025,1,56,3.0,1750000.0,22875
8436741,1,3,1,10,2025,2,26,8.0,1200000.0,1947
8469629,1,1,1,10,2025,1,46,5.0,1423500.0,57728
8443141,1,2,1,10,2025,1,24,6.0,1600000.0,16819
8465419,1,2,1,10,2025,2,34,8.0,900000.0,47577
8451382,1,1,1,10,2025,1,59,1.0,300000.0,36125
8468253,1,2,1,10,2025,1,26,3.0,600000.0,54160
8464301,1,2,1,10,2025,2,61,10.0,1400000.0,45100
8441436,1,1,1,10,2025,1,58,3.0,1000000.0,12746
8449405,1,2,1,10,2025,2,63,3.0,1000000.0,31156
8473258,1,2,1,10,2025,2,60,5.0,2323500.0,65549
8447810,1,1,1,10,2025,1,39,6.0,1300000.0,27770
8470558,1,4,1,10,2025,2,18,6.0,780000.0,60012
8439547,1,1,1,10,2025,2,57,10.0,3200000.0,8532
8465199,1,2,1,10,2025,2,20,5.0,1900000.0,47193
8468067,1,2,1,10,2025,2,63,5.0,1423500.0,53763
8468446,1,2,1,10,2025,2,49,12.0,3500000.0,54660
8467507,1,3,1,10,2025,1,39,5.0,1423500.0,52367
8445334,1,1,1,10,2025,2,30,9.0,1423500.0,22012
8443834,1,1,1,10,2025,1,22,4.0,1500000.0,18636
8444020,1,1,1,10,2025,2,32,5.0,2000000.0,19094
8441375,1,1,1,10,2025,2,38,11.0,5200000.0,12641
8462297,1,1,1,10,2025,2,34,5.0,1700000.0,40673
8473356,1,2,1,10,2025,2,31,8.0,300000.0,65738
8450425,1,2,1,10,2025,1,31,4.0,650000.0,33727
8446898,1,1,1,10,2025,1,40,9.0,1423500.0,25754
8439280,1,2,1,10,2025,2,58,3.0,800000.0,7904
8468777,1,1,1,10,2025,1,29,10.0,700000.0,55468
8441328,1,1,1,10,2025,1,60,5.0,2000000.0,12527
8446608,1,1,1,10,2025,1,39,9.0,5200000.0,25140
8446125,1,1,1,10,2025,1,41,5.0,2800000.0,23840
8446822,1,2,1,10,2025,1,60,5.0,1623500.0,25580
8469247,1,2,1,10,2025,2,21,10.0,1423500.0,56684
8443402,1,2,1,10,2025,1,27,3.0,1700000.0,17490
8471412,1,1,1,10,2025,2,44,3.0,1400000.0,61930
8436734,1,1,1,10,2025,1,30,4.0,1600000.0,1933
8450466,1,2,1,10,2025,1,34,10.0,1600000.0,33801
8473870,1,1,1,10,2025,2,37,12.0,6500000.0,66452
8464643,1,1,1,10,2025,2,31,5.0,1623500.0,45957
8446978,1,1,1,10,2025,2,47,5.0,1400000.0,25955
8462397,1,1,1,10,2025,1,41,5.0,1423500.0,40893
8463426,1,2,1,10,2025,2,75,5.0,120000.0,43261
8438706,1,1,1,10,2025,1,26,10.0,300000.0,6627
8439366,1,1,1,10,2025,1,41,10.0,4500000.0,8119
8467630,1,2,1,10,2025,2,51,5.0,1000000.0,52680
8450219,1,2,1,10,2025,1,26,5.0,200000.0,33211
8467763,1,1,1,10,2025,1,30,3.0,1700000.0,52991
8471238,1,1,1,10,2025,2,42,5.0,1623500.0,61604
8462547,1,1,1,10,2025,1,42,3.0,800000.0,41247
8440387,1,2,1,10,2025,1,45,5.0,1900000.0,10438
8470740,1,1,1,10,2025,2,32,4.0,1500000.0,60464
8467735,1,2,1,10,2025,2,40,11.0,3500000.0,52912
8470479,1,3,1,10,2025,2,20,8.0,1600000.0,59840
8446836,1,1,1,10,2025,2,34,10.0,3900000.0,25618
8471201,1,1,1,10,2025,2,37,4.0,100000.0,61510
8450254,1,1,1,10,2025,2,29,5.0,800000.0,33297
8442878,1,1,1,10,2025,1,63,9.0,800000.0,16151
8464419,1,1,1,10,2025,1,26,10.0,2190000.0,45406
8443797,1,1,1,10,2025,2,32,10.0,3500000.0,18516
8452479,1,1,1,10,2025,2,27,8.0,350000.0,38932
8450781,1,1,1,10,2025,1,51,5.0,1600000.0,34578
8445553,1,4,1,10,2025,2,35,5.0,800000.0,22539
8439331,1,1,1,10,2025,2,22,8.0,1423500.0,8045
8468334,1,1,1,10,2025,1,65,8.0,1000000.0,54335
8443512,1,2,1,10,2025,2,23,6.0,320000.0,17790
8472428,1,1,1,10,2025,1,48,5.0,1623500.0,63976
8467792,1,1,1,10,2025,2,40,4.0,1623500.0,53051
8449968,1,3,1,10,2025,2,22,5.0,1000000.0,32571
8440546,1,1,1,10,2025,2,67,10.0,4300000.0,10781
8442377,1,1,1,10,2025,2,45,3.0,400000.0,14993
8466310,1,2,1,10,2025,2,56,8.0,4200000.0,49356
8465426,1,1,1,10,2025,1,38,10.0,2000000.0,47591
8473094,1,1,1,10,2025,1,55,3.0,1600000.0,65229
8463149,1,4,1,10,2025,1,28,8.0,1423500.0,42498
8464709,1,2,1,10,2025,1,62,3.0,500000.0,46122
8472475,1,2,1,10,2025,1,32,3.0,1200000.0,64118
8466570,1,3,1,10,2025,1,27,8.0,1423000.0,50078
8439354,1,3,1,10,2025,2,47,5.0,1423500.0,8093
8442276,1,1,1,10,2025,1,39,10.0,8300000.0,14717
8464124,1,1,1,10,2025,1,38,10.0,1773500.0,44794
8466282,1,1,1,10,2025,1,29,10.0,5600000.0,49311
8462135,1,1,1,10,2025,1,28,5.0,2500000.0,40342
8473593,1,2,1,10,2025,1,42,5.0,1200000.0,65900
8446681,1,2,1,10,2025,2,42,8.0,1423500.0,25316
8468136,1,1,1,10,2025,2,37,8.0,3500000.0,53908
8446585,1,3,1,10,2025,2,33,5.0,1423500.0,25073
8450462,1,1,1,10,2025,2,63,11.0,1800000.0,33795
8465872,1,2,1,10,2025,2,25,5.0,500000.0,48532
8446311,1,2,1,10,2025,2,30,8.0,190000.0,24389
8462517,1,1,1,10,2025,1,62,3.0,2400000.0,41170
8436167,1,1,1,10,2025,2,56,7.0,350000.0,539
8442859,1,1,1,10,2025,2,45,5.0,1500000.0,16105
8465970,1,1,1,10,2025,1,28,6.0,4900000.0,48716
8464341,1,2,1,10,2025,2,46,10.0,2100000.0,45220
8442764,1,1,1,10,2025,1,29,10.0,4500000.0,15878
8447668,1,1,1,10,2025,2,45,11.0,2500000.0,27477
8452534,1,1,1,10,2025,2,20,5.0,800000.0,39079
8438626,1,3,1,10,2025,2,24,10.0,2800000.0,6462
8462489,1,2,1,10,2025,1,19,8.0,1423500.0,41092
8443092,1,1,1,10,2025,2,25,9.0,2000000.0,16701
8444808,1,1,1,10,2025,2,40,5.0,400000.0,21132
8470241,1,1,1,10,2025,1,70,3.0,1400000.0,59259
8463964,1,1,1,10,2025,2,29,8.0,1800000.0,44494
8451254,1,1,1,10,2025,2,35,10.0,3000000.0,35781
8447919,1,1,1,10,2025,2,27,5.0,400000.0,28046
8444577,1,2,1,10,2025,1,26,5.0,1500000.0,20516
8448935,1,4,1,10,2025,2,59,3.0,800000.0,30121
8452457,1,1,1,10,2025,2,25,5.0,800000.0,38882
8446394,1,1,1,10,2025,1,57,5.0,2500000.0,24597
8463293,1,2,1,10,2025,2,33,5.0,1500000.0,42868
8437580,1,1,1,10,2025,2,59,12.0,4000000.0,4124
8444429,1,1,1,10,2025,1,30,4.0,600000.0,20114
8465798,1,2,1,10,2025,2,42,10.0,3000000.0,48337
8438478,1,1,1,10,2025,2,61,5.0,3000000.0,6108
8445972,1,1,1,10,2025,1,40,3.0,1200000.0,23460
8469531,1,1,1,10,2025,2,27,5.0,400000.0,57440
8448680,1,3,1,10,2025,2,55,3.0,960000.0,29637
8439791,1,4,1,10,2025,2,17,5.0,150000.0,9130
8447714,1,1,1,10,2025,2,39,10.0,1800000.0,27559
8443699,1,2,1,10,2025,2,39,8.0,1500000.0,18274
8467903,1,1,1,10,2025,1,29,10.0,3800000.0,53355
8438795,1,2,1,10,2025,1,35,10.0,3800000.0,6835
8445259,1,2,1,10,2025,2,23,10.0,2800000.0,21796
8462485,1,1,1,10,2025,1,45,3.0,750000.0,41081
8465988,1,2,1,10,2025,2,51,8.0,900000.0,48763
8449038,1,1,1,10,2025,2,42,6.0,800000.0,30299
8463577,1,1,1,10,2025,2,41,5.0,1800000.0,43620
8437877,1,2,1,10,2025,2,44,4.0,500000.0,4762
8449027,1,1,1,10,2025,1,30,10.0,3600000.0,30278
8468919,1,3,1,10,2025,2,50,11.0,7000000.0,55842
8448418,1,2,1,10,2025,1,42,5.0,1800000.0,29111
8470768,1,2,1,10,2025,1,29,5.0,1423500.0,60571
8462419,1,1,1,10,2025,1,50,5.0,1423500.0,40940
8471003,1,2,1,10,2025,2,42,9.0,1500000.0,61139
8464907,1,1,1,10,2025,1,31,8.0,1423500.0,46520
8437862,1,1,1,10,2025,2,40,10.0,2000000.0,4732
8467688,1,3,1,10,2025,2,24,8.0,2200000.0,52815
8451214,1,1,1,10,2025,2,48,10.0,3906404.0,35688
8439436,1,1,1,10,2025,1,73,4.0,3000000.0,8267
8464873,1,1,1,10,2025,1,23,5.0,1423500.0,46445
8470957,1,2,1,10,2025,2,46,5.0,1423500.0,61025
8464451,1,5,1,10,2025,1,21,5.0,1000000.0,45500
8447981,1,1,1,10,2025,1,32,4.0,1423500.0,28185
8449454,1,1,1,10,2025,1,55,11.0,6200000.0,31282
8467623,1,2,1,10,2025,1,42,5.0,280000.0,52661
8461923,1,1,1,10,2025,1,57,5.0,1500000.0,39773
8468966,1,2,1,10,2025,1,48,10.0,7000000.0,55922
8451820,1,1,1,10,2025,1,18,5.0,2000000.0,37227
8438837,1,1,1,10,2025,1,37,5.0,1400000.0,6920
8449899,1,3,1,10,2025,2,19,8.0,1900000.0,32386
8471483,1,1,1,10,2025,2,43,10.0,280000.0,62075
8466628,1,1,1,10,2025,2,18,3.0,1150000.0,50216
8442211,1,2,1,10,2025,1,29,10.0,6300000.0,14572
8466123,1,1,1,10,2025,2,46,5.0,800000.0,49009
8461986,1,3,1,10,2025,2,22,10.0,2000000.0,39960
8440489,1,1,1,10,2025,1,60,8.0,2500000.0,10644
8450544,1,4,1,10,2025,1,21,10.0,1423000.0,33995
8471028,1,2,1,10,2025,1,26,5.0,1000000.0,61192
8462162,1,1,1,10,2025,2,41,11.0,5900000.0,40409
8461820,1,1,1,10,2025,1,41,1.0,720000.0,39493
8448047,1,1,1,10,2025,2,52,3.0,1200000.0,28354
8440968,1,3,1,10,2025,1,38,5.0,1423500.0,11828
8450701,1,1,1,10,2025,1,31,5.0,1200000.0,34392
8444674,1,1,1,10,2025,2,83,3.0,600000.0,20757
8442189,1,2,1,10,2025,1,39,5.0,1423500.0,14498
8449631,1,2,1,10,2025,1,18,4.0,1700000.0,31699
8441235,1,2,1,10,2025,2,44,10.0,700000.0,12368
8472850,1,3,1,10,2025,1,54,5.0,1200000.0,64827
8465856,1,2,1,10,2025,1,39,5.0,1000000.0,48483
8464911,1,2,1,10,2025,1,42,5.0,1600000.0,46530
8471433,1,1,1,10,2025,2,34,4.0,800000.0,61979
8439932,1,1,1,10,2025,1,36,3.0,1600000.0,9481
8449669,1,1,1,10,2025,1,61,1.0,700000.0,31812
8467910,1,1,1,10,2025,2,67,3.0,1000000.0,53369
8450551,1,1,1,10,2025,2,34,12.0,5270500.0,34011
8451247,1,3,1,10,2025,1,23,3.0,1600000.0,35770
8436609,1,1,1,10,2025,2,46,3.0,800000.0,1596
8470458,1,1,1,10,2025,2,34,5.0,1423500.0,59786
8466365,1,2,1,10,2025,1,42,5.0,350000.0,49518
8452382,1,1,1,10,2025,2,78,5.0,1500000.0,38656
8438283,1,4,1,10,2025,2,56,3.0,1100000.0,5607
8463636,1,2,1,10,2025,2,40,8.0,750000.0,43740
8471755,1,1,1,10,2025,2,35,5.0,1500000.0,62585
8439776,1,2,1,10,2025,2,30,4.0,400000.0,9081
8436045,1,3,1,10,2025,1,24,5.0,800000.0,263
8467922,1,1,1,10,2025,1,59,5.0,1500000.0,53406
8464394,1,2,1,10,2025,2,37,8.0,1800000.0,45355
8463910,1,3,1,10,2025,1,34,8.0,1423500.0,44372
8471683,1,2,1,10,2025,1,34,12.0,3600000.0,62458
8450544,1,2,1,10,2025,2,52,5.0,2300000.0,33993
8473037,1,1,1,10,2025,2,43,10.0,3000000.0,65140
8473351,1,1,1,10,2025,1,66,4.0,1200000.0,65733
8448240,1,1,1,10,2025,2,49,3.0,240000.0,28807
8451466,1,2,1,10,2025,1,40,3.0,100000.0,36325
8446842,1,1,1,10,2025,2,66,12.0,7000000.0,25632
8469074,1,2,1,10,2025,2,20,5.0,900000.0,56216
8465789,1,1,1,10,2025,1,38,5.0,1423500.0,48321
8462748,1,1,1,10,2025,2,43,10.0,2650000.0,41677
8470009,1,1,1,10,2025,2,45,5.0,400000.0,58703
8472624,1,2,1,10,2025,2,51,5.0,1900000.0,64356
8451030,1,1,1,10,2025,1,59,3.0,1400000.0,35206
8465906,1,1,1,10,2025,2,37,9.0,720000.0,48591
8446193,1,1,1,10,2025,2,64,10.0,1400000.0,24010
8438482,1,2,1,10,2025,1,32,10.0,2300000.0,6122
8450668,1,2,1,10,2025,2,29,5.0,1623500.0,34331
8449381,1,1,1,10,2025,2,27,5.0,800000.0,31096
8443832,1,1,1,10,2025,2,51,5.0,1500000.0,18630
8444438,1,2,1,10,2025,1,38,4.0,900000.0,20137
8440375,1,2,1,10,2025,1,42,8.0,1400000.0,10407
8471328,1,1,1,10,2025,2,38,5.0,1300000.0,61764
8442148,1,1,1,10,2025,1,63,3.0,1200000.0,14382
8472546,1,2,1,10,2025,2,27,5.0,400000.0,64197
8449266,1,3,1,10,2025,1,26,3.0,700000.0,30775
8468509,1,1,1,10,2025,1,50,5.0,1723000.0,54800
8438102,1,1,1,10,2025,1,53,4.0,1600000.0,5211
8436025,1,4,1,10,2025,1,47,1.0,500000.0,212
8440550,1,2,1,10,2025,2,23,10.0,400000.0,10792
8444231,1,1,1,10,2025,1,33,8.0,4500000.0,19591
8436021,1,1,1,10,2025,1,62,3.0,500000.0,198
8451182,1,1,1,10,2025,1,31,4.0,700000.0,35592
8473221,1,2,1,10,2025,2,43,4.0,920000.0,65486
8436441,1,1,1,10,2025,1,35,3.0,1709500.0,1152
8462533,1,3,1,10,2025,1,31,5.0,1200000.0,41220
8462840,1,1,1,10,2025,1,73,3.0,1423500.0,41877
8468437,1,1,1,10,2025,2,53,5.0,1623500.0,54639
8443869,1,1,1,10,2025,1,35,9.0,2600000.0,18713
8449574,1,1,1,10,2025,1,52,3.0,1000000.0,31567
8446312,1,2,1,10,2025,2,46,8.0,1423500.0,24392
8462417,1,1,1,10,2025,2,37,5.0,500000.0,40937
8468694,1,4,1,10,2025,1,20,5.0,1400000.0,55254
8467653,1,2,1,10,2025,1,44,5.0,600000.0,52735
8462364,1,1,1,10,2025,2,37,3.0,600000.0,40820
8469035,1,3,1,10,2025,1,32,9.0,1500000.0,56106
8438037,1,3,1,10,2025,1,32,5.0,300000.0,5080
8467493,1,2,1,10,2025,2,35,6.0,500000.0,52339
8450902,1,1,1,10,2025,1,25,4.0,600000.0,34857
8439663,1,2,1,10,2025,1,53,3.0,700000.0,8826
8471985,1,1,1,10,2025,1,43,3.0,280000.0,63029
8439617,1,3,1,10,2025,1,27,10.0,1500000.0,8713
8462729,1,1,1,10,2025,1,39,5.0,1423500.0,41649
8447045,1,1,1,10,2025,2,41,10.0,1623000.0,26099
8448494,1,2,1,10,2025,2,70,3.0,1600000.0,29262
8438283,1,1,1,10,2025,2,37,10.0,1600000.0,5604
8467217,1,3,1,10,2025,1,29,5.0,1623500.0,51672
8444117,1,1,1,10,2025,2,36,10.0,1423500.0,19356
8466948,1,1,1,10,2025,1,39,10.0,4000000.0,50934
8464071,1,1,1,10,2025,1,39,9.0,1950000.0,44709
8469328,1,2,1,10,2025,2,58,4.0,500000.0,56937
8468812,1,1,1,10,2025,2,40,10.0,800000.0,55559
8437708,1,4,1,10,2025,1,21,6.0,300000.0,4415
8464083,1,1,1,10,2025,2,61,11.0,7600000.0,44731
8438520,1,1,1,10,2025,1,36,10.0,2847000.0,6214
8472622,1,2,1,10,2025,2,41,11.0,3600000.0,64353
8464192,1,1,1,10,2025,2,45,8.0,800000.0,44932
8473638,1,3,1,10,2025,2,25,5.0,500000.0,66034
8440115,1,2,1,10,2025,2,39,4.0,1600000.0,9800
8444774,1,2,1,10,2025,1,51,4.0,800000.0,21039
8436814,1,1,1,10,2025,1,36,5.0,1900000.0,2088
8440773,1,4,1,10,2025,1,46,5.0,600000.0,11394
8462342,1,2,1,10,2025,2,37,5.0,350000.0,40776
8446402,1,1,1,10,2025,1,42,11.0,9000000.0,24622
8436922,1,3,1,10,2025,2,28,10.0,4000000.0,2500
8473888,1,2,1,10,2025,2,40,5.0,800000.0,66505
8444439,1,1,1,10,2025,2,38,8.0,1800000.0,20140
8439129,1,5,1,10,2025,2,26,5.0,4000000.0,7580
8442328,1,1,1,10,2025,2,49,9.0,1800000.0,14871
8469138,1,2,1,10,2025,2,53,5.0,785000.0,56401
8441320,1,2,1,10,2025,2,56,4.0,2200000.0,12510
8463602,1,1,1,10,2025,1,69,9.0,2000000.0,43661
8447222,1,1,1,10,2025,1,44,8.0,1423500.0,26401
8437047,1,5,1,10,2025,1,35,5.0,2500000.0,2826
8471290,1,1,1,10,2025,2,28,5.0,1500000.0,61702
8448516,1,3,1,10,2025,2,41,12.0,3200000.0,29302
8468362,1,2,1,10,2025,2,63,5.0,1300000.0,54415
8442454,1,2,1,10,2025,2,30,10.0,1600000.0,15163
8467110,1,2,1,10,2025,2,29,5.0,1423500.0,51400
8443825,1,1,1,10,2025,2,59,10.0,240000.0,18612
8463862,1,1,1,10,2025,2,54,5.0,250000.0,44262
8450574,1,1,1,10,2025,2,51,8.0,240000.0,34080
8463243,1,1,1,10,2025,1,25,5.0,3000000.0,42722
8437265,1,1,1,10,2025,1,42,5.0,1300000.0,3364
8446170,1,1,1,10,2025,1,46,5.0,1300000.0,23954
8437422,1,2,1,10,2025,2,32,10.0,2500000.0,3779
8468059,1,2,1,10,2025,2,43,5.0,1300000.0,53746
8469772,1,1,1,10,2025,1,17,4.0,1500000.0,58116
8468064,1,1,1,10,2025,1,51,5.0,1423500.0,53752
8463512,1,4,1,10,2025,2,60,10.0,2500000.0,43484
8465135,1,3,1,10,2025,2,36,10.0,400000.0,47099
8448361,1,2,1,10,2025,2,23,4.0,400000.0,28966
8465434,1,1,1,10,2025,2,42,9.0,1500000.0,47613
8465225,1,2,1,10,2025,1,17,6.0,840000.0,47257
8468502,1,2,1,10,2025,1,40,4.0,1423500.0,54783
8441456,1,1,1,10,2025,2,49,10.0,3500000.0,12804
8443428,1,1,1,10,2025,1,32,5.0,1800000.0,17556
8441035,1,4,1,10,2025,2,21,9.0,750000.0,11939
8468262,1,1,1,10,2025,1,32,5.0,1923500.0,54180
8449595,1,5,1,10,2025,2,24,5.0,1000000.0,31631
8448230,1,2,1,10,2025,1,27,5.0,800000.0,28785
8437310,1,1,1,10,2025,2,56,4.0,800000.0,3484
8451340,1,2,1,10,2025,2,49,5.0,550000.0,36006
8445226,1,1,1,10,2025,2,50,4.0,1623000.0,21678
8465465,1,3,1,10,2025,2,43,5.0,2800000.0,47674
8443172,1,1,1,10,2025,1,61,5.0,1423500.0,16878
8471781,1,2,1,10,2025,2,26,10.0,800000.0,62646
8462101,1,2,1,10,2025,2,20,5.0,300000.0,40239
8468062,1,1,1,10,2025,1,46,5.0,2100000.0,53749
8466575,1,1,1,10,2025,1,41,3.0,1950000.0,50088
8437232,1,2,1,10,2025,2,38,5.0,500000.0,3244
8471329,1,1,1,10,2025,2,44,11.0,600000.0,61767
8450508,1,2,1,10,2025,2,42,6.0,1500000.0,33885
8442902,1,2,1,10,2025,2,38,5.0,600000.0,16207
8446913,1,1,1,10,2025,1,57,8.0,1800000.0,25798
8445346,1,1,1,10,2025,1,25,3.0,800000.0,22035
8450790,1,3,1,10,2025,1,32,5.0,1600000.0,34605
8444055,1,1,1,10,2025,2,58,13.0,9800000.0,19209
8468482,1,1,1,10,2025,2,34,8.0,1623000.0,54738
8443849,1,1,1,10,2025,2,45,11.0,4803000.0,18670
8463944,1,1,1,10,2025,2,56,5.0,1000000.0,44445
8440608,1,1,1,10,2025,2,41,5.0,1400000.0,10972
8446572,1,2,1,10,2025,1,51,4.0,500000.0,25021
8469902,1,1,1,10,2025,2,33,5.0,500000.0,58407
8446694,1,1,1,10,2025,1,48,10.0,1000000.0,25347
8446022,1,1,1,10,2025,1,62,8.0,230000.0,23589
8469406,1,2,1,10,2025,1,58,4.0,150000.0,57122
8472149,1,5,1,10,2025,1,22,5.0,600000.0,63423
8467308,1,1,1,10,2025,2,53,8.0,1423500.0,51875
8466172,1,2,1,10,2025,1,60,9.0,1500000.0,49130
8444213,1,2,1,10,2025,2,55,5.0,1500000.0,19545
8442694,1,1,1,10,2025,1,62,3.0,1500000.0,15706
8437176,1,2,1,10,2025,2,23,10.0,2800000.0,3105
8441870,1,2,1,10,2025,2,46,11.0,800000.0,13686
8437239,1,2,1,10,2025,2,64,9.0,2500000.0,3273
8466448,1,1,1,10,2025,1,58,3.0,350000.0,49757
8465560,1,2,1,10,2025,2,20,9.0,1423000.0,47871
8466528,1,1,1,10,2025,1,65,10.0,1700000.0,49991
8470803,1,2,1,10,2025,2,62,5.0,800000.0,60677
8445249,1,1,1,10,2025,1,28,5.0,1000000.0,21759
8451008,1,1,1,10,2025,2,23,5.0,1500000.0,35164
8452197,1,1,1,10,2025,1,77,1.0,420000.0,38186
8466338,1,2,1,10,2025,2,34,5.0,1423500.0,49432
8443171,1,1,1,10,2025,2,33,4.0,300000.0,16871
8446826,1,1,1,10,2025,2,54,5.0,900000.0,25589
8472642,1,3,1,10,2025,2,23,10.0,1423500.0,64399
8447272,1,2,1,10,2025,2,23,10.0,2000000.0,26556
8462527,1,2,1,10,2025,2,59,5.0,1500000.0,41189
8470720,1,1,1,10,2025,2,25,10.0,2700000.0,60400
8440749,1,1,1,10,2025,1,70,8.0,1500000.0,11333
8441692,1,1,1,10,2025,2,56,1.0,0.0,13309
8465007,1,1,1,10,2025,1,74,3.0,150000.0,46766
8468279,1,1,1,10,2025,2,52,5.0,640000.0,54217
8446241,1,10,1,10,2025,1,60,3.0,600000.0,24180
8444932,1,1,1,10,2025,2,24,4.0,5000000.0,21447
8468225,1,2,1,10,2025,2,33,5.0,900000.0,54096
8439448,1,2,1,10,2025,2,44,5.0,300000.0,8308
8443055,1,1,1,10,2025,1,37,12.0,7000000.0,16607
8472243,1,1,1,10,2025,2,25,5.0,1980000.0,63618
8470876,1,3,1,10,2025,2,45,8.0,146000.0,60840
8451836,1,1,1,10,2025,2,32,5.0,480000.0,37268
8450420,1,2,1,10,2025,1,27,5.0,1423500.0,33712
8446975,1,1,1,10,2025,2,47,3.0,1300000.0,25951
8471328,1,3,1,10,2025,1,24,8.0,1423500.0,61766
8447321,1,1,1,10,2025,2,41,8.0,120000.0,26693
8449026,1,1,1,10,2025,2,48,3.0,1752000.0,30271
8444338,1,1,1,10,2025,2,47,5.0,600000.0,19877
8437366,1,2,1,10,2025,2,38,5.0,300000.0,3658
8451400,1,2,1,10,2025,1,21,3.0,1200000.0,36171
8464954,1,2,1,10,2025,1,32,10.0,2500000.0,46637
8451674,1,1,1,10,2025,1,29,9.0,1400000.0,36836
8467731,1,1,1,10,2025,1,53,5.0,2000000.0,52905
8440461,1,1,1,10,2025,2,32,6.0,500000.0,10576
8468493,1,2,1,10,2025,1,61,3.0,1623000.0,54762
8450634,1,1,1,10,2025,2,51,3.0,1500000.0,34231
8439191,1,2,1,10,2025,1,52,3.0,600000.0,7702
8451153,1,1,1,10,2025,2,55,1.0,180000.0,35515
8446612,1,1,1,10,2025,2,51,8.0,300000.0,25154
8447795,1,1,1,10,2025,2,45,5.0,1423500.0,27716
8438992,1,1,1,10,2025,1,34,10.0,3000000.0,7257
8467650,1,2,1,10,2025,2,54,3.0,160000.0,52729
8442352,1,1,1,10,2025,1,55,5.0,3200000.0,14930
8472621,1,1,1,10,2025,1,34,11.0,4270500.0,64349
8452183,1,1,1,10,2025,1,29,5.0,3000000.0,38148
8466990,1,1,1,10,2025,1,50,4.0,700000.0,51056
8441552,1,1,1,10,2025,1,65,4.0,200000.0,13010
8464397,1,1,1,10,2025,2,50,10.0,4000000.0,45358
8462935,1,1,1,10,2025,2,53,3.0,1250000.0,42058
8438355,1,1,1,10,2025,2,27,9.0,1423000.0,5807
8444690,1,4,1,10,2025,2,34,5.0,1423500.0,20798
8442992,1,1,1,10,2025,1,74,5.0,800000.0,16433
8462076,1,1,1,10,2025,2,32,5.0,900000.0,40179
8445256,1,2,1,10,2025,2,35,3.0,400000.0,21788
8443335,1,1,1,10,2025,2,54,3.0,100000.0,17294
8462408,1,1,1,10,2025,2,30,4.0,1200000.0,40916
8464478,1,1,1,10,2025,1,42,5.0,1843500.0,45560
8464737,1,1,1,10,2025,2,39,5.0,1200000.0,46186
8436089,1,1,1,10,2025,1,36,5.0,1600000.0,360
8438724,1,2,1,10,2025,1,42,4.0,1200000.0,6669
8439051,1,5,1,10,2025,2,17,4.0,820000.0,7383
8469860,1,1,1,10,2025,1,68,5.0,1700000.0,58322
8442236,1,1,1,10,2025,1,56,3.0,2500000.0,14635
8472415,1,1,1,10,2025,2,38,8.0,4435000.0,63938
8438401,1,2,1,10,2025,1,28,11.0,7000000.0,5914
8441556,1,2,1,10,2025,1,32,5.0,1900000.0,13020
8469603,1,1,1,10,2025,2,51,5.0,1723500.0,57642
8450821,1,1,1,10,2025,1,42,5.0,1100000.0,34668
8448058,1,1,1,10,2025,2,42,12.0,1800000.0,28391
8443204,1,1,1,10,2025,2,66,3.0,700000.0,16933
8444072,1,2,1,10,2025,1,46,5.0,1300000.0,19257
8448223,1,1,1,10,2025,1,35,3.0,1423500.0,28760
8442692,1,2,1,10,2025,1,23,5.0,1423500.0,15703
8441536,1,1,1,10,2025,2,56,5.0,1000000.0,12974
8444177,1,1,1,10,2025,2,35,5.0,1450000.0,19483
8437948,1,1,1,10,2025,2,33,10.0,3800000.0,4889
8470930,1,1,1,10,2025,2,42,10.0,7000000.0,60961
8472029,1,1,1,10,2025,2,34,4.0,1140000.0,63130
8448752,1,1,1,10,2025,1,59,3.0,1600000.0,29811
8467188,1,1,1,10,2025,1,57,5.0,1600000.0,51600
8462200,1,2,1,10,2025,1,72,1.0,300000.0,40476
8464320,1,2,1,10,2025,2,34,5.0,1600000.0,45164
8449033,1,2,1,10,2025,2,48,3.0,600000.0,30292
8436410,1,2,1,10,2025,2,39,4.0,2170000.0,1087
8469174,1,1,1,10,2025,1,67,3.0,1300000.0,56514
8464374,1,1,1,10,2025,1,65,4.0,1423500.0,45304
8444535,1,2,1,10,2025,1,32,10.0,1423500.0,20403
8439178,1,1,1,10,2025,1,56,10.0,3500000.0,7679
8448419,1,6,1,10,2025,2,28,10.0,1423500.0,29119
8451740,1,1,1,10,2025,2,46,8.0,2300000.0,37019
8438662,1,1,1,10,2025,1,47,12.0,2500000.0,6546
8443560,1,3,1,10,2025,1,20,8.0,1723500.0,17910
8440950,1,1,1,10,2025,1,76,4.0,200000.0,11793
8442823,1,1,1,10,2025,2,62,5.0,900000.0,16025
8466846,1,1,1,10,2025,1,45,3.0,700000.0,50712
8440222,1,3,1,10,2025,1,32,12.0,2500000.0,10039
8436526,1,3,1,10,2025,2,32,10.0,1700000.0,1392
8450819,1,1,1,10,2025,2,33,10.0,3800000.0,34665
8444700,1,2,1,10,2025,1,23,5.0,2000000.0,20827
8439776,1,1,1,10,2025,2,66,4.0,400000.0,9080
8444966,1,2,1,10,2025,1,40,9.0,2800000.0,21501
8467247,1,1,1,10,2025,2,63,4.0,500000.0,51730
8472984,1,2,1,10,2025,1,30,10.0,2700000.0,65020
8450153,1,2,1,10,2025,1,25,4.0,700000.0,33030
8468364,1,1,1,10,2025,2,28,10.0,0.0,54419
8466107,1,1,1,10,2025,1,48,11.0,7117500.0,48971
8437324,2,1,2,10,2025,1,29,5.0,1623500.0,3534
8442212,1,1,1,10,2025,1,51,10.0,6100000.0,14573
8470944,1,1,1,10,2025,1,34,5.0,1500000.0,60989
8440707,1,3,1,10,2025,2,39,5.0,500000.0,11208
8446292,1,7,1,10,2025,1,62,3.0,800000.0,24330
8449760,1,2,1,10,2025,2,29,5.0,300000.0,32051
8439504,1,1,1,10,2025,2,49,3.0,720000.0,8409
8439625,1,1,1,10,2025,2,61,3.0,1000000.0,8731
8463257,1,3,1,10,2025,2,31,8.0,1900000.0,42768
8470842,1,2,1,10,2025,2,24,10.0,4000000.0,60769
8447647,1,1,1,10,2025,1,51,3.0,1200000.0,27432
8450638,1,1,1,10,2025,2,35,5.0,1600000.0,34241
8463967,1,2,1,10,2025,1,37,9.0,1423500.0,44502
8470602,1,1,1,10,2025,1,44,8.0,1423500.0,60134
8441457,1,1,1,10,2025,2,42,9.0,2800000.0,12807
8467009,1,2,1,10,2025,1,45,12.0,5200000.0,51118
8462944,1,2,1,10,2025,2,28,5.0,1423500.0,42068
8463428,1,1,1,10,2025,2,35,4.0,900000.0,43270
8464383,1,1,1,10,2025,2,77,1.0,480000.0,45327
8465993,1,1,1,10,2025,2,68,3.0,400000.0,48775
8448687,1,3,1,10,2025,2,54,5.0,200000.0,29648
8441582,1,2,1,10,2025,2,48,8.0,2000000.0,13078
8443859,1,1,1,10,2025,2,73,3.0,500000.0,18691
8446684,1,1,1,10,2025,1,46,4.0,1200000.0,25324
8446053,1,1,1,10,2025,1,31,10.0,2600000.0,23668
8448290,1,2,1,10,2025,1,54,5.0,1800000.0,28845
8436949,1,2,1,10,2025,1,24,10.0,1580000.0,2583
8473127,1,2,1,10,2025,1,35,5.0,700000.0,65291
8466135,1,2,1,10,2025,1,30,10.0,2200000.0,49028
8436966,1,1,1,10,2025,1,63,3.0,1100000.0,2625
8470122,1,1,1,10,2025,2,53,5.0,800000.0,58981
8446541,3,2,3,10,2025,1,39,5.0,1400000.0,24943
8473603,1,1,1,10,2025,2,58,3.0,1000000.0,65926
8444541,1,2,1,10,2025,2,57,5.0,145000.0,20422
8472951,1,1,1,10,2025,1,32,10.0,6500000.0,64994
8443361,1,1,1,10,2025,1,37,5.0,900000.0,17393
8436597,1,3,1,10,2025,1,29,10.0,2100000.0,1566
8437835,1,2,1,10,2025,1,60,5.0,1623500.0,4663
8451276,1,2,1,10,2025,2,49,8.0,1353000.0,35824
8472316,1,1,1,10,2025,1,41,3.0,1200000.0,63771
8442492,1,1,1,10,2025,1,64,5.0,1500000.0,15262
8445954,1,5,1,10,2025,2,25,10.0,5000000.0,23412
8461860,1,2,1,10,2025,2,55,5.0,700000.0,39601
8449044,1,3,1,10,2025,2,50,10.0,2000000.0,30310
8449060,1,1,1,10,2025,2,44,4.0,720000.0,30341
8445178,1,1,1,10,2025,1,41,8.0,5350000.0,21555
8471470,1,1,1,10,2025,1,38,11.0,6000000.0,62050
8443288,1,6,1,10,2025,2,22,5.0,200000.0,17181
8440776,1,4,1,10,2025,2,52,5.0,800000.0,11401
8452526,1,1,1,10,2025,1,50,5.0,6175000.0,39052
8448576,1,3,1,10,2025,1,35,10.0,2500000.0,29442
8463257,1,2,1,10,2025,2,37,5.0,1900000.0,42767
8437994,1,2,1,10,2025,1,29,5.0,1200000.0,4979
8469441,1,1,1,10,2025,2,62,3.0,600000.0,57193
8441437,1,2,1,10,2025,1,31,5.0,1800000.0,12751
8437314,1,5,1,10,2025,1,20,8.0,2000000.0,3499
8447100,1,1,1,10,2025,2,45,3.0,1800000.0,26216
8452191,1,2,1,10,2025,1,35,5.0,1800000.0,38167
8470731,1,1,1,10,2025,2,77,3.0,100000.0,60427
8438499,1,2,1,10,2025,1,7,3.0,,6163
8470822,1,1,1,10,2025,1,47,10.0,4000000.0,60727
8471305,1,1,1,10,2025,2,36,10.0,2800000.0,61726
8442793,1,2,1,10,2025,1,29,10.0,1423500.0,15938
8449498,1,1,1,10,2025,2,18,5.0,350000.0,31392
8445982,1,1,1,10,2025,2,38,5.0,1423500.0,23488
8467837,1,3,1,10,2025,2,26,9.0,400000.0,53183
8450370,1,3,1,10,2025,1,22,5.0,1000000.0,33597
8468838,1,1,1,10,2025,2,29,10.0,3500000.0,55634
8444924,1,3,1,10,2025,2,30,5.0,1623000.0,21426
8464607,1,1,1,10,2025,1,61,3.0,2200000.0,45876
8467238,1,1,1,10,2025,2,42,5.0,2000000.0,51716
8437090,1,2,1,10,2025,2,43,10.0,7500000.0,2908
8464880,1,1,1,10,2025,1,46,13.0,19000000.0,46461
8448591,1,1,1,10,2025,2,25,9.0,350000.0,29475
8436052,1,4,1,10,2025,2,25,8.0,1423500.0,279
8470491,1,1,1,10,2025,1,42,3.0,1600000.0,59858
8463138,1,1,1,10,2025,2,52,3.0,1500000.0,42478
8471938,1,1,1,10,2025,1,31,10.0,4600000.0,62965
8446152,1,1,1,10,2025,2,23,5.0,130000.0,23902
8462990,1,1,1,10,2025,2,54,1.0,2000000.0,42172
8452337,1,2,1,10,2025,2,39,5.0,1423500.0,38536
8467118,1,1,1,10,2025,1,56,3.0,2000000.0,51432
8466885,1,1,1,10,2025,1,42,5.0,4500000.0,50829
8445806,1,2,1,10,2025,2,41,5.0,1000000.0,23094
8469873,1,4,1,10,2025,2,28,5.0,1300000.0,58349
8451779,1,2,1,10,2025,2,25,10.0,2846000.0,37131
8467941,1,3,1,10,2025,2,43,5.0,600000.0,53465
8469856,1,1,1,10,2025,2,34,10.0,1000000.0,58311
8471363,1,4,1,10,2025,1,64,4.0,500000.0,61835
8436386,1,2,1,10,2025,1,24,4.0,1300000.0,1046
8469214,1,2,1,10,2025,2,46,8.0,2046000.0,56604
8446148,1,1,1,10,2025,1,32,3.0,1400000.0,23895
8448173,1,1,1,10,2025,2,42,11.0,3000000.0,28615
8443477,1,1,1,10,2025,1,51,3.0,1200000.0,17680
8472027,1,1,1,10,2025,1,36,8.0,3600000.0,63126
8451767,1,1,1,10,2025,2,45,10.0,0.0,37094
8471896,1,1,1,10,2025,2,58,4.0,120000.0,62892
8463411,1,1,1,10,2025,2,29,10.0,4000000.0,43212
8437129,1,1,1,10,2025,2,29,5.0,1000000.0,3004
8444270,1,3,1,10,2025,2,25,8.0,900000.0,19692
8440106,1,3,1,10,2025,2,22,10.0,1423500.0,9778
8441602,1,1,1,10,2025,2,34,5.0,950000.0,13118
8451785,2,1,2,10,2025,2,20,10.0,700000.0,37153
8465909,1,1,1,10,2025,2,50,5.0,1423000.0,48598
8440768,1,2,1,10,2025,2,36,11.0,2000000.0,11373
8462133,1,2,1,10,2025,2,47,3.0,400000.0,40340
8473868,1,2,1,10,2025,2,65,10.0,4000000.0,66447
8463375,1,3,1,10,2025,1,21,5.0,1500000.0,43099
8443338,1,4,1,10,2025,1,57,3.0,1950000.0,17308
8437829,1,1,1,10,2025,2,59,8.0,1000000.0,4644
8438987,1,1,1,10,2025,2,63,5.0,2000000.0,7244
8470099,1,2,1,10,2025,2,20,5.0,1723500.0,58932
8467201,1,2,1,10,2025,1,38,4.0,2200000.0,51633
8471715,1,2,1,10,2025,1,43,3.0,2500000.0,62510
8452074,1,1,1,10,2025,2,35,8.0,1423500.0,37868
8444617,1,4,1,10,2025,2,33,5.0,1423500.0,20610
8442682,1,1,1,10,2025,2,62,3.0,250000.0,15676
8469257,1,1,1,10,2025,1,41,4.0,1423500.0,56702
8464981,1,3,1,10,2025,1,23,5.0,1260000.0,46693
8436240,1,2,1,10,2025,1,57,3.0,400000.0,712
8439562,1,2,1,10,2025,2,35,10.0,1000000.0,8566
8451998,1,1,1,10,2025,2,25,10.0,2000000.0,37693
8452084,1,2,1,10,2025,1,35,10.0,4000000.0,37898
8448658,1,2,1,10,2025,2,47,5.0,1750000.0,29571
8467700,1,1,1,10,2025,1,65,5.0,800000.0,52837
8436939,1,4,1,10,2025,2,57,11.0,4500000.0,2548
8464357,1,4,1,10,2025,1,51,3.0,1800000.0,45260
8465062,1,5,1,10,2025,1,27,10.0,3000000.0,46895
8463989,1,1,1,10,2025,1,60,3.0,2000000.0,44546
8471751,1,1,1,10,2025,1,75,3.0,300000.0,62577
8446811,1,2,1,10,2025,1,55,5.0,2000000.0,25559
8451215,1,2,1,10,2025,1,33,5.0,800000.0,35691
8440149,1,1,1,10,2025,1,40,9.0,2847000.0,9884
8465332,1,2,1,10,2025,2,41,4.0,500000.0,47423
8448182,1,2,1,10,2025,1,34,8.0,3800000.0,28644
8462246,1,1,1,10,2025,2,30,3.0,700000.0,40583
8450030,1,1,1,10,2025,2,65,4.0,600000.0,32728
8448860,1,2,1,10,2025,2,38,5.0,1000000.0,29978
8446813,1,1,1,10,2025,1,55,8.0,4700000.0,25564
8461816,1,3,1,10,2025,1,35,3.0,500000.0,39480
8464916,1,1,1,10,2025,2,56,8.0,1350000.0,46547
8437213,1,2,1,10,2025,1,60,3.0,800000.0,3189
8450816,1,1,1,10,2025,2,66,10.0,4000000.0,34658
8466807,1,1,1,10,2025,2,37,5.0,1513500.0,50620
8438817,1,1,1,10,2025,2,34,11.0,3000000.0,6885
8472698,1,1,1,10,2025,2,51,10.0,1900000.0,64537
8443963,1,2,1,10,2025,2,54,9.0,1423000.0,18933
8450399,1,2,1,10,2025,2,47,5.0,800000.0,33661
8437235,1,3,1,10,2025,1,28,8.0,1423500.0,3253
8438957,1,3,1,10,2025,1,33,11.0,5000000.0,7169
8467907,1,1,1,10,2025,2,40,5.0,500000.0,53362
8438565,1,1,1,10,2025,1,38,5.0,2200000.0,6313
8441624,1,2,1,10,2025,1,32,5.0,3000000.0,13149
8450736,1,2,1,10,2025,2,52,8.0,2800000.0,34479
8463236,1,3,1,10,2025,1,37,9.0,2100000.0,42712
8445178,1,2,1,10,2025,2,37,5.0,3100000.0,21556
8473607,1,2,1,10,2025,1,28,5.0,960000.0,65939
8471623,1,2,1,10,2025,2,46,10.0,1423500.0,62361
8472479,1,2,1,10,2025,2,33,5.0,1000000.0,64125
8439725,1,1,1,10,2025,1,49,11.0,3770000.0,9002
8442613,1,1,1,10,2025,2,67,3.0,1300000.0,15505
8465970,1,2,1,10,2025,2,28,5.0,3800000.0,48717
8443069,1,1,1,10,2025,1,75,3.0,150000.0,16647
8445189,1,1,1,10,2025,2,56,4.0,700000.0,21595
8448889,1,1,1,10,2025,2,53,3.0,1500000.0,30013
8466880,1,1,1,10,2025,1,72,3.0,1000000.0,50809
8450150,1,3,1,10,2025,1,46,5.0,1300000.0,33022
8438814,1,2,1,10,2025,1,37,10.0,1600000.0,6880
8445386,1,1,1,10,2025,1,70,5.0,700000.0,22125
8451768,1,2,1,10,2025,2,43,10.0,3500000.0,37098
8443479,1,2,1,10,2025,2,34,10.0,2500000.0,17688
8464431,1,1,1,10,2025,2,48,4.0,600000.0,45421
8447796,1,2,1,10,2025,1,62,4.0,600000.0,27721
8452372,1,1,1,10,2025,1,37,4.0,2000000.0,38629
8439468,1,1,1,10,2025,2,64,3.0,800000.0,8342
8436917,1,1,1,10,2025,2,64,9.0,600000.0,2481
8467363,1,3,1,10,2025,1,25,10.0,1000000.0,52021
8445878,1,1,1,10,2025,1,41,1.0,1400000.0,23233
8446732,1,2,1,10,2025,1,47,3.0,1000000.0,25363
8446105,1,1,1,10,2025,1,32,12.0,12742000.0,23789
8451380,1,1,1,10,2025,1,57,4.0,1423500.0,36120
8443970,1,1,1,10,2025,2,24,5.0,1800000.0,18950
8462127,1,1,1,10,2025,2,34,5.0,360000.0,40316
8442472,1,3,1,10,2025,1,24,5.0,1000000.0,15212
8470465,1,1,1,10,2025,1,52,9.0,8000000.0,59801
8465671,1,1,1,10,2025,2,56,5.0,1735500.0,48087
8467002,1,3,1,10,2025,2,25,5.0,160000.0,51098
8451124,1,2,1,10,2025,2,29,1.0,300000.0,35432
8470570,1,3,1,10,2025,2,35,8.0,1800000.0,60047
8439575,2,2,2,10,2025,1,33,5.0,1423500.0,8606
8467730,1,2,1,10,2025,2,32,5.0,800000.0,52903
8439808,1,1,1,10,2025,1,26,5.0,1500000.0,9182
8438037,1,4,1,10,2025,1,31,8.0,1000000.0,5081
8462266,1,1,1,10,2025,2,59,5.0,0.0,40614
8470084,1,2,1,10,2025,2,41,5.0,1860300.0,58891
8472689,1,1,1,10,2025,2,52,3.0,200000.0,64506
8450127,1,1,1,10,2025,1,34,10.0,1500000.0,32959
8436125,1,1,1,10,2025,2,52,3.0,200000.0,450
8464485,1,2,1,10,2025,2,26,9.0,1423500.0,45575
8445403,1,1,1,10,2025,1,40,4.0,1200000.0,22174
8463623,1,3,1,10,2025,2,27,9.0,1600000.0,43710
8441232,1,2,1,10,2025,1,44,5.0,1800000.0,12361
8448084,1,2,1,10,2025,2,41,5.0,600000.0,28454
8468927,1,1,1,10,2025,2,52,10.0,4423500.0,55857
8467534,1,1,1,10,2025,1,63,5.0,960000.0,52423
8436560,1,3,1,10,2025,2,32,10.0,4500000.0,1475
8462679,1,1,1,10,2025,1,55,5.0,1000000.0,41522
8462636,1,1,1,10,2025,1,79,3.0,1423000.0,41435
8448173,1,2,1,10,2025,2,74,3.0,600000.0,28616
8448688,1,3,1,10,2025,1,48,5.0,1000000.0,29654
8473346,1,1,1,10,2025,2,28,5.0,1200000.0,65729
8438207,1,1,1,10,2025,1,41,8.0,3500000.0,5402
8462391,1,1,1,10,2025,1,63,9.0,1800000.0,40879
8462914,1,1,1,10,2025,2,35,10.0,3100000.0,42018
8462382,1,1,1,10,2025,1,42,3.0,1800000.0,40856
8446510,1,2,1,10,2025,2,33,12.0,18000000.0,24865
8439503,1,1,1,10,2025,1,32,5.0,2000000.0,8408
8436025,1,1,1,10,2025,1,75,1.0,400000.0,209
8436622,1,1,1,10,2025,2,53,9.0,5000000.0,1633
8452047,1,1,1,10,2025,2,56,3.0,300000.0,37795
8436846,1,1,1,10,2025,1,57,8.0,1500000.0,2202
8451130,1,2,1,10,2025,2,62,12.0,3518000.0,35451
8469733,1,1,1,10,2025,1,49,3.0,900000.0,58003
8437060,1,1,1,10,2025,1,47,11.0,7000000.0,2845
8441997,1,2,1,10,2025,1,27,5.0,700000.0,14058
8465466,1,2,1,10,2025,1,27,5.0,1423500.0,47679
8464751,1,1,1,10,2025,2,49,8.0,1680000.0,46216
8437457,1,3,1,10,2025,1,22,10.0,2800000.0,3870
8473635,1,4,1,10,2025,2,64,10.0,5000000.0,66028
8436570,1,1,1,10,2025,1,45,5.0,2000000.0,1491
8444119,1,2,1,10,2025,1,40,5.0,1200000.0,19365
8463203,1,4,1,10,2025,2,23,10.0,1600000.0,42633
8465603,1,1,1,10,2025,1,39,5.0,1850000.0,47944
8452428,1,1,1,10,2025,2,45,10.0,7000000.0,38785
8468706,1,1,1,10,2025,2,43,10.0,1800000.0,55280
8448949,1,4,1,10,2025,1,32,5.0,1900000.0,30134
8445637,1,1,1,10,2025,2,47,7.0,300000.0,22729
8448547,1,3,1,10,2025,1,49,4.0,1700000.0,29380
8468313,1,1,1,10,2025,2,26,10.0,1400000.0,54291
8463610,1,1,1,10,2025,1,31,12.0,6000000.0,43682
8452193,1,4,1,10,2025,1,34,5.0,1100000.0,38172
8462740,1,3,1,10,2025,2,21,5.0,1300000.0,41663
8462878,1,3,1,10,2025,1,23,4.0,560000.0,41945
8466987,1,1,1,10,2025,1,51,5.0,1000000.0,51044
8446398,1,1,1,10,2025,2,32,8.0,1423500.0,24613
8447293,1,1,1,10,2025,1,68,5.0,1600000.0,26619
8463877,1,2,1,10,2025,1,43,12.0,14000000.0,44295
8462514,1,1,1,10,2025,1,34,8.0,1400000.0,41160
8450290,1,1,1,10,2025,2,35,10.0,2000000.0,33383
8470467,1,4,1,10,2025,2,19,5.0,1426000.0,59810
8443449,1,2,1,10,2025,2,54,6.0,1423500.0,17602
8447855,1,2,1,10,2025,2,37,10.0,2000000.0,27893
8450581,1,2,1,10,2025,2,43,9.0,1423500.0,34099
8444379,1,1,1,10,2025,2,21,5.0,1500000.0,19982
8461828,1,1,1,10,2025,1,31,1.0,300000.0,39533
8437025,1,2,1,10,2025,2,33,10.0,3500000.0,2770
8447201,1,1,1,10,2025,1,37,11.0,1500000.0,26339
8463266,1,1,1,10,2025,2,34,5.0,2000000.0,42803
8472888,1,1,1,10,2025,2,39,6.0,1400000.0,64932
8445807,1,2,1,10,2025,2,49,5.0,1500000.0,23097
8462193,1,1,1,10,2025,2,42,4.0,700000.0,40453
8437079,1,1,1,10,2025,2,45,11.0,7106000.0,2879
8452169,1,5,1,10,2025,2,21,5.0,1400000.0,38125
8464577,1,2,1,10,2025,1,30,5.0,800000.0,45790
8442835,1,1,1,10,2025,2,33,5.0,700000.0,16050
8450274,1,2,1,10,2025,1,34,10.0,2800000.0,33339
8448581,1,1,1,10,2025,1,58,5.0,1800000.0,29452
8461871,1,3,1,10,2025,2,65,1.0,500000.0,39627
8443460,1,3,1,10,2025,1,19,3.0,340000.0,17634
8444013,1,1,1,10,2025,1,47,5.0,1623500.0,19072
8448371,1,1,1,10,2025,1,27,8.0,600000.0,28990
8437191,1,2,1,10,2025,1,24,12.0,4000000.0,3142
8441081,1,1,1,10,2025,2,35,8.0,600000.0,12034
8437402,1,2,1,10,2025,1,34,8.0,1200000.0,3718
8440551,1,2,1,10,2025,2,38,10.0,3000000.0,10794
8441777,1,2,1,10,2025,1,48,3.0,750000.0,13476
8470953,1,1,1,10,2025,2,50,4.0,500000.0,61016
8436000,1,3,1,10,2025,1,30,10.0,300000.0,106
8462045,1,1,1,10,2025,1,48,3.0,1500000.0,40123
8446479,1,1,1,10,2025,2,58,3.0,1423500.0,24798
8447914,1,1,1,10,2025,2,35,1.0,1500000.0,28026
8437245,1,2,1,10,2025,2,41,10.0,4700000.0,3289
8439327,1,1,1,10,2025,2,51,9.0,3600000.0,8035
8463386,1,1,1,10,2025,2,39,5.0,500000.0,43138
8443125,1,4,1,10,2025,1,32,5.0,1600000.0,16783
8440474,1,1,1,10,2025,1,27,6.0,600000.0,10603
8464827,1,3,1,10,2025,1,43,1.0,800000.0,46343
8462064,1,6,1,10,2025,1,23,8.0,800000.0,40159
8463020,1,2,1,10,2025,1,20,4.0,430000.0,42241
8463681,1,3,1,10,2025,1,16,5.0,1000000.0,43843
8437532,1,1,1,10,2025,2,33,8.0,1423500.0,4068
8463941,1,2,1,10,2025,2,35,8.0,1200000.0,44440
8449180,1,1,1,10,2025,1,29,5.0,3800000.0,30559
8442844,1,1,1,10,2025,2,82,1.0,600000.0,16075
8473013,1,3,1,10,2025,2,46,5.0,650000.0,65097
8439405,1,2,1,10,2025,1,43,5.0,800000.0,8205
8445324,1,1,1,10,2025,1,68,3.0,800000.0,21995
8468877,1,1,1,10,2025,1,50,5.0,1423500.0,55741
8469683,1,1,1,10,2025,1,61,3.0,2223500.0,57869
8444820,1,3,1,10,2025,2,21,10.0,150000.0,21168
8436780,1,1,1,10,2025,1,69,13.0,7500000.0,2026
8462562,1,2,1,10,2025,1,26,4.0,2000000.0,41293
8445917,1,2,1,10,2025,1,46,3.0,1900000.0,23335
8439200,1,2,1,10,2025,1,60,4.0,1300000.0,7716
8442378,1,1,1,10,2025,1,63,13.0,9500000.0,14996
8471791,1,1,1,10,2025,2,59,3.0,350000.0,62669
8443811,1,2,1,10,2025,1,46,3.0,800000.0,18562
8466453,1,2,1,10,2025,2,38,5.0,1400000.0,49771
8451164,1,2,1,10,2025,2,26,5.0,1400000.0,35541
8439586,1,1,1,10,2025,2,57,3.0,500000.0,8634
8470922,1,1,1,10,2025,2,41,4.0,1200000.0,60941
8461857,1,2,1,10,2025,2,30,4.0,600000.0,39590
8436895,1,1,1,10,2025,2,40,8.0,1423500.0,2393
8466557,1,2,1,10,2025,1,28,5.0,1423500.0,50041
8463176,1,1,1,10,2025,2,40,8.0,400000.0,42553
8469719,1,2,1,10,2025,2,26,8.0,100000.0,57955
8463228,1,2,1,10,2025,1,36,10.0,2000000.0,42689
8445703,1,1,1,10,2025,2,56,11.0,6958000.0,22878
8464668,1,2,1,10,2025,2,26,5.0,500000.0,46031
8444320,1,2,1,10,2025,1,72,10.0,1800000.0,19827
8446336,1,2,1,10,2025,2,31,5.0,160000.0,24460
8438455,1,1,1,10,2025,2,57,5.0,100000.0,6047
8469068,1,1,1,10,2025,2,64,3.0,400000.0,56195
8450703,1,1,1,10,2025,2,26,10.0,2000000.0,34402
8438979,1,2,1,10,2025,2,37,10.0,3000000.0,7222
8465372,1,1,1,10,2025,1,41,12.0,6000000.0,47502
8443014,1,4,1,10,2025,1,21,5.0,720000.0,16490
8437197,1,1,1,10,2025,2,53,5.0,500000.0,3153
8437448,1,2,1,10,2025,2,43,10.0,3500000.0,3849
8446118,1,3,1,10,2025,1,28,5.0,1700000.0,23815
8464947,1,2,1,10,2025,2,32,10.0,2000000.0,46621
8471758,1,1,1,10,2025,2,34,4.0,1200000.0,62590
8461897,1,3,1,10,2025,1,30,3.0,600000.0,39696
8469621,1,3,1,10,2025,2,39,5.0,480000.0,57701
8438362,1,1,1,10,2025,1,60,5.0,7000000.0,5818
8450457,1,1,1,10,2025,1,58,10.0,6000000.0,33789
8473882,1,2,1,10,2025,2,38,8.0,1423500.0,66484
8452364,1,4,1,10,2025,2,58,5.0,1400000.0,38615
8463657,1,1,1,10,2025,1,68,3.0,400000.0,43795
8465069,1,1,1,10,2025,1,50,3.0,1600000.0,46915
8469054,1,1,1,10,2025,2,49,5.0,300000.0,56161
8438374,1,2,1,10,2025,1,28,8.0,1000000.0,5848
8461792,1,4,1,10,2025,2,25,5.0,1290000.0,39406
8466284,1,2,1,10,2025,1,21,5.0,1500000.0,49313
8469060,1,2,1,10,2025,1,34,6.0,900000.0,56175
8440240,1,1,1,10,2025,2,47,11.0,1500000.0,10079
8450623,1,2,1,10,2025,1,24,3.0,1400000.0,34200
8448657,1,1,1,10,2025,1,25,3.0,850000.0,29564
8448843,1,1,1,10,2025,1,61,5.0,1800000.0,29957
8463005,1,1,1,10,2025,1,56,4.0,900000.0,42211
8446167,1,1,1,10,2025,1,32,5.0,4600000.0,23948
8470655,1,1,1,10,2025,1,32,4.0,1400000.0,60249
8469262,1,1,1,10,2025,2,59,6.0,800000.0,56719
8438256,1,3,1,10,2025,1,23,10.0,1423000.0,5518
8452025,1,1,1,10,2025,1,67,5.0,3000000.0,37749
8449908,1,2,1,10,2025,2,22,5.0,7000000.0,32401
8447339,1,3,1,10,2025,1,25,9.0,3000000.0,26736
8448677,1,2,1,10,2025,1,49,5.0,1500000.0,29625
8463805,1,2,1,10,2025,2,46,5.0,500000.0,44150
8440610,1,4,1,10,2025,1,85,3.0,0.0,10980
8436466,1,1,1,10,2025,1,25,8.0,2023500.0,1217
8469418,1,3,1,10,2025,1,28,10.0,2500000.0,57161
8468439,1,1,1,10,2025,1,59,3.0,1423500.0,54643
8463230,1,2,1,10,2025,2,21,8.0,1800000.0,42698
8449933,1,1,1,10,2025,1,33,4.0,1000000.0,32461
8452151,1,1,1,10,2025,1,35,5.0,1423500.0,38077
8452329,1,1,1,10,2025,2,54,11.0,7200000.0,38519
8470499,1,1,1,10,2025,2,40,9.0,300000.0,59878
8468433,1,2,1,10,2025,2,25,10.0,1423500.0,54631
8472562,1,1,1,10,2025,2,47,5.0,1423500.0,64231
8442043,1,2,1,10,2025,1,40,8.0,1500000.0,14140
8471456,1,1,1,10,2025,1,66,5.0,1423500.0,62024
8462789,1,1,1,10,2025,1,44,3.0,1240000.0,41766
8438075,1,1,1,10,2025,1,38,9.0,2800000.0,5148
8436110,1,1,1,10,2025,1,54,3.0,1600000.0,411
8470484,1,4,1,10,2025,1,70,4.0,2500000.0,59849
8472203,1,3,1,10,2025,2,17,5.0,1423500.0,63542
8444286,1,1,1,10,2025,2,36,4.0,1140000.0,19733
8446634,1,2,1,10,2025,2,23,8.0,1423500.0,25206
8473725,1,5,1,10,2025,2,34,5.0,1700000.0,66184
8440310,1,3,1,10,2025,1,26,6.0,1423500.0,10269
8470996,1,2,1,10,2025,2,48,5.0,1423500.0,61118
8470248,1,2,1,10,2025,1,50,1.0,1850000.0,59271
8450106,1,1,1,10,2025,2,25,5.0,800000.0,32925
8436578,1,1,1,10,2025,1,37,6.0,4100000.0,1515
8441960,1,2,1,10,2025,1,36,3.0,1200000.0,13954
8473632,1,1,1,10,2025,2,35,5.0,900000.0,66016
8450443,1,1,1,10,2025,1,73,10.0,4500000.0,33767
8436496,1,1,1,10,2025,1,61,4.0,1500000.0,1292
8436690,1,1,1,10,2025,2,27,10.0,1423500.0,1812
8451572,1,2,1,10,2025,2,32,10.0,3500000.0,36570
8450726,1,2,1,10,2025,1,20,10.0,400000.0,34457
8472653,1,3,1,10,2025,1,22,8.0,1600000.0,64422
8436401,1,1,1,10,2025,1,65,3.0,500000.0,1070
8446984,1,1,1,10,2025,1,35,8.0,1623000.0,25968
8472440,1,2,1,10,2025,2,27,10.0,1360000.0,64012
8452539,1,1,1,10,2025,2,30,5.0,200000.0,39094
8472837,1,1,1,10,2025,2,60,3.0,1280000.0,64796
8464435,1,1,1,10,2025,1,27,8.0,1423500.0,45437
8447423,1,1,1,10,2025,1,37,5.0,400000.0,26952
8441027,1,2,1,10,2025,1,22,5.0,1423500.0,11923
8467356,1,2,1,10,2025,1,43,5.0,2800000.0,51999
8444037,1,1,1,10,2025,1,27,9.0,1423000.0,19161
8443626,1,2,1,10,2025,2,47,5.0,1423500.0,18089
8470417,1,1,1,10,2025,2,47,3.0,1040000.0,59673
8443793,1,3,1,10,2025,1,26,9.0,1425000.0,18504
8467089,1,1,1,10,2025,1,39,9.0,1800000.0,51321
8437045,1,1,1,10,2025,2,44,10.0,4000000.0,2814
8470559,1,1,1,10,2025,2,55,4.0,1720000.0,60013
8438842,1,1,1,10,2025,1,58,3.0,1623500.0,6935
8463317,1,2,1,10,2025,2,26,8.0,1423500.0,42925
8470900,1,1,1,10,2025,1,38,5.0,1840000.0,60896
8442219,1,1,1,10,2025,2,50,5.0,1800000.0,14590
8449964,1,1,1,10,2025,2,25,10.0,2500000.0,32558
8450500,1,1,1,10,2025,2,27,8.0,1423500.0,33867
8468011,1,3,1,10,2025,1,34,5.0,1400000.0,53631
8468535,1,1,1,10,2025,1,59,3.0,1000000.0,54880
8446202,1,4,1,10,2025,2,23,10.0,1900000.0,24040
8469023,1,1,1,10,2025,1,48,3.0,1300000.0,56077
8437348,1,2,1,10,2025,1,27,5.0,2000000.0,3600
8451030,1,2,1,10,2025,2,39,5.0,1880000.0,35207
8464392,1,1,1,10,2025,1,53,5.0,1200000.0,45346
8436893,1,1,1,10,2025,1,23,4.0,1000000.0,2383
8467301,1,3,1,10,2025,1,28,10.0,1800000.0,51855
8451469,1,1,1,10,2025,1,78,3.0,200000.0,36330
8472019,1,1,1,10,2025,1,38,9.0,1150000.0,63100
8438293,1,1,1,10,2025,2,29,5.0,250000.0,5624
8449892,1,3,1,10,2025,1,67,8.0,1500000.0,32369
8440004,1,1,1,10,2025,1,37,5.0,1423500.0,9573
8439142,1,1,1,10,2025,2,54,10.0,1150000.0,7603
8437092,1,1,1,10,2025,1,60,5.0,2600000.0,2914
8463751,1,1,1,10,2025,1,47,10.0,2500000.0,43998
8443457,1,2,1,10,2025,2,26,5.0,1000000.0,17624
8449208,1,1,1,10,2025,1,55,5.0,1423500.0,30622
8446789,1,1,1,10,2025,2,60,5.0,800000.0,25510
8472925,1,1,1,10,2025,1,55,1.0,650000.0,64951
8469840,1,2,1,10,2025,2,29,8.0,1423500.0,58274
8448452,1,2,1,10,2025,2,25,8.0,1423500.0,29177
8442781,1,2,1,10,2025,2,46,5.0,2000000.0,15919
8468919,1,2,1,10,2025,1,54,5.0,1400000.0,55841
8468450,1,1,1,10,2025,2,53,4.0,1000000.0,54669
8462919,1,3,1,10,2025,2,19,5.0,1600000.0,42029
8440541,1,4,1,10,2025,2,32,10.0,2000000.0,10772
8463494,1,2,1,10,2025,2,23,9.0,840000.0,43444
8442061,1,3,1,10,2025,1,45,3.0,480000.0,14184
8436689,1,4,1,10,2025,2,37,9.0,2700000.0,1810
8442816,1,2,1,10,2025,1,52,12.0,4100000.0,16003
8470656,1,2,1,10,2025,2,59,10.0,5600000.0,60254
8465124,1,2,1,10,2025,2,40,4.0,1500000.0,47072
8472732,1,2,1,10,2025,1,29,10.0,1400000.0,64607
8469733,1,2,1,10,2025,2,54,3.0,1623000.0,58004
8465714,1,1,1,10,2025,2,75,3.0,210000.0,48134
8441020,1,1,1,10,2025,1,59,10.0,1423500.0,11912
8443301,1,3,1,10,2025,1,37,3.0,500000.0,17221
8472111,1,2,1,10,2025,2,32,5.0,1423000.0,63310
8444303,1,1,1,10,2025,2,65,3.0,500000.0,19778
8436377,1,2,1,10,2025,2,54,4.0,700000.0,1027
8452483,1,1,1,10,2025,1,55,5.0,1000000.0,38941
8444808,1,2,1,10,2025,2,18,5.0,400000.0,21133
8466503,1,1,1,10,2025,2,45,5.0,1400000.0,49923
8439812,1,4,1,10,2025,2,77,6.0,500000.0,9191
8443673,1,1,1,10,2025,1,42,11.0,9984000.0,18218
8470240,1,1,1,10,2025,2,43,5.0,1423500.0,59257
8469745,1,1,1,10,2025,1,69,1.0,600000.0,58041
8472629,2,1,2,10,2025,2,56,4.0,600000.0,64363
8471073,1,2,1,10,2025,1,43,4.0,3500000.0,61298
8463795,1,2,1,10,2025,2,40,10.0,2200000.0,44125
8471850,1,1,1,10,2025,1,30,5.0,1000000.0,62789
8469357,1,2,1,10,2025,2,22,7.0,1423500.0,57013
8471502,1,1,1,10,2025,2,43,10.0,4000000.0,62089
8472654,1,2,1,10,2025,2,53,10.0,3000000.0,64424
8444049,1,3,1,10,2025,1,34,10.0,2700000.0,19191
8470169,1,1,1,10,2025,1,36,3.0,1000000.0,59097
8472405,1,1,1,10,2025,2,37,10.0,1623500.0,63910
8449459,1,2,1,10,2025,2,28,8.0,350000.0,31296
8437062,1,1,1,10,2025,1,44,8.0,2500000.0,2847
8441627,1,1,1,10,2025,2,30,5.0,900000.0,13153
8472445,1,1,1,10,2025,1,31,9.0,1800000.0,64022
8471777,1,1,1,10,2025,2,66,3.0,200000.0,62638
8443160,1,1,1,10,2025,2,32,10.0,4000000.0,16851
8468817,1,1,1,10,2025,2,26,10.0,3000000.0,55574
8467603,1,1,1,10,2025,1,30,11.0,4000000.0,52608
8437158,1,1,1,10,2025,1,33,10.0,20000000.0,3067
8467429,1,1,1,10,2025,2,45,8.0,1500000.0,52161
8447598,1,2,1,10,2025,2,45,10.0,4500000.0,27303
8464335,1,1,1,10,2025,1,40,5.0,1200000.0,45204
8443731,1,2,1,10,2025,1,31,10.0,5000000.0,18351
8449281,1,1,1,10,2025,1,63,5.0,1823500.0,30817
8445464,1,1,1,10,2025,2,52,4.0,600000.0,22316
8473275,1,1,1,10,2025,1,53,4.0,1500000.0,65577
8448664,1,2,1,10,2025,1,25,5.0,890000.0,29586
8440733,1,1,1,10,2025,1,51,10.0,1200000.0,11283
8451288,1,1,1,10,2025,1,64,3.0,1200000.0,35870
8439893,1,2,1,10,2025,1,48,10.0,3000000.0,9434
8449179,1,1,1,10,2025,2,42,5.0,1600000.0,30557
8450571,1,1,1,10,2025,2,47,6.0,1423500.0,34072
8446325,1,4,1,10,2025,1,21,5.0,400000.0,24424
8463962,1,1,1,10,2025,2,35,10.0,3200000.0,44490
8437548,1,2,1,10,2025,2,41,8.0,3200000.0,4105
8439520,1,1,1,10,2025,2,28,5.0,700000.0,8448
8450832,1,1,1,10,2025,1,62,3.0,700000.0,34695
8437906,1,1,1,10,2025,1,44,5.0,3600000.0,4817
8470848,1,2,1,10,2025,2,29,10.0,3300000.0,60779
8436193,1,1,1,10,2025,1,73,3.0,100000.0,603
8449971,1,4,1,10,2025,2,30,8.0,1800000.0,32595
8465439,1,1,1,10,2025,2,55,5.0,1423000.0,47619
8450081,1,1,1,10,2025,2,43,4.0,1000000.0,32863
8469691,1,1,1,10,2025,1,73,1.0,1700000.0,57879
8436028,1,5,1,10,2025,1,31,5.0,350000.0,229
8471075,1,1,1,10,2025,2,56,4.0,200000.0,61306
8472008,1,4,1,10,2025,1,21,3.0,300000.0,63087
8443707,1,1,1,10,2025,2,68,3.0,200000.0,18290
8440417,1,3,1,10,2025,1,37,5.0,1500000.0,10489
8444796,1,2,1,10,2025,2,30,6.0,1423500.0,21098
8440785,1,3,1,10,2025,2,28,10.0,500000.0,11417
8465459,1,2,1,10,2025,1,66,9.0,2500000.0,47664
8445676,1,1,1,10,2025,1,55,4.0,2100000.0,22816
8450063,1,2,1,10,2025,1,28,10.0,2100000.0,32811
8446399,1,1,1,10,2025,2,49,3.0,1500000.0,24617
8440845,1,1,1,10,2025,1,49,3.0,255000.0,11580
8470069,1,1,1,10,2025,2,29,10.0,1423500.0,58855
8472033,1,2,1,10,2025,2,38,10.0,3400000.0,63139
8439295,1,2,1,10,2025,1,60,9.0,1300000.0,7950
8439621,1,4,1,10,2025,1,54,5.0,1423500.0,8726
8451511,1,1,1,10,2025,1,46,4.0,1300000.0,36445
8445656,1,1,1,10,2025,1,64,8.0,1423500.0,22775
8472632,1,2,1,10,2025,2,20,5.0,1400000.0,64372
8445537,1,1,1,10,2025,2,41,8.0,2200000.0,22498
8449760,1,1,1,10,2025,1,50,3.0,500000.0,32050
8472486,3,1,3,10,2025,2,54,3.0,600000.0,64152
8448600,1,2,1,10,2025,2,41,5.0,1423500.0,29497
8443891,1,1,1,10,2025,1,43,5.0,1423500.0,18764
8467570,1,2,1,10,2025,1,44,5.0,1000000.0,52504
8446090,1,5,1,10,2025,1,18,5.0,1000000.0,23748
8444691,1,1,1,10,2025,2,52,4.0,500000.0,20800
8436052,1,2,1,10,2025,2,44,3.0,1423500.0,277
8463767,1,1,1,10,2025,1,28,9.0,2200000.0,44049
8442472,1,1,1,10,2025,1,39,4.0,1500000.0,15210
8446451,1,1,1,10,2025,1,48,4.0,1423500.0,24721
8436583,1,3,1,10,2025,2,23,10.0,3000000.0,1527
8473810,1,2,1,10,2025,2,35,5.0,1423000.0,66294
8468291,1,2,1,10,2025,2,29,10.0,3000000.0,54240
8438195,1,2,1,10,2025,2,28,11.0,2790000.0,5391
8470273,1,1,1,10,2025,1,26,5.0,1800000.0,59335
8443304,1,1,1,10,2025,1,79,3.0,300000.0,17234
8444168,1,2,1,10,2025,1,62,11.0,14000000.0,19469
8468688,1,1,1,10,2025,2,55,5.0,3000000.0,55233
8449678,1,1,1,10,2025,1,67,3.0,700000.0,31836
8471911,1,1,1,10,2025,1,25,10.0,1800000.0,62922
8471440,1,2,1,10,2025,1,57,4.0,1200000.0,61993
8437852,1,2,1,10,2025,1,33,5.0,200000.0,4713
8466909,1,3,1,10,2025,1,72,3.0,1050000.0,50871
8470370,1,3,1,10,2025,1,44,5.0,950000.0,59559
8436692,1,1,1,10,2025,2,41,8.0,1700000.0,1817
8462465,1,1,1,10,2025,1,57,3.0,1300000.0,41038
8451050,1,1,1,10,2025,2,58,4.0,100000.0,35250
8446612,1,3,1,10,2025,1,22,9.0,1423500.0,25156
8443026,1,2,1,10,2025,1,25,10.0,600000.0,16532
8473006,1,1,1,10,2025,1,62,5.0,900000.0,65085
8441152,1,1,1,10,2025,2,54,5.0,1000000.0,12196
8451039,1,2,1,10,2025,2,56,6.0,300000.0,35226
8439152,1,2,1,10,2025,2,20,5.0,1630000.0,7616
8442075,1,1,1,10,2025,2,45,5.0,440000.0,14217
8445960,1,2,1,10,2025,1,30,4.0,1800000.0,23425
8445577,1,3,1,10,2025,1,29,5.0,1423500.0,22593
8467812,1,1,1,10,2025,1,59,5.0,9100000.0,53102
8437716,1,1,1,10,2025,2,51,8.0,1423500.0,4430
8439549,1,2,1,10,2025,1,36,5.0,1500000.0,8543
8470582,1,1,1,10,2025,1,27,5.0,1423500.0,60075
8442231,1,1,1,10,2025,1,28,11.0,3600000.0,14623
8444063,1,2,1,10,2025,1,53,5.0,1423500.0,19231
8450148,1,3,1,10,2025,1,26,5.0,1090000.0,33015
8462549,1,1,1,10,2025,1,74,3.0,700000.0,41253
8443485,1,1,1,10,2025,1,70,3.0,1200000.0,17705
8450360,1,1,1,10,2025,1,39,10.0,5800000.0,33573
8441874,1,1,1,10,2025,2,32,8.0,1586000.0,13697
8464986,1,2,1,10,2025,2,46,4.0,480000.0,46711
8462792,1,1,1,10,2025,1,35,4.0,1423500.0,41774
8443742,1,6,1,10,2025,2,39,9.0,1200000.0,18385
8452181,1,1,1,10,2025,2,30,10.0,2000000.0,38146
8466051,1,2,1,10,2025,2,60,5.0,250000.0,48885
8470462,1,4,1,10,2025,1,27,4.0,2150000.0,59796
8444708,1,2,1,10,2025,2,21,5.0,1700000.0,20858
8443949,1,5,1,10,2025,1,61,4.0,500000.0,18895
8467211,1,1,1,10,2025,1,43,6.0,3200000.0,51655
8451625,1,4,1,10,2025,1,58,5.0,1400000.0,36696
8438342,1,1,1,10,2025,2,31,5.0,1423500.0,5774
8451933,1,1,1,10,2025,2,34,8.0,1000000.0,37510
8462866,1,4,1,10,2025,1,21,10.0,1423500.0,41919
8448572,1,1,1,10,2025,1,37,5.0,3000000.0,29429
8449849,1,1,1,10,2025,1,36,9.0,3250000.0,32257
8444441,1,2,1,10,2025,2,34,5.0,1200000.0,20147
8443737,1,1,1,10,2025,1,71,10.0,0.0,18367
8439698,1,1,1,10,2025,2,55,3.0,700000.0,8938
8442567,1,4,1,10,2025,1,31,5.0,400000.0,15428
8462218,1,2,1,10,2025,1,30,10.0,1200000.0,40520
8470523,1,3,1,10,2025,1,27,11.0,4100000.0,59919
8440738,1,1,1,10,2025,2,56,4.0,1100000.0,11298
8439865,1,1,1,10,2025,1,65,6.0,600000.0,9355
8462488,1,1,1,10,2025,1,56,4.0,2000000.0,41089
8442149,1,2,1,10,2025,1,22,4.0,1800000.0,14384
8438208,1,1,1,10,2025,2,63,5.0,1200000.0,5406
8438332,1,1,1,10,2025,2,40,5.0,2500000.0,5741
8469302,1,1,1,10,2025,2,36,10.0,2500000.0,56846
8436253,1,1,1,10,2025,1,45,3.0,1350000.0,739
8467871,1,1,1,10,2025,1,31,6.0,1500000.0,53275
8441947,1,1,1,10,2025,1,64,3.0,800000.0,13930
8470839,1,3,1,10,2025,1,35,4.0,5000000.0,60766
8443064,1,1,1,10,2025,1,47,5.0,2000000.0,16623
8450911,1,1,1,10,2025,2,53,1.0,200000.0,34879
8444425,1,2,1,10,2025,1,74,1.0,200000.0,20102
8444603,1,1,1,10,2025,2,35,10.0,1500000.0,20575
8466224,1,1,1,10,2025,2,54,8.0,2800000.0,49237
8440971,1,1,1,10,2025,1,36,3.0,1500000.0,11836
8466853,1,3,1,10,2025,1,25,3.0,1200000.0,50739
8462001,1,2,1,10,2025,2,26,4.0,150000.0,40004
8463647,1,1,1,10,2025,2,70,3.0,4200000.0,43771
8464166,1,1,1,10,2025,1,59,5.0,2000000.0,44885
8464374,1,2,1,10,2025,2,59,3.0,600000.0,45305
8461897,1,1,1,10,2025,1,37,3.0,1200000.0,39694
8441148,1,1,1,10,2025,1,57,11.0,2700000.0,12184
8441342,1,2,1,10,2025,1,22,10.0,1423500.0,12560
8445444,1,1,1,10,2025,1,21,8.0,1423500.0,22267
8451809,1,1,1,10,2025,2,50,5.0,100000.0,37204
8438425,1,2,1,10,2025,1,55,5.0,1000000.0,5967
8451177,1,2,1,10,2025,2,26,8.0,600000.0,35570
8446629,1,1,1,10,2025,1,32,5.0,1423500.0,25190
8464867,1,1,1,10,2025,2,20,4.0,200000.0,46426
8447793,1,2,1,10,2025,2,28,10.0,1700000.0,27706
8462143,1,3,1,10,2025,1,24,5.0,350000.0,40363
8464058,1,3,1,10,2025,1,19,6.0,1423500.0,44690
8436039,1,1,1,10,2025,1,46,10.0,3500000.0,249
8471400,1,1,1,10,2025,2,46,8.0,1800000.0,61911
8443454,1,2,1,10,2025,2,34,3.0,360000.0,17614
8444308,1,2,1,10,2025,1,38,5.0,1350000.0,19795
8467276,1,2,1,10,2025,2,44,5.0,300000.0,51804
8450603,1,1,1,10,2025,1,60,4.0,2300000.0,34155
8438567,1,1,1,10,2025,1,57,5.0,1423500.0,6318
8437260,1,1,1,10,2025,1,32,9.0,1425000.0,3339
8438983,1,2,1,10,2025,1,53,10.0,3000000.0,7234
8463979,1,1,1,10,2025,2,25,5.0,1423500.0,44530
8450805,1,3,1,10,2025,2,19,5.0,1800000.0,34639
8465864,1,1,1,10,2025,2,43,8.0,1400000.0,48506
8467632,1,5,1,10,2025,1,29,5.0,600000.0,52687
8450057,1,1,1,10,2025,2,40,8.0,3000000.0,32797
8467582,1,2,1,10,2025,1,24,5.0,1200000.0,52537
8468288,1,1,1,10,2025,2,66,11.0,1000000.0,54234
8465160,1,1,1,10,2025,2,42,4.0,800000.0,47117
8443816,1,1,1,10,2025,2,49,4.0,0.0,18578
8449982,1,1,1,10,2025,2,32,5.0,1423500.0,32625
8436765,1,2,1,10,2025,1,36,4.0,2200000.0,1999
8463590,1,1,1,10,2025,2,35,10.0,3050000.0,43646
8452286,1,1,1,10,2025,2,71,3.0,110000.0,38426
8451932,1,1,1,10,2025,2,39,8.0,800000.0,37505
8440624,1,1,1,10,2025,1,57,5.0,1850000.0,11022
8447786,1,1,1,10,2025,1,37,9.0,1423500.0,27695
8470776,1,5,1,10,2025,2,19,10.0,1200000.0,60600
8450072,1,2,1,10,2025,2,40,11.0,3000000.0,32834
8447449,1,2,1,10,2025,2,51,5.0,600000.0,27008
8446643,1,1,1,10,2025,1,29,5.0,1956000.0,25235
8467605,1,1,1,10,2025,1,54,4.0,1423500.0,52612
8439195,1,1,1,10,2025,1,23,5.0,768000.0,7712
8472711,1,1,1,10,2025,1,38,11.0,400000.0,64574
8451230,1,1,1,10,2025,2,39,8.0,1900000.0,35713
8469882,1,3,1,10,2025,2,27,10.0,2069000.0,58371
8466577,1,1,1,10,2025,2,39,5.0,300000.0,50099
8441053,1,1,1,10,2025,2,43,5.0,500000.0,11972
8467486,1,2,1,10,2025,1,39,4.0,1400000.0,52323
8446477,1,2,1,10,2025,2,41,5.0,600000.0,24796
8467690,1,1,1,10,2025,1,30,5.0,2600000.0,52819
8447179,1,1,1,10,2025,1,82,3.0,1500000.0,26301
8466540,1,2,1,10,2025,1,41,4.0,1423500.0,50010
8441356,1,3,1,10,2025,1,21,9.0,1000000.0,12584
8469881,1,1,1,10,2025,1,28,5.0,1423500.0,58366
8436876,1,3,1,10,2025,1,25,10.0,500000.0,2326
8469543,1,3,1,10,2025,1,25,5.0,600000.0,57473
8441486,1,1,1,10,2025,1,45,4.0,980000.0,12855
8437270,1,1,1,10,2025,2,52,8.0,1420000.0,3374
8439351,1,2,1,10,2025,1,44,10.0,2500000.0,8088
8467686,1,1,1,10,2025,1,37,5.0,1900000.0,52807
8470778,1,1,1,10,2025,1,69,5.0,1200000.0,60604
8445320,1,2,1,10,2025,1,16,4.0,150000.0,21987
8437229,1,2,1,10,2025,1,44,5.0,2000000.0,3232
8463532,1,1,1,10,2025,1,65,5.0,500000.0,43520
8439309,1,1,1,10,2025,1,44,4.0,1500000.0,7986
8470384,2,2,2,10,2025,2,27,5.0,1600000.0,59594
8447784,1,2,1,10,2025,2,70,4.0,600000.0,27689
8449950,1,1,1,10,2025,2,60,3.0,1423500.0,32520
8439240,1,3,1,10,2025,2,34,8.0,1500000.0,7810
8471021,1,2,1,10,2025,2,40,8.0,1423500.0,61178
8446289,1,1,1,10,2025,1,46,4.0,800000.0,24319
8441128,1,3,1,10,2025,1,23,5.0,380000.0,12143
8469151,1,1,1,10,2025,2,41,5.0,200000.0,56435
8472189,1,4,1,10,2025,2,23,10.0,4000000.0,63506
8466415,1,1,1,10,2025,1,43,3.0,250000.0,49663
8444739,1,2,1,10,2025,1,38,5.0,2800000.0,20943
8441155,1,1,1,10,2025,2,23,4.0,1423500.0,12204
8446740,1,2,1,10,2025,2,32,8.0,1423500.0,25381
8446501,1,1,1,10,2025,1,43,5.0,3000000.0,24845
8467889,1,1,1,10,2025,1,45,10.0,1423500.0,53321
8438109,1,2,1,10,2025,2,24,10.0,700000.0,5224
8447209,1,3,1,10,2025,1,18,8.0,1700000.0,26370
8462823,1,1,1,10,2025,1,78,10.0,2330000.0,41838
8470057,1,1,1,10,2025,2,60,4.0,300000.0,58815
8436345,1,3,1,10,2025,1,32,5.0,2600000.0,961
8471280,1,2,1,10,2025,2,56,10.0,3500000.0,61685
8462562,1,4,1,10,2025,2,20,6.0,270000.0,41295
8440557,1,2,1,10,2025,2,50,10.0,2600000.0,10811
8452371,1,2,1,10,2025,1,49,3.0,1423500.0,38628
8449294,1,1,1,10,2025,2,34,5.0,800000.0,30852
8462890,1,4,1,10,2025,1,64,3.0,940000.0,41972
8441687,1,1,1,10,2025,2,32,10.0,1423500.0,13297
8436968,1,1,1,10,2025,1,30,5.0,2100000.0,2630
8470543,1,3,1,10,2025,1,20,5.0,1500000.0,59972
8442017,1,1,1,10,2025,1,28,3.0,600000.0,14094
8441864,1,2,1,10,2025,1,45,5.0,600000.0,13663
8465848,1,1,1,10,2025,1,25,9.0,2200000.0,48456
8445390,1,1,1,10,2025,1,56,8.0,2500000.0,22137
8443733,1,2,1,10,2025,2,34,12.0,8542000.0,18355
8466838,1,1,1,10,2025,1,27,3.0,420000.0,50688
8461761,1,1,1,10,2025,1,61,4.0,1350000.0,39309
8448059,1,2,1,10,2025,2,45,6.0,500000.0,28396
8441943,1,3,1,10,2025,1,21,5.0,600000.0,13917
8437305,1,1,1,10,2025,1,31,5.0,1000000.0,3475
8472658,1,1,1,10,2025,1,60,4.0,1400000.0,64430
8449234,1,1,1,10,2025,1,25,5.0,1400000.0,30682
8465178,1,1,1,10,2025,1,69,5.0,800000.0,47131
8472142,1,2,1,10,2025,1,23,10.0,900000.0,63398
8444401,1,3,1,10,2025,2,48,11.0,3500000.0,20046
8440250,1,3,1,10,2025,2,20,10.0,1650000.0,10104
8442671,1,1,1,10,2025,1,46,4.0,950000.0,15644
8441834,1,1,1,10,2025,2,26,4.0,500000.0,13559
8440066,1,6,1,10,2025,2,25,6.0,1200000.0,9696
8470390,1,2,1,10,2025,1,40,5.0,1600000.0,59609
8436049,1,1,1,10,2025,1,65,3.0,1423500.0,268
8471089,1,1,1,10,2025,1,40,10.0,2000000.0,61339
8465353,1,1,1,10,2025,1,24,11.0,2700000.0,47469
8449923,1,4,1,10,2025,1,19,10.0,1960000.0,32435
8472268,1,1,1,10,2025,1,39,5.0,2000000.0,63672
8452223,1,4,1,10,2025,1,32,8.0,1600000.0,38267
8437508,1,2,1,10,2025,2,48,11.0,7000000.0,4020
8437351,1,2,1,10,2025,2,27,10.0,2800000.0,3607
8440484,1,1,1,10,2025,2,50,11.0,6000000.0,10631
8468878,1,2,1,10,2025,2,42,5.0,1423500.0,55743
8446989,1,1,1,10,2025,1,29,5.0,1400000.0,25979
8465227,1,2,1,10,2025,2,42,10.0,1423500.0,47261
8467703,1,6,1,10,2025,2,24,10.0,3500000.0,52848
8441130,1,1,1,10,2025,1,49,6.0,2100000.0,12148
8440282,1,1,1,10,2025,1,41,5.0,1400000.0,10184
8465550,1,2,1,10,2025,2,32,8.0,1424000.0,47848
8466732,1,2,1,10,2025,2,33,5.0,1350000.0,50461
8472150,1,2,1,10,2025,2,60,5.0,2300000.0,63425
8441517,1,2,1,10,2025,2,29,8.0,2000000.0,12921
8462037,1,2,1,10,2025,1,62,3.0,600000.0,40100
8442967,1,1,1,10,2025,1,36,8.0,1423500.0,16363
8439182,1,2,1,10,2025,2,31,3.0,140000.0,7685
8471658,1,2,1,10,2025,1,62,3.0,1600000.0,62412
8472191,1,2,1,10,2025,1,46,5.0,1500000.0,63511
8440793,1,3,1,10,2025,1,29,5.0,400000.0,11439
8447805,1,1,1,10,2025,1,27,8.0,1623500.0,27756
8447255,1,1,1,10,2025,2,39,11.0,3900000.0,26495
8445185,1,1,1,10,2025,1,55,3.0,900000.0,21570
8451261,1,1,1,10,2025,2,41,3.0,400000.0,35797
8442756,1,1,1,10,2025,1,40,5.0,1423500.0,15860
8463989,1,3,1,10,2025,1,20,10.0,1423500.0,44548
8448529,1,1,1,10,2025,1,21,5.0,1450000.0,29340
8440820,1,3,1,10,2025,1,60,5.0,1500000.0,11513
8450090,1,4,1,10,2025,2,32,4.0,500000.0,32891
8468223,1,1,1,10,2025,2,35,4.0,1000000.0,54091
8468520,1,1,1,10,2025,2,41,10.0,2500000.0,54838
8444703,1,4,1,10,2025,2,30,10.0,1400000.0,20835
8470584,1,1,1,10,2025,1,28,5.0,2325000.0,60081
8462796,1,1,1,10,2025,2,38,4.0,1423500.0,41788
8471923,1,1,1,10,2025,2,55,3.0,1000000.0,62945
8468699,1,1,1,10,2025,2,35,10.0,5000000.0,55268
8452586,1,6,1,10,2025,1,28,3.0,1600000.0,39225
8444700,1,1,1,10,2025,2,23,5.0,1443000.0,20826
8463259,1,1,1,10,2025,1,54,5.0,1708000.0,42774
8437929,1,1,1,10,2025,2,42,11.0,50000000.0,4855
8472254,1,1,1,10,2025,2,40,5.0,1423500.0,63637
8449658,1,1,1,10,2025,1,49,5.0,1000000.0,31788
8437681,1,2,1,10,2025,2,31,8.0,1400000.0,4356
8440641,1,1,1,10,2025,2,49,12.0,10030000.0,11074
8451306,1,2,1,10,2025,1,29,10.0,1200000.0,35915
8445305,1,2,1,10,2025,1,57,3.0,900000.0,21939
8465638,1,3,1,10,2025,2,25,6.0,2000000.0,47998
8450239,1,1,1,10,2025,2,32,11.0,3420000.0,33257
8444597,1,2,1,10,2025,2,35,5.0,1400000.0,20555
8471694,1,1,1,10,2025,2,34,10.0,400000.0,62481
8450555,1,1,1,10,2025,2,26,5.0,1423000.0,34022
8462184,1,1,1,10,2025,1,75,3.0,1500000.0,40441
8441724,1,1,1,10,2025,1,62,10.0,600000.0,13382
8438423,1,2,1,10,2025,2,48,11.0,6000000.0,5960
8464671,1,1,1,10,2025,2,63,3.0,500000.0,46032
8463427,1,1,1,10,2025,2,32,4.0,800000.0,43265
8445376,1,4,1,10,2025,2,29,9.0,1423500.0,22112
8442144,1,2,1,10,2025,2,38,3.0,400000.0,14375
8437945,1,2,1,10,2025,2,68,10.0,12000000.0,4886
8468035,1,1,1,10,2025,2,53,5.0,400000.0,53689
8472484,1,1,1,10,2025,1,38,5.0,3000000.0,64140
8436647,1,2,1,10,2025,2,39,11.0,4265000.0,1707
8451953,1,2,1,10,2025,2,30,8.0,1423500.0,37569
8441631,1,1,1,10,2025,1,64,3.0,400000.0,13162
8447486,1,2,1,10,2025,1,22,5.0,1200000.0,27116
8447854,1,2,1,10,2025,2,42,10.0,2000000.0,27886
8448079,1,1,1,10,2025,1,20,10.0,780000.0,28441
8451244,1,3,1,10,2025,1,23,5.0,1000000.0,35763
8447702,1,1,1,10,2025,1,37,8.0,700000.0,27530
8468173,1,2,1,10,2025,2,51,4.0,600000.0,54001
8449613,1,1,1,10,2025,2,55,5.0,1423000.0,31660
8471904,1,1,1,10,2025,2,55,5.0,1500000.0,62907
8436944,1,1,1,10,2025,2,43,5.0,600000.0,2566
8469522,1,2,1,10,2025,1,17,5.0,1200000.0,57411
8444403,1,1,1,10,2025,1,45,8.0,1423500.0,20049
8471800,1,2,1,10,2025,2,27,10.0,1423500.0,62694
8441732,1,1,1,10,2025,1,20,5.0,1700000.0,13396
8437341,1,1,1,10,2025,1,56,4.0,1000000.0,3578
8451205,1,1,1,10,2025,1,23,3.0,1050000.0,35665
8447444,1,1,1,10,2025,2,59,3.0,500000.0,26997
8463168,1,2,1,10,2025,1,55,5.0,350000.0,42540
8466534,1,2,1,10,2025,1,40,5.0,1423500.0,50003
8468920,1,2,1,10,2025,1,21,6.0,1423500.0,55844
8463362,1,2,1,10,2025,2,41,4.0,1450000.0,43061
8451493,1,1,1,10,2025,1,45,1.0,1000000.0,36392
8444360,1,1,1,10,2025,1,50,5.0,1423500.0,19922
8446462,1,2,1,10,2025,1,40,13.0,5000000.0,24743
8471200,1,2,1,10,2025,1,36,10.0,3000000.0,61509
8436507,1,1,1,10,2025,1,57,10.0,5850000.0,1329
8470991,1,1,1,10,2025,1,33,5.0,2000000.0,61106
8443822,1,2,1,10,2025,2,44,5.0,600000.0,18602
8472605,1,2,1,10,2025,1,19,5.0,400000.0,64315
8471166,1,3,1,10,2025,2,28,11.0,3500000.0,61465
8440772,1,3,1,10,2025,2,39,10.0,4000000.0,11387
8467554,1,2,1,10,2025,1,73,5.0,500000.0,52462
8470726,1,1,1,10,2025,2,28,4.0,950000.0,60410
8472340,1,1,1,10,2025,1,60,5.0,1000000.0,63820
8469550,1,1,1,10,2025,1,41,5.0,1900000.0,57493
8469539,1,1,1,10,2025,2,66,5.0,1360000.0,57463
8472331,1,1,1,10,2025,2,38,8.0,1423500.0,63799
8448601,1,1,1,10,2025,2,33,5.0,1423500.0,29501
8470553,1,2,1,10,2025,2,24,11.0,4500000.0,60002
8448155,1,2,1,10,2025,1,22,5.0,1423500.0,28568
8465003,1,2,1,10,2025,1,49,5.0,800000.0,46761
8449377,1,1,1,10,2025,1,31,5.0,1300000.0,31083
8451964,1,3,1,10,2025,1,25,12.0,1500000.0,37601
8465114,1,3,1,10,2025,1,52,8.0,1423500.0,47044
8443220,1,1,1,10,2025,1,28,4.0,900000.0,16976
8451970,1,1,1,10,2025,2,33,5.0,800000.0,37617
8436007,1,3,1,10,2025,1,32,5.0,1000000.0,152
8442234,1,4,1,10,2025,1,31,9.0,2600000.0,14631
8442307,1,1,1,10,2025,1,63,6.0,1420000.0,14792
8467130,1,2,1,10,2025,1,53,5.0,1000000.0,51469
8445722,1,2,1,10,2025,2,26,6.0,800000.0,22910
8470473,1,1,1,10,2025,2,46,10.0,8000000.0,59823
8451146,1,2,1,10,2025,2,51,1.0,0.0,35493
8464543,1,1,1,10,2025,2,70,5.0,1500000.0,45714
8446513,1,2,1,10,2025,2,29,10.0,5500000.0,24873
8467542,1,1,1,10,2025,2,51,8.0,200000.0,52438
8440613,1,1,1,10,2025,2,30,5.0,1200000.0,10987
8444759,1,3,1,10,2025,1,27,5.0,900000.0,20996
8466536,1,1,1,10,2025,1,64,3.0,260000.0,50006
8463821,1,5,1,10,2025,2,32,8.0,300000.0,44199
8436458,1,2,1,10,2025,1,20,5.0,1500000.0,1197
8451362,1,3,1,10,2025,1,33,3.0,1250000.0,36064
8445446,1,1,1,10,2025,1,54,4.0,1423500.0,22270
8445520,1,1,1,10,2025,2,70,4.0,500000.0,22453
8440371,1,1,1,10,2025,2,41,11.0,5000000.0,10401
8450293,1,1,1,10,2025,1,52,8.0,3000000.0,33395
8439454,1,1,1,10,2025,2,30,8.0,1423500.0,8316
8470845,1,2,1,10,2025,2,46,5.0,1423500.0,60771
8469731,1,1,1,10,2025,2,41,3.0,500000.0,58000
8446939,1,1,1,10,2025,2,50,8.0,1600000.0,25875
8448998,1,2,1,10,2025,2,23,5.0,1040000.0,30218
8468946,1,2,1,10,2025,2,25,10.0,1423500.0,55884
8449184,1,1,1,10,2025,2,38,11.0,400000.0,30571
8465000,1,2,1,10,2025,2,53,8.0,1423500.0,46755
8448654,1,1,1,10,2025,1,56,1.0,710000.0,29558
8442868,1,1,1,10,2025,1,40,4.0,400000.0,16124
8437292,1,2,1,10,2025,1,49,5.0,1300000.0,3434
8442185,1,3,1,10,2025,1,32,10.0,5000000.0,14489
8440878,1,2,1,10,2025,1,45,5.0,500000.0,11673
8463420,1,6,1,10,2025,1,37,5.0,1550000.0,43244
8472125,1,2,1,10,2025,2,27,10.0,3200000.0,63345
8438061,1,1,1,10,2025,2,55,8.0,180000.0,5129
8439786,1,1,1,10,2025,2,49,4.0,800000.0,9111
8469968,1,2,1,10,2025,2,33,11.0,1423000.0,58594
8469925,1,1,1,10,2025,2,56,11.0,1700000.0,58472
8444981,1,1,1,10,2025,1,27,10.0,4000000.0,21539
8448679,1,1,1,10,2025,2,27,5.0,660000.0,29632
8452589,1,1,1,10,2025,2,45,12.0,5400000.0,39232
8452148,1,3,1,10,2025,2,47,3.0,2220000.0,38071
8461774,1,1,1,10,2025,1,46,5.0,1623500.0,39348
8447732,1,1,1,10,2025,2,47,10.0,700000.0,27601
8436301,1,1,1,10,2025,1,44,3.0,1200000.0,859
8463042,1,1,1,10,2025,1,57,3.0,1423500.0,42288
8470367,1,2,1,10,2025,1,31,10.0,300000.0,59541
8451278,1,2,1,10,2025,2,47,3.0,600000.0,35831
8440718,1,1,1,10,2025,2,57,3.0,800000.0,11247
8448582,1,1,1,10,2025,1,23,5.0,1600000.0,29456
8448203,1,2,1,10,2025,1,44,4.0,1200000.0,28693
8467645,1,2,1,10,2025,1,29,3.0,1423500.0,52715
8436684,1,1,1,10,2025,2,37,5.0,1400000.0,1799
8443290,1,2,1,10,2025,1,17,4.0,100000.0,17185
8441526,1,1,1,10,2025,1,55,5.0,1623000.0,12940
8444610,1,1,1,10,2025,1,43,3.0,1900000.0,20592
8436303,1,1,1,10,2025,1,60,3.0,800000.0,867
8449558,1,1,1,10,2025,2,54,6.0,2050000.0,31539
8462211,1,1,1,10,2025,1,44,3.0,2800000.0,40504
8440508,1,1,1,10,2025,2,46,5.0,900000.0,10694
8446847,1,3,1,10,2025,2,29,5.0,300000.0,25645
8444571,1,2,1,10,2025,1,28,10.0,1700000.0,20502
8449994,1,1,1,10,2025,1,48,12.0,3500000.0,32653
8462521,1,1,1,10,2025,1,32,10.0,1500000.0,41177
8447640,1,2,1,10,2025,1,38,5.0,300000.0,27411
8442702,1,3,1,10,2025,2,36,10.0,300000.0,15731
8462008,1,1,1,10,2025,2,30,12.0,3518668.0,40028
8467686,1,2,1,10,2025,2,40,5.0,1800000.0,52808
8471922,1,1,1,10,2025,1,44,5.0,800000.0,62943
8442446,1,1,1,10,2025,1,43,5.0,1300000.0,15142
8463072,1,1,1,10,2025,1,61,3.0,800000.0,42358
8436005,1,2,1,10,2025,2,67,1.0,150000.0,132
8438399,1,2,1,10,2025,2,40,10.0,4100000.0,5910
8463930,1,2,1,10,2025,2,38,8.0,1423500.0,44407
8461950,1,3,1,10,2025,1,21,5.0,150000.0,39852
8449834,1,1,1,10,2025,1,44,3.0,1000000.0,32221
8469105,1,1,1,10,2025,1,54,3.0,1300000.0,56299
8471531,1,2,1,10,2025,2,42,8.0,1900000.0,62131
8464346,1,3,1,10,2025,2,25,8.0,1500000.0,45231
8448175,1,8,1,10,2025,1,18,4.0,600000.0,28625
8463940,1,3,1,10,2025,1,21,10.0,1423500.0,44437
8443962,1,5,1,10,2025,1,62,5.0,1200000.0,18930
8442594,1,1,1,10,2025,2,63,10.0,110000.0,15469
8441194,1,1,1,10,2025,1,56,3.0,2500000.0,12280
8436214,1,4,1,10,2025,1,35,5.0,1600000.0,654
8447439,1,1,1,10,2025,1,50,10.0,1800000.0,26987
8464173,1,1,1,10,2025,1,62,11.0,3500000.0,44898
8444230,1,1,1,10,2025,2,40,10.0,2800000.0,19589
8470693,1,2,1,10,2025,1,84,3.0,160000.0,60347
8448147,2,3,2,10,2025,1,33,5.0,1000000.0,28537
8467707,1,1,1,10,2025,2,24,10.0,2000000.0,52852
8438009,1,2,1,10,2025,1,41,8.0,20000000.0,5002
8440648,1,1,1,10,2025,1,73,1.0,240000.0,11091
8469929,1,1,1,10,2025,1,24,5.0,2100000.0,58482
8448218,1,1,1,10,2025,1,56,4.0,1200000.0,28738
8466507,1,1,1,10,2025,1,40,1.0,670000.0,49936
8469658,1,2,1,10,2025,2,59,3.0,360000.0,57816
8469909,1,2,1,10,2025,2,31,8.0,2500000.0,58432
8446512,1,1,1,10,2025,2,45,10.0,4000000.0,24870
8437821,1,1,1,10,2025,1,69,3.0,1423500.0,4629
8450959,1,1,1,10,2025,1,41,3.0,1400000.0,35034
8452454,1,1,1,10,2025,2,39,10.0,1400000.0,38866
8450411,1,2,1,10,2025,2,49,4.0,900000.0,33688
8443335,1,2,1,10,2025,1,36,5.0,1500000.0,17295
8445658,1,3,1,10,2025,2,20,10.0,540000.0,22781
8446095,1,2,1,10,2025,1,23,10.0,900000.0,23760
8442077,1,1,1,10,2025,1,56,3.0,840000.0,14221
8442900,1,1,1,10,2025,1,34,5.0,2600000.0,16203
8440762,1,1,1,10,2025,2,38,5.0,235000.0,11361
8437543,1,2,1,10,2025,2,48,12.0,5500000.0,4094
8468715,1,1,1,10,2025,2,47,8.0,600000.0,55311
8440876,1,2,1,10,2025,2,45,5.0,500000.0,11662
8465485,1,4,1,10,2025,2,30,10.0,800000.0,47718
8450065,1,3,1,10,2025,2,39,5.0,1423000.0,32816
8452124,1,3,1,10,2025,1,19,6.0,1700000.0,38013
8472666,1,1,1,10,2025,1,62,10.0,15000000.0,64453
8446814,1,1,1,10,2025,2,35,10.0,2000000.0,25567
8446737,1,1,1,10,2025,2,30,8.0,1423500.0,25374
8441052,1,1,1,10,2025,2,50,3.0,300000.0,11969
8469511,1,1,1,10,2025,2,55,3.0,600000.0,57383
8448765,1,1,1,10,2025,2,58,3.0,1423500.0,29837
8445852,1,2,1,10,2025,2,50,4.0,20000000.0,23193
8447830,1,1,1,10,2025,1,48,5.0,1000000.0,27831
8464512,1,2,1,10,2025,2,48,3.0,1423500.0,45645
8464454,1,1,1,10,2025,2,38,11.0,2400000.0,45505
8447021,1,1,1,10,2025,2,61,11.0,3000000.0,26034
8437894,1,1,1,10,2025,1,28,10.0,700000.0,4795
8437408,1,2,1,10,2025,2,53,5.0,900000.0,3740
8465823,1,2,1,10,2025,2,53,3.0,1400000.0,48398
8447898,1,2,1,10,2025,2,41,5.0,350000.0,27979
8441646,1,1,1,10,2025,1,57,10.0,6000000.0,13203
8443740,1,2,1,10,2025,2,31,5.0,430000.0,18374
8450211,1,1,1,10,2025,1,43,8.0,2200000.0,33183
8463937,1,2,1,10,2025,1,50,5.0,1423500.0,44429
8462180,1,2,1,10,2025,2,48,10.0,1423500.0,40428
8472202,3,1,3,10,2025,2,54,5.0,700000.0,63539
8448727,1,1,1,10,2025,1,42,1.0,858000.0,29755
8436439,1,1,1,10,2025,2,35,5.0,1500000.0,1146
8441366,1,5,1,10,2025,1,19,5.0,300000.0,12620
8467630,1,3,1,10,2025,1,26,10.0,1400000.0,52681
8440431,1,2,1,10,2025,1,62,8.0,2500000.0,10517
8466153,1,1,1,10,2025,2,48,8.0,1423500.0,49084
8446168,1,1,1,10,2025,2,29,9.0,2500000.0,23950
8470385,1,1,1,10,2025,2,29,9.0,1200000.0,59595
8441291,1,1,1,10,2025,1,62,4.0,2000000.0,12461
8450165,1,3,1,10,2025,1,29,10.0,4000000.0,33071
8447803,1,1,1,10,2025,1,39,10.0,1423500.0,27748
8470630,1,2,1,10,2025,2,33,8.0,2100000.0,60194
8451723,1,3,1,10,2025,1,32,5.0,1500000.0,36972
8448432,1,3,1,10,2025,2,50,3.0,1000000.0,29140
8449100,1,1,1,10,2025,1,56,4.0,2500000.0,30429
8449927,1,1,1,10,2025,2,31,5.0,1590000.0,32443
8448066,1,2,1,10,2025,2,50,9.0,800000.0,28419
8447963,1,1,1,10,2025,2,33,11.0,2600000.0,28154
8447677,1,1,1,10,2025,2,67,8.0,1000000.0,27488
8452209,1,2,1,10,2025,2,27,10.0,750000.0,38221
8462800,1,2,1,10,2025,2,45,5.0,1750000.0,41803
8471816,1,2,1,10,2025,1,52,3.0,1600000.0,62718
8466104,1,1,1,10,2025,2,29,6.0,1680000.0,48969
8436872,1,2,1,10,2025,1,27,9.0,800000.0,2312
8462596,1,1,1,10,2025,1,76,3.0,1423500.0,41371
8448357,1,1,1,10,2025,1,29,9.0,2500000.0,28957
8471034,2,2,2,10,2025,1,20,5.0,250000.0,61213
8447282,1,2,1,10,2025,2,47,5.0,1623500.0,26583
8470072,1,2,1,10,2025,2,50,11.0,2800000.0,58865
8437731,1,2,1,10,2025,2,34,9.0,1423500.0,4461
8465539,1,1,1,10,2025,1,59,4.0,1600000.0,47835
8465451,1,1,1,10,2025,2,53,4.0,1200000.0,47644
8469619,1,1,1,10,2025,2,62,3.0,300000.0,57693
8465849,1,3,1,10,2025,2,25,5.0,900000.0,48460
8440207,1,2,1,10,2025,1,37,9.0,4500000.0,10002
8449427,1,1,1,10,2025,1,44,4.0,1200000.0,31225
8447966,1,3,1,10,2025,2,18,5.0,3000000.0,28166
8469625,1,1,1,10,2025,1,60,3.0,735000.0,57717
8443561,1,1,1,10,2025,1,75,5.0,1000000.0,17912
8473821,1,1,1,10,2025,2,31,8.0,1423500.0,66323
8446888,1,1,1,10,2025,2,51,11.0,3500000.0,25736
8440973,1,1,1,10,2025,2,34,5.0,1423500.0,11846
8469375,1,1,1,10,2025,1,30,5.0,1423500.0,57047
8470636,1,1,1,10,2025,1,43,5.0,10000000.0,60209
8472199,1,2,1,10,2025,2,39,3.0,310000.0,63531
8451871,1,1,1,10,2025,2,54,3.0,1200000.0,37352
8470671,1,1,1,10,2025,1,61,8.0,1600000.0,60288
8439233,1,5,1,10,2025,1,38,10.0,1200000.0,7794
8450441,1,2,1,10,2025,2,50,5.0,1700000.0,33762
8448941,1,2,1,10,2025,2,20,10.0,1200000.0,30126
8438849,1,1,1,10,2025,1,64,5.0,300000.0,6955
8462552,1,1,1,10,2025,1,56,3.0,1500000.0,41260
8450815,1,1,1,10,2025,2,29,9.0,2400000.0,34656
8441890,1,1,1,10,2025,1,78,1.0,450000.0,13749
8461980,1,4,1,10,2025,1,28,4.0,1423500.0,39944
8443729,1,1,1,10,2025,1,71,10.0,1000000.0,18344
8442717,1,1,1,10,2025,1,31,11.0,1500000.0,15758
8450634,1,4,1,10,2025,1,20,5.0,1400000.0,34234
8466426,1,2,1,10,2025,1,34,6.0,1400000.0,49707
8444421,1,3,1,10,2025,2,18,4.0,600000.0,20087
8437167,1,1,1,10,2025,2,44,5.0,1623500.0,3074
8443088,1,1,1,10,2025,1,57,3.0,1500000.0,16690
8473590,1,1,1,10,2025,1,79,11.0,3000000.0,65896
8436367,1,1,1,10,2025,2,33,10.0,3500000.0,1002
8440194,1,2,1,10,2025,2,31,9.0,1423000.0,9977
8448328,1,2,1,10,2025,2,73,1.0,780000.0,28909
8436504,1,1,1,10,2025,1,53,3.0,1423000.0,1316
8446268,1,2,1,10,2025,1,50,5.0,800000.0,24271
8470433,1,1,1,10,2025,1,50,3.0,864000.0,59734
8461784,1,3,1,10,2025,1,37,5.0,1000000.0,39380
8463536,1,2,1,10,2025,2,46,11.0,15000000.0,43527
8472281,1,3,1,10,2025,2,20,5.0,1120000.0,63704
8465630,1,2,1,10,2025,2,45,9.0,1423500.0,47984
8464394,1,1,1,10,2025,2,61,5.0,1500000.0,45354
8450805,1,2,1,10,2025,2,27,10.0,2200000.0,34638
8452075,1,1,1,10,2025,2,32,5.0,950000.0,37872
8473611,1,1,1,10,2025,1,40,5.0,1200000.0,65949
8437025,1,1,1,10,2025,1,34,12.0,6068000.0,2769
8463992,1,1,1,10,2025,2,25,8.0,1423500.0,44556
8468449,1,2,1,10,2025,2,61,5.0,1423500.0,54667
8448436,1,2,1,10,2025,1,52,4.0,1600000.0,29150
8461776,1,2,1,10,2025,1,39,3.0,896000.0,39354
8446744,1,1,1,10,2025,1,33,10.0,3718000.0,25393
8447388,1,1,1,10,2025,1,43,5.0,800000.0,26863
8466189,1,2,1,10,2025,1,23,8.0,1800000.0,49171
8441334,1,2,1,10,2025,2,33,5.0,800000.0,12544
8439061,1,2,1,10,2025,2,25,10.0,1423500.0,7411
8473684,1,3,1,10,2025,1,24,5.0,1100000.0,66094
8463816,1,2,1,10,2025,2,27,4.0,1300000.0,44182
8436227,1,3,1,10,2025,1,20,9.0,1423500.0,684
8450687,1,1,1,10,2025,1,32,9.0,1600000.0,34380
8451916,1,1,1,10,2025,1,33,10.0,1623500.0,37468
8442725,1,2,1,10,2025,1,17,5.0,800000.0,15783
8439885,1,1,1,10,2025,1,54,9.0,3100000.0,9410
8468743,1,2,1,10,2025,2,55,10.0,3500000.0,55389
8470772,1,1,1,10,2025,1,46,10.0,1423500.0,60584
8468341,1,2,1,10,2025,2,37,8.0,2300000.0,54349
8439379,1,2,1,10,2025,2,58,10.0,5000000.0,8154
8448903,1,1,1,10,2025,2,37,8.0,1623500.0,30046
8472725,1,3,1,10,2025,1,52,5.0,1400000.0,64591
8451304,1,1,1,10,2025,2,71,3.0,100000.0,35912
8464777,1,2,1,10,2025,1,45,9.0,2000000.0,46257
8436127,1,1,1,10,2025,1,40,4.0,1200000.0,455
8472883,1,2,1,10,2025,1,30,5.0,1600000.0,64921
8444707,2,2,2,10,2025,2,55,3.0,1600000.0,20854
8464139,1,1,1,10,2025,1,57,3.0,1800000.0,44833
8461995,1,4,1,10,2025,2,33,5.0,750000.0,39988
8463387,1,6,1,10,2025,1,57,6.0,1700000.0,43148
8450025,1,2,1,10,2025,2,22,5.0,1423500.0,32715
8470814,1,1,1,10,2025,2,51,5.0,2000000.0,60703
8463376,1,3,1,10,2025,2,58,3.0,500000.0,43102
8469722,1,2,1,10,2025,2,33,1.0,170000.0,57971
8472337,1,1,1,10,2025,2,62,5.0,160000.0,63813
8470808,1,2,1,10,2025,2,24,5.0,200000.0,60690
8436209,1,1,1,10,2025,1,71,4.0,1000000.0,635
8469757,1,2,1,10,2025,2,37,5.0,500000.0,58071
8445243,1,2,1,10,2025,1,30,3.0,400000.0,21735
8436189,1,1,1,10,2025,2,62,4.0,1400000.0,594
8443486,1,3,1,10,2025,2,20,4.0,1500000.0,17711
8441420,1,1,1,10,2025,1,55,10.0,6900000.0,12707
8470683,1,1,1,10,2025,1,42,5.0,3000000.0,60318
8450626,1,1,1,10,2025,2,37,4.0,720000.0,34207
8464722,1,1,1,10,2025,1,41,6.0,3500000.0,46149
8464855,1,1,1,10,2025,2,48,5.0,300000.0,46402
8439350,1,4,1,10,2025,2,27,5.0,1423500.0,8085
8447395,1,2,1,10,2025,2,56,3.0,100000.0,26888
8444280,1,3,1,10,2025,1,23,1.0,840000.0,19720
8469052,1,1,1,10,2025,1,48,3.0,400000.0,56154
8465522,1,3,1,10,2025,2,34,8.0,1400000.0,47797
8443875,1,1,1,10,2025,2,49,5.0,1423500.0,18724
8461769,1,1,1,10,2025,1,51,5.0,1000000.0,39332
8448701,1,1,1,10,2025,2,58,4.0,155000.0,29678
8439521,1,1,1,10,2025,2,55,1.0,500000.0,8449
8472462,1,1,1,10,2025,1,43,4.0,1400000.0,64077
8442257,1,2,1,10,2025,2,57,4.0,800000.0,14673
8470773,1,1,1,10,2025,1,62,3.0,1450000.0,60587
8452258,1,3,1,10,2025,1,28,5.0,1200000.0,38345
8436102,1,4,1,10,2025,1,18,5.0,1200000.0,398
8448286,1,2,1,10,2025,2,50,9.0,200000.0,28838
8470928,1,2,1,10,2025,2,36,10.0,1423500.0,60955
8449025,1,2,1,10,2025,2,33,9.0,3500000.0,30268
8443621,1,1,1,10,2025,1,31,5.0,1423000.0,18075
8470521,1,2,1,10,2025,1,63,3.0,2000000.0,59912
8449682,1,2,1,10,2025,1,45,3.0,1300000.0,31845
8450493,1,1,1,10,2025,1,74,4.0,200000.0,33856
8464025,1,1,1,10,2025,2,34,4.0,1423500.0,44613
8444662,1,3,1,10,2025,2,32,9.0,1423000.0,20732
8443426,1,1,1,10,2025,1,70,3.0,400000.0,17553
8473290,1,1,1,10,2025,1,31,5.0,1600000.0,65616
8443117,1,3,1,10,2025,2,34,5.0,1423500.0,16763
8445751,1,1,1,10,2025,1,75,1.0,250000.0,22970
8465598,1,1,1,10,2025,1,36,4.0,1450000.0,47932
8464028,1,1,1,10,2025,1,59,11.0,6500000.0,44621
8464616,1,2,1,10,2025,2,22,10.0,1300000.0,45896
8445248,1,2,1,10,2025,1,53,5.0,800000.0,21757
8437256,1,1,1,10,2025,2,41,5.0,400000.0,3323
8443989,1,2,1,10,2025,1,67,5.0,1423500.0,18998
8468817,1,2,1,10,2025,2,31,5.0,3000000.0,55575
8469979,1,1,1,10,2025,2,48,3.0,1423500.0,58627
8451561,1,1,1,10,2025,1,29,5.0,1423500.0,36550
8447522,1,1,1,10,2025,2,54,5.0,1423500.0,27170
8437006,1,2,1,10,2025,1,44,12.0,23000000.0,2716
8472639,1,1,1,10,2025,2,66,3.0,550000.0,64395
8438233,1,1,1,10,2025,2,41,8.0,600000.0,5465
8468650,1,1,1,10,2025,2,52,5.0,600000.0,55119
8448651,1,1,1,10,2025,2,62,5.0,1500000.0,29544
8467167,1,2,1,10,2025,1,68,3.0,800000.0,51562
8436442,1,2,1,10,2025,2,27,8.0,400000.0,1159
8452076,1,2,1,10,2025,2,29,11.0,1800000.0,37876
8450543,1,1,1,10,2025,1,47,10.0,900000.0,33988
8439800,1,2,1,10,2025,2,44,10.0,800000.0,9158
8444486,1,1,1,10,2025,2,39,5.0,1423500.0,20268
8467154,1,1,1,10,2025,2,45,8.0,2000000.0,51536
8447223,1,2,1,10,2025,1,33,3.0,1500000.0,26404
8446070,1,1,1,10,2025,2,24,10.0,3000000.0,23701
8463245,1,2,1,10,2025,2,19,6.0,1423500.0,42729
8443699,1,1,1,10,2025,2,62,4.0,500000.0,18273
8438150,1,3,1,10,2025,2,21,5.0,200000.0,5297
8461777,1,2,1,10,2025,1,32,5.0,1950000.0,39359
8446469,1,2,1,10,2025,2,25,5.0,480000.0,24761
8464720,1,2,1,10,2025,2,52,5.0,1800000.0,46143
8472727,1,3,1,10,2025,2,24,5.0,1600000.0,64594
8465121,1,1,1,10,2025,2,32,8.0,900000.0,47063
8463462,1,2,1,10,2025,2,56,5.0,1200000.0,43350
8467230,1,2,1,10,2025,1,34,8.0,980000.0,51698
8451701,1,3,1,10,2025,1,27,10.0,2300000.0,36909
8469530,1,2,1,10,2025,2,37,10.0,3400000.0,57435
8441816,1,1,1,10,2025,2,37,5.0,1200000.0,13513
8437242,1,1,1,10,2025,2,78,5.0,280000.0,3280
8438847,1,1,1,10,2025,1,62,3.0,1000000.0,6947
8441247,1,1,1,10,2025,1,44,11.0,2150000.0,12393
8441921,1,1,1,10,2025,2,38,5.0,1800000.0,13849
8466341,1,1,1,10,2025,1,60,4.0,1000000.0,49444
8443990,1,3,1,10,2025,1,39,5.0,1600000.0,19004
8464879,1,2,1,10,2025,2,62,5.0,1000000.0,46459
8446415,1,1,1,10,2025,1,34,10.0,2000000.0,24645
8436918,1,3,1,10,2025,2,44,9.0,1423500.0,2485
8461935,1,1,1,10,2025,1,27,4.0,2500000.0,39813
8469955,1,2,1,10,2025,1,32,10.0,4540000.0,58561
8468080,1,3,1,10,2025,1,28,4.0,1423500.0,53807
8468466,1,3,1,10,2025,1,30,10.0,2500000.0,54712
8465364,1,1,1,10,2025,1,58,5.0,1800000.0,47490
8440583,1,1,1,10,2025,2,65,3.0,400000.0,10904
8436386,1,1,1,10,2025,2,23,5.0,1000000.0,1045
8436099,1,3,1,10,2025,1,24,5.0,700000.0,388
8451808,1,1,1,10,2025,1,61,4.0,2500000.0,37200
8442925,1,3,1,10,2025,2,37,11.0,6000000.0,16258
8461785,1,2,1,10,2025,1,56,3.0,250000.0,39386
8471780,1,4,1,10,2025,1,25,4.0,1000000.0,62642
8462366,1,1,1,10,2025,1,29,5.0,1700000.0,40825
8448191,1,1,1,10,2025,1,77,3.0,600000.0,28665
8469185,1,1,1,10,2025,2,72,5.0,500000.0,56536
8466788,1,4,1,10,2025,1,36,3.0,200000.0,50572
8442960,1,2,1,10,2025,2,55,10.0,5100000.0,16351
8436397,1,1,1,10,2025,2,53,4.0,500000.0,1057
8436505,1,2,1,10,2025,2,51,10.0,4000000.0,1321
8438337,1,1,1,10,2025,1,41,5.0,780000.0,5759
8441951,1,3,1,10,2025,1,23,10.0,600000.0,13939
8437130,1,2,1,10,2025,2,30,5.0,1423500.0,3007
8437081,1,1,1,10,2025,2,51,3.0,800000.0,2882
8451276,1,4,1,10,2025,1,25,9.0,2500000.0,35826
8463087,1,1,1,10,2025,2,67,3.0,800000.0,42389
8462634,1,1,1,10,2025,1,62,1.0,1000000.0,41430
8445582,1,2,1,10,2025,1,46,6.0,1600000.0,22600
8473574,1,1,1,10,2025,1,31,4.0,2500000.0,65863
8442112,1,1,1,10,2025,2,65,10.0,1600000.0,14297
8472322,1,3,1,10,2025,1,22,4.0,1100000.0,63790
8470377,1,1,1,10,2025,1,28,8.0,1423500.0,59575
8468080,1,1,1,10,2025,2,33,8.0,1700000.0,53805
8448061,1,3,1,10,2025,1,20,5.0,1880000.0,28404
8452097,1,1,1,10,2025,1,45,3.0,2500000.0,37935
8447471,1,2,1,10,2025,2,44,10.0,2800000.0,27070
8463201,1,2,1,10,2025,1,39,8.0,4000000.0,42625
8449567,1,2,1,10,2025,1,29,6.0,1000000.0,31556
8444882,1,1,1,10,2025,1,38,8.0,2000000.0,21307
8436995,1,1,1,10,2025,2,64,4.0,2500000.0,2696
8441560,1,2,1,10,2025,2,39,8.0,2200000.0,13034
8469299,1,2,1,10,2025,2,59,6.0,2900000.0,56840
8448071,1,1,1,10,2025,1,33,5.0,1663500.0,28427
8451701,1,1,1,10,2025,1,41,10.0,2500000.0,36907
8468539,1,1,1,10,2025,1,62,5.0,700000.0,54887
8452352,1,1,1,10,2025,1,73,3.0,300000.0,38587
8444962,1,1,1,10,2025,2,61,5.0,300000.0,21494
8461912,1,2,1,10,2025,2,31,5.0,600000.0,39731
8466840,1,2,1,10,2025,2,22,3.0,350000.0,50696
8450955,1,1,1,10,2025,1,48,5.0,1423500.0,35022
8451725,1,1,1,10,2025,1,50,3.0,2000000.0,36974
8472861,1,1,1,10,2025,1,71,3.0,500000.0,64854
8439581,1,1,1,10,2025,1,27,5.0,900000.0,8621
8463541,1,1,1,10,2025,1,27,5.0,2080000.0,43538
8468867,1,5,1,10,2025,1,23,10.0,900000.0,55720
8464891,1,3,1,10,2025,1,25,10.0,2300000.0,46486
8469685,1,1,1,10,2025,2,27,10.0,1800000.0,57870
8446054,1,2,1,10,2025,1,62,1.0,500000.0,23671
8438647,1,3,1,10,2025,2,24,8.0,1600000.0,6514
8450252,1,1,1,10,2025,1,45,4.0,1423500.0,33294
8463662,1,1,1,10,2025,2,49,5.0,2500000.0,43806
8449542,1,1,1,10,2025,1,21,5.0,1600000.0,31504
8468835,1,1,1,10,2025,2,26,8.0,1800000.0,55626
8441349,1,3,1,10,2025,2,34,10.0,1920000.0,12576
8451733,1,1,1,10,2025,1,35,4.0,2000000.0,36996
8444518,1,1,1,10,2025,2,35,10.0,2500000.0,20356
8438317,1,1,1,10,2025,2,56,3.0,300000.0,5695
8465974,1,1,1,10,2025,2,39,10.0,5500000.0,48732
8470711,1,1,1,10,2025,1,41,12.0,5694000.0,60388
8468246,1,1,1,10,2025,1,67,3.0,1000000.0,54144
8472202,1,1,1,10,2025,1,61,3.0,500000.0,63537
8448229,1,3,1,10,2025,1,18,4.0,1200000.0,28780
8439424,1,1,1,10,2025,2,60,4.0,500000.0,8245
8436518,1,1,1,10,2025,2,49,5.0,2100000.0,1371
8470746,1,3,1,10,2025,1,25,9.0,1423500.0,60484
8444804,1,1,1,10,2025,1,49,5.0,1450000.0,21114
8436452,1,1,1,10,2025,2,26,10.0,1423000.0,1182
8445981,1,3,1,10,2025,1,33,5.0,1423500.0,23487
8446039,1,5,1,10,2025,1,25,5.0,1850000.0,23642
8448590,1,1,1,10,2025,2,26,8.0,5000000.0,29473
8452424,1,1,1,10,2025,1,54,4.0,750000.0,38774
8461814,1,1,1,10,2025,2,68,3.0,150000.0,39466
8439540,1,1,1,10,2025,1,73,1.0,1100000.0,8514
8467049,1,4,1,10,2025,2,30,5.0,1423500.0,51191
8441631,1,2,1,10,2025,2,37,5.0,1400000.0,13163
8467606,1,2,1,10,2025,1,30,10.0,1000000.0,52614
8448337,1,2,1,10,2025,2,41,5.0,900000.0,28926
8468467,1,2,1,10,2025,2,31,9.0,1623000.0,54714
8440046,1,1,1,10,2025,1,30,10.0,3500000.0,9653
8446813,1,3,1,10,2025,2,21,10.0,700000.0,25566
8450869,1,1,1,10,2025,2,49,5.0,1800000.0,34794
8467479,1,1,1,10,2025,2,54,5.0,1400000.0,52302
8444712,1,1,1,10,2025,2,35,5.0,1420000.0,20864
8444318,1,1,1,10,2025,2,38,8.0,1600000.0,19820
8464694,1,1,1,10,2025,2,59,8.0,2800000.0,46083
8452564,1,3,1,10,2025,1,22,10.0,1500000.0,39163
8468187,1,1,1,10,2025,2,79,4.0,500000.0,54033
8450347,1,2,1,10,2025,2,45,8.0,1800000.0,33540
8470875,1,2,1,10,2025,2,36,5.0,600000.0,60835
8472046,1,1,1,10,2025,2,36,7.0,300000.0,63168
8446798,1,1,1,10,2025,2,47,4.0,1100000.0,25526
8473018,1,4,1,10,2025,1,52,3.0,1200000.0,65106
8441214,1,1,1,10,2025,2,63,3.0,800000.0,12321
8470588,1,2,1,10,2025,1,20,5.0,1423500.0,60094
8448908,1,2,1,10,2025,1,48,5.0,1800000.0,30062
8462201,1,2,1,10,2025,2,38,3.0,1423500.0,40478
8439999,1,3,1,10,2025,1,37,4.0,1423500.0,9560
8469000,1,2,1,10,2025,2,25,5.0,1000000.0,56015
8466120,1,2,1,10,2025,1,35,4.0,1800000.0,49007
8470864,1,2,1,10,2025,2,24,10.0,1423500.0,60808
8443117,1,2,1,10,2025,1,61,5.0,1423500.0,16762
8448571,1,3,1,10,2025,1,35,5.0,1800000.0,29425
8446292,1,3,1,10,2025,2,35,8.0,200000.0,24326
8445502,1,1,1,10,2025,2,61,10.0,3600000.0,22402
8446676,1,1,1,10,2025,2,20,8.0,1500000.0,25308
8443916,1,1,1,10,2025,1,41,3.0,200000.0,18832
8442633,1,1,1,10,2025,2,41,10.0,300000.0,15548
8469990,1,2,1,10,2025,1,18,3.0,1300000.0,58654
8449991,1,1,1,10,2025,2,21,10.0,1423500.0,32647
8449132,1,1,1,10,2025,1,35,9.0,3950000.0,30493
8473382,1,1,1,10,2025,1,49,11.0,3600000.0,65791
8440599,1,5,1,10,2025,1,25,3.0,1000000.0,10955
8473819,1,5,1,10,2025,2,52,3.0,2800000.0,66320
8468908,1,1,1,10,2025,2,35,8.0,2000000.0,55817
8448332,1,1,1,10,2025,2,46,4.0,900000.0,28917
8464458,1,4,1,10,2025,2,19,5.0,600000.0,45525
8462867,1,3,1,10,2025,2,40,9.0,1423500.0,41922
8472420,1,2,1,10,2025,1,31,5.0,2500000.0,63951
8467594,1,2,1,10,2025,2,39,6.0,1400000.0,52577
8441221,1,2,1,10,2025,1,49,6.0,2000000.0,12333
8450529,1,1,1,10,2025,2,45,5.0,700000.0,33948
8472877,1,2,1,10,2025,2,26,11.0,3800000.0,64900
8468824,1,1,1,10,2025,1,45,5.0,1200000.0,55592
8447082,1,1,1,10,2025,2,48,10.0,5800000.0,26178
8447411,1,2,1,10,2025,2,38,11.0,5000000.0,26932
8439213,1,3,1,10,2025,2,24,10.0,1623500.0,7746
8443974,1,1,1,10,2025,1,44,8.0,2000000.0,18961
8462698,1,1,1,10,2025,2,70,1.0,150000.0,41565
8473284,1,1,1,10,2025,2,28,4.0,1600000.0,65601
8449002,1,1,1,10,2025,1,48,11.0,11000000.0,30223
8470794,1,4,1,10,2025,1,69,10.0,2847000.0,60656
8466649,1,1,1,10,2025,1,41,5.0,1000000.0,50265
8464406,1,3,1,10,2025,2,30,5.0,1600000.0,45381
8467100,1,1,1,10,2025,2,53,4.0,300000.0,51360
8444853,1,1,1,10,2025,2,32,10.0,2300000.0,21244
8449235,1,1,1,10,2025,1,39,4.0,700000.0,30686
8450313,1,2,1,10,2025,1,26,4.0,1300000.0,33455
8466510,1,1,1,10,2025,1,57,6.0,800000.0,49943
8445270,1,1,1,10,2025,1,34,5.0,450000.0,21825
8449176,1,1,1,10,2025,2,41,3.0,300000.0,30545
8469730,1,2,1,10,2025,1,41,3.0,1500000.0,57999
8447145,1,1,1,10,2025,1,62,3.0,1200000.0,26255
8470556,1,1,1,10,2025,2,35,5.0,1800000.0,60003
8443444,1,2,1,10,2025,1,50,3.0,2000000.0,17591
8466292,1,2,1,10,2025,1,45,10.0,4300000.0,49329
8463452,1,2,1,10,2025,2,55,3.0,2400000.0,43327
8462049,1,1,1,10,2025,1,61,3.0,1560000.0,40127
8469285,1,1,1,10,2025,2,55,4.0,340000.0,56791
8468375,1,1,1,10,2025,2,42,4.0,500000.0,54459
8450154,1,1,1,10,2025,1,59,5.0,1400000.0,33033
8469945,1,1,1,10,2025,1,65,1.0,1560000.0,58537
8464740,1,1,1,10,2025,2,33,5.0,600000.0,46199
8450792,1,1,1,10,2025,1,27,4.0,1200000.0,34611
8462087,1,1,1,10,2025,2,61,5.0,190000.0,40194
8441344,1,4,1,10,2025,1,23,10.0,1743000.0,12566
8450150,1,1,1,10,2025,1,71,5.0,1423500.0,33020
8443372,1,1,1,10,2025,1,35,3.0,1800000.0,17421
8439651,1,3,1,10,2025,1,28,5.0,2000000.0,8797
8462956,1,1,1,10,2025,1,24,5.0,1100000.0,42094
8450192,1,3,1,10,2025,1,30,10.0,1400000.0,33136
8471084,1,2,1,10,2025,1,38,9.0,2000000.0,61331
8466063,1,1,1,10,2025,2,32,4.0,1000000.0,48889
8451443,1,1,1,10,2025,2,34,8.0,2600000.0,36274
8438795,1,1,1,10,2025,2,34,10.0,2600000.0,6834
8450496,1,1,1,10,2025,2,58,3.0,900000.0,33860
8446323,1,1,1,10,2025,2,44,5.0,700000.0,24417
8464991,1,2,1,10,2025,2,55,4.0,400000.0,46728
8446914,1,2,1,10,2025,2,48,11.0,3000000.0,25801
8471734,1,1,1,10,2025,1,48,8.0,2100000.0,62539
8472333,1,3,1,10,2025,1,33,5.0,1423500.0,63806
8451978,1,1,1,10,2025,1,52,3.0,1000000.0,37639
8436834,1,1,1,10,2025,2,51,5.0,1100000.0,2144
8466566,1,2,1,10,2025,1,26,5.0,300000.0,50065
8469979,1,2,1,10,2025,1,51,4.0,2000000.0,58628
8464332,1,1,1,10,2025,1,54,6.0,1200000.0,45196
8463272,1,1,1,10,2025,2,52,5.0,2200000.0,42821
8470046,1,1,1,10,2025,1,51,4.0,2000000.0,58780
8439121,1,1,1,10,2025,2,28,8.0,320000.0,7553
8452158,1,1,1,10,2025,2,45,10.0,4150000.0,38094
8441232,1,1,1,10,2025,2,45,3.0,1400000.0,12360
8451136,1,2,1,10,2025,1,52,5.0,1423500.0,35469
8469909,1,1,1,10,2025,1,33,5.0,2000000.0,58431
8439393,1,1,1,10,2025,1,54,5.0,1500000.0,8187
8463111,1,5,1,10,2025,1,18,5.0,1400000.0,42450
8450135,1,3,1,10,2025,1,48,5.0,900000.0,32982
8443991,1,1,1,10,2025,1,31,11.0,8000000.0,19007
8445580,1,1,1,10,2025,1,76,11.0,65000000.0,22596
8472352,1,4,1,10,2025,1,39,11.0,2400000.0,63849
8470547,1,2,1,10,2025,2,65,4.0,1200000.0,59981
8446391,1,2,1,10,2025,2,30,11.0,4000000.0,24593
8471597,1,1,1,10,2025,1,20,4.0,750000.0,62329
8442806,1,1,1,10,2025,2,64,4.0,500000.0,15971
8472092,1,2,1,10,2025,2,35,5.0,2003500.0,63275
8443862,1,2,1,10,2025,2,26,9.0,1623500.0,18698
8451879,1,1,1,10,2025,1,68,11.0,5000000.0,37371
8468121,1,2,1,10,2025,1,65,5.0,1800000.0,53877
8473128,1,1,1,10,2025,2,60,4.0,500000.0,65293
8442734,1,2,1,10,2025,2,29,8.0,2000000.0,15803
8468550,1,1,1,10,2025,2,57,4.0,1000000.0,54916
8465333,1,1,1,10,2025,2,38,4.0,840000.0,47425
8462535,1,1,1,10,2025,2,34,10.0,3000000.0,41224
8473895,1,1,1,10,2025,1,60,5.0,2700000.0,66529
8444385,1,2,1,10,2025,1,43,10.0,1500000.0,19997
8466361,1,1,1,10,2025,2,31,5.0,300000.0,49501
8443138,1,1,1,10,2025,1,61,5.0,200000.0,16809
8451238,1,1,1,10,2025,1,28,5.0,1423500.0,35743
8441129,1,1,1,10,2025,1,31,5.0,1900000.0,12145
8447555,1,3,1,10,2025,1,45,3.0,400000.0,27232
8463082,1,1,1,10,2025,1,61,10.0,4500000.0,42379
8470754,1,1,1,10,2025,1,51,3.0,2500000.0,60515
8470122,1,4,1,10,2025,2,17,3.0,700000.0,58984
8438558,1,3,1,10,2025,2,34,8.0,2000000.0,6292
8439970,1,2,1,10,2025,1,46,5.0,1423500.0,9500
8473166,1,2,1,10,2025,1,37,10.0,2000000.0,65359
8448673,1,2,1,10,2025,1,66,5.0,1080000.0,29606
8436861,1,2,1,10,2025,1,56,3.0,900000.0,2265
8473808,1,2,1,10,2025,1,17,3.0,1000000.0,66286
8442929,1,2,1,10,2025,1,44,3.0,1624500.0,16270
8442312,1,4,1,10,2025,2,25,8.0,1425000.0,14812
8469728,1,1,1,10,2025,2,41,3.0,100000.0,57991
8471221,1,5,1,10,2025,2,25,9.0,1800000.0,61567
8471762,1,2,1,10,2025,1,46,4.0,1200000.0,62597
8471206,1,1,1,10,2025,1,59,3.0,1800000.0,61525
8469456,1,3,1,10,2025,1,30,10.0,2500000.0,57235
8473848,1,2,1,10,2025,2,38,5.0,1300000.0,66396
8446067,1,2,1,10,2025,1,36,12.0,5000000.0,23695
8450698,1,2,1,10,2025,1,55,3.0,400000.0,34383
8444976,1,1,1,10,2025,1,26,11.0,2987000.0,21530
8463229,1,5,1,10,2025,1,34,5.0,225000.0,42696
8445204,1,1,1,10,2025,1,71,3.0,450000.0,21624
8464658,1,2,1,10,2025,1,56,3.0,1000000.0,46003
8439795,1,3,1,10,2025,2,19,5.0,800000.0,9144
8440521,1,1,1,10,2025,1,75,3.0,120000.0,10721
8444437,1,1,1,10,2025,2,44,3.0,600000.0,20134
8444052,1,2,1,10,2025,2,44,5.0,1423500.0,19198
8444903,1,2,1,10,2025,1,42,10.0,2000000.0,21362
8470307,1,1,1,10,2025,2,35,5.0,1600000.0,59425
8439405,1,1,1,10,2025,1,41,5.0,2500000.0,8204
8451985,1,1,1,10,2025,1,25,9.0,200000.0,37655
8469924,1,4,1,10,2025,2,55,4.0,1423500.0,58471
8472117,1,2,1,10,2025,2,55,8.0,1500000.0,63324
8442781,1,1,1,10,2025,1,46,9.0,4000000.0,15918
8442703,1,1,1,10,2025,2,59,5.0,1000000.0,15733
8466574,1,2,1,10,2025,1,85,3.0,1000000.0,50087
8466318,1,3,1,10,2025,1,19,10.0,800000.0,49370
8463222,1,1,1,10,2025,2,66,3.0,1600000.0,42681
8440431,1,1,1,10,2025,2,62,5.0,5000000.0,10516
8440650,1,3,1,10,2025,2,19,5.0,1223000.0,11099
8462920,1,1,1,10,2025,1,53,3.0,1823500.0,42030
8444669,1,2,1,10,2025,2,40,5.0,1300000.0,20747
8451828,1,2,1,10,2025,2,75,3.0,100000.0,37247
8436850,1,2,1,10,2025,2,38,4.0,1150000.0,2220
8446403,1,1,1,10,2025,2,32,10.0,1423500.0,24625
8465863,1,1,1,10,2025,2,29,5.0,1000000.0,48503
8451935,1,3,1,10,2025,2,27,10.0,2300000.0,37516
8444415,1,1,1,10,2025,1,51,12.0,4800000.0,20072
8444485,1,2,1,10,2025,1,61,5.0,1423500.0,20266
8463097,1,4,1,10,2025,1,34,9.0,2300000.0,42415
8464616,1,1,1,10,2025,1,32,10.0,1300000.0,45895
8463218,1,1,1,10,2025,1,27,4.0,2000000.0,42673
8469377,1,2,1,10,2025,2,48,10.0,2500000.0,57051
8471668,1,1,1,10,2025,1,63,5.0,1200000.0,62425
8467616,1,3,1,10,2025,2,55,10.0,2400000.0,52646
8444976,1,2,1,10,2025,2,25,11.0,2587000.0,21531
8442978,1,2,1,10,2025,2,36,5.0,150000.0,16397
8442359,1,2,1,10,2025,2,27,11.0,1850000.0,14955
8469135,1,3,1,10,2025,1,18,5.0,1200000.0,56393
8472279,1,4,1,10,2025,2,20,6.0,2300000.0,63698
8440670,1,2,1,10,2025,2,19,9.0,1423500.0,11155
8442442,1,1,1,10,2025,2,45,5.0,1350000.0,15128
8448828,1,1,1,10,2025,2,52,6.0,2500000.0,29950
8461802,1,2,1,10,2025,2,51,5.0,202000.0,39437
8467042,1,1,1,10,2025,2,53,5.0,1423500.0,51176
8440577,1,2,1,10,2025,1,56,3.0,1800000.0,10878
8472020,1,1,1,10,2025,2,50,5.0,200000.0,63104
8450864,1,3,1,10,2025,1,39,5.0,900000.0,34779
8449988,1,2,1,10,2025,1,53,5.0,800000.0,32639
8467529,1,3,1,10,2025,1,33,5.0,500000.0,52413
8450176,1,1,1,10,2025,1,72,5.0,1800000.0,33097
8443358,1,4,1,10,2025,1,24,5.0,240000.0,17390
8449864,1,1,1,10,2025,2,32,9.0,1800000.0,32309
8467501,1,4,1,10,2025,1,47,4.0,1423500.0,52357
8469077,1,2,1,10,2025,2,28,6.0,600000.0,56226
8463605,1,3,1,10,2025,1,47,10.0,1500000.0,43672
8445591,1,1,1,10,2025,1,65,5.0,1000000.0,22629
8447532,1,1,1,10,2025,1,43,5.0,1623500.0,27185
8451717,1,1,1,10,2025,1,29,5.0,1423500.0,36952
8469931,1,2,1,10,2025,2,48,10.0,4000000.0,58488
8452067,1,2,1,10,2025,2,47,10.0,5000000.0,37850
8438870,1,1,1,10,2025,1,24,5.0,1423500.0,6999
8448389,1,1,1,10,2025,1,22,5.0,1423500.0,29037
8462893,1,1,1,10,2025,1,35,4.0,1823500.0,41978
8446239,1,13,1,10,2025,2,25,5.0,1500000.0,24166
8436573,1,1,1,10,2025,2,31,8.0,1400000.0,1502
8464458,1,1,1,10,2025,2,61,4.0,446000.0,45522
8464112,1,1,1,10,2025,2,20,9.0,1540000.0,44769
8448771,1,1,1,10,2025,1,47,3.0,1723500.0,29849
8463498,1,1,1,10,2025,1,53,10.0,2900000.0,43453
8473908,1,4,1,10,2025,2,26,10.0,500000.0,66559
8472566,1,1,1,10,2025,2,25,3.0,1500000.0,64238
8467105,1,1,1,10,2025,1,50,5.0,1000000.0,51378
8451394,1,2,1,10,2025,2,50,3.0,680000.0,36156
8468867,1,4,1,10,2025,2,25,5.0,1423500.0,55719
8466008,1,4,1,10,2025,2,26,5.0,500000.0,48812
8444929,1,2,1,10,2025,1,33,5.0,1600000.0,21442
8472132,1,3,1,10,2025,1,19,5.0,1423000.0,63369
8471588,1,3,1,10,2025,2,21,8.0,1700000.0,62299
8470828,1,1,1,10,2025,2,62,3.0,300000.0,60738
8448484,1,5,1,10,2025,1,20,3.0,1423500.0,29238
8473569,1,1,1,10,2025,2,38,5.0,2000000.0,65850
8469300,1,1,1,10,2025,2,26,10.0,2100000.0,56842
8472658,1,4,1,10,2025,2,31,8.0,1800000.0,64433
8463588,1,1,1,10,2025,2,34,5.0,2000000.0,43639
8466206,1,1,1,10,2025,1,26,8.0,1800000.0,49207
8446798,1,2,1,10,2025,1,19,5.0,1050000.0,25527
8449936,1,1,1,10,2025,1,35,10.0,1425000.0,32470
8469685,1,2,1,10,2025,1,33,8.0,1423500.0,57871
8449485,1,1,1,10,2025,1,47,3.0,800000.0,31352
8451208,1,1,1,10,2025,1,57,3.0,560000.0,35671
8438453,2,1,2,10,2025,1,38,3.0,900000.0,6043
8469327,2,1,2,10,2025,2,22,5.0,240000.0,56929
8465450,1,1,1,10,2025,1,67,3.0,400000.0,47642
8447920,1,2,1,10,2025,1,35,5.0,1800000.0,28050
8444490,1,3,1,10,2025,2,49,9.0,1423000.0,20282
8445289,1,1,1,10,2025,1,43,5.0,1423500.0,21887
8452215,1,2,1,10,2025,1,47,5.0,1200000.0,38237
8451356,1,1,1,10,2025,1,57,3.0,2000000.0,36047
8436923,1,1,1,10,2025,1,40,5.0,2000000.0,2502
8442600,1,1,1,10,2025,1,26,10.0,2500000.0,15482
8473865,1,2,1,10,2025,1,65,3.0,800000.0,66439
8439270,1,1,1,10,2025,2,33,10.0,2800000.0,7876
8448019,1,1,1,10,2025,1,46,6.0,1300000.0,28272
8443309,1,1,1,10,2025,1,28,4.0,800000.0,17249
8437442,1,1,1,10,2025,2,32,7.0,1423500.0,3829
8439894,1,1,1,10,2025,1,43,10.0,3000000.0,9435
8438758,1,1,1,10,2025,2,52,10.0,6000000.0,6753
8441038,1,1,1,10,2025,2,54,5.0,1900000.0,11945
8466576,1,3,1,10,2025,1,19,10.0,0.0,50095
8471877,1,2,1,10,2025,1,36,5.0,1623500.0,62849
8463254,1,3,1,10,2025,2,23,10.0,1423000.0,42755
8468184,1,1,1,10,2025,1,32,8.0,1400000.0,54030
8440848,1,2,1,10,2025,1,35,5.0,2000000.0,11583
8440124,1,2,1,10,2025,2,42,4.0,1400000.0,9820
8471373,1,1,1,10,2025,1,63,3.0,500000.0,61849
8449622,1,2,1,10,2025,1,42,5.0,1000000.0,31677
8466087,1,1,1,10,2025,2,34,5.0,900000.0,48930
8463735,1,2,1,10,2025,1,52,4.0,1400000.0,43964
8473072,1,1,1,10,2025,2,32,5.0,800000.0,65196
8446369,1,1,1,10,2025,1,38,10.0,1800000.0,24536
8452099,1,1,1,10,2025,2,57,5.0,1500000.0,37944
8444717,1,1,1,10,2025,2,43,5.0,1200000.0,20877
8463910,1,2,1,10,2025,2,38,8.0,1423500.0,44371
8439689,1,2,1,10,2025,2,38,11.0,1559500.0,8914
8437777,1,3,1,10,2025,2,26,8.0,1423500.0,4546
8464130,1,1,1,10,2025,2,28,9.0,1800000.0,44805
8472189,1,3,1,10,2025,2,25,10.0,1423500.0,63505
8465071,1,1,1,10,2025,2,44,5.0,860000.0,46919
8467864,1,1,1,10,2025,1,56,3.0,1400000.0,53258
8473262,1,4,1,10,2025,2,21,10.0,900000.0,65558
8452590,1,1,1,10,2025,2,24,5.0,1423500.0,39234
8441017,1,1,1,10,2025,2,46,5.0,1423500.0,11909
8437076,1,1,1,10,2025,2,72,3.0,380000.0,2877
8444075,1,1,1,10,2025,1,44,11.0,4270500.0,19266
8446513,1,1,1,10,2025,1,44,11.0,5000000.0,24872
8440354,1,1,1,10,2025,1,53,9.0,3010000.0,10358
8449494,1,1,1,10,2025,2,46,3.0,400000.0,31382
8464889,1,2,1,10,2025,2,37,5.0,1623500.0,46479
8445238,1,2,1,10,2025,1,49,1.0,350000.0,21719
8465089,1,2,1,10,2025,1,57,6.0,800000.0,46978
8462333,1,1,1,10,2025,1,51,11.0,6100000.0,40755
8437235,1,2,1,10,2025,2,56,3.0,400000.0,3252
8450175,1,2,1,10,2025,1,29,5.0,1300000.0,33096
8449968,3,1,3,10,2025,1,38,5.0,1300000.0,32579
8439581,1,2,1,10,2025,2,28,5.0,820000.0,8622
8465473,1,1,1,10,2025,2,44,12.0,4000000.0,47689
8438857,1,1,1,10,2025,2,45,3.0,300000.0,6971
8450958,1,1,1,10,2025,2,38,5.0,400000.0,35030
8446018,1,2,1,10,2025,1,26,5.0,1423500.0,23581
8443015,1,1,1,10,2025,1,35,5.0,790000.0,16493
8472792,1,3,1,10,2025,2,27,10.0,900000.0,64725
8449804,1,2,1,10,2025,2,42,10.0,1400000.0,32148
8469632,1,1,1,10,2025,1,70,5.0,1600000.0,57734
8449666,1,1,1,10,2025,1,49,5.0,670000.0,31805
8442645,1,3,1,10,2025,2,27,10.0,1500000.0,15575
8445668,1,2,1,10,2025,2,63,5.0,1423500.0,22801
8437858,1,1,1,10,2025,2,57,4.0,1200000.0,4723
8465667,1,3,1,10,2025,1,20,5.0,1423000.0,48076
8470802,1,1,1,10,2025,2,53,10.0,1500000.0,60675
8449542,1,2,1,10,2025,2,23,10.0,1200000.0,31505
8470479,1,2,1,10,2025,2,47,4.0,600000.0,59839
8468167,1,1,1,10,2025,2,40,11.0,3200000.0,53990
8464012,1,1,1,10,2025,1,26,5.0,1423500.0,44587
8468533,1,1,1,10,2025,2,43,3.0,1000000.0,54876
8470544,1,1,1,10,2025,2,55,1.0,2000000.0,59973
8443459,1,1,1,10,2025,1,62,1.0,800000.0,17629
8473844,1,1,1,10,2025,1,57,8.0,1400000.0,66386
8449915,1,2,1,10,2025,2,55,11.0,7000000.0,32414
8440001,1,2,1,10,2025,2,41,6.0,0.0,9567
8465442,1,1,1,10,2025,1,26,6.0,800000.0,47629
8436291,1,1,1,10,2025,1,47,3.0,1000000.0,831
8468298,1,1,1,10,2025,1,54,3.0,2846000.0,54253
8471110,1,4,1,10,2025,2,23,10.0,2000000.0,61396
8471496,1,1,1,10,2025,1,63,10.0,3000000.0,62086
8465245,1,3,1,10,2025,1,33,4.0,1000000.0,47312
8444436,1,2,1,10,2025,1,27,4.0,3000000.0,20130
8461784,1,2,1,10,2025,2,71,1.0,2400000.0,39379
8469833,1,1,1,10,2025,1,56,4.0,1500000.0,58258
8469079,1,2,1,10,2025,1,31,9.0,1423500.0,56232
8468141,1,1,1,10,2025,1,55,3.0,400000.0,53920
8471203,1,2,1,10,2025,2,20,10.0,1723500.0,61520
8469145,1,3,1,10,2025,2,53,10.0,1500000.0,56424
8437491,1,1,1,10,2025,2,62,3.0,250000.0,3974
8462799,1,1,1,10,2025,2,40,5.0,1400000.0,41798
8439531,1,3,1,10,2025,1,27,4.0,800000.0,8487
8439396,1,3,1,10,2025,2,68,10.0,3000000.0,8191
8468173,1,1,1,10,2025,1,63,11.0,6700000.0,54000
8441002,1,1,1,10,2025,1,36,11.0,5000000.0,11888
8451180,1,1,1,10,2025,1,50,5.0,2073500.0,35582
8469764,1,1,1,10,2025,2,49,4.0,250000.0,58092
8462890,1,3,1,10,2025,1,23,5.0,1423500.0,41971
8470606,1,2,1,10,2025,1,40,5.0,2200000.0,60149
8467253,1,1,1,10,2025,1,43,3.0,1200000.0,51743
8443724,1,1,1,10,2025,2,51,5.0,1700000.0,18333
8472344,1,1,1,10,2025,1,44,3.0,2000000.0,63832
8444830,1,1,1,10,2025,2,58,3.0,1500000.0,21195
8468797,1,1,1,10,2025,2,53,10.0,940000.0,55518
8466296,1,1,1,10,2025,1,31,7.0,2000000.0,49340
8468565,1,3,1,10,2025,1,33,10.0,2000000.0,54958
8451915,1,2,1,10,2025,1,60,4.0,1400000.0,37467
8446770,1,2,1,10,2025,2,34,11.0,2000000.0,25459
8443414,1,6,1,10,2025,1,25,8.0,1950000.0,17527
8449008,1,3,1,10,2025,1,43,8.0,1950000.0,30235
8471188,1,2,1,10,2025,1,28,10.0,1423500.0,61484
8437877,1,1,1,10,2025,1,53,3.0,1000000.0,4761
8450682,1,1,1,10,2025,2,37,4.0,800000.0,34364
8444426,1,1,1,10,2025,1,44,3.0,800000.0,20103
8441299,1,2,1,10,2025,2,68,10.0,1500000.0,12472
8442127,1,3,1,10,2025,2,32,5.0,1500000.0,14336
8468032,1,3,1,10,2025,1,20,10.0,1400000.0,53681
8470899,1,1,1,10,2025,2,19,5.0,1640000.0,60894
8463492,1,1,1,10,2025,1,51,5.0,4000000.0,43436
8437170,1,1,1,10,2025,2,41,5.0,1423500.0,3088
8465871,1,1,1,10,2025,2,56,5.0,1300000.0,48529
8451739,1,2,1,10,2025,2,61,5.0,1423500.0,37016
8440195,1,1,1,10,2025,2,44,4.0,1423000.0,9978
8447402,1,3,1,10,2025,1,18,5.0,1420000.0,26914
8470154,1,3,1,10,2025,2,18,6.0,1200000.0,59065
8452282,1,2,1,10,2025,1,84,3.0,200000.0,38418
8446471,1,6,1,10,2025,1,28,5.0,2500000.0,24771
8443746,1,2,1,10,2025,2,40,8.0,600000.0,18397
8439243,1,1,1,10,2025,2,55,8.0,1800000.0,7812
8462255,1,1,1,10,2025,1,40,5.0,1900000.0,40595
8463441,1,2,1,10,2025,2,46,5.0,600000.0,43298
8465787,1,1,1,10,2025,1,30,9.0,2500000.0,48313
8469510,1,2,1,10,2025,2,29,8.0,1700000.0,57381
8443111,1,1,1,10,2025,2,57,10.0,4000000.0,16751
8442117,1,2,1,10,2025,1,48,4.0,200000.0,14315
8445388,1,2,1,10,2025,2,40,5.0,2300000.0,22131
8443657,1,1,1,10,2025,1,56,5.0,1730000.0,18171
8449635,1,2,1,10,2025,1,17,4.0,640000.0,31704
8472876,1,4,1,10,2025,2,57,3.0,1423500.0,64898
8437353,1,2,1,10,2025,1,35,10.0,3000000.0,3613
8443306,1,2,1,10,2025,2,71,1.0,150000.0,17243
8443337,1,3,1,10,2025,1,18,4.0,300000.0,17302
8447086,1,1,1,10,2025,2,68,10.0,2500000.0,26186
8449538,1,2,1,10,2025,2,49,3.0,550000.0,31495
8473819,1,1,1,10,2025,1,47,12.0,25000000.0,66316
8439244,1,2,1,10,2025,2,39,5.0,1423500.0,7816
8469369,1,1,1,10,2025,2,38,9.0,1423500.0,57033
8443227,1,1,1,10,2025,1,55,5.0,800000.0,16991
8464706,1,8,1,10,2025,1,28,10.0,2200000.0,46118
8468087,1,2,1,10,2025,1,43,5.0,2000000.0,53824
8438880,1,1,1,10,2025,1,32,5.0,1423500.0,7016
8445381,1,2,1,10,2025,2,23,5.0,200000.0,22118
8470066,1,1,1,10,2025,1,72,4.0,180000.0,58848
8439153,1,1,1,10,2025,1,43,10.0,3000000.0,7617
8465410,1,1,1,10,2025,1,43,5.0,1800000.0,47564
8441872,1,4,1,10,2025,1,47,5.0,2123500.0,13694
8437837,1,3,1,10,2025,2,33,11.0,1650000.0,4673
8444082,1,3,1,10,2025,1,23,5.0,1000000.0,19287
8450018,1,2,1,10,2025,1,67,10.0,1800000.0,32697
8442292,1,4,1,10,2025,1,46,3.0,2000000.0,14754
8447377,1,6,1,10,2025,2,64,5.0,1000000.0,26834
8444072,1,1,1,10,2025,2,31,5.0,800000.0,19256
8444613,1,1,1,10,2025,2,48,5.0,240000.0,20599
8449293,1,1,1,10,2025,2,38,5.0,1423500.0,30851
8442916,1,2,1,10,2025,1,42,10.0,600000.0,16233
8464181,1,1,1,10,2025,2,40,5.0,1500000.0,44912
8449677,1,1,1,10,2025,1,43,4.0,1350000.0,31833
8446211,1,1,1,10,2025,1,42,8.0,3400000.0,24062
8446854,1,2,1,10,2025,2,27,8.0,1423500.0,25663
8467614,1,2,1,10,2025,2,39,5.0,200000.0,52636
8471664,1,1,1,10,2025,1,33,5.0,2000000.0,62421
8441504,1,1,1,10,2025,2,33,8.0,1800000.0,12889
8438780,1,1,1,10,2025,1,61,5.0,2000000.0,6795
8449061,1,2,1,10,2025,2,21,8.0,1800000.0,30345
8467004,1,2,1,10,2025,2,24,8.0,1100000.0,51109
8462500,1,3,1,10,2025,1,48,4.0,900000.0,41123
8469628,1,1,1,10,2025,2,52,3.0,400000.0,57726
8442245,1,1,1,10,2025,1,51,11.0,4000000.0,14652
8438275,1,1,1,10,2025,2,40,10.0,1400000.0,5580
8451930,1,1,1,10,2025,2,63,5.0,1423000.0,37499
8443302,1,1,1,10,2025,1,55,3.0,300000.0,17224
8442501,1,4,1,10,2025,2,21,5.0,1600000.0,15285
8452165,1,1,1,10,2025,1,59,1.0,800000.0,38112
8439813,1,2,1,10,2025,2,46,3.0,1200000.0,9193
8446827,1,1,1,10,2025,2,44,8.0,800000.0,25592
8463529,1,1,1,10,2025,1,71,5.0,1200000.0,43512
8471654,1,3,1,10,2025,2,27,3.0,700000.0,62404
8467020,1,1,1,10,2025,2,53,4.0,1423500.0,51138
8438031,1,1,1,10,2025,2,44,11.0,4500000.0,5056
8448166,1,1,1,10,2025,1,61,5.0,4500000.0,28594
8462461,1,1,1,10,2025,1,46,3.0,1200000.0,41031
8451447,1,1,1,10,2025,2,22,5.0,1000000.0,36280
8450942,1,2,1,10,2025,1,38,1.0,800000.0,34997
8471539,1,2,1,10,2025,2,78,3.0,0.0,62155
8438343,1,3,1,10,2025,2,33,10.0,1800000.0,5781
8470657,1,1,1,10,2025,1,62,10.0,5000000.0,60256
8438496,1,2,1,10,2025,1,53,5.0,300000.0,6156
8449891,1,3,1,10,2025,1,29,5.0,2000000.0,32365
8446489,1,2,1,10,2025,2,41,12.0,8150000.0,24823
8470830,1,2,1,10,2025,2,28,11.0,5000000.0,60744
8438253,1,1,1,10,2025,1,41,8.0,400000.0,5514
8444895,1,4,1,10,2025,2,22,10.0,450000.0,21340
8445994,1,1,1,10,2025,1,48,10.0,300000.0,23525
8469436,1,2,1,10,2025,2,50,4.0,500000.0,57187
8441690,1,2,1,10,2025,1,36,8.0,2333000.0,13302
8472567,1,2,1,10,2025,2,24,5.0,1200000.0,64242
8444745,1,1,1,10,2025,1,61,10.0,1900000.0,20958
8436648,1,1,1,10,2025,1,37,8.0,1623000.0,1708
8449769,1,2,1,10,2025,2,43,3.0,450000.0,32072
8437312,1,3,1,10,2025,2,24,9.0,2200000.0,3489
8465973,1,1,1,10,2025,2,45,11.0,9500000.0,48730
8471677,1,2,1,10,2025,1,59,5.0,2000000.0,62440
8463583,1,1,1,10,2025,1,26,11.0,3990000.0,43632
8436875,1,1,1,10,2025,2,35,8.0,850000.0,2318
8436880,1,1,1,10,2025,2,33,5.0,1210000.0,2335
8447346,1,2,1,10,2025,2,22,10.0,3000000.0,26751
8448174,1,1,1,10,2025,1,63,11.0,12000000.0,28617
8438460,1,1,1,10,2025,1,41,5.0,1300000.0,6058
8444246,1,2,1,10,2025,1,24,4.0,1000000.0,19636
8450461,1,1,1,10,2025,1,60,10.0,4500000.0,33794
8449863,1,2,1,10,2025,2,42,9.0,3500000.0,32308
8467806,1,1,1,10,2025,1,56,1.0,500000.0,53087
8469770,1,2,1,10,2025,1,41,3.0,600000.0,58111
8471356,1,2,1,10,2025,1,34,8.0,0.0,61809
8447370,1,1,1,10,2025,1,39,10.0,2000000.0,26802
8466711,1,1,1,10,2025,2,63,3.0,100000.0,50415
8452487,1,1,1,10,2025,2,24,5.0,2700000.0,38951
8440669,1,2,1,10,2025,2,64,8.0,1423500.0,11150
8442420,1,2,1,10,2025,1,25,5.0,1200000.0,15087
8470695,1,1,1,10,2025,2,41,10.0,700000.0,60352
8468334,1,2,1,10,2025,2,60,5.0,100000.0,54336
8468376,1,3,1,10,2025,2,31,8.0,1423500.0,54468
8449358,1,3,1,10,2025,2,18,4.0,1000000.0,31034
8471071,1,1,1,10,2025,2,39,8.0,0.0,61289
8436329,1,1,1,10,2025,2,62,3.0,750000.0,928
8444328,1,1,1,10,2025,1,51,3.0,1300000.0,19847
8436677,1,2,1,10,2025,1,44,5.0,1423500.0,1779
8441825,1,1,1,10,2025,1,65,3.0,480000.0,13536
8436824,1,4,1,10,2025,1,34,10.0,2700000.0,2116
8448175,1,1,1,10,2025,2,39,4.0,1200000.0,28618
8443494,1,1,1,10,2025,1,45,3.0,1200000.0,17732
8468369,1,1,1,10,2025,2,35,8.0,800000.0,54436
8440354,1,2,1,10,2025,2,54,8.0,2100000.0,10359
8449720,1,2,1,10,2025,1,41,5.0,1100000.0,31956
8449220,1,2,1,10,2025,1,30,6.0,800000.0,30650
8448110,1,4,1,10,2025,2,29,10.0,2000000.0,28505
8445187,1,10,1,10,2025,2,47,3.0,486000.0,21588
8463384,1,1,1,10,2025,1,38,9.0,800000.0,43130
8462511,1,1,1,10,2025,1,76,3.0,1200000.0,41152
8468424,1,1,1,10,2025,1,25,5.0,1423500.0,54604
8449687,1,1,1,10,2025,1,28,5.0,900000.0,31858
8470570,1,2,1,10,2025,1,79,1.0,500000.0,60046
8450408,1,1,1,10,2025,2,44,5.0,1000000.0,33678
8450062,1,3,1,10,2025,2,34,8.0,1800000.0,32809
8442115,1,1,1,10,2025,1,57,5.0,1400000.0,14305
8470659,1,2,1,10,2025,1,62,4.0,1600000.0,60260
8463241,1,1,1,10,2025,2,44,9.0,1423500.0,42718
8440876,1,5,1,10,2025,2,26,10.0,1423500.0,11665
8442946,1,2,1,10,2025,2,45,12.0,6000000.0,16322
8443346,1,1,1,10,2025,1,53,1.0,300000.0,17330
8463969,1,3,1,10,2025,1,60,8.0,900000.0,44510
8451463,1,1,1,10,2025,1,63,4.0,1050000.0,36321
8463479,1,5,1,10,2025,1,32,10.0,2500000.0,43405
8464589,1,1,1,10,2025,2,57,3.0,500000.0,45824
8441055,1,2,1,10,2025,1,65,3.0,400000.0,11981
8440710,1,2,1,10,2025,1,19,8.0,480000.0,11218
8445315,1,1,1,10,2025,1,53,3.0,700000.0,21973
8464694,1,3,1,10,2025,1,23,8.0,1423500.0,46085
8452605,1,1,1,10,2025,1,32,8.0,2600000.0,39264
8438563,1,1,1,10,2025,2,36,5.0,1600000.0,6305
8464088,1,2,1,10,2025,2,30,5.0,3000000.0,44741
8472957,1,4,1,10,2025,2,28,10.0,5000000.0,65002
8438378,1,1,1,10,2025,1,40,10.0,3500000.0,5858
8437261,1,1,1,10,2025,2,32,9.0,1423500.0,3342
8440436,1,1,1,10,2025,1,22,5.0,1800000.0,10521
8466408,1,1,1,10,2025,1,40,5.0,1400000.0,49640
8452099,1,2,1,10,2025,1,40,4.0,1500000.0,37945
8440931,1,1,1,10,2025,1,42,3.0,1423500.0,11755
8444874,1,1,1,10,2025,2,37,8.0,960000.0,21288
8438006,1,3,1,10,2025,2,25,10.0,5000000.0,4998
8472199,1,1,1,10,2025,2,66,1.0,280000.0,63530
8448715,1,1,1,10,2025,1,65,4.0,500000.0,29725
8470393,1,2,1,10,2025,1,25,5.0,1420000.0,59618
8451391,1,1,1,10,2025,2,59,1.0,800000.0,36149
8447905,1,1,1,10,2025,2,25,5.0,1423500.0,27995
8439576,1,1,1,10,2025,2,42,9.0,1100000.0,8608
8437328,1,1,1,10,2025,1,45,1.0,1500000.0,3548
8442924,1,2,1,10,2025,1,32,8.0,1500000.0,16253
8446801,1,1,1,10,2025,2,59,5.0,1500000.0,25528
8470495,1,2,1,10,2025,1,27,3.0,1000000.0,59872
8450811,1,1,1,10,2025,2,53,7.0,6500000.0,34650
8439694,1,1,1,10,2025,2,48,5.0,1423500.0,8929
8446464,1,1,1,10,2025,1,36,11.0,6300000.0,24746
8447887,1,1,1,10,2025,2,30,5.0,1800000.0,27952
8442138,1,1,1,10,2025,2,40,3.0,800000.0,14358
8444564,1,1,1,10,2025,1,47,8.0,1600000.0,20486
8438296,1,1,1,10,2025,2,32,5.0,1700000.0,5631
8467193,1,1,1,10,2025,1,34,8.0,2300000.0,51609
8452427,1,1,1,10,2025,2,60,8.0,2500000.0,38784
8439364,1,3,1,10,2025,1,29,10.0,1423500.0,8115
8436822,1,1,1,10,2025,1,57,10.0,11400000.0,2107
8452274,1,2,1,10,2025,1,38,6.0,2000000.0,38397
8445527,1,1,1,10,2025,2,58,3.0,600000.0,22478
8471952,1,1,1,10,2025,2,33,5.0,800000.0,62986
8468687,1,1,1,10,2025,1,60,5.0,1423500.0,55231
8448096,1,2,1,10,2025,1,31,11.0,1500000.0,28478
8443996,1,2,1,10,2025,1,35,5.0,1300000.0,19021
8451344,1,1,1,10,2025,2,26,10.0,800000.0,36021
8452382,1,2,1,10,2025,1,42,9.0,1800000.0,38657
8440459,1,1,1,10,2025,1,60,4.0,700000.0,10570
8451281,1,1,1,10,2025,1,58,3.0,1200000.0,35841
8464872,1,4,1,10,2025,2,40,5.0,800000.0,46442
8446066,1,2,1,10,2025,2,44,5.0,1423500.0,23692
8472269,1,1,1,10,2025,1,63,5.0,4000000.0,63675
8447455,1,2,1,10,2025,2,24,10.0,900000.0,27026
8445966,1,1,1,10,2025,1,66,3.0,1500000.0,23441
8461777,1,1,1,10,2025,2,35,4.0,1500000.0,39358
8448408,1,1,1,10,2025,2,24,6.0,720000.0,29081
8468681,1,2,1,10,2025,2,46,10.0,4000000.0,55219
8462688,1,2,1,10,2025,2,45,10.0,3000000.0,41542
8449028,1,2,1,10,2025,2,21,5.0,1000000.0,30280
8443052,1,1,1,10,2025,2,50,9.0,1800000.0,16602
8441778,1,1,1,10,2025,1,36,5.0,500000.0,13478
8439221,1,1,1,10,2025,1,37,5.0,1423500.0,7764
8467363,1,4,1,10,2025,2,54,8.0,320000.0,52022
8445776,1,2,1,10,2025,2,29,6.0,1780000.0,23027
8436136,1,1,1,10,2025,1,34,3.0,1200000.0,472
8451644,1,2,1,10,2025,1,33,10.0,2000000.0,36747
8445354,1,3,1,10,2025,1,19,5.0,300000.0,22062
8449916,1,1,1,10,2025,1,40,10.0,1600000.0,32416
8451403,1,2,1,10,2025,2,42,5.0,100000.0,36180
8438859,1,1,1,10,2025,2,59,3.0,600000.0,6972
8473218,1,1,1,10,2025,1,70,3.0,1200000.0,65479
8466074,1,3,1,10,2025,2,28,10.0,2200000.0,48914
8465658,1,1,1,10,2025,1,24,10.0,2923000.0,48055
8444825,1,1,1,10,2025,1,36,5.0,600000.0,21181
8463948,1,2,1,10,2025,1,21,8.0,1423500.0,44455
8446218,1,3,1,10,2025,2,42,3.0,2200000.0,24072
8442057,1,1,1,10,2025,2,24,3.0,360000.0,14172
8436482,1,3,1,10,2025,1,40,5.0,1423000.0,1253
8441422,1,2,1,10,2025,2,39,5.0,3000000.0,12711
8447327,1,1,1,10,2025,2,44,10.0,1423500.0,26713
8450546,1,1,1,10,2025,1,27,5.0,1620000.0,34000
8462377,1,1,1,10,2025,1,57,5.0,2500000.0,40844
8466440,1,1,1,10,2025,1,51,3.0,880000.0,49742
8444421,1,1,1,10,2025,2,39,4.0,500000.0,20085
8449588,1,2,1,10,2025,1,54,3.0,480000.0,31601
8440720,1,2,1,10,2025,2,62,11.0,5800000.0,11252
8442069,1,1,1,10,2025,2,55,5.0,1423000.0,14195
8463765,1,2,1,10,2025,1,43,11.0,6400000.0,44044
8446635,1,2,1,10,2025,1,31,4.0,1200000.0,25209
8449692,1,1,1,10,2025,2,51,3.0,1000000.0,31866
8466412,1,1,1,10,2025,2,24,5.0,1423000.0,49658
8447988,1,1,1,10,2025,2,34,10.0,1423500.0,28193
8469607,1,1,1,10,2025,1,64,4.0,500000.0,57658
8439845,1,1,1,10,2025,1,35,10.0,2000000.0,9291
8437235,1,1,1,10,2025,1,62,3.0,1423500.0,3251
8445272,1,2,1,10,2025,2,56,10.0,1423500.0,21834
8447385,1,3,1,10,2025,1,47,5.0,1423500.0,26860
8473316,1,2,1,10,2025,2,37,9.0,2000000.0,65690
8443954,1,2,1,10,2025,2,39,3.0,400000.0,18909
8450754,1,2,1,10,2025,1,61,4.0,2847000.0,34523
8465132,1,1,1,10,2025,1,60,3.0,600000.0,47089
8467911,1,3,1,10,2025,2,21,10.0,1423500.0,53377
8465584,1,1,1,10,2025,1,52,4.0,2400000.0,47905
8468608,1,1,1,10,2025,2,38,10.0,2600000.0,55028
8438464,1,2,1,10,2025,2,46,5.0,1423500.0,6070
8462067,1,1,1,10,2025,2,63,5.0,752000.0,40165
8467496,1,2,1,10,2025,2,39,11.0,4500000.0,52345
8465507,1,1,1,10,2025,2,38,5.0,1400000.0,47755
8448039,1,1,1,10,2025,1,35,11.0,9300000.0,28327
8451043,1,2,1,10,2025,2,43,12.0,6000000.0,35234
8464436,1,7,1,10,2025,1,26,5.0,1423500.0,45446
8464131,1,2,1,10,2025,2,35,9.0,0.0,44808
8466937,1,1,1,10,2025,2,51,5.0,450000.0,50900
8467999,1,1,1,10,2025,1,60,4.0,1500000.0,53596
8462950,1,1,1,10,2025,1,64,1.0,3400000.0,42082
8448586,1,2,1,10,2025,2,27,10.0,2560000.0,29466
8466852,1,2,1,10,2025,2,40,1.0,800000.0,50733
8465743,1,2,1,10,2025,1,31,10.0,3000000.0,48210
8445757,1,1,1,10,2025,2,28,5.0,2000000.0,22978
8442387,1,2,1,10,2025,1,51,11.0,5000000.0,15017
8464510,1,3,1,10,2025,1,56,5.0,3000000.0,45640
8436380,1,1,1,10,2025,2,59,4.0,850000.0,1030
8437618,1,2,1,10,2025,1,49,3.0,1623500.0,4207
8470800,1,1,1,10,2025,2,50,5.0,1423500.0,60668
8465218,1,6,1,10,2025,2,37,5.0,980000.0,47239
8436858,1,1,1,10,2025,1,63,5.0,600000.0,2253
8472850,1,2,1,10,2025,2,55,3.0,1723000.0,64826
8465852,1,5,1,10,2025,1,15,4.0,300000.0,48468
8471799,1,1,1,10,2025,2,66,3.0,650000.0,62688
8466115,1,2,1,10,2025,2,42,5.0,500000.0,48996
8462467,1,1,1,10,2025,1,50,5.0,600000.0,41042
8449600,1,1,1,10,2025,2,55,5.0,502000.0,31639
8446023,1,1,1,10,2025,2,49,12.0,4000000.0,23592
8467885,1,2,1,10,2025,2,49,10.0,3000000.0,53313
8467784,1,1,1,10,2025,1,60,3.0,1000000.0,53036
8444013,1,2,1,10,2025,2,44,8.0,1200000.0,19073
8439872,1,1,1,10,2025,2,43,8.0,1423500.0,9373
8440673,1,1,1,10,2025,2,38,5.0,2000000.0,11160
8442944,1,2,1,10,2025,2,37,10.0,2500000.0,16318
8438469,1,1,1,10,2025,2,29,5.0,1600000.0,6090
8436269,1,1,1,10,2025,1,37,5.0,900000.0,777
8447982,1,1,1,10,2025,1,44,10.0,4200000.0,28187
8450850,1,1,1,10,2025,2,38,3.0,900000.0,34752
8472951,1,2,1,10,2025,2,29,11.0,5950000.0,64995
8451234,1,1,1,10,2025,1,47,5.0,500000.0,35729
8437229,1,1,1,10,2025,2,45,5.0,600000.0,3231
8449806,1,1,1,10,2025,2,55,4.0,800000.0,32152
8437451,1,1,1,10,2025,2,38,8.0,4197000.0,3856
8442827,1,2,1,10,2025,2,55,10.0,7300000.0,16032
8467213,1,2,1,10,2025,2,59,8.0,1915000.0,51662
8449105,1,1,1,10,2025,2,73,3.0,400000.0,30436
8468457,1,2,1,10,2025,1,69,10.0,2500000.0,54691
8450724,1,2,1,10,2025,2,21,5.0,200000.0,34453
8468441,1,1,1,10,2025,2,65,5.0,800000.0,54646
8470312,1,2,1,10,2025,2,24,5.0,650000.0,59439
8449061,1,1,1,10,2025,2,39,8.0,2500000.0,30344
8471126,1,1,1,10,2025,1,51,12.0,4000000.0,61434
8463023,1,1,1,10,2025,1,50,3.0,600000.0,42249
8462898,1,1,1,10,2025,1,25,3.0,1600000.0,41988
8452109,1,1,1,10,2025,2,56,3.0,950000.0,37974
8444131,1,2,1,10,2025,2,27,10.0,900000.0,19388
8472491,1,1,1,10,2025,2,37,4.0,1900000.0,64167
8466425,1,2,1,10,2025,1,41,1.0,600000.0,49703
8467200,1,1,1,10,2025,2,63,4.0,300000.0,51630
8473589,1,1,1,10,2025,2,37,8.0,1623500.0,65893
8437224,1,2,1,10,2025,1,52,4.0,800000.0,3222
8443930,1,2,1,10,2025,2,22,8.0,1623500.0,18858
8464125,1,1,1,10,2025,2,53,10.0,4320000.0,44798
8448486,1,2,1,10,2025,2,42,5.0,1423500.0,29243
8466095,1,3,1,10,2025,2,19,8.0,500000.0,48947
8439571,1,1,1,10,2025,2,56,3.0,1000000.0,8590
8467441,1,2,1,10,2025,1,30,4.0,700000.0,52199
8436875,1,2,1,10,2025,1,33,5.0,1450000.0,2319
8463771,1,1,1,10,2025,1,60,3.0,2000000.0,44055
8469619,1,3,1,10,2025,1,18,4.0,600000.0,57695
8462304,1,2,1,10,2025,1,36,3.0,1500000.0,40690
8446477,1,1,1,10,2025,1,52,5.0,1700000.0,24795
8436963,1,2,1,10,2025,2,37,11.0,4000000.0,2622
8462561,1,1,1,10,2025,2,44,5.0,1150000.0,41289
8467348,1,2,1,10,2025,2,58,10.0,400000.0,51985
8436663,1,2,1,10,2025,2,26,5.0,1423500.0,1745
8448811,1,1,1,10,2025,1,29,10.0,2500000.0,29927
8468604,1,1,1,10,2025,2,25,5.0,1500000.0,55024
8439022,1,1,1,10,2025,1,55,4.0,2000000.0,7315
8473576,1,3,1,10,2025,1,27,10.0,3000000.0,65866
8440623,1,1,1,10,2025,2,27,10.0,3000000.0,11020
8469972,1,1,1,10,2025,2,26,6.0,1423500.0,58603
8467537,1,1,1,10,2025,1,21,4.0,800000.0,52426
8450230,1,1,1,10,2025,1,26,8.0,1586000.0,33237
8470996,1,1,1,10,2025,1,50,5.0,2000000.0,61117
8470249,1,2,1,10,2025,1,36,5.0,2200000.0,59273
8448694,1,2,1,10,2025,2,35,5.0,100000.0,29667
8450077,1,2,1,10,2025,1,53,3.0,240000.0,32851
8467477,1,1,1,10,2025,2,31,5.0,1000000.0,52299
8465755,1,1,1,10,2025,1,32,8.0,1100000.0,48232
8452278,1,2,1,10,2025,2,31,10.0,2000000.0,38411
8443475,1,2,1,10,2025,1,37,1.0,1200000.0,17673
8470807,1,1,1,10,2025,2,47,10.0,4200000.0,60687
8436515,1,1,1,10,2025,1,39,3.0,800000.0,1364
8462033,1,1,1,10,2025,2,35,3.0,550000.0,40092
8472696,1,1,1,10,2025,1,47,5.0,1000000.0,64529
8452171,1,1,1,10,2025,2,63,1.0,300000.0,38129
8449249,1,1,1,10,2025,1,71,4.0,0.0,30716
8469243,1,1,1,10,2025,1,36,10.0,3500000.0,56673
8444093,1,3,1,10,2025,2,29,5.0,1880000.0,19313
8466144,1,1,1,10,2025,1,35,4.0,2000000.0,49058
8439292,1,2,1,10,2025,1,44,3.0,1423500.0,7938
8470635,1,2,1,10,2025,1,41,5.0,1689000.0,60206
8471940,1,2,1,10,2025,1,22,4.0,1200000.0,62969
8464686,1,2,1,10,2025,2,39,5.0,1800000.0,46065
8451170,1,2,1,10,2025,2,42,5.0,1320000.0,35548
8468592,1,1,1,10,2025,2,43,5.0,840000.0,54999
8449911,1,1,1,10,2025,1,31,10.0,1450000.0,32408
8444016,1,1,1,10,2025,2,36,5.0,1700000.0,19081
8451931,1,1,1,10,2025,1,42,3.0,1000000.0,37504
8470387,1,4,1,10,2025,1,22,5.0,4300000.0,59602
8447838,1,3,1,10,2025,2,32,10.0,4200000.0,27847
8468968,1,1,1,10,2025,1,50,5.0,5000000.0,55929
8443946,1,1,1,10,2025,2,24,10.0,1300000.0,18886
8468703,1,1,1,10,2025,2,60,10.0,5000000.0,55278
8471469,1,1,1,10,2025,2,21,3.0,400000.0,62047
8436043,1,1,1,10,2025,1,53,11.0,1423500.0,257
8465588,1,1,1,10,2025,2,42,8.0,2000000.0,47908
8451423,1,3,1,10,2025,1,45,5.0,1423500.0,36239
8461792,1,3,1,10,2025,1,54,3.0,550000.0,39405
8440161,1,1,1,10,2025,2,65,3.0,600000.0,9905
8471382,1,1,1,10,2025,2,57,3.0,370000.0,61869
8437108,1,1,1,10,2025,2,50,5.0,1600000.0,2964
8450161,1,1,1,10,2025,2,60,5.0,285000.0,33054
8466665,1,2,1,10,2025,2,37,3.0,1423500.0,50302
8448304,1,1,1,10,2025,2,43,9.0,1423500.0,28874
8466785,1,1,1,10,2025,2,47,6.0,2800000.0,50564
8446511,1,1,1,10,2025,2,34,9.0,2500000.0,24867
8473149,1,1,1,10,2025,2,23,5.0,600000.0,65338
8450378,1,2,1,10,2025,2,54,3.0,300000.0,33615
8446139,1,2,1,10,2025,2,50,3.0,1530000.0,23873
8463044,1,3,1,10,2025,1,19,8.0,1400000.0,42294
8446878,1,3,1,10,2025,1,27,8.0,1500000.0,25716
8448949,1,1,1,10,2025,1,57,5.0,2700000.0,30131
8470523,1,2,1,10,2025,2,50,3.0,2191500.0,59918
8437706,1,1,1,10,2025,1,26,9.0,1423500.0,4408
8451114,1,1,1,10,2025,2,51,3.0,1600000.0,35406
8440944,1,1,1,10,2025,1,31,5.0,1900000.0,11783
8445513,1,1,1,10,2025,1,26,3.0,1200000.0,22434
8465145,1,1,1,10,2025,1,54,10.0,4000000.0,47114
8441911,1,2,1,10,2025,2,25,4.0,400000.0,13833
8465236,1,1,1,10,2025,2,38,10.0,5300000.0,47288
8438039,1,2,1,10,2025,2,45,10.0,3000000.0,5088
8441535,1,2,1,10,2025,2,47,4.0,1500000.0,12972
8466099,1,2,1,10,2025,2,51,8.0,1200000.0,48957
8451062,1,1,1,10,2025,1,62,3.0,2023500.0,35276
8440707,1,5,1,10,2025,2,23,5.0,1300000.0,11210
8446829,1,1,1,10,2025,1,54,5.0,3000000.0,25598
8440936,1,1,1,10,2025,1,41,3.0,1423500.0,11766
8462126,1,1,1,10,2025,1,21,4.0,1000000.0,40313
8446661,1,2,1,10,2025,2,53,5.0,1000000.0,25282
8446984,1,2,1,10,2025,2,31,9.0,1623000.0,25969
8442614,1,2,1,10,2025,2,35,5.0,900000.0,15507
8470546,1,2,1,10,2025,2,40,4.0,1000000.0,59978
8444761,1,2,1,10,2025,2,29,5.0,1200000.0,21001
8442324,1,2,1,10,2025,1,36,8.0,1423500.0,14857
8467232,1,2,1,10,2025,1,33,10.0,1400000.0,51705
8469717,1,1,1,10,2025,1,64,1.0,600000.0,57944
8445707,1,1,1,10,2025,2,39,8.0,400000.0,22887
8473800,1,1,1,10,2025,1,60,3.0,1423500.0,66261
8450517,1,3,1,10,2025,2,25,10.0,2000000.0,33913
8464884,1,2,1,10,2025,2,68,10.0,4270500.0,46468
8451106,1,1,1,10,2025,1,37,4.0,1300000.0,35383
8469217,1,1,1,10,2025,2,56,4.0,200000.0,56613
8468063,1,1,1,10,2025,2,27,5.0,1450000.0,53750
8450566,1,1,1,10,2025,2,27,10.0,5000000.0,34054
8437529,1,1,1,10,2025,2,63,11.0,2800000.0,4064
8450596,1,2,1,10,2025,1,72,1.0,1500000.0,34140
8467016,1,1,1,10,2025,2,45,8.0,2600000.0,51129
8439411,1,1,1,10,2025,2,22,8.0,1800000.0,8212
8446394,1,2,1,10,2025,2,47,5.0,3800000.0,24598
8450243,1,3,1,10,2025,1,46,5.0,1200000.0,33268
8443179,1,1,1,10,2025,1,58,5.0,2500000.0,16897
8468092,1,2,1,10,2025,2,39,5.0,1423500.0,53835
8441418,1,2,1,10,2025,1,54,11.0,4500000.0,12704
8446849,1,1,1,10,2025,2,18,5.0,1423500.0,25648
8444567,1,2,1,10,2025,1,26,10.0,3000000.0,20496
8466518,1,1,1,10,2025,2,23,3.0,800000.0,49969
8443164,1,1,1,10,2025,1,50,3.0,1200000.0,16855
8447047,1,1,1,10,2025,2,41,8.0,300000.0,26101
8470531,1,4,1,10,2025,1,20,9.0,120000.0,59945
8462085,1,1,1,10,2025,1,60,3.0,950000.0,40192
8448001,1,1,1,10,2025,1,34,5.0,1500000.0,28228
8452343,1,2,1,10,2025,2,50,3.0,1300000.0,38554
8447975,1,1,1,10,2025,1,28,10.0,1423500.0,28181
8442331,1,1,1,10,2025,2,40,5.0,400000.0,14873
8467064,1,3,1,10,2025,1,28,5.0,1423500.0,51233
8439676,1,4,1,10,2025,2,33,5.0,500000.0,8874
8438409,1,2,1,10,2025,2,53,4.0,1020000.0,5926
8470268,1,2,1,10,2025,2,36,5.0,1423500.0,59318
8445652,1,3,1,10,2025,1,22,3.0,1423500.0,22767
8470177,1,1,1,10,2025,1,35,4.0,1800000.0,59116
8472969,1,1,1,10,2025,2,46,11.0,12000000.0,65008
8441635,1,3,1,10,2025,2,35,5.0,1423500.0,13179
8472188,1,1,1,10,2025,1,51,10.0,2300000.0,63497
8465017,1,1,1,10,2025,2,25,5.0,700000.0,46795
8468873,1,2,1,10,2025,2,38,10.0,1423500.0,55735
8440480,1,1,1,10,2025,2,40,4.0,1423500.0,10620
8443345,1,2,1,10,2025,2,29,10.0,150000.0,17328
8443291,1,4,1,10,2025,1,35,5.0,1423500.0,17191
8465501,1,1,1,10,2025,2,29,10.0,2846000.0,47748
8440260,1,2,1,10,2025,1,51,12.0,10000000.0,10128
8437541,1,1,1,10,2025,2,36,8.0,2800000.0,4088
8470521,1,3,1,10,2025,1,31,5.0,2500000.0,59913
8439035,1,2,1,10,2025,2,49,12.0,3500000.0,7345
8469064,1,2,1,10,2025,1,31,5.0,1000000.0,56185
8440724,1,1,1,10,2025,1,51,4.0,1850000.0,11259
8472099,1,2,1,10,2025,2,40,10.0,1000000.0,63285
8449065,1,2,1,10,2025,2,50,9.0,2000000.0,30354
8465960,1,1,1,10,2025,2,46,5.0,1800000.0,48681
8436614,1,1,1,10,2025,2,52,5.0,2280000.0,1614
8447627,1,1,1,10,2025,1,32,5.0,1700000.0,27368
8444696,1,1,1,10,2025,2,46,11.0,5500000.0,20815
8438396,1,2,1,10,2025,1,24,10.0,2000000.0,5905
8447384,1,2,1,10,2025,2,25,10.0,2700000.0,26852
8444931,1,1,1,10,2025,1,58,8.0,2000000.0,21446
8446670,1,1,1,10,2025,1,33,5.0,700000.0,25296
8442991,1,1,1,10,2025,2,55,3.0,945000.0,16432
8436717,1,2,1,10,2025,2,32,8.0,1800000.0,1885
8469418,1,2,1,10,2025,2,46,5.0,1000000.0,57160
8466040,1,1,1,10,2025,1,51,3.0,2480000.0,48864
8464983,1,2,1,10,2025,1,45,5.0,1100000.0,46700
8468074,1,4,1,10,2025,1,24,5.0,1423500.0,53786
8465272,1,1,1,10,2025,2,60,3.0,250000.0,47369
8472366,1,1,1,10,2025,1,52,10.0,4000000.0,63874
8469078,1,2,1,10,2025,2,39,5.0,1400000.0,56228
8450055,1,1,1,10,2025,1,51,4.0,600000.0,32788
8447272,1,1,1,10,2025,1,26,12.0,4000000.0,26555
8447397,1,3,1,10,2025,2,26,5.0,600000.0,26894
8442411,1,1,1,10,2025,2,22,8.0,1423500.0,15066
8472961,1,2,1,10,2025,2,66,3.0,320000.0,65004
8437317,1,1,1,10,2025,2,66,3.0,200000.0,3506
8467029,1,3,1,10,2025,1,35,6.0,2200000.0,51153
8443348,1,2,1,10,2025,1,16,4.0,1100000.0,17342
8467292,1,2,1,10,2025,2,19,9.0,210000.0,51839
8464600,1,1,1,10,2025,2,31,10.0,900000.0,45858
8441162,1,1,1,10,2025,1,53,5.0,1423500.0,12210
8470485,1,2,1,10,2025,1,29,3.0,1600000.0,59853
8471445,1,2,1,10,2025,2,18,4.0,1550000.0,62006
8469906,1,3,1,10,2025,1,41,5.0,1423500.0,58422
8446528,1,2,1,10,2025,2,35,5.0,1425000.0,24899
8470422,1,3,1,10,2025,1,15,4.0,720000.0,59693
8441513,1,4,1,10,2025,2,21,5.0,1423500.0,12915
8463955,1,1,1,10,2025,1,46,5.0,2500000.0,44472
8439924,1,3,1,10,2025,1,41,10.0,650000.0,9477
8468793,1,2,1,10,2025,1,21,3.0,450000.0,55506
8436920,1,3,1,10,2025,1,21,5.0,1423500.0,2492
8452173,1,1,1,10,2025,1,53,3.0,1500000.0,38132
8445439,1,1,1,10,2025,2,41,5.0,950000.0,22258
8448000,1,1,1,10,2025,1,24,5.0,1300000.0,28224
8438526,1,2,1,10,2025,2,46,11.0,4600000.0,6225
8441327,1,1,1,10,2025,1,47,8.0,1423500.0,12523
8469158,1,1,1,10,2025,2,29,8.0,1600000.0,56460
8440531,1,2,1,10,2025,2,34,12.0,2600000.0,10746
8441357,1,1,1,10,2025,2,53,5.0,700000.0,12586
8444310,1,3,1,10,2025,2,43,5.0,1423500.0,19800
8446845,1,2,1,10,2025,1,62,10.0,4000000.0,25642
8467597,1,3,1,10,2025,1,29,5.0,1400000.0,52590
8463228,1,3,1,10,2025,1,17,5.0,1400000.0,42690
8463573,1,1,1,10,2025,1,64,3.0,2000000.0,43610
8470071,1,1,1,10,2025,2,41,3.0,1423500.0,58861
8462866,1,2,1,10,2025,2,53,5.0,500000.0,41917
8463454,1,3,1,10,2025,2,22,12.0,3000000.0,43330
8443758,1,1,1,10,2025,2,32,5.0,2100000.0,18421
8452223,1,3,1,10,2025,2,31,10.0,3000000.0,38266
8466855,1,1,1,10,2025,1,24,3.0,400000.0,50743
8442024,1,1,1,10,2025,1,50,1.0,900000.0,14117
8473573,1,1,1,10,2025,2,45,8.0,2300000.0,65860
8439383,1,2,1,10,2025,2,21,10.0,2500000.0,8162
8446503,1,2,1,10,2025,1,43,5.0,1500000.0,24849
8463500,1,2,1,10,2025,2,58,5.0,100000.0,43457
8450281,1,2,1,10,2025,2,26,10.0,6000000.0,33357
8442233,1,1,1,10,2025,2,64,5.0,2500000.0,14627
8442903,1,1,1,10,2025,2,41,5.0,800000.0,16210
8470861,1,2,1,10,2025,2,33,5.0,1423500.0,60797
8446252,1,3,1,10,2025,1,37,3.0,1520000.0,24215
8440099,1,3,1,10,2025,2,26,10.0,1423500.0,9760
8469074,1,3,1,10,2025,2,22,5.0,1600000.0,56217
8470157,1,1,1,10,2025,2,53,4.0,500000.0,59073
8448036,1,2,1,10,2025,2,37,5.0,900000.0,28319
8463614,1,1,1,10,2025,1,30,5.0,1600000.0,43686
8438167,1,2,1,10,2025,1,25,4.0,680000.0,5340
8451413,1,2,1,10,2025,2,34,5.0,1423500.0,36202
8444922,1,2,1,10,2025,1,41,8.0,1623500.0,21416
8451024,1,1,1,10,2025,1,42,5.0,1500000.0,35190
8439170,1,3,1,10,2025,2,25,10.0,1423500.0,7656
8469400,1,2,1,10,2025,1,30,10.0,5800000.0,57112
8466115,1,1,1,10,2025,1,36,5.0,1000000.0,48995
8448327,1,2,1,10,2025,2,42,4.0,160000.0,28904
8446885,1,3,1,10,2025,1,24,10.0,2000000.0,25732
8467557,1,2,1,10,2025,2,59,4.0,1400000.0,52468
8438343,1,1,1,10,2025,2,57,5.0,100000.0,5779
8446555,1,1,1,10,2025,1,55,9.0,2800000.0,24966
8444772,1,2,1,10,2025,2,37,5.0,1000000.0,21032
8449907,1,1,1,10,2025,2,55,10.0,2200000.0,32399
8462458,1,1,1,10,2025,2,51,5.0,300000.0,41024
8440236,1,2,1,10,2025,2,26,5.0,400000.0,10070
8450920,1,1,1,10,2025,2,25,3.0,200000.0,34909
8441896,1,1,1,10,2025,1,50,3.0,1000000.0,13776
8449537,1,1,1,10,2025,1,59,3.0,1600000.0,31491
8440127,1,2,1,10,2025,1,31,5.0,1500000.0,9829
8449444,1,1,1,10,2025,2,20,5.0,1700000.0,31270
8464370,1,2,1,10,2025,2,29,9.0,1200000.0,45292
8468460,1,2,1,10,2025,1,40,5.0,1423500.0,54697
8443050,1,1,1,10,2025,1,67,3.0,750000.0,16600
8467135,1,1,1,10,2025,1,32,10.0,1800000.0,51482
8452328,1,1,1,10,2025,1,33,10.0,1500000.0,38518
8452047,1,3,1,10,2025,1,30,4.0,1300000.0,37797
8465537,1,3,1,10,2025,2,26,10.0,1423000.0,47825
8446607,1,2,1,10,2025,2,37,10.0,3000000.0,25138
8444793,1,1,1,10,2025,1,40,8.0,4500000.0,21089
8471610,1,2,1,10,2025,1,41,10.0,7000000.0,62352
8472053,1,1,1,10,2025,1,67,5.0,1423500.0,63193
8450756,1,3,1,10,2025,2,20,10.0,510000.0,34531
8445417,1,1,1,10,2025,1,71,3.0,300000.0,22205
8438698,1,2,1,10,2025,1,37,8.0,1500000.0,6618
8450418,1,2,1,10,2025,1,36,5.0,900000.0,33705
8443546,1,2,1,10,2025,1,24,10.0,1423500.0,17864
8450391,1,2,1,10,2025,2,30,10.0,2000000.0,33644
8442572,1,1,1,10,2025,1,33,8.0,1000000.0,15438
8464900,1,1,1,10,2025,1,42,10.0,1800000.0,46500
8448572,1,3,1,10,2025,1,42,3.0,2210000.0,29431
8464513,1,1,1,10,2025,1,31,5.0,1423500.0,45648
8465551,1,1,1,10,2025,2,35,10.0,2000000.0,47850
8446635,1,1,1,10,2025,2,54,4.0,1200000.0,25208
8450778,1,1,1,10,2025,2,35,5.0,2100000.0,34572
8446393,1,1,1,10,2025,2,56,3.0,2140000.0,24596
8447446,1,1,1,10,2025,2,24,10.0,4000000.0,27002
8463282,1,1,1,10,2025,1,30,9.0,2823500.0,42846
8461978,1,1,1,10,2025,1,53,10.0,1000000.0,39935
8446033,1,1,1,10,2025,2,57,5.0,360000.0,23622
8436547,1,2,1,10,2025,2,39,10.0,5000000.0,1444
8467452,1,1,1,10,2025,2,39,5.0,150000.0,52230
8437365,1,2,1,10,2025,2,38,9.0,1420000.0,3654
8443074,1,2,1,10,2025,2,43,3.0,1846000.0,16656
8440245,1,2,1,10,2025,1,33,3.0,2100000.0,10094
8447885,1,1,1,10,2025,1,50,5.0,2500000.0,27941
8446238,1,2,1,10,2025,1,49,5.0,1200000.0,24151
8471266,1,2,1,10,2025,1,26,11.0,2800000.0,61662
8449080,1,1,1,10,2025,1,67,8.0,10000000.0,30383
8451946,1,4,1,10,2025,1,24,4.0,1000000.0,37548
8442688,1,1,1,10,2025,2,66,4.0,800000.0,15694
8436445,1,2,1,10,2025,1,41,3.0,14230000.0,1164
8472279,1,3,1,10,2025,2,22,5.0,1250000.0,63697
8463192,1,4,1,10,2025,1,24,5.0,1900000.0,42594
8443273,1,1,1,10,2025,1,52,3.0,900000.0,17123
8470666,1,1,1,10,2025,2,71,8.0,14000000.0,60282
8473363,1,2,1,10,2025,2,28,5.0,900000.0,65758
8450536,1,1,1,10,2025,2,33,11.0,8247500.0,33971
8461979,1,1,1,10,2025,2,42,4.0,400000.0,39939
8437864,1,1,1,10,2025,2,28,8.0,1623500.0,4738
8464479,1,2,1,10,2025,1,70,3.0,400000.0,45564
8438230,1,9,1,10,2025,2,19,5.0,1400000.0,5461
8472635,1,2,1,10,2025,1,67,4.0,600000.0,64384
8465977,1,3,1,10,2025,2,33,5.0,1740000.0,48743
8467590,1,2,1,10,2025,2,53,3.0,200000.0,52561
8449488,1,1,1,10,2025,1,62,1.0,900000.0,31362
8436362,1,2,1,10,2025,2,37,4.0,250000.0,989
8473009,1,1,1,10,2025,2,59,10.0,2000000.0,65090
8446223,1,2,1,10,2025,1,36,12.0,7000000.0,24081
8437621,1,3,1,10,2025,2,47,10.0,1423500.0,4215
8449096,1,2,1,10,2025,2,34,5.0,1423500.0,30424
8444656,1,2,1,10,2025,2,29,5.0,1600000.0,20717
8462721,1,3,1,10,2025,1,7,3.0,,41647
8441088,1,2,1,10,2025,1,47,4.0,1000000.0,12050
8439693,1,3,1,10,2025,1,32,10.0,2700000.0,8928
8469273,1,3,1,10,2025,2,22,8.0,1423500.0,56744
8447390,1,2,1,10,2025,1,45,3.0,1300000.0,26870
8468458,1,1,1,10,2025,1,32,8.0,1500000.0,54692
8449178,1,1,1,10,2025,2,40,10.0,1500000.0,30551
8442474,1,1,1,10,2025,2,33,5.0,125000.0,15216
8462948,1,1,1,10,2025,2,77,3.0,1500000.0,42077
8463146,1,2,1,10,2025,2,46,3.0,500000.0,42490
8451325,1,2,1,10,2025,2,33,5.0,1400000.0,35967
8464047,1,1,1,10,2025,1,40,5.0,1423500.0,44658
8446921,1,1,1,10,2025,2,31,8.0,2000000.0,25820
8471081,1,1,1,10,2025,2,31,5.0,1423500.0,61321
8448997,1,1,1,10,2025,1,52,3.0,1440000.0,30216
8452403,1,1,1,10,2025,1,49,10.0,3000000.0,38717
8439102,1,1,1,10,2025,1,52,4.0,1400000.0,7516
8463785,1,1,1,10,2025,1,57,6.0,1423500.0,44095
8441095,1,2,1,10,2025,2,61,11.0,4200000.0,12059
8441468,1,1,1,10,2025,1,76,5.0,2000000.0,12819
8446584,1,2,1,10,2025,2,40,10.0,3200000.0,25066
8439861,1,1,1,10,2025,1,47,6.0,1500000.0,9346
8464647,1,1,1,10,2025,2,64,3.0,250000.0,45962
8448894,1,3,1,10,2025,1,19,5.0,720000.0,30028
8449514,1,2,1,10,2025,2,82,3.0,660000.0,31431
8468515,1,1,1,10,2025,2,22,10.0,1200000.0,54821
8469126,1,1,1,10,2025,1,26,10.0,1500000.0,56364
8471029,1,4,1,10,2025,2,21,5.0,100000.0,61196
8442224,1,1,1,10,2025,2,26,10.0,3500000.0,14602
8449981,1,2,1,10,2025,1,50,9.0,1500000.0,32623
8466444,1,2,1,10,2025,2,31,4.0,1320000.0,49752
8443159,1,1,1,10,2025,1,50,5.0,2000000.0,16849
8441858,1,2,1,10,2025,1,65,1.0,500000.0,13639
8444826,1,1,1,10,2025,1,50,3.0,1923500.0,21182
8444074,1,3,1,10,2025,1,28,1.0,300000.0,19265
8462457,1,1,1,10,2025,1,65,3.0,800000.0,41022
8440615,3,1,3,10,2025,2,38,6.0,1423500.0,10999
8464720,1,1,1,10,2025,2,57,8.0,1850000.0,46142
8448785,1,3,1,10,2025,2,19,5.0,1600000.0,29881
8444766,1,2,1,10,2025,1,43,3.0,800000.0,21013
8451383,1,3,1,10,2025,1,40,1.0,1600000.0,36129
8445913,1,2,1,10,2025,2,58,10.0,2000000.0,23324
8436473,1,1,1,10,2025,2,50,9.0,2400000.0,1232
8470665,1,1,1,10,2025,1,40,10.0,43000000.0,60279
8439287,1,2,1,10,2025,2,53,8.0,300000.0,7922
8437647,1,1,1,10,2025,1,36,10.0,7200000.0,4273
8445878,1,4,1,10,2025,1,27,5.0,800000.0,23236
8442311,1,2,1,10,2025,1,42,8.0,1425000.0,14807
8436612,1,2,1,10,2025,2,37,10.0,7200000.0,1607
8445691,1,1,1,10,2025,2,52,5.0,1423500.0,22864
8438996,1,2,1,10,2025,2,49,3.0,1500000.0,7266
8440680,1,1,1,10,2025,1,43,8.0,1423000.0,11176
8472263,1,1,1,10,2025,2,19,5.0,450000.0,63657
8446050,1,1,1,10,2025,2,50,11.0,5000000.0,23661
8468401,1,1,1,10,2025,1,27,10.0,1423500.0,54539
8449197,1,1,1,10,2025,1,60,5.0,1200000.0,30595
8439045,1,1,1,10,2025,1,51,5.0,300000.0,7358
8444634,2,1,2,10,2025,2,38,4.0,1000000.0,20653
8445984,1,2,1,10,2025,1,47,3.0,1423000.0,23495
8465521,1,2,1,10,2025,2,27,8.0,3400000.0,47794
8450375,1,1,1,10,2025,2,30,5.0,1423500.0,33605
8443219,1,2,1,10,2025,1,61,4.0,600000.0,16974
8450468,1,1,1,10,2025,2,30,5.0,2360000.0,33805
8468464,1,2,1,10,2025,2,63,10.0,1423000.0,54707
8436519,1,1,1,10,2025,1,29,5.0,1423500.0,1373
8444862,1,1,1,10,2025,2,47,10.0,4000000.0,21270
8446541,2,1,2,10,2025,1,34,5.0,1000000.0,24938
8442153,1,1,1,10,2025,1,61,4.0,750000.0,14395
8471587,1,2,1,10,2025,2,55,8.0,1700000.0,62293
8470419,1,1,1,10,2025,1,46,4.0,650000.0,59680
8438497,1,2,1,10,2025,1,27,9.0,1423500.0,6158
8463738,1,1,1,10,2025,2,52,3.0,800000.0,43974
8439826,1,1,1,10,2025,2,53,5.0,1200000.0,9232
8445371,1,1,1,10,2025,2,47,3.0,1000000.0,22098
8445792,1,1,1,10,2025,1,71,3.0,840000.0,23063
8436624,1,1,1,10,2025,1,66,5.0,1423500.0,1639
8437182,1,1,1,10,2025,2,45,5.0,350000.0,3120
8449181,1,3,1,10,2025,1,33,4.0,2400000.0,30564
8449442,1,4,1,10,2025,2,27,6.0,1500000.0,31267
8447482,1,1,1,10,2025,2,33,4.0,1000000.0,27103
8464507,1,2,1,10,2025,1,28,8.0,1600000.0,45632
8473327,1,1,1,10,2025,1,31,5.0,1800000.0,65703
8443066,1,2,1,10,2025,1,30,5.0,850000.0,16632
8462995,1,2,1,10,2025,1,44,5.0,800000.0,42186
8441769,1,1,1,10,2025,1,67,5.0,3300000.0,13453
8445231,1,1,1,10,2025,2,51,3.0,450000.0,21694
8450749,1,1,1,10,2025,1,31,6.0,900000.0,34510
8473180,1,3,1,10,2025,1,30,4.0,1623500.0,65385
8440620,1,2,1,10,2025,2,36,10.0,2000000.0,11011
8470329,1,1,1,10,2025,1,47,3.0,1200000.0,59480
8445707,1,2,1,10,2025,1,17,6.0,300000.0,22888
8468913,1,2,1,10,2025,2,29,5.0,1700000.0,55831
8463726,1,1,1,10,2025,2,56,9.0,1800000.0,43944
8442132,1,1,1,10,2025,1,31,10.0,1400000.0,14343
8446936,1,1,1,10,2025,1,22,9.0,1100000.0,25868
8436693,1,3,1,10,2025,2,33,9.0,8000000.0,1821
8468432,1,1,1,10,2025,1,58,10.0,5839000.0,54627
8466619,1,1,1,10,2025,1,41,5.0,1450000.0,50191
8462469,1,1,1,10,2025,1,36,3.0,1250000.0,41046
8442204,1,2,1,10,2025,1,18,5.0,600000.0,14554
8467589,1,1,1,10,2025,1,42,6.0,1500000.0,52557
8446280,1,2,1,10,2025,2,49,8.0,1423500.0,24293
8464507,1,1,1,10,2025,2,28,10.0,3700000.0,45631
8449949,1,2,1,10,2025,1,22,9.0,1420000.0,32518
8467076,1,2,1,10,2025,2,45,8.0,1423500.0,51269
8444022,1,1,1,10,2025,1,26,10.0,4500000.0,19098
8443503,1,4,1,10,2025,2,29,3.0,1300000.0,17761
8450550,1,1,1,10,2025,2,30,5.0,1423500.0,34008
8468430,1,1,1,10,2025,1,46,8.0,1423500.0,54621
8442150,1,3,1,10,2025,1,26,5.0,800000.0,14388
8465761,1,2,1,10,2025,2,47,5.0,700000.0,48249
8437634,1,3,1,10,2025,2,22,10.0,600000.0,4246
8450982,1,5,1,10,2025,1,19,10.0,300000.0,35103
8443347,1,1,1,10,2025,2,50,3.0,700000.0,17332
8441738,1,1,1,10,2025,1,51,5.0,1400000.0,13411
8449923,1,3,1,10,2025,1,24,8.0,2400000.0,32434
8464077,1,1,1,10,2025,2,42,9.0,1623500.0,44723
8442744,1,1,1,10,2025,2,44,3.0,500000.0,15831
8467327,1,2,1,10,2025,2,26,10.0,600000.0,51920
8446385,1,1,1,10,2025,1,34,3.0,1600000.0,24574
8465712,1,2,1,10,2025,2,60,1.0,600000.0,48130
8466753,1,3,1,10,2025,1,20,10.0,1200000.0,50507
8449857,1,3,1,10,2025,2,39,9.0,1500000.0,32291
8462435,1,1,1,10,2025,2,54,5.0,1800000.0,40980
8467140,1,1,1,10,2025,1,50,3.0,1423500.0,51499
8462521,1,2,1,10,2025,2,32,5.0,600000.0,41178
8446394,1,3,1,10,2025,2,26,12.0,1700000.0,24599
8450674,1,1,1,10,2025,2,43,12.0,3600000.0,34343
8448784,1,3,1,10,2025,2,26,10.0,2500000.0,29877
8467315,1,1,1,10,2025,1,53,3.0,1500000.0,51887
8472863,1,2,1,10,2025,2,22,8.0,1750000.0,64861
8448362,1,2,1,10,2025,2,49,5.0,1423500.0,28970
8462606,1,1,1,10,2025,1,49,5.0,1500000.0,41383
8465628,2,1,2,10,2025,2,20,10.0,1573500.0,47979
8464443,1,1,1,10,2025,2,65,3.0,1000000.0,45476
8440129,1,3,1,10,2025,2,33,10.0,2000000.0,9839
8436871,1,2,1,10,2025,1,19,8.0,400000.0,2305
8451992,1,1,1,10,2025,1,31,8.0,1600000.0,37674
8451829,1,1,1,10,2025,2,46,3.0,200000.0,37248
8440313,1,1,1,10,2025,2,44,5.0,1500000.0,10271
8472464,1,3,1,10,2025,1,30,6.0,1424000.0,64084
8473046,1,3,1,10,2025,2,29,8.0,1423500.0,65157
8441132,1,2,1,10,2025,2,25,8.0,1200000.0,12156
8472021,1,1,1,10,2025,1,35,3.0,500000.0,63108
8439870,1,2,1,10,2025,2,29,10.0,5000000.0,9367
8443252,1,1,1,10,2025,2,36,5.0,350000.0,17056
8472581,1,1,1,10,2025,2,29,8.0,1423500.0,64267
8447265,1,2,1,10,2025,2,38,5.0,1600000.0,26535
8471526,1,2,1,10,2025,2,42,6.0,700000.0,62114
8464935,1,1,1,10,2025,2,56,4.0,900000.0,46605
8446321,1,5,1,10,2025,1,23,5.0,2100000.0,24415
8441348,1,2,1,10,2025,2,39,4.0,1423500.0,12571
8472684,1,2,1,10,2025,1,25,5.0,600000.0,64497
8448471,1,1,1,10,2025,2,22,8.0,1680000.0,29210
8463414,1,1,1,10,2025,2,49,5.0,2000000.0,43222
8450715,1,1,1,10,2025,1,66,5.0,1423500.0,34428
8436902,1,1,1,10,2025,2,47,8.0,1542000.0,2428
8463773,1,1,1,10,2025,1,64,1.0,240000.0,44062
8447684,1,1,1,10,2025,2,64,8.0,2200000.0,27504
8463490,1,3,1,10,2025,2,20,8.0,1600000.0,43431
8451840,1,1,1,10,2025,2,34,10.0,1700000.0,37275
8469036,1,3,1,10,2025,2,21,5.0,1600000.0,56109
8438951,1,1,1,10,2025,2,60,5.0,1800000.0,7158
8437402,1,1,1,10,2025,1,38,11.0,1600000.0,3717
8441648,1,1,1,10,2025,2,46,10.0,4900000.0,13209
8442216,1,2,1,10,2025,1,55,9.0,5000000.0,14582
8468124,1,1,1,10,2025,1,33,5.0,1800000.0,53884
8438989,1,1,1,10,2025,2,44,11.0,15000000.0,7247
8447043,1,1,1,10,2025,2,51,5.0,900000.0,26093
8449618,1,1,1,10,2025,2,30,5.0,900000.0,31670
8470656,1,3,1,10,2025,1,28,11.0,1800000.0,60255
8440425,1,1,1,10,2025,2,60,3.0,800000.0,10503
8471572,1,1,1,10,2025,2,38,5.0,450000.0,62249
8471299,1,2,1,10,2025,2,61,4.0,400000.0,61719
8451595,1,2,1,10,2025,2,42,9.0,4300000.0,36609
8445411,1,3,1,10,2025,1,65,4.0,600000.0,22192
8472412,1,2,1,10,2025,2,40,8.0,1623500.0,63932
8445906,1,1,1,10,2025,1,83,3.0,300000.0,23301
8437688,1,3,1,10,2025,2,47,5.0,1423500.0,4374
8445301,1,1,1,10,2025,1,35,5.0,2400000.0,21928
8469133,1,4,1,10,2025,2,28,5.0,1423500.0,56387
8446585,1,5,1,10,2025,2,27,5.0,1423500.0,25075
8451374,1,2,1,10,2025,1,78,1.0,1200000.0,36093
8441164,1,1,1,10,2025,1,43,4.0,1750000.0,12214
8468170,1,1,1,10,2025,2,45,8.0,3210000.0,53995
8466764,1,5,1,10,2025,1,47,4.0,1000000.0,50535
8444810,1,1,1,10,2025,2,33,8.0,2900000.0,21140
8441180,1,1,1,10,2025,2,30,8.0,2150000.0,12239
8444866,1,1,1,10,2025,2,29,10.0,3219000.0,21274
8465773,1,1,1,10,2025,2,34,10.0,700000.0,48274
8451719,1,1,1,10,2025,2,48,3.0,1423500.0,36956
8446286,1,2,1,10,2025,2,38,10.0,2000000.0,24310
8436943,1,1,1,10,2025,1,41,10.0,2800000.0,2562
8467924,1,1,1,10,2025,1,52,5.0,2000000.0,53412
8443044,1,1,1,10,2025,1,35,5.0,1700000.0,16585
8448083,1,2,1,10,2025,2,59,4.0,700000.0,28452
8440358,1,1,1,10,2025,2,63,1.0,1700000.0,10368
8442317,1,3,1,10,2025,1,39,3.0,800000.0,14836
8473792,1,1,1,10,2025,1,55,9.0,1423500.0,66238
8473103,1,2,1,10,2025,2,37,5.0,1800000.0,65249
8444849,1,2,1,10,2025,2,38,8.0,1600000.0,21232
8437245,1,1,1,10,2025,1,40,8.0,3000000.0,3288
8441378,1,4,1,10,2025,2,31,10.0,500000.0,12650
8466527,1,1,1,10,2025,1,44,8.0,1700000.0,49989
8467630,1,1,1,10,2025,1,50,8.0,1700000.0,52679
8446104,1,1,1,10,2025,2,38,10.0,2900000.0,23786
8437868,1,2,1,10,2025,1,32,3.0,200000.0,4749
8472069,1,2,1,10,2025,2,34,5.0,2200000.0,63228
8473666,1,2,1,10,2025,1,34,10.0,6000000.0,66067
8450041,1,1,1,10,2025,2,39,12.0,5880000.0,32749
8447225,1,1,1,10,2025,1,36,5.0,3500000.0,26408
8468500,1,1,1,10,2025,1,45,12.0,4000000.0,54778
8472882,1,4,1,10,2025,1,21,5.0,1400000.0,64917
8466449,1,1,1,10,2025,2,39,5.0,100000.0,49758
8462212,1,1,1,10,2025,2,65,3.0,0.0,40506
8450927,1,1,1,10,2025,1,57,1.0,1000000.0,34939
8437791,1,2,1,10,2025,1,29,12.0,2600000.0,4571
8466195,1,2,1,10,2025,2,43,8.0,1800000.0,49183
8464771,1,6,1,10,2025,1,35,5.0,1400000.0,46243
8443794,1,1,1,10,2025,2,56,10.0,2000000.0,18507
8442123,1,1,1,10,2025,1,50,5.0,800000.0,14325
8436791,1,1,1,10,2025,2,31,10.0,9000000.0,2051
8469004,1,1,1,10,2025,1,37,3.0,700000.0,56025
8462193,1,2,1,10,2025,1,52,5.0,1423500.0,40454
8437670,1,2,1,10,2025,2,43,6.0,750000.0,4329
8446340,1,2,1,10,2025,1,44,10.0,2500000.0,24474
8436631,1,3,1,10,2025,2,21,4.0,100000.0,1658
8467090,1,1,1,10,2025,1,29,9.0,1500000.0,51324
8438401,1,1,1,10,2025,2,27,11.0,8500000.0,5913
8470625,1,1,1,10,2025,1,72,5.0,2000000.0,60187
8466977,1,2,1,10,2025,1,66,1.0,480000.0,51018
8439163,1,4,1,10,2025,1,65,3.0,6000000.0,7639
8442999,1,2,1,10,2025,2,53,11.0,8000000.0,16446
8445994,1,2,1,10,2025,2,48,8.0,300000.0,23526
8450784,1,1,1,10,2025,1,58,4.0,1400000.0,34582
8438837,1,2,1,10,2025,2,31,5.0,1500000.0,6921
8445808,1,1,1,10,2025,2,54,3.0,150000.0,23099
8464213,1,1,1,10,2025,1,75,5.0,1500000.0,44983
8463873,1,1,1,10,2025,2,33,5.0,1423500.0,44281
8465849,1,2,1,10,2025,2,53,5.0,1000000.0,48459
8471655,1,1,1,10,2025,2,28,3.0,700000.0,62405
8468593,1,2,1,10,2025,2,35,8.0,300000.0,55002
8439122,1,1,1,10,2025,1,53,3.0,1500000.0,7558
8444259,1,1,1,10,2025,2,38,4.0,1500000.0,19672
8470466,1,5,1,10,2025,1,25,5.0,2400000.0,59806
8470833,1,2,1,10,2025,2,30,5.0,150000.0,60753
8472285,1,1,1,10,2025,1,47,6.0,3000000.0,63712
8473830,1,2,1,10,2025,2,42,8.0,1423500.0,66348
8467041,1,1,1,10,2025,1,64,4.0,500000.0,51175
8468254,1,1,1,10,2025,1,36,1.0,1000000.0,54163
8469186,1,3,1,10,2025,2,18,10.0,300000.0,56539
8452147,1,5,1,10,2025,2,66,3.0,800000.0,38068
8441127,1,1,1,10,2025,2,29,4.0,1200000.0,12137
8449918,1,1,1,10,2025,1,54,9.0,2200000.0,32419
8450403,1,2,1,10,2025,2,57,4.0,150000.0,33668
8467240,1,2,1,10,2025,2,23,10.0,450000.0,51720
8445680,1,2,1,10,2025,1,30,3.0,1100000.0,22824
8472481,1,2,1,10,2025,1,27,5.0,1423500.0,64131
8445505,1,3,1,10,2025,1,16,4.0,700000.0,22414
8461778,1,3,1,10,2025,1,56,4.0,400000.0,39362
8473593,1,1,1,10,2025,2,39,3.0,540000.0,65899
8463366,1,1,1,10,2025,1,53,5.0,560000.0,43076
8464097,1,2,1,10,2025,2,40,8.0,1423500.0,44753
8446054,1,4,1,10,2025,1,28,4.0,1000000.0,23673
8463390,1,1,1,10,2025,1,55,10.0,2847000.0,43154
8437918,1,1,1,10,2025,2,35,4.0,1000000.0,4835
8444676,1,1,1,10,2025,2,37,10.0,1423500.0,20762
8437301,1,1,1,10,2025,2,28,5.0,1600000.0,3466
8452228,1,1,1,10,2025,1,32,10.0,500000.0,38274
8462916,1,1,1,10,2025,2,33,5.0,1500000.0,42021
8470134,1,1,1,10,2025,1,35,3.0,800000.0,59018
8444783,1,2,1,10,2025,1,47,4.0,1200000.0,21067
8439585,1,1,1,10,2025,2,39,3.0,544000.0,8632
8444150,1,1,1,10,2025,2,68,11.0,4000000.0,19426
8462384,1,1,1,10,2025,1,45,3.0,1600000.0,40863
8446828,1,2,1,10,2025,2,39,5.0,1500000.0,25595
8438384,1,2,1,10,2025,2,50,10.0,3200000.0,5882
8445988,1,1,1,10,2025,2,52,5.0,150000.0,23506
8445617,1,1,1,10,2025,2,56,5.0,700000.0,22687
8465267,1,1,1,10,2025,2,52,4.0,180000.0,47357
8440720,1,3,1,10,2025,2,52,3.0,2100000.0,11253
8442662,1,1,1,10,2025,2,37,4.0,1000000.0,15614
8464959,1,2,1,10,2025,1,20,4.0,1200000.0,46651
8451917,1,1,1,10,2025,2,42,11.0,8000000.0,37470
8445643,1,1,1,10,2025,1,65,1.0,1400000.0,22739
8443823,1,2,1,10,2025,1,36,9.0,2000000.0,18606
8470816,1,5,1,10,2025,1,48,3.0,1623500.0,60712
8467133,1,2,1,10,2025,1,63,3.0,600000.0,51480
8451557,1,2,1,10,2025,2,26,5.0,2450000.0,36544
8473669,1,1,1,10,2025,1,32,8.0,4500000.0,66073
8437324,3,2,3,10,2025,2,34,4.0,1200000.0,3539
8436577,1,3,1,10,2025,2,22,5.0,1200000.0,1514
8449068,1,1,1,10,2025,1,58,4.0,2100000.0,30361
8452355,1,1,1,10,2025,1,60,4.0,1600000.0,38594
8461811,1,2,1,10,2025,2,58,3.0,400000.0,39461
8438079,1,2,1,10,2025,1,39,9.0,600000.0,5160
8473116,1,1,1,10,2025,2,55,8.0,0.0,65266
8472492,1,1,1,10,2025,2,44,4.0,1900000.0,64168
8449417,1,1,1,10,2025,1,52,3.0,2500000.0,31189
8440732,1,2,1,10,2025,2,59,13.0,8000000.0,11278
8440125,1,1,1,10,2025,1,66,3.0,1400000.0,9822
8467826,1,2,1,10,2025,1,37,1.0,1423500.0,53145
8462910,1,1,1,10,2025,1,52,3.0,2000000.0,42007
8446257,1,1,1,10,2025,1,23,10.0,900000.0,24234
8443016,1,1,1,10,2025,2,53,11.0,5450000.0,16496
8452372,1,2,1,10,2025,2,37,5.0,1000000.0,38630
8465494,1,4,1,10,2025,2,22,10.0,1800000.0,47731
8465645,1,4,1,10,2025,2,18,5.0,400000.0,48020
8463336,1,2,1,10,2025,1,45,5.0,1000000.0,42984
8440797,1,2,1,10,2025,2,41,3.0,220000.0,11451
8451723,1,1,1,10,2025,1,38,11.0,3000000.0,36970
8446076,1,3,1,10,2025,2,33,10.0,3400000.0,23718
8467262,1,2,1,10,2025,2,37,3.0,400000.0,51765
8463560,1,1,1,10,2025,1,45,10.0,5600000.0,43581
8436252,1,1,1,10,2025,1,60,5.0,800000.0,737
8470323,1,1,1,10,2025,2,56,3.0,120000.0,59459
8451831,1,2,1,10,2025,2,37,3.0,400000.0,37257
8469142,1,1,1,10,2025,1,35,5.0,1200000.0,56411
8472281,1,1,1,10,2025,1,53,5.0,1600000.0,63702
8449621,1,1,1,10,2025,1,62,3.0,220000.0,31675
8449586,1,1,1,10,2025,1,60,4.0,400000.0,31595
8463396,1,1,1,10,2025,2,29,8.0,1423500.0,43164
8442487,1,2,1,10,2025,1,39,5.0,1423500.0,15250
8442300,1,1,1,10,2025,2,34,12.0,7000000.0,14766
8468267,1,1,1,10,2025,2,50,3.0,120000.0,54192
8437790,1,2,1,10,2025,2,55,8.0,3000000.0,4569
8445267,1,2,1,10,2025,2,61,3.0,400000.0,21813
8443851,1,1,1,10,2025,1,33,12.0,4000000.0,18674
8446852,1,1,1,10,2025,1,60,3.0,1500000.0,25656
8471517,1,1,1,10,2025,2,47,5.0,350000.0,62100
8437137,1,2,1,10,2025,1,32,10.0,2600000.0,3027
8436848,1,2,1,10,2025,2,22,7.0,1500000.0,2209
8442186,1,2,1,10,2025,1,54,3.0,1080000.0,14491
8444131,1,4,1,10,2025,1,36,5.0,1423500.0,19390
8446921,1,2,1,10,2025,1,32,9.0,4000000.0,25821
8448061,1,2,1,10,2025,2,43,5.0,840000.0,28403
8448937,1,2,1,10,2025,1,39,10.0,5000000.0,30123
8449939,1,2,1,10,2025,2,39,8.0,1425000.0,32479
8443227,1,3,1,10,2025,1,22,5.0,500000.0,16993
8468009,1,2,1,10,2025,1,47,5.0,1000000.0,53624
8461923,1,3,1,10,2025,1,18,5.0,270000.0,39775
8444870,1,1,1,10,2025,1,32,9.0,3500000.0,21278
8447080,1,1,1,10,2025,2,24,10.0,3000000.0,26177
8462022,1,1,1,10,2025,2,32,5.0,1316000.0,40071
8440820,1,1,1,10,2025,1,55,5.0,2500000.0,11511
8462369,1,2,1,10,2025,1,27,5.0,1800000.0,40831
8467180,1,1,1,10,2025,1,32,10.0,6600000.0,51583
8464412,1,1,1,10,2025,2,49,4.0,700000.0,45387
8447437,1,1,1,10,2025,1,48,5.0,1120000.0,26981
8443911,1,2,1,10,2025,2,35,3.0,900000.0,18824
8465877,1,1,1,10,2025,1,57,5.0,1500000.0,48540
8448288,1,2,1,10,2025,2,22,10.0,1423500.0,28842
8450578,1,1,1,10,2025,2,40,10.0,600000.0,34090
8437023,1,2,1,10,2025,2,28,10.0,2000000.0,2767
8438570,1,2,1,10,2025,2,34,10.0,800000.0,6326
8466215,1,1,1,10,2025,2,61,4.0,5000000.0,49218
8446509,1,3,1,10,2025,1,25,10.0,1500000.0,24863
8468245,1,1,1,10,2025,1,49,3.0,500000.0,54143
8469565,1,1,1,10,2025,1,75,4.0,1500000.0,57535
8439122,1,2,1,10,2025,2,53,3.0,1200000.0,7559
8439967,1,2,1,10,2025,2,48,3.0,650000.0,9492
8441298,1,1,1,10,2025,2,27,12.0,4000000.0,12469
8448376,1,2,1,10,2025,2,31,4.0,1000000.0,29000
8445184,1,1,1,10,2025,1,66,3.0,900000.0,21568
8436867,1,2,1,10,2025,2,20,8.0,500000.0,2292
8470856,1,1,1,10,2025,1,61,12.0,30000000.0,60789
8471909,1,1,1,10,2025,1,49,5.0,2000000.0,62917
8446217,1,1,1,10,2025,2,62,10.0,250000.0,24069
8440787,1,1,1,10,2025,2,29,5.0,900000.0,11423
8452596,1,2,1,10,2025,1,51,3.0,500000.0,39243
8448692,1,1,1,10,2025,2,41,5.0,300000.0,29662
8436318,1,2,1,10,2025,1,39,5.0,1200000.0,902
8469303,1,1,1,10,2025,2,51,10.0,6859600.0,56849
8470763,1,5,1,10,2025,1,29,5.0,1423500.0,60552
8437490,1,2,1,10,2025,2,44,10.0,4800000.0,3972
8450842,1,1,1,10,2025,2,31,10.0,3800000.0,34730
8451500,1,1,1,10,2025,2,44,3.0,1423000.0,36411
8446885,1,2,1,10,2025,2,45,8.0,1623500.0,25731
8466655,1,1,1,10,2025,2,35,10.0,2100000.0,50276
8440285,1,6,1,10,2025,1,59,3.0,500000.0,10196
8445252,1,3,1,10,2025,1,30,5.0,300000.0,21773
8448180,1,2,1,10,2025,1,25,5.0,1800000.0,28637
8440417,1,1,1,10,2025,1,66,3.0,600000.0,10487
8466859,1,1,1,10,2025,1,37,3.0,960000.0,50755
8451794,1,2,1,10,2025,1,23,12.0,1600000.0,37169
8435976,1,1,1,10,2025,1,56,3.0,900000.0,21
8465061,1,2,1,10,2025,1,59,5.0,1423500.0,46886
8462486,1,1,1,10,2025,1,48,3.0,600000.0,41084
8446669,1,1,1,10,2025,2,21,9.0,1423500.0,25295
8473718,1,1,1,10,2025,2,32,8.0,1423500.0,66164
8465599,1,1,1,10,2025,2,28,4.0,1600000.0,47939
8466074,1,1,1,10,2025,1,57,5.0,2300000.0,48912
8450872,1,1,1,10,2025,1,48,3.0,800000.0,34798
8466462,1,1,1,10,2025,1,22,3.0,1400000.0,49803
8448372,1,2,1,10,2025,1,40,5.0,600000.0,28992
8438519,1,1,1,10,2025,1,25,8.0,2400000.0,6212
8448580,1,1,1,10,2025,1,25,8.0,2100000.0,29450
8441005,1,1,1,10,2025,2,53,3.0,800000.0,11893
8446122,1,1,1,10,2025,2,68,3.0,600000.0,23829
8462377,1,3,1,10,2025,1,34,4.0,900000.0,40846
8468374,1,1,1,10,2025,1,45,9.0,2000000.0,54456
8466483,1,2,1,10,2025,1,48,1.0,1600000.0,49855
8447491,1,1,1,10,2025,1,44,5.0,4000000.0,27127
8449302,1,2,1,10,2025,1,66,3.0,230000.0,30877
8452521,1,2,1,10,2025,2,38,5.0,1800000.0,39041
8463016,1,1,1,10,2025,2,35,3.0,600000.0,42230
8449958,1,1,1,10,2025,2,25,9.0,1423500.0,32544
8467650,1,1,1,10,2025,1,47,4.0,1200000.0,52728
8462144,1,3,1,10,2025,2,30,8.0,100000.0,40369
8464850,1,2,1,10,2025,1,47,10.0,1423500.0,46391
8465673,1,1,1,10,2025,1,54,11.0,7500000.0,48092
8440398,1,1,1,10,2025,1,50,3.0,2700000.0,10454
8464660,1,1,1,10,2025,2,27,9.0,1423500.0,46010
8452288,1,1,1,10,2025,1,59,5.0,2350000.0,38431
8470390,1,1,1,10,2025,2,33,5.0,1600000.0,59608
8446436,1,3,1,10,2025,2,25,5.0,900000.0,24679
8472610,1,2,1,10,2025,2,33,5.0,700000.0,64329
8446897,1,1,1,10,2025,1,62,5.0,1400000.0,25751
8472430,1,5,1,10,2025,1,32,6.0,1423500.0,63985
8439640,1,3,1,10,2025,2,32,5.0,1423500.0,8763
8444523,1,3,1,10,2025,1,24,9.0,1600000.0,20369
8467061,1,1,1,10,2025,1,62,3.0,1000000.0,51226
8448769,1,1,1,10,2025,2,53,3.0,1423500.0,29846
8447942,1,2,1,10,2025,2,18,5.0,1300000.0,28100
8442169,1,2,1,10,2025,1,21,5.0,700000.0,14443
8464735,1,3,1,10,2025,1,17,3.0,600000.0,46179
8447027,1,3,1,10,2025,1,28,4.0,800000.0,26048
8468685,1,1,1,10,2025,2,56,3.0,250000.0,55225
8471796,1,3,1,10,2025,1,20,5.0,1423500.0,62681
8445245,1,7,1,10,2025,2,20,3.0,280000.0,21750
8440298,1,4,1,10,2025,1,24,10.0,800000.0,10235
8443910,1,1,1,10,2025,1,22,5.0,1200000.0,18818
8444786,1,1,1,10,2025,1,50,3.0,500000.0,21072
8446351,1,2,1,10,2025,2,35,4.0,480000.0,24501
8444530,1,2,1,10,2025,2,28,9.0,2200000.0,20388
8440305,1,1,1,10,2025,2,41,4.0,1423000.0,10253
8469910,1,1,1,10,2025,1,50,4.0,1423500.0,58434
8470587,1,1,1,10,2025,2,49,5.0,2846000.0,60091
8467090,1,4,1,10,2025,2,22,5.0,400000.0,51327
8452288,1,3,1,10,2025,2,23,10.0,2200000.0,38433
8470748,1,3,1,10,2025,1,52,5.0,1200000.0,60492
8437716,1,2,1,10,2025,1,54,8.0,1423500.0,4431
8439297,1,1,1,10,2025,1,61,5.0,1423500.0,7952
8448782,1,1,1,10,2025,1,38,10.0,5000000.0,29870
8464824,1,2,1,10,2025,1,34,3.0,1423500.0,46337
8440564,1,4,1,10,2025,1,15,4.0,100000.0,10834
8437803,1,2,1,10,2025,2,28,5.0,1700000.0,4595
8464750,1,1,1,10,2025,1,26,3.0,600000.0,46214
8438418,1,1,1,10,2025,1,47,5.0,1500000.0,5945
8448604,1,1,1,10,2025,2,36,3.0,1573500.0,29508
8466450,1,3,1,10,2025,2,22,4.0,350000.0,49764
8444377,1,1,1,10,2025,1,60,5.0,200000.0,19976
8438334,1,1,1,10,2025,1,65,1.0,400000.0,5749
8449937,1,1,1,10,2025,2,60,4.0,600000.0,32474
8473618,1,2,1,10,2025,1,40,5.0,1423000.0,65977
8472328,1,1,1,10,2025,1,71,11.0,1000000.0,63793
8437714,1,1,1,10,2025,1,58,5.0,2000000.0,4422
8473186,1,1,1,10,2025,2,32,10.0,3900000.0,65388
8452375,1,1,1,10,2025,1,37,4.0,3353000.0,38640
8447005,1,1,1,10,2025,1,38,8.0,1623000.0,26003
8450039,1,1,1,10,2025,2,47,10.0,8000000.0,32746
8450019,1,3,1,10,2025,1,26,10.0,2500000.0,32700
8467233,1,2,1,10,2025,2,63,5.0,400000.0,51707
8437009,1,1,1,10,2025,2,49,3.0,1723500.0,2727
8446086,1,3,1,10,2025,1,21,4.0,2700000.0,23737
8441213,1,1,1,10,2025,1,57,4.0,1500000.0,12316
8466805,1,1,1,10,2025,2,24,10.0,1600000.0,50616
8437588,1,1,1,10,2025,2,23,5.0,4500000.0,4146
8469077,1,1,1,10,2025,2,62,3.0,100000.0,56225
8466751,1,1,1,10,2025,2,60,6.0,2500000.0,50500
8449280,1,2,1,10,2025,2,21,5.0,200000.0,30816
8470978,1,3,1,10,2025,2,26,10.0,2000000.0,61083
8467506,1,1,1,10,2025,1,40,4.0,1500000.0,52364
8435989,1,1,1,10,2025,2,40,3.0,300000.0,67
8464125,1,2,1,10,2025,1,26,10.0,4000000.0,44799
8443649,1,2,1,10,2025,1,40,9.0,1200000.0,18152
8465701,1,2,1,10,2025,2,25,10.0,5800000.0,48095
8444236,1,1,1,10,2025,2,34,10.0,1800000.0,19607
8469036,1,4,1,10,2025,2,23,8.0,500000.0,56110
8463595,1,1,1,10,2025,2,42,9.0,3000000.0,43653
8437366,1,1,1,10,2025,1,39,10.0,1420000.0,3657
8448785,1,2,1,10,2025,1,27,10.0,2500000.0,29880
8462984,1,2,1,10,2025,2,24,5.0,1050000.0,42158
8444065,1,1,1,10,2025,2,46,11.0,4000000.0,19236
8442854,1,1,1,10,2025,1,25,10.0,2000000.0,16096
8445279,1,2,1,10,2025,1,43,5.0,600000.0,21860
8441070,1,1,1,10,2025,2,37,11.0,3100000.0,12016
8446495,1,3,1,10,2025,2,19,5.0,1900000.0,24836
8469007,1,1,1,10,2025,2,40,3.0,800000.0,56031
8466140,1,1,1,10,2025,2,39,4.0,1600000.0,49045
8446112,1,3,1,10,2025,1,30,10.0,2846000.0,23807
8444270,1,2,1,10,2025,2,39,5.0,600000.0,19691
8461853,1,1,1,10,2025,1,47,8.0,2900000.0,39581
8472172,1,1,1,10,2025,1,31,8.0,1500000.0,63466
8466217,1,2,1,10,2025,1,33,5.0,1800000.0,49225
8448537,1,1,1,10,2025,2,43,5.0,1785000.0,29351
8440344,1,1,1,10,2025,1,51,4.0,7000000.0,10331
8451577,1,1,1,10,2025,1,65,10.0,4000000.0,36575
8438428,1,1,1,10,2025,2,34,4.0,820000.0,5975
8462963,1,1,1,10,2025,1,29,5.0,1423500.0,42116
8443891,1,2,1,10,2025,2,36,5.0,1423500.0,18765
8442917,1,1,1,10,2025,2,46,10.0,4300000.0,16234
8470694,1,1,1,10,2025,2,32,5.0,1423000.0,60349
8469258,1,1,1,10,2025,1,46,6.0,1423500.0,56707
8447398,1,1,1,10,2025,1,58,5.0,1600000.0,26900
8466270,1,2,1,10,2025,2,29,8.0,2500000.0,49285
8468772,1,5,1,10,2025,1,20,10.0,1423500.0,55456
8464975,1,1,1,10,2025,1,36,8.0,1423500.0,46677
8448394,1,1,1,10,2025,2,39,10.0,2300000.0,29050
8465217,1,1,1,10,2025,2,35,10.0,2900000.0,47231
8465421,1,3,1,10,2025,2,19,8.0,960000.0,47583
8463628,1,2,1,10,2025,1,70,4.0,1000000.0,43724
8446439,1,2,1,10,2025,1,25,6.0,2000000.0,24688
8436948,1,1,1,10,2025,1,50,5.0,3500000.0,2578
8464477,1,3,1,10,2025,2,50,8.0,1423500.0,45558
8450706,1,1,1,10,2025,2,39,5.0,300000.0,34407
8452073,1,2,1,10,2025,1,21,8.0,1623500.0,37867
8450025,1,1,1,10,2025,1,22,5.0,1423500.0,32714
8472947,1,4,1,10,2025,1,46,5.0,1100000.0,64981
8449846,1,1,1,10,2025,2,63,8.0,1423500.0,32251
8467919,1,4,1,10,2025,1,52,10.0,600000.0,53399
8439008,1,2,1,10,2025,2,41,10.0,1423500.0,7292
8442838,1,4,1,10,2025,1,31,10.0,1423500.0,16061
8463752,1,1,1,10,2025,1,34,10.0,5600000.0,44002
8467856,1,1,1,10,2025,2,57,5.0,1400000.0,53241
8446542,1,1,1,10,2025,2,35,9.0,1425000.0,24947
8452400,1,1,1,10,2025,1,32,6.0,2000000.0,38709
8440450,1,1,1,10,2025,2,30,9.0,1423500.0,10550
8444901,1,2,1,10,2025,2,30,6.0,2500000.0,21356
8473253,1,2,1,10,2025,1,38,5.0,1400000.0,65537
8462009,1,3,1,10,2025,2,20,5.0,1200000.0,40033
8436256,1,1,1,10,2025,2,61,3.0,1000000.0,751
8465554,1,4,1,10,2025,1,30,5.0,1200000.0,47859
8450621,1,1,1,10,2025,1,38,5.0,15000000.0,34197
8441349,1,2,1,10,2025,1,70,3.0,2000000.0,12575
8448585,1,2,1,10,2025,2,40,10.0,3000000.0,29463
8447042,1,3,1,10,2025,2,18,5.0,1400000.0,26090
8445595,1,1,1,10,2025,2,37,5.0,160000.0,22637
8472262,1,1,1,10,2025,2,61,5.0,300000.0,63655
8463589,1,1,1,10,2025,2,49,10.0,300000.0,43642
8467970,1,3,1,10,2025,1,40,6.0,120000.0,53539
8464838,1,1,1,10,2025,1,51,3.0,430000.0,46361
8444898,1,2,1,10,2025,2,48,5.0,2400000.0,21348
8467306,1,1,1,10,2025,2,54,5.0,800000.0,51871
8470214,1,2,1,10,2025,1,32,8.0,2900000.0,59185
8437831,1,1,1,10,2025,2,44,3.0,500000.0,4649
8464747,1,1,1,10,2025,2,48,5.0,1500000.0,46211
8452212,1,1,1,10,2025,1,40,6.0,1600000.0,38230
8461929,1,1,1,10,2025,1,23,8.0,2600000.0,39788
8472059,1,1,1,10,2025,1,65,5.0,1000000.0,63208
8440166,1,1,1,10,2025,1,55,5.0,1000000.0,9915
8446365,1,3,1,10,2025,1,23,5.0,1423500.0,24531
8452102,1,1,1,10,2025,1,65,3.0,400000.0,37952
8466883,1,1,1,10,2025,2,24,4.0,1000000.0,50822
8469211,1,2,1,10,2025,2,37,5.0,1400000.0,56597
8450533,1,1,1,10,2025,2,52,3.0,1050000.0,33964
8443450,1,1,1,10,2025,2,65,6.0,500000.0,17603
8473801,1,1,1,10,2025,2,50,3.0,950000.0,66264
8447283,1,1,1,10,2025,2,42,4.0,1000000.0,26587
8445409,1,2,1,10,2025,1,75,3.0,500000.0,22189
8440241,1,1,1,10,2025,1,41,6.0,1400000.0,10082
8444520,1,2,1,10,2025,2,29,10.0,800000.0,20362
8450514,1,1,1,10,2025,1,44,11.0,5000000.0,33905
8470531,1,3,1,10,2025,1,22,6.0,1423000.0,59944
8467972,1,1,1,10,2025,2,57,3.0,800000.0,53543
8441688,1,1,1,10,2025,1,33,10.0,0.0,13299
8469660,1,1,1,10,2025,2,57,3.0,600000.0,57823
8444556,1,3,1,10,2025,2,27,12.0,8000000.0,20464
8468675,1,3,1,10,2025,2,38,5.0,1200000.0,55195
8449224,1,3,1,10,2025,1,53,4.0,1000000.0,30661
8473889,1,2,1,10,2025,2,39,11.0,1500000.0,66510
8468507,1,1,1,10,2025,2,45,3.0,2000000.0,54795
8442690,1,1,1,10,2025,2,60,8.0,6000000.0,15697
8445233,1,2,1,10,2025,1,33,5.0,1000000.0,21701
8450576,1,1,1,10,2025,2,44,5.0,700000.0,34084
8469474,1,2,1,10,2025,1,23,5.0,1400000.0,57287
8467624,1,3,1,10,2025,1,19,10.0,550000.0,52665
8473346,1,2,1,10,2025,1,33,5.0,2500000.0,65730
8467580,1,1,1,10,2025,2,35,3.0,500000.0,52530
8463961,1,2,1,10,2025,1,59,3.0,1200000.0,44489
8465393,1,1,1,10,2025,1,64,4.0,500000.0,47539
8437687,1,3,1,10,2025,2,49,9.0,3100000.0,4371
8451049,1,1,1,10,2025,2,38,5.0,800000.0,35248
8462156,1,1,1,10,2025,1,49,3.0,1300000.0,40395
8437528,1,2,1,10,2025,1,56,11.0,4500000.0,4061
8451958,1,2,1,10,2025,2,32,10.0,4000000.0,37582
8442901,1,1,1,10,2025,2,41,9.0,1423500.0,16204
8470509,1,1,1,10,2025,2,47,5.0,1423500.0,59893
8470567,1,2,1,10,2025,2,30,5.0,1800000.0,60033
8444156,1,6,1,10,2025,2,22,10.0,1423000.0,19443
8462712,1,1,1,10,2025,2,27,5.0,120000.0,41619
8441819,1,1,1,10,2025,2,32,8.0,1000000.0,13522
8437157,1,1,1,10,2025,2,50,10.0,7000000.0,3066
8440980,1,2,1,10,2025,2,42,5.0,1423500.0,11851
8438626,1,1,1,10,2025,1,60,10.0,2500000.0,6460
8448787,1,1,1,10,2025,1,76,3.0,400000.0,29882
8468165,1,1,1,10,2025,2,37,10.0,2300000.0,53983
8437960,1,3,1,10,2025,2,34,5.0,2500000.0,4909
8442304,1,1,1,10,2025,2,34,10.0,3500000.0,14781
8443344,1,2,1,10,2025,2,46,5.0,100000.0,17325
8438326,1,1,1,10,2025,2,35,8.0,900000.0,5725
8466209,1,1,1,10,2025,2,37,10.0,2000000.0,49210
8463988,1,2,1,10,2025,2,28,9.0,1423500.0,44544
8438390,1,2,1,10,2025,1,47,5.0,2500000.0,5898
8444689,1,2,1,10,2025,2,40,12.0,30000000.0,20793
8446084,1,2,1,10,2025,2,56,10.0,7000000.0,23731
8438135,1,1,1,10,2025,1,42,5.0,1000000.0,5264
8445924,1,1,1,10,2025,2,45,8.0,1200000.0,23345
8450950,1,1,1,10,2025,2,44,1.0,360000.0,35014
8447253,1,2,1,10,2025,1,56,4.0,500000.0,26490
8437714,1,4,1,10,2025,2,24,10.0,800000.0,4425
8466716,1,2,1,10,2025,2,38,5.0,2000000.0,50429
8469239,1,1,1,10,2025,2,55,8.0,2800000.0,56663
8439968,1,1,1,10,2025,2,46,10.0,2500000.0,9495
8473132,1,1,1,10,2025,2,58,4.0,300000.0,65304
8451875,1,1,1,10,2025,2,34,10.0,1423500.0,37359
8448228,1,1,1,10,2025,2,55,4.0,900000.0,28772
8449358,1,4,1,10,2025,2,2,,,31035
8437702,1,5,1,10,2025,1,24,8.0,1423500.0,4401
8451576,1,2,1,10,2025,2,30,5.0,1200000.0,36574
8446877,1,2,1,10,2025,2,43,6.0,2000000.0,25711
8471654,1,1,1,10,2025,2,51,3.0,410000.0,62402
8440390,1,2,1,10,2025,2,45,10.0,5700000.0,10443
8438601,1,1,1,10,2025,1,36,5.0,170000.0,6409
8444389,1,1,1,10,2025,1,43,12.0,10000000.0,20006
8443418,1,1,1,10,2025,1,62,5.0,1500000.0,17534
8462347,1,2,1,10,2025,1,36,5.0,1600000.0,40787
8442090,1,2,1,10,2025,2,38,5.0,100000.0,14257
8472561,1,1,1,10,2025,2,41,5.0,1500000.0,64228
8468540,1,2,1,10,2025,1,24,5.0,1100000.0,54889
8452496,1,1,1,10,2025,2,74,5.0,1423500.0,38969
8442261,1,1,1,10,2025,1,48,5.0,1423500.0,14689
8469836,1,2,1,10,2025,2,70,3.0,200000.0,58264
8450222,1,2,1,10,2025,2,40,11.0,3800000.0,33220
8436825,1,3,1,10,2025,1,47,5.0,800000.0,2120
8442478,1,1,1,10,2025,2,63,11.0,10000000.0,15226
8451138,1,1,1,10,2025,2,26,6.0,1180000.0,35470
8465396,1,1,1,10,2025,2,34,10.0,1423500.0,47542
8444153,1,1,1,10,2025,2,27,5.0,900000.0,19434
8440727,1,2,1,10,2025,1,38,11.0,3000000.0,11263
8439328,1,3,1,10,2025,1,42,5.0,500000.0,8039
8438593,1,2,1,10,2025,1,24,10.0,3300000.0,6389
8440307,1,1,1,10,2025,2,51,11.0,4200000.0,10259
8444512,1,3,1,10,2025,1,26,6.0,750000.0,20341
8437000,1,2,1,10,2025,1,23,10.0,2800000.0,2705
8467933,1,2,1,10,2025,2,79,8.0,400000.0,53442
8449475,1,1,1,10,2025,1,25,4.0,5000000.0,31329
8437756,1,1,1,10,2025,2,33,5.0,1523000.0,4503
8471259,1,1,1,10,2025,1,45,5.0,1623000.0,61645
8446847,1,2,1,10,2025,2,53,3.0,600000.0,25644
8467603,1,2,1,10,2025,1,31,10.0,7800000.0,52609
8470919,1,1,1,10,2025,1,57,3.0,2000000.0,60933
8438300,1,3,1,10,2025,2,44,8.0,600000.0,5646
8437813,1,3,1,10,2025,2,26,8.0,1423500.0,4607
8451473,1,1,1,10,2025,2,35,5.0,1423500.0,36339
8452554,1,1,1,10,2025,2,45,5.0,1500000.0,39134
8447900,1,1,1,10,2025,1,24,5.0,1650000.0,27986
8442803,1,1,1,10,2025,2,48,3.0,560000.0,15964
8444662,1,2,1,10,2025,1,26,9.0,1423000.0,20731
8440176,1,2,1,10,2025,2,21,5.0,1500000.0,9933
8440678,1,2,1,10,2025,2,37,11.0,6980000.0,11174
8451139,1,6,1,10,2025,2,33,10.0,3800000.0,35478
8445870,1,2,1,10,2025,1,23,4.0,1200000.0,23222
8444356,1,1,1,10,2025,2,41,3.0,600000.0,19915
8471661,1,1,1,10,2025,1,64,4.0,960000.0,62414
8466348,1,2,1,10,2025,1,43,4.0,1000000.0,49475
8445317,1,2,1,10,2025,1,52,1.0,1100000.0,21980
8447075,1,1,1,10,2025,2,51,3.0,840000.0,26163
8463685,1,8,1,10,2025,2,22,5.0,1500000.0,43857
8449344,1,2,1,10,2025,1,28,5.0,1600000.0,30992
8438839,1,1,1,10,2025,2,46,5.0,1423500.0,6925
8451603,1,1,1,10,2025,2,57,1.0,300000.0,36633
8440562,1,2,1,10,2025,1,53,5.0,1860000.0,10826
8439090,1,1,1,10,2025,2,30,8.0,200000.0,7487
8467208,1,1,1,10,2025,2,25,8.0,1900000.0,51648
8452105,1,3,1,10,2025,2,30,3.0,520000.0,37962
8469840,1,1,1,10,2025,2,47,4.0,1773500.0,58273
8467762,1,1,1,10,2025,1,24,9.0,3200000.0,52987
8439605,1,2,1,10,2025,2,25,5.0,140000.0,8676
8446039,1,1,1,10,2025,2,35,8.0,1850000.0,23638
8463198,1,2,1,10,2025,1,25,9.0,1200000.0,42614
8439468,1,3,1,10,2025,2,33,3.0,600000.0,8344
8466992,1,1,1,10,2025,1,45,4.0,500000.0,51063
8470393,1,1,1,10,2025,2,49,5.0,1900000.0,59617
8471737,1,2,1,10,2025,1,25,10.0,450000.0,62543
8470960,1,2,1,10,2025,1,46,5.0,2000000.0,61040
8442356,1,4,1,10,2025,1,27,5.0,1200000.0,14948
8466577,1,3,1,10,2025,1,18,3.0,1000000.0,50101
8466276,1,2,1,10,2025,1,28,5.0,1600000.0,49300
8449297,1,1,1,10,2025,2,26,5.0,500000.0,30863
8473275,1,2,1,10,2025,2,49,4.0,1600000.0,65578
8445325,1,2,1,10,2025,2,59,4.0,200000.0,21999
8463817,1,2,1,10,2025,2,29,6.0,200000.0,44186
8437324,1,4,1,10,2025,1,22,4.0,1200000.0,3532
8446570,1,1,1,10,2025,1,60,3.0,600000.0,25015
8465185,1,2,1,10,2025,1,45,4.0,1400000.0,47150
8473717,1,1,1,10,2025,2,62,9.0,4200000.0,66161
8448344,1,3,1,10,2025,2,31,10.0,2400000.0,28937
8450454,1,1,1,10,2025,2,53,8.0,3000000.0,33784
8464183,1,2,1,10,2025,1,59,3.0,2500000.0,44917
8446487,1,1,1,10,2025,1,30,10.0,3000000.0,24819
8439254,1,1,1,10,2025,2,37,4.0,1000000.0,7839
8436195,1,1,1,10,2025,1,49,5.0,1423500.0,606
8445704,1,1,1,10,2025,1,64,3.0,800000.0,22879
8464217,1,1,1,10,2025,1,22,4.0,1680000.0,44987
8469017,1,2,1,10,2025,2,32,5.0,800000.0,56061
8470374,1,3,1,10,2025,1,30,10.0,1400000.0,59571
8436724,1,2,1,10,2025,2,52,5.0,1000000.0,1905
8470466,1,4,1,10,2025,2,27,5.0,2000000.0,59805
8442300,1,2,1,10,2025,1,40,10.0,14000000.0,14767
8442340,1,1,1,10,2025,1,27,8.0,400000.0,14894
8442165,1,4,1,10,2025,2,34,9.0,400000.0,14427
8443229,1,2,1,10,2025,2,51,10.0,3400000.0,17000
8463164,3,5,3,10,2025,1,35,3.0,1600000.0,42529
8445821,1,2,1,10,2025,2,57,3.0,240000.0,23125
8442717,1,4,1,10,2025,2,29,8.0,450000.0,15761
8436159,1,1,1,10,2025,1,59,12.0,5900000.0,520
8450616,1,1,1,10,2025,2,54,5.0,800000.0,34186
8469993,1,1,1,10,2025,1,40,3.0,1000000.0,58660
8437914,1,1,1,10,2025,2,23,5.0,1200000.0,4831
8439192,1,2,1,10,2025,1,31,1.0,800000.0,7706
8473709,1,1,1,10,2025,1,35,5.0,900000.0,66138
8444443,1,1,1,10,2025,1,32,5.0,2423000.0,20152
8439444,1,2,1,10,2025,2,35,4.0,600000.0,8291
8452332,1,1,1,10,2025,1,51,5.0,2000000.0,38524
8449026,1,3,1,10,2025,2,29,4.0,2280000.0,30273
8436670,1,1,1,10,2025,1,71,4.0,1000000.0,1765
8437923,1,1,1,10,2025,2,24,10.0,1623000.0,4843
8462775,1,1,1,10,2025,2,51,8.0,1508000.0,41735
8471362,1,2,1,10,2025,2,34,10.0,3500000.0,61828
8451190,1,2,1,10,2025,1,29,3.0,1000000.0,35620
8473414,1,3,1,10,2025,1,22,4.0,1600000.0,65836
8450822,1,1,1,10,2025,2,33,5.0,1423500.0,34673
8437631,1,2,1,10,2025,2,61,5.0,800000.0,4237
8461958,1,1,1,10,2025,2,27,5.0,200000.0,39886
8465436,1,1,1,10,2025,2,52,5.0,1200000.0,47616
8466325,1,1,1,10,2025,2,20,4.0,120000.0,49383
8461841,1,1,1,10,2025,1,76,1.0,500000.0,39553
8437714,1,2,1,10,2025,2,51,9.0,1423500.0,4423
8461957,1,1,1,10,2025,1,65,1.0,400000.0,39882
8445348,1,2,1,10,2025,1,34,3.0,800000.0,22042
8447173,1,4,1,10,2025,2,48,8.0,500000.0,26291
8466065,1,2,1,10,2025,2,40,3.0,580000.0,48895
8466250,1,1,1,10,2025,2,46,10.0,3000000.0,49263
8437722,1,1,1,10,2025,2,38,10.0,4017000.0,4444
8437728,1,2,1,10,2025,1,43,5.0,2000000.0,4455
8468374,1,2,1,10,2025,2,43,9.0,1423500.0,54457
8470112,1,1,1,10,2025,1,36,3.0,0.0,58959
8442692,1,1,1,10,2025,2,57,5.0,400000.0,15702
8470061,1,8,1,10,2025,2,16,4.0,1000000.0,58835
8472069,1,1,1,10,2025,1,34,5.0,1700000.0,63227
8467551,1,1,1,10,2025,2,77,5.0,1200000.0,52452
8443462,1,3,1,10,2025,2,24,5.0,1400000.0,17642
8467082,1,2,1,10,2025,1,31,5.0,1423500.0,51296
8445286,1,1,1,10,2025,1,67,3.0,1160000.0,21876
8436417,1,1,1,10,2025,1,29,4.0,1200000.0,1099
8449929,1,1,1,10,2025,1,23,6.0,1423500.0,32449
8441432,1,2,1,10,2025,2,31,10.0,2000000.0,12736
8451148,1,1,1,10,2025,1,37,5.0,1800000.0,35496
8449584,1,1,1,10,2025,2,71,4.0,120000.0,31592
8446294,1,3,1,10,2025,1,52,8.0,800000.0,24335
8469847,1,1,1,10,2025,2,41,4.0,300000.0,58287
8447011,1,2,1,10,2025,1,65,5.0,800000.0,26015
8470166,1,1,1,10,2025,1,55,4.0,1750000.0,59092
8462506,1,2,1,10,2025,2,24,5.0,1423500.0,41139
8447063,1,5,1,10,2025,2,66,3.0,1300000.0,26143
8446662,1,2,1,10,2025,2,59,5.0,800000.0,25285
8436614,1,2,1,10,2025,1,55,10.0,4000000.0,1615
8464595,1,2,1,10,2025,1,33,5.0,1200000.0,45843
8468495,1,1,1,10,2025,1,45,3.0,1623000.0,54764
8440668,1,1,1,10,2025,1,66,3.0,10000000.0,11147
8471590,1,3,1,10,2025,2,41,9.0,1600000.0,62308
8463623,1,1,1,10,2025,1,50,5.0,1600000.0,43708
8468337,1,1,1,10,2025,1,70,9.0,150000.0,54341
8449046,1,2,1,10,2025,2,50,6.0,400000.0,30318
8451989,1,2,1,10,2025,1,51,5.0,1420000.0,37667
8440434,1,1,1,10,2025,2,38,5.0,1423500.0,10518
8440773,1,2,1,10,2025,2,59,5.0,100000.0,11392
8444614,1,1,1,10,2025,1,51,5.0,500000.0,20601
8468548,1,1,1,10,2025,2,41,8.0,3000000.0,54910
8446317,1,2,1,10,2025,2,62,5.0,1423500.0,24401
8444174,1,1,1,10,2025,2,21,4.0,650000.0,19478
8462229,1,2,1,10,2025,2,45,5.0,400000.0,40544
8436751,1,1,1,10,2025,1,43,3.0,1500000.0,1965
8471376,1,1,1,10,2025,2,58,11.0,6700000.0,61857
8443527,1,1,1,10,2025,2,50,10.0,9300000.0,17822
8443215,1,1,1,10,2025,2,69,3.0,900000.0,16959
8448409,1,4,1,10,2025,2,31,4.0,1400000.0,29087
8470289,1,2,1,10,2025,2,55,1.0,300000.0,59376
8438345,1,1,1,10,2025,2,23,5.0,480000.0,5785
8451889,1,1,1,10,2025,1,52,10.0,5000000.0,37394
8436969,1,6,1,10,2025,2,53,4.0,300000.0,2636
8437294,1,2,1,10,2025,2,29,5.0,500000.0,3443
8447225,1,2,1,10,2025,2,54,10.0,2400000.0,26409
8473208,1,1,1,10,2025,1,36,5.0,1423500.0,65443
8442053,1,1,1,10,2025,2,30,4.0,280000.0,14160
8446941,1,1,1,10,2025,2,31,8.0,1423500.0,25881
8473243,1,2,1,10,2025,1,29,5.0,1423500.0,65517
8469608,1,1,1,10,2025,2,46,5.0,1423500.0,57660
8452547,1,1,1,10,2025,2,37,5.0,1600000.0,39112
8464310,1,1,1,10,2025,1,42,5.0,600000.0,45126
8445722,1,1,1,10,2025,1,57,5.0,900000.0,22909
8465779,1,1,1,10,2025,2,73,3.0,500000.0,48294
8449770,1,1,1,10,2025,2,26,5.0,600000.0,32075
8442254,1,1,1,10,2025,2,28,5.0,1700000.0,14665
8443490,1,2,1,10,2025,1,41,8.0,1423500.0,17721
8462062,1,4,1,10,2025,2,49,8.0,1200000.0,40150
8466788,1,2,1,10,2025,1,56,1.0,1500000.0,50570
8439920,1,1,1,10,2025,1,34,8.0,2400000.0,9471
8464489,1,1,1,10,2025,1,32,10.0,7000000.0,45583
8440614,1,2,1,10,2025,2,44,8.0,1800000.0,10992
8469116,1,2,1,10,2025,2,46,5.0,1423500.0,56334
8451605,1,1,1,10,2025,1,42,3.0,1300000.0,36639
8446954,1,3,1,10,2025,1,22,8.0,,25905
8469574,1,3,1,10,2025,2,36,5.0,140000.0,57568
8461900,1,1,1,10,2025,2,27,10.0,1630000.0,39703
8436801,1,1,1,10,2025,2,26,10.0,900000.0,2066
8469374,1,2,1,10,2025,1,25,9.0,960000.0,57046
8463181,1,1,1,10,2025,2,30,5.0,2600000.0,42569
8472579,1,2,1,10,2025,2,49,5.0,711750.0,64261
8439484,1,1,1,10,2025,1,59,5.0,7600000.0,8381
8438079,1,3,1,10,2025,2,26,10.0,3000000.0,5161
8465637,1,2,1,10,2025,1,45,5.0,1423000.0,47995
8451032,1,1,1,10,2025,1,50,3.0,600000.0,35211
8450766,1,2,1,10,2025,2,51,3.0,500000.0,34552
8464317,1,1,1,10,2025,2,40,6.0,2000000.0,45153
8467129,1,1,1,10,2025,1,46,8.0,1425000.0,51464
8446178,1,1,1,10,2025,2,41,8.0,1500000.0,23966
8445813,1,2,1,10,2025,2,49,10.0,1800000.0,23109
8463413,1,6,1,10,2025,1,50,5.0,1450000.0,43221
8439418,1,1,1,10,2025,1,29,6.0,1423500.0,8234
8471799,1,2,1,10,2025,2,32,4.0,800000.0,62689
8440579,1,3,1,10,2025,1,30,3.0,400000.0,10889
8448198,1,1,1,10,2025,1,28,5.0,1423500.0,28683
8445699,1,2,1,10,2025,1,20,4.0,1500000.0,22877
8436542,1,1,1,10,2025,1,38,5.0,1450000.0,1429
8446239,1,7,1,10,2025,2,46,3.0,100000.0,24160
8451697,1,1,1,10,2025,1,44,10.0,3500000.0,36899
8473890,1,1,1,10,2025,1,42,12.0,21000000.0,66512
8464536,1,2,1,10,2025,2,27,10.0,1619000.0,45702
8444923,1,1,1,10,2025,2,51,3.0,1500000.0,21419
8470081,1,3,1,10,2025,2,21,5.0,1423500.0,58885
8448935,1,1,1,10,2025,1,42,8.0,1423500.0,30118
8468676,1,1,1,10,2025,2,55,3.0,600000.0,55198
8452259,1,1,1,10,2025,2,66,6.0,5000000.0,38348
8470213,1,1,1,10,2025,2,50,8.0,1500000.0,59182
8468051,1,2,1,10,2025,1,48,4.0,1800000.0,53730
8468691,1,1,1,10,2025,2,47,10.0,2300000.0,55242
8449913,1,2,1,10,2025,1,57,10.0,2800000.0,32412
8451661,1,1,1,10,2025,1,44,9.0,3000000.0,36805
8452360,1,1,1,10,2025,1,73,5.0,2000000.0,38607
8467386,1,1,1,10,2025,2,47,5.0,1000000.0,52084
8443718,1,1,1,10,2025,1,67,4.0,300000.0,18318
8467084,1,1,1,10,2025,1,39,5.0,1400000.0,51302
8447697,1,2,1,10,2025,1,70,5.0,1500000.0,27524
8466730,1,1,1,10,2025,1,65,3.0,1200000.0,50456
8442174,1,1,1,10,2025,1,64,3.0,1450000.0,14449
8467919,1,1,1,10,2025,1,48,10.0,2000000.0,53396
8452382,1,3,1,10,2025,2,60,10.0,1800000.0,38658
8463511,1,1,1,10,2025,2,57,11.0,10300000.0,43476
8466207,1,1,1,10,2025,2,59,5.0,1423500.0,49208
8439863,1,1,1,10,2025,2,50,3.0,1550000.0,9350
8439319,1,5,1,10,2025,2,25,5.0,200000.0,8018
8472746,1,1,1,10,2025,2,36,8.0,1423500.0,64642
8451302,1,2,1,10,2025,2,57,3.0,480000.0,35908
8470330,1,2,1,10,2025,2,37,4.0,1423500.0,59485
8441325,1,1,1,10,2025,2,59,12.0,3500000.0,12519
8466804,1,1,1,10,2025,1,53,4.0,1400000.0,50613
8448416,1,3,1,10,2025,1,20,10.0,1800000.0,29103
8442141,1,2,1,10,2025,2,58,3.0,200000.0,14367
8450031,1,3,1,10,2025,1,23,10.0,250000.0,32732
8444683,1,1,1,10,2025,1,31,5.0,2500000.0,20780
8465705,1,8,1,10,2025,2,29,5.0,300000.0,48110
8439089,1,4,1,10,2025,2,48,5.0,900000.0,7486
8448052,1,2,1,10,2025,1,31,10.0,1423500.0,28369
8465418,1,1,1,10,2025,2,44,5.0,2280000.0,47573
8467056,1,1,1,10,2025,1,57,5.0,2000000.0,51208
8446609,1,5,1,10,2025,2,28,9.0,3500000.0,25147
8467427,1,3,1,10,2025,2,30,10.0,2400000.0,52159
8443041,1,2,1,10,2025,2,33,10.0,1100000.0,16579
8445756,1,1,1,10,2025,1,39,5.0,1423500.0,22976
8440142,1,2,1,10,2025,2,50,5.0,1423500.0,9863
8463900,1,2,1,10,2025,1,27,10.0,1400000.0,44347
8470056,1,3,1,10,2025,2,23,8.0,1500000.0,58813
8462528,1,4,1,10,2025,2,24,10.0,2700000.0,41194
8443163,1,1,1,10,2025,1,63,4.0,300000.0,16853
8462099,1,6,1,10,2025,2,27,10.0,480000.0,40236
8470147,1,1,1,10,2025,1,31,5.0,1423500.0,59045
8444855,1,2,1,10,2025,2,32,6.0,500000.0,21251
8451814,1,2,1,10,2025,2,56,3.0,240000.0,37218
8463179,1,2,1,10,2025,1,43,8.0,1400000.0,42563
8447358,1,4,1,10,2025,2,28,5.0,1423500.0,26778
8448753,1,1,1,10,2025,2,26,8.0,2000000.0,29813
8437585,1,3,1,10,2025,2,31,8.0,2900000.0,4137
8472486,2,1,2,10,2025,1,53,3.0,1000000.0,64148
8451660,1,1,1,10,2025,1,48,10.0,5000000.0,36801
8443983,1,1,1,10,2025,2,48,10.0,1000000.0,18981
8440599,1,2,1,10,2025,1,63,3.0,1423500.0,10952
8464142,1,1,1,10,2025,1,56,5.0,0.0,44838
8449395,1,1,1,10,2025,1,53,5.0,900000.0,31132
8452315,1,1,1,10,2025,2,44,5.0,1423500.0,38490
8447201,1,2,1,10,2025,2,35,11.0,1700000.0,26340
8446377,1,2,1,10,2025,2,31,9.0,1423500.0,24556
8447573,1,1,1,10,2025,2,29,5.0,1423500.0,27262
8447083,1,1,1,10,2025,1,51,5.0,1800000.0,26179
8466376,1,1,1,10,2025,2,56,4.0,300000.0,49551
8470642,1,1,1,10,2025,1,52,1.0,600000.0,60225
8446059,1,1,1,10,2025,1,29,5.0,2000000.0,23685
8449356,1,1,1,10,2025,1,41,3.0,1500000.0,31027
8448421,1,1,1,10,2025,2,30,10.0,2500000.0,29124
8467244,1,2,1,10,2025,2,60,5.0,800000.0,51726
8464491,1,1,1,10,2025,1,32,5.0,1800000.0,45589
8441459,1,1,1,10,2025,2,31,6.0,800000.0,12810
8449759,1,1,1,10,2025,1,35,3.0,1100000.0,32048
8450446,1,1,1,10,2025,2,29,10.0,3500000.0,33773
8442500,1,1,1,10,2025,2,59,3.0,800000.0,15280
8447610,1,1,1,10,2025,2,60,5.0,1423500.0,27334
8443281,1,2,1,10,2025,1,25,5.0,1423500.0,17149
8468789,1,2,1,10,2025,1,35,10.0,1400000.0,55489
8462213,1,2,1,10,2025,1,50,3.0,800000.0,40509
8465646,1,4,1,10,2025,1,59,5.0,2000000.0,48025
8470369,1,4,1,10,2025,1,28,5.0,1423500.0,59551
8437076,1,2,1,10,2025,2,48,5.0,1723500.0,2878
8436991,1,2,1,10,2025,2,53,5.0,1000000.0,2686
8467035,1,1,1,10,2025,2,51,5.0,1623500.0,51163
8442581,1,2,1,10,2025,1,37,5.0,1423500.0,15444
8436114,1,1,1,10,2025,1,56,3.0,600000.0,418
8467333,1,3,1,10,2025,1,40,3.0,580000.0,51939
8449268,1,2,1,10,2025,2,75,3.0,300000.0,30778
8440556,1,1,1,10,2025,1,59,10.0,5800000.0,10807
8451365,1,1,1,10,2025,2,49,5.0,250000.0,36072
8441426,1,1,1,10,2025,1,56,3.0,800000.0,12720
8447793,1,6,1,10,2025,1,22,5.0,1400000.0,27710
8444926,1,1,1,10,2025,1,42,10.0,3000000.0,21433
8469824,1,1,1,10,2025,1,38,5.0,1400000.0,58236
8470992,1,2,1,10,2025,1,54,4.0,1940000.0,61110
8449975,1,2,1,10,2025,1,34,3.0,1800000.0,32606
8472408,1,1,1,10,2025,1,47,8.0,120000.0,63918
8443576,1,1,1,10,2025,2,40,4.0,250000.0,17944
8437607,1,2,1,10,2025,1,53,10.0,5300000.0,4181
8467692,1,1,1,10,2025,1,36,9.0,2450000.0,52823
8445186,1,2,1,10,2025,2,68,3.0,300000.0,21577
8443422,1,2,1,10,2025,1,65,3.0,1850000.0,17544
8471126,1,2,1,10,2025,2,41,12.0,4000000.0,61435
8462852,1,1,1,10,2025,2,43,10.0,2000000.0,41885
8444751,1,2,1,10,2025,1,40,5.0,1100000.0,20974
8466718,1,1,1,10,2025,2,51,10.0,3000000.0,50433
8448060,1,3,1,10,2025,1,33,11.0,1800000.0,28399
8444180,1,1,1,10,2025,1,50,5.0,1423500.0,19489
8449069,1,3,1,10,2025,2,20,6.0,740000.0,30368
8442683,1,1,1,10,2025,1,63,3.0,1500000.0,15680
8442260,1,1,1,10,2025,2,54,5.0,800000.0,14683
8471952,1,2,1,10,2025,1,28,5.0,1500000.0,62987
8436975,1,2,1,10,2025,1,43,10.0,2700000.0,2650
8472692,1,1,1,10,2025,1,57,4.0,1400000.0,64521
8441974,1,2,1,10,2025,2,44,5.0,1400000.0,14001
8471243,1,2,1,10,2025,2,36,12.0,7000000.0,61614
8452468,1,1,1,10,2025,2,66,4.0,500000.0,38912
8449206,1,1,1,10,2025,2,49,8.0,150000.0,30616
8467771,1,1,1,10,2025,2,35,10.0,2700000.0,53009
8464961,1,1,1,10,2025,2,51,4.0,1800000.0,46654
8468546,1,2,1,10,2025,1,44,10.0,2000000.0,54902
8466796,1,1,1,10,2025,1,52,3.0,1200000.0,50590
8470328,1,2,1,10,2025,1,58,4.0,1423500.0,59472
8469387,1,4,1,10,2025,2,37,8.0,1423500.0,57071
8471208,1,4,1,10,2025,1,41,5.0,1423500.0,61536
8439970,1,3,1,10,2025,2,23,5.0,1423500.0,9501
8466142,1,1,1,10,2025,1,36,8.0,1600000.0,49049
8446788,1,3,1,10,2025,1,33,12.0,4000000.0,25509
8443690,1,1,1,10,2025,2,51,11.0,11000000.0,18252
8471237,1,2,1,10,2025,2,26,10.0,1500000.0,61600
8462224,1,1,1,10,2025,1,30,5.0,500000.0,40530
8470998,1,1,1,10,2025,1,52,6.0,6000000.0,61127
8465323,1,1,1,10,2025,2,33,9.0,1850000.0,47408
8447543,1,1,1,10,2025,1,29,5.0,1500000.0,27201
8437319,1,1,1,10,2025,2,27,5.0,1423500.0,3514
8439575,1,3,1,10,2025,2,29,9.0,900000.0,8603
8449123,1,3,1,10,2025,2,32,10.0,3000000.0,30476
8465538,1,2,1,10,2025,2,27,5.0,1600000.0,47833
8441198,1,1,1,10,2025,2,45,6.0,1200000.0,12288
8469332,1,1,1,10,2025,1,52,1.0,500000.0,56952
8452319,1,2,1,10,2025,2,64,1.0,900000.0,38502
8468384,1,1,1,10,2025,1,43,4.0,1500000.0,54495
8450655,1,1,1,10,2025,2,42,5.0,1423500.0,34290
8449909,1,1,1,10,2025,2,30,10.0,3200000.0,32402
8469952,1,1,1,10,2025,1,45,5.0,1300000.0,58551
8450790,1,1,1,10,2025,2,52,9.0,1600000.0,34603
8449315,1,1,1,10,2025,1,26,4.0,550000.0,30928
8440369,1,2,1,10,2025,2,31,10.0,2100000.0,10392
8441471,1,1,1,10,2025,1,34,5.0,4000000.0,12826
8463021,1,1,1,10,2025,1,66,3.0,1300000.0,42242
8465761,1,4,1,10,2025,1,26,8.0,1000000.0,48251
8449589,1,1,1,10,2025,2,43,4.0,100000.0,31602
8443005,1,1,1,10,2025,1,49,4.0,3000000.0,16457
8447419,1,4,1,10,2025,1,20,5.0,1423500.0,26949
8463741,1,3,1,10,2025,1,29,10.0,2847000.0,43987
8445450,1,1,1,10,2025,2,40,5.0,1500000.0,22281
8471886,1,2,1,10,2025,1,55,5.0,1423500.0,62871
8444148,1,1,1,10,2025,2,57,10.0,3900000.0,19417
8448021,1,3,1,10,2025,1,24,4.0,1000000.0,28282
8451124,1,1,1,10,2025,1,38,1.0,960000.0,35431
8445736,1,1,1,10,2025,1,47,1.0,1050000.0,22940
8437754,1,4,1,10,2025,2,25,5.0,1423500.0,4499
8441556,1,1,1,10,2025,2,33,8.0,1423500.0,13019
8452557,1,2,1,10,2025,2,48,4.0,1423500.0,39145
8440827,1,4,1,10,2025,2,46,8.0,320000.0,11533
8466990,1,2,1,10,2025,2,47,5.0,500000.0,51057
8468273,1,1,1,10,2025,2,61,3.0,300000.0,54202
8444330,1,1,1,10,2025,1,41,10.0,1500000.0,19854
8451652,1,4,1,10,2025,2,20,10.0,1300000.0,36782
8441831,1,2,1,10,2025,1,32,5.0,1650000.0,13550
8440121,1,1,1,10,2025,1,52,4.0,1800000.0,9810
8442724,1,1,1,10,2025,2,43,5.0,600000.0,15778
8449228,1,3,1,10,2025,1,20,3.0,1000000.0,30671
8444884,1,2,1,10,2025,1,21,5.0,1500000.0,21316
8465224,1,1,1,10,2025,2,40,10.0,1600000.0,47252
8467968,1,1,1,10,2025,2,47,5.0,1423500.0,53533
8449859,1,2,1,10,2025,1,35,4.0,1426000.0,32296
8448217,1,3,1,10,2025,2,30,10.0,1600000.0,28736
8470067,1,1,1,10,2025,2,46,5.0,1423500.0,58849
8470811,1,1,1,10,2025,1,69,10.0,15000000.0,60695
8440554,1,2,1,10,2025,2,48,11.0,8000000.0,10801
8462831,1,1,1,10,2025,1,46,3.0,1723500.0,41858
8466987,1,5,1,10,2025,2,25,10.0,500000.0,51048
8468161,1,2,1,10,2025,2,65,3.0,540000.0,53973
8467036,1,1,1,10,2025,2,34,8.0,1800000.0,51164
8446443,1,1,1,10,2025,1,43,5.0,150000.0,24699
8444800,1,1,1,10,2025,2,56,3.0,600000.0,21110
8469070,1,1,1,10,2025,2,43,3.0,880000.0,56202
8471802,1,1,1,10,2025,2,34,9.0,1423500.0,62697
8446202,1,2,1,10,2025,2,45,8.0,1650000.0,24038
8462222,1,2,1,10,2025,1,55,4.0,100000.0,40527
8446918,1,2,1,10,2025,1,50,9.0,2000000.0,25814
8449702,1,1,1,10,2025,2,36,5.0,1150000.0,31900
8439512,1,3,1,10,2025,1,44,5.0,1600000.0,8427
8438575,1,2,1,10,2025,1,66,5.0,1070000.0,6345
8441325,1,3,1,10,2025,2,58,5.0,1800000.0,12521
8469336,1,1,1,10,2025,1,40,5.0,4000000.0,56966
8441057,1,2,1,10,2025,2,53,1.0,120000.0,11987
8446196,1,1,1,10,2025,1,72,10.0,5000000.0,24021
8469086,1,3,1,10,2025,2,28,4.0,870000.0,56251
8444535,1,4,1,10,2025,1,39,4.0,1800000.0,20405
8438849,1,3,1,10,2025,2,34,6.0,500000.0,6957
8438685,1,1,1,10,2025,1,44,8.0,1423500.0,6598
8451423,1,2,1,10,2025,2,49,8.0,1423500.0,36238
8446909,1,2,1,10,2025,1,36,3.0,1423500.0,25785
8464497,1,2,1,10,2025,2,35,9.0,1800000.0,45605
8447974,1,1,1,10,2025,1,59,3.0,1200000.0,28180
8449124,1,2,1,10,2025,1,55,4.0,1500000.0,30478
8452344,1,2,1,10,2025,2,45,10.0,4800000.0,38559
8440831,1,1,1,10,2025,1,59,4.0,1440000.0,11544
8450818,1,1,1,10,2025,1,58,3.0,800000.0,34663
8442049,1,2,1,10,2025,2,43,3.0,200000.0,14151
8470510,1,1,1,10,2025,2,38,10.0,2400000.0,59896
8469911,1,2,1,10,2025,2,33,10.0,1423000.0,58439
8468425,1,1,1,10,2025,1,23,10.0,800000.0,54607
8470171,1,1,1,10,2025,2,41,4.0,600000.0,59102
8467794,1,3,1,10,2025,1,24,5.0,1423500.0,53057
8473783,1,1,1,10,2025,2,49,6.0,2000000.0,66208
8443095,1,3,1,10,2025,1,34,9.0,1500000.0,16707
8473063,1,1,1,10,2025,1,47,5.0,2500000.0,65183
8451348,1,1,1,10,2025,2,73,3.0,300000.0,36029
8463315,1,2,1,10,2025,2,28,5.0,1423500.0,42918
8440482,1,2,1,10,2025,1,55,8.0,1000000.0,10625
8441144,1,1,1,10,2025,1,26,4.0,1300000.0,12179
8471179,1,2,1,10,2025,1,44,10.0,2800000.0,61470
8441405,1,1,1,10,2025,2,50,11.0,4500000.0,12697
8449429,1,1,1,10,2025,1,22,5.0,1250000.0,31233
8451091,1,2,1,10,2025,1,27,5.0,900000.0,35340
8443842,1,1,1,10,2025,2,24,10.0,1423500.0,18654
8442926,1,1,1,10,2025,1,54,4.0,3100000.0,16259
8451349,1,1,1,10,2025,1,78,3.0,1500000.0,36031
8436648,1,4,1,10,2025,2,32,10.0,220000.0,1711
8445907,1,1,1,10,2025,1,58,3.0,840000.0,23305
8466935,1,3,1,10,2025,2,23,5.0,500000.0,50898
8463161,1,1,1,10,2025,2,46,9.0,1500000.0,42511
8450649,1,1,1,10,2025,2,58,5.0,1600000.0,34277
8446236,1,3,1,10,2025,2,31,5.0,840000.0,24141
8451972,1,1,1,10,2025,2,50,5.0,2700000.0,37622
8445433,1,1,1,10,2025,2,30,8.0,1423500.0,22252
8472812,1,1,1,10,2025,2,25,10.0,6000000.0,64749
8439802,1,1,1,10,2025,1,37,5.0,1600000.0,9166
8441361,1,1,1,10,2025,2,37,3.0,400000.0,12603
8470655,1,2,1,10,2025,2,29,8.0,1000000.0,60250
8464508,1,2,1,10,2025,2,23,10.0,1750000.0,45634
8463949,1,1,1,10,2025,2,27,6.0,1423500.0,44457
8445419,1,1,1,10,2025,1,24,5.0,2800000.0,22211
8465072,1,2,1,10,2025,1,53,5.0,900000.0,46924
8463565,1,2,1,10,2025,2,57,5.0,1400000.0,43594
8467561,1,3,1,10,2025,1,32,5.0,1623500.0,52480
8451076,1,2,1,10,2025,2,23,8.0,1008000.0,35315
8440936,1,2,1,10,2025,2,41,3.0,1050000.0,11767
8436471,1,2,1,10,2025,1,58,5.0,2800000.0,1230
8446565,1,1,1,10,2025,1,37,8.0,6000000.0,25005
8443719,1,1,1,10,2025,1,30,4.0,1700000.0,18319
8471050,1,2,1,10,2025,1,68,3.0,1000000.0,61238
8470595,1,1,1,10,2025,1,50,9.0,4000000.0,60116
8468126,1,1,1,10,2025,2,45,8.0,3800000.0,53886
8439206,1,1,1,10,2025,2,39,11.0,3000000.0,7725
8450497,1,2,1,10,2025,1,55,3.0,1000000.0,33862
8440708,1,4,1,10,2025,1,60,3.0,800000.0,11215
8465730,1,2,1,10,2025,1,36,11.0,6000000.0,48173
8450917,1,2,1,10,2025,1,41,3.0,800000.0,34899
8441228,1,2,1,10,2025,2,23,8.0,2000000.0,12351
8449807,1,1,1,10,2025,2,41,10.0,2500000.0,32154
8464333,1,1,1,10,2025,1,29,8.0,600000.0,45198
8440217,1,1,1,10,2025,1,56,10.0,5500000.0,10026
8446337,1,2,1,10,2025,2,27,5.0,320000.0,24465
8446638,1,1,1,10,2025,2,37,5.0,1423500.0,25220
8468071,1,2,1,10,2025,2,58,5.0,2000000.0,53777
8451772,1,1,1,10,2025,2,64,3.0,400000.0,37110
8443552,1,1,1,10,2025,1,31,5.0,1200000.0,17886
8451806,1,1,1,10,2025,1,35,10.0,1623000.0,37195
8443264,1,1,1,10,2025,1,42,4.0,1423500.0,17089
8436937,1,1,1,10,2025,1,36,10.0,2500000.0,2541
8442591,1,1,1,10,2025,1,69,6.0,3600000.0,15467
8463917,1,1,1,10,2025,1,35,8.0,2000000.0,44380
8444164,1,1,1,10,2025,2,31,5.0,1400000.0,19458
8440678,1,1,1,10,2025,1,38,11.0,5000000.0,11173
8436000,1,4,1,10,2025,1,25,5.0,400000.0,107
8445629,1,1,1,10,2025,2,44,3.0,450000.0,22709
8451399,1,1,1,10,2025,1,54,3.0,1280000.0,36169
8448687,1,5,1,10,2025,1,27,5.0,1423500.0,29650
8461995,1,1,1,10,2025,1,55,3.0,1800000.0,39985
8445612,1,2,1,10,2025,1,53,4.0,640000.0,22673
8463568,1,2,1,10,2025,2,51,5.0,1050000.0,43605
8448056,1,2,1,10,2025,1,32,3.0,500000.0,28387
8439817,1,2,1,10,2025,2,56,4.0,3500000.0,9208
8461914,1,2,1,10,2025,2,37,5.0,800000.0,39735
8450608,1,3,1,10,2025,1,68,10.0,1580000.0,34172
8471089,1,2,1,10,2025,2,29,10.0,2000000.0,61340
8439537,1,2,1,10,2025,1,44,5.0,1300000.0,8509
8445772,1,1,1,10,2025,1,54,5.0,900000.0,23012
8450907,1,1,1,10,2025,2,40,5.0,620000.0,34866
8469452,1,2,1,10,2025,1,43,5.0,1423500.0,57218
8451959,1,2,1,10,2025,2,30,10.0,5200000.0,37584
8446330,1,4,1,10,2025,1,32,5.0,1423500.0,24440
8471441,1,1,1,10,2025,2,30,9.0,1600000.0,61994
8437640,1,2,1,10,2025,1,58,3.0,2000000.0,4262
8462004,1,3,1,10,2025,1,39,3.0,1000000.0,40016
8444012,1,2,1,10,2025,2,37,5.0,900000.0,19069
8469478,1,1,1,10,2025,1,32,11.0,5000000.0,57297
8448528,1,4,1,10,2025,1,30,8.0,1510000.0,29339
8465110,1,1,1,10,2025,1,41,3.0,1400000.0,47036
8448907,1,3,1,10,2025,2,21,5.0,100000.0,30057
8443800,1,1,1,10,2025,1,34,8.0,2800000.0,18527
8451567,1,1,1,10,2025,1,39,8.0,1523000.0,36561
8443070,1,2,1,10,2025,2,20,8.0,1600000.0,16650
8442144,1,1,1,10,2025,1,38,3.0,400000.0,14374
8471198,1,2,1,10,2025,2,38,11.0,2300000.0,61504
8471185,1,1,1,10,2025,2,46,4.0,1423500.0,61481
8464942,1,1,1,10,2025,1,67,9.0,2000000.0,46608
8446472,1,9,1,10,2025,1,37,5.0,1500000.0,24780
8440921,1,3,1,10,2025,2,24,10.0,1500000.0,11733
8437356,1,3,1,10,2025,1,42,9.0,2800000.0,3629
8463990,1,1,1,10,2025,1,54,8.0,2500000.0,44549
8438918,1,2,1,10,2025,2,23,5.0,1623500.0,7096
8445920,1,2,1,10,2025,2,38,3.0,1200000.0,23339
8437836,1,2,1,10,2025,1,51,8.0,1500000.0,4665
8473661,1,2,1,10,2025,2,34,8.0,711000.0,66058
8444000,1,1,1,10,2025,2,51,3.0,1200000.0,19033
8469892,1,2,1,10,2025,2,33,12.0,3500000.0,58387
8469041,1,3,1,10,2025,2,50,4.0,1000000.0,56123
8473850,1,2,1,10,2025,2,42,10.0,2000000.0,66402
8464335,1,2,1,10,2025,2,45,5.0,1050000.0,45205
8469947,1,2,1,10,2025,2,20,9.0,1500000.0,58545
8463793,1,2,1,10,2025,2,53,9.0,2000000.0,44118
8451076,1,1,1,10,2025,1,27,5.0,150000.0,35314
8446019,1,1,1,10,2025,2,66,3.0,300000.0,23583
8436907,1,1,1,10,2025,1,47,8.0,1500000.0,2446
8470404,1,2,1,10,2025,1,38,10.0,6000000.0,59639
8451312,1,3,1,10,2025,1,16,4.0,700000.0,35927
8445372,1,1,1,10,2025,2,53,5.0,600000.0,22100
8440636,1,3,1,10,2025,1,47,3.0,1530000.0,11060
8465459,1,3,1,10,2025,1,33,10.0,1500000.0,47665
8461849,1,1,1,10,2025,1,22,4.0,720000.0,39571
8436032,1,1,1,10,2025,1,31,10.0,3500000.0,239
8468072,1,2,1,10,2025,2,34,8.0,1200000.0,53779
8439920,1,2,1,10,2025,2,33,8.0,500000.0,9472
8452004,1,1,1,10,2025,2,53,8.0,2500000.0,37710
8444773,1,1,1,10,2025,1,47,5.0,800000.0,21034
8452122,1,2,1,10,2025,2,40,10.0,2000000.0,38005
8440184,1,1,1,10,2025,1,30,5.0,2100000.0,9951
8467060,1,6,1,10,2025,2,28,8.0,500000.0,51221
8466041,1,3,1,10,2025,1,25,10.0,2000000.0,48871
8462837,1,1,1,10,2025,2,30,5.0,1423500.0,41871
8438195,1,1,1,10,2025,1,46,13.0,6700000.0,5390
8466686,1,2,1,10,2025,1,23,5.0,1423500.0,50357
8436641,1,2,1,10,2025,2,47,8.0,1600000.0,1686
8436592,1,1,1,10,2025,2,66,8.0,5000000.0,1551
8439299,1,2,1,10,2025,1,33,8.0,1423500.0,7958
8442586,1,2,1,10,2025,1,33,4.0,1500000.0,15456
8446767,1,2,1,10,2025,2,44,10.0,2100000.0,25454
8446965,1,2,1,10,2025,1,68,4.0,2000000.0,25935
8440877,1,3,1,10,2025,1,46,4.0,380000.0,11669
8443957,1,1,1,10,2025,2,48,8.0,1600000.0,18915
8436306,1,1,1,10,2025,1,70,3.0,500000.0,872
8469524,1,1,1,10,2025,2,60,1.0,500000.0,57413
8450200,1,1,1,10,2025,2,34,10.0,3500000.0,33156
8464667,1,2,1,10,2025,1,31,5.0,1600000.0,46029
8467819,1,2,1,10,2025,2,63,3.0,1400000.0,53118
8462128,1,1,1,10,2025,2,28,5.0,2300000.0,40317
8447782,1,1,1,10,2025,1,22,5.0,2000000.0,27686
8441540,1,1,1,10,2025,1,32,8.0,2200000.0,12980
8440945,1,1,1,10,2025,2,34,5.0,1600000.0,11787
8468004,1,3,1,10,2025,2,19,8.0,1800000.0,53612
8472709,1,1,1,10,2025,2,59,5.0,1600000.0,64570
8448797,1,1,1,10,2025,2,63,5.0,800000.0,29908
8451412,1,3,1,10,2025,1,36,10.0,2500000.0,36199
8466094,1,1,1,10,2025,1,40,10.0,4000000.0,48944
8439108,1,1,1,10,2025,2,31,8.0,100000.0,7521
8446860,1,1,1,10,2025,2,42,4.0,1712000.0,25672
8470628,1,1,1,10,2025,2,34,10.0,4500000.0,60189
8443619,1,1,1,10,2025,1,60,3.0,8300000.0,18068
8441683,1,2,1,10,2025,1,38,4.0,900000.0,13286
8450064,1,1,1,10,2025,2,65,3.0,300000.0,32812
8441529,1,2,1,10,2025,2,34,8.0,1423500.0,12954
8472110,1,1,1,10,2025,1,28,6.0,1700000.0,63306
8440187,1,1,1,10,2025,2,37,10.0,4200000.0,9961
8438335,1,2,1,10,2025,2,32,10.0,2000000.0,5753
8468892,1,2,1,10,2025,1,30,9.0,1500000.0,55773
8452467,1,1,1,10,2025,2,19,5.0,1423500.0,38911
8436290,1,2,1,10,2025,1,36,3.0,1200000.0,830
8437039,1,1,1,10,2025,2,51,5.0,1423500.0,2799
8440030,1,2,1,10,2025,2,52,10.0,2650000.0,9615
8442140,1,1,1,10,2025,1,63,3.0,1000000.0,14363
8447385,1,1,1,10,2025,2,64,5.0,500000.0,26858
8463806,1,2,1,10,2025,2,22,10.0,1423500.0,44154
8436790,1,2,1,10,2025,1,58,5.0,15000000.0,2048
8452100,1,1,1,10,2025,1,52,5.0,1600000.0,37946
8467784,1,2,1,10,2025,1,29,4.0,900000.0,53037
8469119,1,1,1,10,2025,2,55,3.0,200000.0,56344
8470733,2,1,2,10,2025,2,33,8.0,1150000.0,60439
8462450,1,3,1,10,2025,2,19,5.0,200000.0,41008
8470282,1,1,1,10,2025,2,54,5.0,1900000.0,59355
8437614,1,2,1,10,2025,2,32,11.0,5200000.0,4197
8436686,1,1,1,10,2025,2,65,8.0,500000.0,1803
8444415,1,2,1,10,2025,2,52,12.0,6905000.0,20073
8448096,1,1,1,10,2025,1,31,10.0,900000.0,28477
8447599,1,1,1,10,2025,2,56,3.0,1623500.0,27306
8449982,1,4,1,10,2025,2,19,5.0,1423500.0,32628
8451351,1,2,1,10,2025,1,66,3.0,1000000.0,36036
8439613,1,4,1,10,2025,1,38,10.0,1500000.0,8699
8438148,1,6,1,10,2025,2,64,3.0,1150000.0,5291
8465043,1,1,1,10,2025,1,66,4.0,1500000.0,46859
8451539,1,1,1,10,2025,2,59,3.0,600000.0,36514
8465545,1,1,1,10,2025,2,21,5.0,1400000.0,47844
8450378,1,1,1,10,2025,1,38,3.0,500000.0,33614
8472548,1,1,1,10,2025,2,32,5.0,1423500.0,64205
8439670,1,3,1,10,2025,1,23,5.0,800000.0,8847
8448710,1,2,1,10,2025,2,42,5.0,700000.0,29709
8466400,1,3,1,10,2025,1,36,4.0,680000.0,49617
8437846,1,1,1,10,2025,1,68,3.0,200000.0,4692
8440560,1,1,1,10,2025,2,43,11.0,4000000.0,10818
8444773,1,2,1,10,2025,2,41,10.0,1423500.0,21035
8451155,1,1,1,10,2025,2,22,5.0,500000.0,35517
8437086,1,1,1,10,2025,2,35,5.0,1500000.0,2893
8441121,1,5,1,10,2025,1,24,5.0,1400000.0,12126
8462957,1,2,1,10,2025,2,26,10.0,2800000.0,42097
8448103,1,1,1,10,2025,2,56,5.0,1423000.0,28491
8443732,1,1,1,10,2025,1,27,12.0,2500000.0,18352
8437516,1,1,1,10,2025,1,27,10.0,5200000.0,4038
8447643,1,3,1,10,2025,2,27,10.0,2400000.0,27424
8441173,1,1,1,10,2025,2,30,5.0,500000.0,12229
8443600,1,1,1,10,2025,2,33,5.0,400000.0,18018
8470106,1,1,1,10,2025,1,75,3.0,775000.0,58945
8469335,1,2,1,10,2025,1,31,5.0,1600000.0,56964
8468016,1,3,1,10,2025,1,25,5.0,700000.0,53651
8440147,1,1,1,10,2025,1,51,5.0,1423500.0,9877
8461916,1,2,1,10,2025,1,18,3.0,300000.0,39742
8468364,1,2,1,10,2025,1,31,8.0,1425000.0,54420
8465112,1,1,1,10,2025,2,23,10.0,530000.0,47039
8461790,1,1,1,10,2025,1,35,8.0,300000.0,39400
8444253,1,1,1,10,2025,2,21,5.0,300000.0,19656
8437497,1,1,1,10,2025,1,64,3.0,1423500.0,3988
8473409,1,2,1,10,2025,2,22,10.0,1687000.0,65832
8442971,1,1,1,10,2025,2,32,6.0,1423500.0,16377
8468104,1,1,1,10,2025,2,73,4.0,900000.0,53851
8470824,1,2,1,10,2025,2,37,8.0,1000000.0,60732
8471459,1,4,1,10,2025,2,27,10.0,2500000.0,62033
8446660,1,1,1,10,2025,2,42,11.0,4000000.0,25277
8450494,1,1,1,10,2025,2,36,10.0,2900000.0,33857
8469020,1,1,1,10,2025,2,45,4.0,3000000.0,56068
8463556,1,3,1,10,2025,1,24,10.0,1423500.0,43575
8439635,1,1,1,10,2025,2,41,3.0,1423000.0,8750
8446201,1,2,1,10,2025,1,62,5.0,1423500.0,24036
8437399,1,2,1,10,2025,2,29,10.0,2800000.0,3713
8451506,1,2,1,10,2025,2,71,3.0,1250000.0,36425
8446535,1,1,1,10,2025,2,51,3.0,600000.0,24916
8472836,1,3,1,10,2025,1,21,5.0,1500000.0,64794
8440615,2,1,2,10,2025,2,58,3.0,1923500.0,10997
8472294,1,1,1,10,2025,2,22,8.0,300000.0,63725
8442058,1,1,1,10,2025,2,41,3.0,300000.0,14174
8462499,1,5,1,10,2025,2,40,3.0,480000.0,41119
8444707,2,3,2,10,2025,1,22,5.0,1600000.0,20855
8437501,1,1,1,10,2025,1,33,10.0,4000000.0,4000
8462427,1,1,1,10,2025,1,62,3.0,1400000.0,40964
8445272,1,1,1,10,2025,1,51,5.0,1423500.0,21833
8440534,1,4,1,10,2025,1,20,9.0,1423500.0,10753
8468944,1,1,1,10,2025,1,34,11.0,4500000.0,55879
8473007,1,3,1,10,2025,2,38,8.0,1423500.0,65088
8452530,1,1,1,10,2025,1,63,5.0,500000.0,39064
8445974,1,1,1,10,2025,2,46,3.0,600000.0,23463
8436158,1,1,1,10,2025,2,47,10.0,1423500.0,519
8451429,1,1,1,10,2025,1,40,5.0,1400000.0,36248
8451386,1,1,1,10,2025,2,59,3.0,550000.0,36136
8470395,1,4,1,10,2025,2,29,5.0,1600000.0,59627
8439759,1,1,1,10,2025,2,22,9.0,300000.0,9042
8442259,1,2,1,10,2025,1,41,4.0,1200000.0,14680
8439085,1,2,1,10,2025,1,49,8.0,5100000.0,7468
8470195,1,1,1,10,2025,2,47,4.0,350000.0,59144
8439705,1,1,1,10,2025,2,30,5.0,200000.0,8954
8447928,1,1,1,10,2025,1,31,5.0,1423500.0,28068
8445760,1,1,1,10,2025,1,52,4.0,1423500.0,22982
8445904,1,1,1,10,2025,2,49,10.0,860000.0,23296
8444302,1,3,1,10,2025,1,42,5.0,500000.0,19775
8467785,1,1,1,10,2025,1,39,8.0,2000000.0,53038
8464256,1,1,1,10,2025,2,43,5.0,5300000.0,45036
8444372,1,2,1,10,2025,1,39,5.0,1423500.0,19958
8451041,1,1,1,10,2025,2,65,3.0,1200000.0,35230
8443514,1,1,1,10,2025,1,61,5.0,1420000.0,17796
8469236,1,1,1,10,2025,1,37,8.0,2900000.0,56658
8471776,1,1,1,10,2025,2,28,8.0,800000.0,62634
8439676,1,1,1,10,2025,2,43,6.0,940000.0,8871
8452001,1,5,1,10,2025,2,2,,,37704
8436712,1,1,1,10,2025,1,36,10.0,2000000.0,1876
8463948,1,3,1,10,2025,1,21,8.0,1423500.0,44456
8468689,1,1,1,10,2025,2,31,5.0,1500000.0,55234
8468020,1,1,1,10,2025,1,43,3.0,1100000.0,53662
8444716,1,1,1,10,2025,2,61,12.0,8000000.0,20876
8449779,1,1,1,10,2025,2,23,5.0,1400000.0,32094
8470867,1,1,1,10,2025,1,57,8.0,1500000.0,60813
8461858,1,2,1,10,2025,1,44,3.0,1200000.0,39594
8439073,1,3,1,10,2025,1,34,4.0,500000.0,7435
8446598,1,3,1,10,2025,2,41,10.0,3000000.0,25111
8452082,1,2,1,10,2025,1,50,6.0,1423500.0,37891
8464929,1,3,1,10,2025,1,33,5.0,1000000.0,46591
8444399,1,4,1,10,2025,2,41,6.0,2000000.0,20039
8451489,1,2,1,10,2025,1,20,4.0,1000000.0,36384
8444688,1,1,1,10,2025,2,63,6.0,900000.0,20791
8450640,1,1,1,10,2025,2,65,5.0,100000.0,34245
8463677,1,2,1,10,2025,2,41,8.0,5000000.0,43834
8467364,1,2,1,10,2025,1,29,4.0,100000.0,52024
8436977,1,2,1,10,2025,2,52,5.0,1423500.0,2655
8441291,1,2,1,10,2025,2,54,8.0,2500000.0,12462
8444719,1,1,1,10,2025,1,41,8.0,7000000.0,20881
8436762,1,1,1,10,2025,2,34,8.0,1823500.0,1994
8473696,1,1,1,10,2025,2,58,10.0,3500000.0,66109
8465010,1,7,1,10,2025,1,20,5.0,500000.0,46776
8436592,1,2,1,10,2025,2,47,5.0,4000000.0,1552
8468174,1,2,1,10,2025,2,38,8.0,2400000.0,54003
8449696,1,2,1,10,2025,1,32,5.0,1200000.0,31875
8464601,1,2,1,10,2025,2,65,8.0,200000.0,45862
8449507,1,2,1,10,2025,2,44,9.0,3200000.0,31417
8451073,1,1,1,10,2025,2,46,3.0,1080000.0,35304
8440664,1,2,1,10,2025,1,19,5.0,1423500.0,11135
8436304,1,1,1,10,2025,1,66,3.0,600000.0,868
8462631,1,1,1,10,2025,1,75,1.0,800000.0,41427
8472436,1,1,1,10,2025,2,60,5.0,700000.0,64002
8465095,1,2,1,10,2025,2,64,4.0,800000.0,46995
8450358,1,2,1,10,2025,2,34,10.0,2000000.0,33568
8448076,1,1,1,10,2025,1,78,3.0,0.0,28433
8448726,1,1,1,10,2025,2,49,3.0,500000.0,29751
8468669,1,2,1,10,2025,2,39,12.0,4270500.0,55174
8466806,1,1,1,10,2025,1,31,10.0,1520000.0,50618
8469054,1,2,1,10,2025,2,29,4.0,800000.0,56162
8451316,1,2,1,10,2025,2,29,10.0,3824000.0,35945
8466567,1,2,1,10,2025,1,62,3.0,2000000.0,50068
8462424,1,1,1,10,2025,1,38,5.0,3000000.0,40956
8442765,1,2,1,10,2025,1,50,5.0,1423500.0,15880
8442516,1,1,1,10,2025,1,45,3.0,800000.0,15318
8443165,1,1,1,10,2025,1,66,3.0,150000.0,16857
8466440,1,2,1,10,2025,2,44,1.0,230000.0,49743
8447842,1,1,1,10,2025,1,37,5.0,1600000.0,27861
8437603,1,1,1,10,2025,1,69,3.0,1250000.0,4171
8441563,1,2,1,10,2025,2,57,10.0,6500000.0,13042
8466395,1,1,1,10,2025,1,56,3.0,900000.0,49591
8452241,1,1,1,10,2025,1,38,5.0,800000.0,38303
8473863,1,1,1,10,2025,1,40,5.0,2400000.0,66429
8470492,1,3,1,10,2025,1,27,5.0,1900000.0,59865
8472223,1,2,1,10,2025,2,27,5.0,1423500.0,63567
8441384,1,1,1,10,2025,2,43,5.0,600000.0,12665
8443139,1,2,1,10,2025,1,48,9.0,3000000.0,16813
8467821,1,1,1,10,2025,1,60,5.0,1423500.0,53129
8437128,1,1,1,10,2025,2,37,12.0,27000000.0,3002
8466199,1,1,1,10,2025,2,41,5.0,1400000.0,49192
8442606,1,1,1,10,2025,2,25,8.0,1800000.0,15492
8442759,1,1,1,10,2025,2,39,5.0,1840000.0,15863
8472470,1,1,1,10,2025,1,49,5.0,1426000.0,64102
8468265,1,1,1,10,2025,1,28,3.0,1420000.0,54190
8471756,1,1,1,10,2025,2,47,11.0,2000000.0,62587
8463393,1,1,1,10,2025,1,40,5.0,1200000.0,43158
8438966,1,2,1,10,2025,2,39,8.0,1600000.0,7197
8465783,1,2,1,10,2025,2,62,3.0,150000.0,48304
8441676,1,2,1,10,2025,2,33,5.0,3000000.0,13265
8471989,1,3,1,10,2025,1,26,10.0,1400000.0,63049
8469442,1,1,1,10,2025,1,46,10.0,2400000.0,57195
8440156,1,1,1,10,2025,1,61,10.0,3500000.0,9898
8451233,1,1,1,10,2025,2,54,3.0,280000.0,35725
8464447,1,1,1,10,2025,1,49,5.0,850000.0,45486
8451763,1,3,1,10,2025,2,28,8.0,1500000.0,37083
8436509,1,4,1,10,2025,2,41,5.0,2250000.0,1338
8445840,1,1,1,10,2025,1,57,3.0,400000.0,23168
8443284,1,1,1,10,2025,2,33,5.0,300000.0,17161
8472757,1,1,1,10,2025,1,55,3.0,1600000.0,64660
8470807,1,2,1,10,2025,2,26,10.0,3800000.0,60688
8452492,1,1,1,10,2025,1,54,4.0,1423500.0,38960
8469642,1,4,1,10,2025,2,23,8.0,1400000.0,57767
8441683,1,3,1,10,2025,1,35,5.0,1423500.0,13287
8451926,1,1,1,10,2025,2,28,5.0,800000.0,37490
8449325,1,1,1,10,2025,1,41,4.0,150000.0,30948
8440099,1,2,1,10,2025,2,48,9.0,2000000.0,9759
8450982,1,3,1,10,2025,1,39,5.0,900000.0,35101
8447622,1,1,1,10,2025,2,45,3.0,1120000.0,27360
8448426,1,1,1,10,2025,1,31,5.0,1500000.0,29131
8448920,1,2,1,10,2025,2,22,10.0,720000.0,30100
8440430,1,1,1,10,2025,1,36,5.0,1800000.0,10513
8446375,1,2,1,10,2025,2,44,4.0,1200000.0,24552
8446096,1,3,1,10,2025,2,57,5.0,600000.0,23764
8442884,1,5,1,10,2025,2,25,10.0,1900000.0,16172
8438897,1,1,1,10,2025,2,38,5.0,600000.0,7053
8452313,1,1,1,10,2025,2,29,4.0,800000.0,38486
8449772,1,2,1,10,2025,1,39,1.0,1100000.0,32080
8438628,1,1,1,10,2025,1,58,12.0,6000000.0,6465
8470756,1,6,1,10,2025,2,23,9.0,1423500.0,60525
8462589,1,2,1,10,2025,1,44,3.0,1500000.0,41359
8463448,1,3,1,10,2025,1,28,5.0,1450000.0,43320
8461814,1,2,1,10,2025,2,43,3.0,250000.0,39467
8442195,1,4,1,10,2025,2,20,8.0,1850000.0,14517
8449473,1,1,1,10,2025,1,37,5.0,1200000.0,31324
8450166,1,1,1,10,2025,1,49,5.0,1423500.0,33072
8444929,1,1,1,10,2025,2,38,8.0,2500000.0,21441
8451838,1,1,1,10,2025,1,60,8.0,1500000.0,37272
8468977,1,2,1,10,2025,2,42,5.0,4000000.0,55953
8465237,1,1,1,10,2025,1,50,5.0,700000.0,47292
8462108,1,1,1,10,2025,1,56,4.0,1000000.0,40261
8436793,1,1,1,10,2025,1,42,10.0,6000000.0,2053
8470360,1,1,1,10,2025,1,27,4.0,1400000.0,59532
8466366,1,1,1,10,2025,1,30,5.0,1000000.0,49521
8469381,1,1,1,10,2025,2,59,5.0,700000.0,57057
8445416,1,1,1,10,2025,2,21,3.0,1100000.0,22202
8462245,1,1,1,10,2025,1,59,3.0,1500000.0,40581
8446386,1,3,1,10,2025,1,23,10.0,4500000.0,24579
8452208,1,1,1,10,2025,2,67,9.0,1000000.0,38218
8452333,1,1,1,10,2025,1,57,5.0,1900000.0,38525
8463650,1,2,1,10,2025,2,40,8.0,2600000.0,43779
8450584,1,1,1,10,2025,2,40,10.0,5000000.0,34106
8471895,1,1,1,10,2025,2,60,3.0,1160000.0,62891
8467481,1,1,1,10,2025,1,59,10.0,4000000.0,52310
8447259,1,1,1,10,2025,2,32,10.0,1500000.0,26517
8467219,1,1,1,10,2025,2,44,8.0,1500000.0,51676
8452029,1,1,1,10,2025,2,38,8.0,1500000.0,37758
8472683,1,1,1,10,2025,2,53,5.0,1500000.0,64494
8468751,1,1,1,10,2025,2,32,10.0,900000.0,55407
8452118,1,1,1,10,2025,2,41,10.0,4000000.0,37998
8448995,1,2,1,10,2025,2,55,3.0,1423500.0,30212
8436856,1,1,1,10,2025,1,72,3.0,300000.0,2233
8467612,1,1,1,10,2025,2,57,1.0,550000.0,52631
8450095,1,4,1,10,2025,2,35,5.0,1400000.0,32906
8463008,1,1,1,10,2025,1,78,3.0,940000.0,42219
8451236,1,1,1,10,2025,2,43,5.0,240000.0,35735
8446659,1,1,1,10,2025,2,34,8.0,1690000.0,25273
8467075,1,1,1,10,2025,2,27,5.0,1423500.0,51265
8470281,1,1,1,10,2025,1,25,5.0,1800000.0,59352
8468722,1,2,1,10,2025,2,24,8.0,1423500.0,55334
8442839,1,1,1,10,2025,2,58,3.0,500000.0,16064
8467829,1,4,1,10,2025,1,22,9.0,1423500.0,53162
8463487,1,1,1,10,2025,1,71,10.0,2500000.0,43426
8439300,1,2,1,10,2025,1,58,8.0,4500000.0,7961
8470838,1,1,1,10,2025,2,55,9.0,2230000.0,60762
8439905,1,1,1,10,2025,1,75,5.0,250000.0,9461
8468079,1,2,1,10,2025,2,53,5.0,1500000.0,53801
8438686,1,1,1,10,2025,1,48,5.0,1500000.0,6600
8445880,1,1,1,10,2025,1,38,3.0,2100000.0,23241
8443351,1,1,1,10,2025,1,45,5.0,1100000.0,17354
8472559,1,2,1,10,2025,2,36,5.0,1423000.0,64224
8451693,1,2,1,10,2025,2,46,12.0,6000000.0,36888
8466347,1,3,1,10,2025,1,23,5.0,460000.0,49471
8448995,1,3,1,10,2025,1,21,5.0,1440000.0,30213
8448149,1,3,1,10,2025,2,21,10.0,1500000.0,28545
8446761,1,1,1,10,2025,1,31,4.0,1500000.0,25441
8443995,1,1,1,10,2025,1,27,4.0,2000000.0,19017
8451777,1,2,1,10,2025,1,47,5.0,1500000.0,37120
8462705,1,3,1,10,2025,1,16,3.0,540000.0,41577
8439244,1,1,1,10,2025,1,54,10.0,2423500.0,7815
8443077,1,1,1,10,2025,1,28,4.0,1400000.0,16664
8466328,1,3,1,10,2025,1,24,4.0,750000.0,49399
8439599,1,1,1,10,2025,1,59,11.0,3100000.0,8658
8468881,1,4,1,10,2025,1,70,1.0,400000.0,55751
8440776,1,2,1,10,2025,2,34,10.0,3000000.0,11399
8452533,1,3,1,10,2025,1,30,5.0,2000000.0,39075
8471587,1,1,1,10,2025,1,63,8.0,2300000.0,62292
8440589,1,1,1,10,2025,1,42,3.0,1423500.0,10926
8440781,1,1,1,10,2025,2,45,10.0,3313255.0,11406
8448494,1,1,1,10,2025,1,49,5.0,1700000.0,29261
8467908,1,2,1,10,2025,1,54,3.0,650000.0,53365
8450629,1,1,1,10,2025,1,52,10.0,4000000.0,34219
8452571,1,3,1,10,2025,2,40,5.0,1600000.0,39189
8463608,1,2,1,10,2025,2,52,5.0,540000.0,43678
8451523,1,1,1,10,2025,1,35,4.0,1000000.0,36474
8466521,1,1,1,10,2025,2,58,10.0,1200000.0,49977
8443547,1,1,1,10,2025,1,25,8.0,1423500.0,17866
8436550,1,2,1,10,2025,2,51,10.0,6000000.0,1451
8445280,1,3,1,10,2025,1,23,5.0,1000000.0,21866
8467092,1,2,1,10,2025,2,45,4.0,780000.0,51333
8467789,1,2,1,10,2025,2,60,4.0,1600000.0,53046
8440619,1,2,1,10,2025,2,31,12.0,4000000.0,11009
8443072,1,1,1,10,2025,1,48,5.0,300000.0,16652
8438458,1,1,1,10,2025,1,28,5.0,1423500.0,6055
8437813,1,4,1,10,2025,2,22,5.0,1800000.0,4608
8472792,1,5,1,10,2025,1,41,10.0,3500000.0,64727
8449851,1,3,1,10,2025,2,25,8.0,1000000.0,32265
8442932,1,3,1,10,2025,2,42,5.0,1400000.0,16282
8464658,1,1,1,10,2025,2,54,8.0,1423500.0,46002
8470200,1,2,1,10,2025,1,51,1.0,1800000.0,59152
8442619,1,2,1,10,2025,2,71,5.0,300000.0,15519
8468460,1,3,1,10,2025,1,28,8.0,2000000.0,54698
8450001,1,1,1,10,2025,1,27,6.0,1423500.0,32668
8436480,1,1,1,10,2025,2,55,4.0,900000.0,1247
8471774,1,1,1,10,2025,2,25,8.0,1423000.0,62626
8464284,1,2,1,10,2025,2,48,8.0,797000.0,45070
8436028,1,2,1,10,2025,1,41,10.0,350000.0,226
8446440,1,1,1,10,2025,2,31,5.0,1800000.0,24691
8468622,1,1,1,10,2025,1,54,11.0,7400000.0,55049
8472668,1,3,1,10,2025,1,26,8.0,4000000.0,64461
8445829,1,1,1,10,2025,2,49,4.0,800000.0,23146
8465776,1,1,1,10,2025,2,48,10.0,3000000.0,48284
8452196,1,1,1,10,2025,2,61,8.0,800000.0,38182
8451690,1,1,1,10,2025,1,49,5.0,1500000.0,36879
8472870,1,1,1,10,2025,1,56,11.0,10000000.0,64877
8443589,1,2,1,10,2025,1,45,4.0,500000.0,17981
8446093,1,3,1,10,2025,2,42,5.0,1423500.0,23751
8448478,1,4,1,10,2025,2,32,9.0,1423500.0,29224
8444562,1,2,1,10,2025,1,56,5.0,1800000.0,20483
8446114,1,2,1,10,2025,2,38,8.0,1900000.0,23810
8469180,1,1,1,10,2025,2,43,3.0,1423500.0,56526
8462317,1,1,1,10,2025,1,42,3.0,1920000.0,40720
8472282,1,2,1,10,2025,1,31,5.0,2000000.0,63707
8451582,1,1,1,10,2025,1,41,12.0,12000000.0,36586
8437862,1,2,1,10,2025,1,42,5.0,400000.0,4733
8450991,1,2,1,10,2025,1,61,3.0,1423500.0,35137
8452559,1,1,1,10,2025,2,49,5.0,1600000.0,39152
8438809,1,1,1,10,2025,1,47,5.0,1000000.0,6868
8437848,1,3,1,10,2025,1,33,4.0,400000.0,4704
8437414,1,1,1,10,2025,1,55,12.0,2500000.0,3758
8451024,1,2,1,10,2025,2,50,8.0,1500000.0,35191
8469095,1,2,1,10,2025,2,24,10.0,1423500.0,56273
8450828,1,1,1,10,2025,2,45,5.0,2000000.0,34683
8463782,1,3,1,10,2025,2,49,4.0,1423500.0,44082
8436930,1,2,1,10,2025,2,45,8.0,1500000.0,2523
8449435,1,2,1,10,2025,1,38,3.0,1400000.0,31247
8470132,1,3,1,10,2025,2,26,6.0,1400000.0,59012
8470251,1,1,1,10,2025,1,54,1.0,1573500.0,59285
8446966,1,1,1,10,2025,2,49,5.0,1623000.0,25936
8451907,1,2,1,10,2025,1,44,9.0,4000000.0,37442
8464311,1,1,1,10,2025,2,35,8.0,800000.0,45129
8472558,1,3,1,10,2025,1,39,4.0,1423500.0,64222
8464172,1,1,1,10,2025,2,26,11.0,2600000.0,44896
8468852,1,2,1,10,2025,1,19,5.0,1600000.0,55682
8469114,1,1,1,10,2025,2,37,3.0,1423500.0,56326
8449630,1,1,1,10,2025,2,53,5.0,100000.0,31695
8464094,1,1,1,10,2025,2,51,4.0,1200000.0,44746
8463261,2,1,2,10,2025,1,30,5.0,1400000.0,42785
8469700,1,1,1,10,2025,1,54,3.0,1500000.0,57905
8443743,1,3,1,10,2025,1,29,8.0,1100000.0,18390
8445977,1,2,1,10,2025,1,28,4.0,1000000.0,23471
8471273,1,4,1,10,2025,1,44,5.0,1423500.0,61671
8439248,1,1,1,10,2025,2,57,6.0,1423500.0,7821
8444739,1,1,1,10,2025,1,69,5.0,500000.0,20942
8468844,1,3,1,10,2025,1,19,5.0,1623500.0,55655
8468526,1,2,1,10,2025,1,35,3.0,2500000.0,54855
8470743,1,1,1,10,2025,1,61,8.0,20000000.0,60473
8437997,1,1,1,10,2025,2,40,8.0,1700000.0,4984
8463544,1,1,1,10,2025,1,53,5.0,1400000.0,43546
8446145,1,1,1,10,2025,2,40,3.0,1232000.0,23890
8447474,1,1,1,10,2025,2,58,8.0,2800000.0,27074
8447643,1,5,1,10,2025,2,29,10.0,6000000.0,27426
8462881,1,1,1,10,2025,2,47,1.0,850000.0,41949
8461905,1,1,1,10,2025,1,43,5.0,1200000.0,39712
8465064,1,1,1,10,2025,1,69,3.0,2000000.0,46902
8470085,1,1,1,10,2025,2,29,5.0,200000.0,58894
8461787,1,1,1,10,2025,2,67,10.0,600000.0,39392
8437012,1,2,1,10,2025,2,44,5.0,2190000.0,2739
8440894,1,1,1,10,2025,2,37,4.0,1423500.0,11703
8436732,1,1,1,10,2025,2,49,3.0,0.0,1930
8471535,1,1,1,10,2025,1,42,6.0,900000.0,62142
8472645,1,1,1,10,2025,1,37,8.0,4270500.0,64401
8438529,1,2,1,10,2025,1,29,5.0,1423500.0,6235
8466163,1,3,1,10,2025,2,23,10.0,3800000.0,49103
8466276,1,1,1,10,2025,2,23,8.0,2000000.0,49299
8464923,1,1,1,10,2025,1,35,5.0,2000000.0,46562
8437005,1,1,1,10,2025,1,49,5.0,2000000.0,2714
8468488,1,1,1,10,2025,2,30,10.0,2000000.0,54752
8449095,1,2,1,10,2025,2,37,10.0,1423500.0,30420
8439533,1,2,1,10,2025,1,57,3.0,1200000.0,8493
8467226,1,1,1,10,2025,1,36,3.0,1200000.0,51689
8462231,1,1,1,10,2025,1,53,5.0,3000000.0,40548
8439106,1,1,1,10,2025,2,27,10.0,900000.0,7517
8462643,1,2,1,10,2025,1,31,4.0,1823500.0,41448
8438347,1,1,1,10,2025,2,24,10.0,1800000.0,5788
8465385,1,2,1,10,2025,1,64,3.0,960000.0,47524
8462985,1,2,1,10,2025,2,48,3.0,650000.0,42161
8446209,1,4,1,10,2025,2,37,5.0,2100000.0,24059
8473077,1,1,1,10,2025,1,26,5.0,1923500.0,65208
8463784,1,1,1,10,2025,1,32,4.0,1200000.0,44091
8471207,1,4,1,10,2025,1,24,5.0,1423500.0,61530
8443139,1,1,1,10,2025,2,48,10.0,3000000.0,16812
8440424,1,2,1,10,2025,1,25,5.0,1800000.0,10502
8447481,1,1,1,10,2025,2,40,3.0,200000.0,27101
8436587,1,1,1,10,2025,2,32,5.0,1500000.0,1538
8471816,1,3,1,10,2025,2,21,5.0,1400000.0,62719
8471819,1,2,1,10,2025,1,40,3.0,1500000.0,62728
8450147,1,3,1,10,2025,2,48,8.0,1423500.0,33010
8437059,1,2,1,10,2025,2,51,10.0,4000000.0,2844
8439461,1,2,1,10,2025,2,40,8.0,1423500.0,8333
8445845,1,1,1,10,2025,2,36,5.0,1400000.0,23175
8449736,1,1,1,10,2025,1,52,4.0,1000000.0,31994
8443283,1,1,1,10,2025,1,54,5.0,600000.0,17157
8472000,1,1,1,10,2025,2,42,5.0,700000.0,63067
8444852,1,2,1,10,2025,2,41,5.0,1000000.0,21242
8436521,1,1,1,10,2025,2,35,9.0,1423000.0,1379
8466137,1,1,1,10,2025,2,24,8.0,1423500.0,49034
8470937,1,1,1,10,2025,2,50,3.0,920000.0,60974
8446303,1,2,1,10,2025,2,53,3.0,1000000.0,24362
8464823,1,1,1,10,2025,2,27,3.0,500000.0,46331
8463884,1,3,1,10,2025,1,26,5.0,1300000.0,44321
8465133,1,1,1,10,2025,1,26,9.0,1000000.0,47091
8468531,1,3,1,10,2025,2,33,12.0,4300000.0,54872
8442498,1,1,1,10,2025,2,54,4.0,400000.0,15275
8452118,1,2,1,10,2025,1,41,5.0,1800000.0,37999
8469029,1,3,1,10,2025,1,37,5.0,1200000.0,56093
8472674,1,2,1,10,2025,2,35,10.0,6500000.0,64472
8444425,1,1,1,10,2025,2,64,3.0,100000.0,20101
8468711,1,2,1,10,2025,2,48,3.0,1423500.0,55296
8444493,1,1,1,10,2025,1,21,5.0,1800000.0,20288
8463626,1,1,1,10,2025,2,60,4.0,1423500.0,43717
8465801,1,1,1,10,2025,1,48,9.0,8000000.0,48342
8442746,1,2,1,10,2025,2,47,3.0,200000.0,15836
8462018,1,1,1,10,2025,2,36,3.0,600000.0,40056
8468075,1,2,1,10,2025,1,54,3.0,3200000.0,53788
8452429,1,1,1,10,2025,1,68,5.0,4000000.0,38789
8437477,1,1,1,10,2025,1,45,3.0,1423500.0,3926
8466444,1,3,1,10,2025,2,14,4.0,,49753
8466404,1,1,1,10,2025,2,62,3.0,300000.0,49634
8448669,1,3,1,10,2025,1,25,5.0,300000.0,29597
8442301,1,1,1,10,2025,2,44,5.0,720000.0,14769
8468012,1,1,1,10,2025,1,54,5.0,1500000.0,53635
8436446,1,3,1,10,2025,1,23,3.0,1400000.0,1170
8445745,1,2,1,10,2025,1,75,1.0,1500000.0,22961
8449627,1,2,1,10,2025,1,32,4.0,1500000.0,31689
8473414,1,6,1,10,2025,2,25,5.0,340000.0,65839
8440477,1,3,1,10,2025,1,24,6.0,1423500.0,10614
8436402,1,4,1,10,2025,1,16,5.0,240000.0,1075
8444668,1,1,1,10,2025,2,29,5.0,150000.0,20743
8443998,1,2,1,10,2025,1,42,4.0,200000.0,19028
8436339,1,2,1,10,2025,2,30,10.0,800000.0,950
8436016,1,3,1,10,2025,2,26,5.0,560000.0,185
8436991,1,1,1,10,2025,1,58,4.0,1500000.0,2685
8472858,1,2,1,10,2025,2,48,10.0,3000000.0,64848
8468597,1,2,1,10,2025,1,29,5.0,1260000.0,55014
8443054,1,1,1,10,2025,1,50,11.0,8200000.0,16605
8470153,1,1,1,10,2025,1,33,5.0,1423500.0,59059
8439611,1,1,1,10,2025,1,70,10.0,800000.0,8692
8449424,1,1,1,10,2025,1,64,1.0,960000.0,31212
8461829,1,2,1,10,2025,2,22,5.0,130000.0,39538
8450742,1,1,1,10,2025,2,61,11.0,10800000.0,34488
8442460,1,1,1,10,2025,2,39,3.0,800000.0,15181
8446644,1,1,1,10,2025,1,33,11.0,1423500.0,25236
8439128,1,2,1,10,2025,1,46,8.0,2500000.0,7575
8436187,1,1,1,10,2025,2,66,8.0,1280000.0,591
8446835,1,1,1,10,2025,2,60,9.0,500000.0,25613
8471116,1,1,1,10,2025,1,42,10.0,2000000.0,61410
8470992,1,5,1,10,2025,2,22,5.0,1840000.0,61113
8446805,1,2,1,10,2025,1,31,10.0,4000000.0,25539
8464821,1,1,1,10,2025,2,48,1.0,250000.0,46322
8462970,1,1,1,10,2025,1,43,3.0,1850000.0,42125
8447470,1,1,1,10,2025,1,27,5.0,1423500.0,27064
8436262,1,1,1,10,2025,1,56,5.0,1800000.0,762
8462264,1,1,1,10,2025,1,63,1.0,1500000.0,40609
8448470,1,2,1,10,2025,2,61,8.0,1423500.0,29207
8447844,1,1,1,10,2025,2,41,10.0,1423500.0,27869
8466055,1,1,1,10,2025,2,34,12.0,5150000.0,48887
8473662,1,1,1,10,2025,2,29,10.0,1423500.0,66059
8443989,1,4,1,10,2025,2,37,10.0,2100000.0,19000
8473154,1,5,1,10,2025,1,27,4.0,800000.0,65347
8450594,1,2,1,10,2025,1,62,3.0,200000.0,34134
8465217,1,3,1,10,2025,2,29,6.0,1400000.0,47233
8446454,1,2,1,10,2025,2,66,3.0,180000.0,24728
8450918,1,1,1,10,2025,2,53,1.0,280000.0,34904
8436628,1,2,1,10,2025,2,29,9.0,2380000.0,1650
8439236,1,1,1,10,2025,2,60,3.0,1400000.0,7799
8466183,1,1,1,10,2025,1,33,9.0,2000000.0,49157
8468779,1,1,1,10,2025,2,57,4.0,500000.0,55472
8446484,1,2,1,10,2025,2,34,8.0,2500000.0,24809
8452548,1,1,1,10,2025,1,44,4.0,900000.0,39116
8442222,1,1,1,10,2025,2,59,5.0,2500000.0,14600
8465034,1,1,1,10,2025,2,52,5.0,2000000.0,46842
8448971,1,1,1,10,2025,2,29,9.0,2000000.0,30159
8436858,1,2,1,10,2025,2,64,5.0,200000.0,2254
8467223,1,2,1,10,2025,1,46,8.0,3900000.0,51686
8461870,1,1,1,10,2025,2,51,8.0,1423500.0,39621
8443890,1,2,1,10,2025,1,19,8.0,1400000.0,18762
8438314,1,2,1,10,2025,1,40,8.0,1700000.0,5687
8472450,1,1,1,10,2025,1,42,10.0,4000000.0,64034
8448539,1,2,1,10,2025,2,35,8.0,2060000.0,29357
8438721,1,3,1,10,2025,1,18,5.0,500000.0,6658
8445861,1,2,1,10,2025,2,26,13.0,6000000.0,23205
8464484,1,2,1,10,2025,2,33,10.0,1423500.0,45571
8439814,1,1,1,10,2025,2,39,5.0,1423500.0,9198
8466374,1,1,1,10,2025,1,33,9.0,1723000.0,49547
8471018,1,1,1,10,2025,2,56,5.0,1600000.0,61169
8472054,1,3,1,10,2025,2,34,5.0,1800000.0,63197
8436841,1,5,1,10,2025,2,46,5.0,2423500.0,2181
8446001,1,1,1,10,2025,2,46,12.0,3500000.0,23539
8471765,1,1,1,10,2025,2,35,5.0,600000.0,62605
8440913,1,1,1,10,2025,2,51,4.0,900000.0,11717
8447846,1,2,1,10,2025,2,32,10.0,1423500.0,27875
8462449,1,1,1,10,2025,2,53,3.0,900000.0,41004
8466228,1,2,1,10,2025,1,41,5.0,2300000.0,49241
8450976,1,2,1,10,2025,2,70,3.0,112500.0,35079
8436904,1,2,1,10,2025,2,29,5.0,1600000.0,2438
8468026,1,2,1,10,2025,2,37,5.0,1800000.0,53673
8469538,1,1,1,10,2025,2,77,3.0,200000.0,57462
8440722,1,2,1,10,2025,2,27,11.0,3000000.0,11256
8438335,1,1,1,10,2025,1,40,5.0,1400000.0,5752
8450662,1,1,1,10,2025,2,23,4.0,100000.0,34315
8452351,1,3,1,10,2025,2,39,5.0,1423500.0,38585
8437252,2,2,2,10,2025,1,33,4.0,1623500.0,3313
8465861,1,8,1,10,2025,1,19,5.0,1000000.0,48497
8444646,1,2,1,10,2025,2,46,4.0,300000.0,20687
8438785,1,1,1,10,2025,2,53,4.0,500000.0,6803
8442267,1,1,1,10,2025,2,39,12.0,23000000.0,14701
8443947,1,1,1,10,2025,2,61,3.0,400000.0,18888
8445821,1,1,1,10,2025,1,59,3.0,800000.0,23124
8466256,1,1,1,10,2025,1,37,5.0,2000000.0,49274
8440839,1,2,1,10,2025,2,28,5.0,1400000.0,11572
8469409,1,2,1,10,2025,2,32,5.0,1623500.0,57131
8469554,1,3,1,10,2025,2,63,3.0,900000.0,57505
8452069,1,1,1,10,2025,1,39,10.0,1423500.0,37856
8470014,1,2,1,10,2025,2,43,3.0,750000.0,58716
8473326,1,1,1,10,2025,1,60,3.0,4500000.0,65699
8462473,1,2,1,10,2025,2,53,3.0,200000.0,41059
8449840,1,3,1,10,2025,1,25,5.0,1423500.0,32236
8469816,1,2,1,10,2025,2,27,10.0,1400000.0,58225
8469147,1,1,1,10,2025,1,26,10.0,5360000.0,56427
8467295,1,1,1,10,2025,1,58,5.0,1000000.0,51843
8470432,1,1,1,10,2025,1,27,5.0,1200000.0,59730
8463111,1,2,1,10,2025,2,50,3.0,160000.0,42447
8467531,1,1,1,10,2025,1,20,4.0,1700000.0,52418
8468475,1,1,1,10,2025,1,51,11.0,14000000.0,54724
8443266,1,1,1,10,2025,1,39,8.0,450000.0,17098
8464844,1,2,1,10,2025,2,57,5.0,1650000.0,46379
8446802,1,4,1,10,2025,2,25,8.0,900000.0,25533
8464537,1,1,1,10,2025,2,40,5.0,1200000.0,45703
8450161,1,7,1,10,2025,2,49,10.0,3300000.0,33060
8442290,1,1,1,10,2025,2,43,3.0,1000000.0,14748
8440426,1,1,1,10,2025,1,22,4.0,900000.0,10506
8442691,1,1,1,10,2025,2,33,5.0,1600000.0,15699
8462251,1,1,1,10,2025,2,46,10.0,3500000.0,40589
8437296,1,5,1,10,2025,2,30,9.0,2800000.0,3451
8462099,1,2,1,10,2025,1,69,3.0,1400000.0,40232
8451407,1,1,1,10,2025,1,56,3.0,1200000.0,36187
8465517,1,1,1,10,2025,1,39,10.0,5800000.0,47777
8447382,1,1,1,10,2025,1,73,12.0,2847000.0,26844
8472437,1,2,1,10,2025,2,20,5.0,1200000.0,64006
8444707,2,1,2,10,2025,1,58,3.0,1800000.0,20853
8440111,1,1,1,10,2025,1,36,3.0,1500000.0,9790
8441762,1,1,1,10,2025,1,35,5.0,800000.0,13440
8439344,1,2,1,10,2025,2,50,5.0,900000.0,8068
8468869,1,2,1,10,2025,2,28,5.0,1423500.0,55722
8448016,1,2,1,10,2025,2,54,9.0,1423500.0,28263
8470569,1,7,1,10,2025,2,39,8.0,3800000.0,60044
8446021,1,1,1,10,2025,1,35,4.0,1800000.0,23588
8449181,1,1,1,10,2025,2,50,5.0,1000000.0,30562
8442987,1,1,1,10,2025,1,30,4.0,1600000.0,16422
8436914,1,1,1,10,2025,1,58,8.0,1423500.0,2469
8470558,1,1,1,10,2025,1,44,5.0,1423500.0,60009
8442120,1,3,1,10,2025,2,32,10.0,1500000.0,14323
8473115,1,2,1,10,2025,2,36,11.0,1423500.0,65263
8444707,1,1,1,10,2025,2,71,5.0,5500000.0,20852
8471885,1,1,1,10,2025,2,45,8.0,1800000.0,62867
8436873,1,2,1,10,2025,2,50,5.0,1500000.0,2314
8439002,1,1,1,10,2025,2,41,10.0,1800000.0,7270
8471044,1,3,1,10,2025,2,22,9.0,500000.0,61225
8443765,1,3,1,10,2025,2,26,10.0,2200000.0,18441
8472698,1,3,1,10,2025,1,21,10.0,1400000.0,64539
8468370,1,1,1,10,2025,2,36,4.0,500000.0,54440
8473229,1,4,1,10,2025,1,20,8.0,1623500.0,65498
8437946,1,2,1,10,2025,2,45,11.0,2800000.0,4888
8469448,1,2,1,10,2025,2,32,5.0,1423500.0,57211
8473601,1,2,1,10,2025,1,22,4.0,800000.0,65921
8445466,1,2,1,10,2025,1,40,3.0,500000.0,22321
8438871,1,1,1,10,2025,1,42,5.0,1800000.0,7000
8451553,1,4,1,10,2025,2,33,5.0,1423000.0,36538
8467192,1,1,1,10,2025,2,44,9.0,1423500.0,51607
8468935,1,1,1,10,2025,2,33,6.0,800000.0,55866
8452244,1,1,1,10,2025,1,39,4.0,2500000.0,38310
8467216,1,1,1,10,2025,2,63,10.0,3850000.0,51669
8441735,1,3,1,10,2025,1,27,8.0,300000.0,13402
8447924,1,3,1,10,2025,1,18,5.0,1400000.0,28059
8441594,1,1,1,10,2025,1,24,5.0,1700000.0,13108
8470288,1,1,1,10,2025,2,61,1.0,1800000.0,59374
8449871,1,2,1,10,2025,2,35,10.0,10000000.0,32329
8447723,1,1,1,10,2025,1,49,5.0,500000.0,27577
8451837,1,2,1,10,2025,1,61,3.0,1600000.0,37271
8449269,1,2,1,10,2025,1,45,5.0,1423500.0,30781
8464195,1,1,1,10,2025,1,29,5.0,1500000.0,44939
8466881,1,1,1,10,2025,2,48,1.0,200000.0,50812
8446556,1,1,1,10,2025,2,36,5.0,250000.0,24967
8469210,1,1,1,10,2025,1,69,3.0,1000000.0,56590
8438692,1,1,1,10,2025,1,55,11.0,5000000.0,6609
8471095,1,1,1,10,2025,2,63,3.0,400000.0,61355
8446265,2,1,2,10,2025,2,26,5.0,500000.0,24262
8451807,1,1,1,10,2025,2,36,9.0,1907600.0,37197
8467189,1,1,1,10,2025,1,54,4.0,1250000.0,51603
8436010,1,3,1,10,2025,1,31,5.0,400000.0,161
8471188,1,3,1,10,2025,1,44,5.0,1423500.0,61485
8469081,1,6,1,10,2025,1,21,6.0,1500000.0,56241
8436980,1,2,1,10,2025,2,28,10.0,1600000.0,2664
8443668,1,1,1,10,2025,2,30,8.0,1700000.0,18202
8472133,1,2,1,10,2025,2,35,5.0,1423500.0,63374
8472224,1,2,1,10,2025,1,34,3.0,2100000.0,63569
8469575,1,1,1,10,2025,2,52,9.0,1423500.0,57572
8466138,1,1,1,10,2025,1,29,5.0,2300000.0,49036
8451811,1,1,1,10,2025,1,54,3.0,1300000.0,37208
8436738,1,3,1,10,2025,1,28,10.0,8000000.0,1940
8466985,1,1,1,10,2025,2,67,3.0,150000.0,51037
8470619,1,2,1,10,2025,2,57,10.0,2000000.0,60176
8464120,1,3,1,10,2025,2,25,4.0,1200000.0,44783
8448986,1,1,1,10,2025,1,24,10.0,4000000.0,30194
8472706,1,1,1,10,2025,1,34,3.0,1800000.0,64564
8445508,1,1,1,10,2025,2,38,4.0,600000.0,22418
8472714,1,2,1,10,2025,2,43,5.0,1423500.0,64579
8436538,1,2,1,10,2025,1,51,8.0,1800000.0,1422
8462667,1,1,1,10,2025,2,62,5.0,2600000.0,41499
8436731,1,3,1,10,2025,1,24,10.0,2250000.0,1927
8450291,1,1,1,10,2025,1,48,8.0,4500000.0,33385
8446233,1,5,1,10,2025,2,30,8.0,300000.0,24128
8446480,1,2,1,10,2025,2,24,5.0,1600000.0,24800
8467661,1,1,1,10,2025,2,45,5.0,840000.0,52753
8446658,1,3,1,10,2025,2,27,10.0,1423500.0,25272
8448757,1,1,1,10,2025,2,38,5.0,2000000.0,29826
8466187,1,2,1,10,2025,2,31,6.0,820000.0,49164
8472551,1,1,1,10,2025,1,65,10.0,6400000.0,64211
8436863,1,2,1,10,2025,2,69,4.0,1000000.0,2274
8462816,1,1,1,10,2025,1,57,3.0,1045000.0,41823
8444798,1,1,1,10,2025,2,56,3.0,400000.0,21104
8462409,1,1,1,10,2025,2,46,5.0,500000.0,40920
8469101,1,1,1,10,2025,1,50,13.0,8000000.0,56290
8438247,1,1,1,10,2025,1,59,5.0,1200000.0,5501
8441166,1,1,1,10,2025,2,25,6.0,1500000.0,12219
8445588,1,1,1,10,2025,1,44,3.0,1423500.0,22617
8437528,1,1,1,10,2025,2,52,12.0,4000000.0,4060
8468570,1,1,1,10,2025,1,55,5.0,1150000.0,54962
8463413,1,4,1,10,2025,1,55,12.0,4300000.0,43219
8440337,1,1,1,10,2025,1,67,8.0,4000000.0,10309
8472083,1,4,1,10,2025,2,29,12.0,3500000.0,63257
8446120,1,1,1,10,2025,2,56,4.0,1120000.0,23820
8467183,1,2,1,10,2025,1,57,5.0,1423500.0,51591
8450829,1,3,1,10,2025,2,42,4.0,1600000.0,34687
8466249,1,2,1,10,2025,2,39,5.0,2000000.0,49260
8465244,1,2,1,10,2025,2,30,8.0,480000.0,47307
8452409,1,2,1,10,2025,1,39,3.0,1000000.0,38735
8452063,1,1,1,10,2025,1,72,1.0,300000.0,37837
8442209,1,2,1,10,2025,2,40,5.0,800000.0,14567
8465244,1,1,1,10,2025,1,30,3.0,1200000.0,47306
8443860,1,1,1,10,2025,2,29,11.0,2800000.0,18692
8451794,1,3,1,10,2025,2,21,10.0,600000.0,37170
8448045,1,1,1,10,2025,2,60,5.0,270000.0,28347
8436519,1,2,1,10,2025,1,22,5.0,1423500.0,1374
8450428,1,1,1,10,2025,1,29,5.0,2100000.0,33734
8469788,1,2,1,10,2025,2,28,11.0,2600000.0,58162
8447815,1,1,1,10,2025,2,47,10.0,500000.0,27788
8450660,1,2,1,10,2025,1,33,5.0,850000.0,34309
8464425,1,5,1,10,2025,2,69,5.0,120000.0,45414
8448758,1,3,1,10,2025,2,27,10.0,1500000.0,29830
8447087,1,1,1,10,2025,1,26,3.0,800000.0,26188
8447640,1,4,1,10,2025,1,23,5.0,1600000.0,27413
8439386,1,2,1,10,2025,2,53,9.0,1800000.0,8171
8447631,1,3,1,10,2025,1,21,4.0,900000.0,27383
8445234,1,1,1,10,2025,1,19,5.0,900000.0,21704
8446740,1,1,1,10,2025,1,34,5.0,1423500.0,25380
8463484,1,3,1,10,2025,1,18,5.0,1180000.0,43420
8467003,1,4,1,10,2025,2,28,4.0,700000.0,51104
8446582,1,4,1,10,2025,1,23,5.0,1500000.0,25057
8448738,1,1,1,10,2025,2,46,3.0,300000.0,29780
8443169,1,1,1,10,2025,1,31,10.0,1500000.0,16868
8466765,1,2,1,10,2025,2,20,6.0,1300000.0,50537
8471921,1,3,1,10,2025,1,19,4.0,2000000.0,62939
8442477,1,2,1,10,2025,2,61,8.0,600000.0,15225
8446316,1,1,1,10,2025,2,49,3.0,200000.0,24398
8444722,1,2,1,10,2025,2,38,10.0,1600000.0,20894
8466499,1,2,1,10,2025,2,35,5.0,4000000.0,49912
8471357,1,1,1,10,2025,2,35,8.0,1400000.0,61812
8462256,1,3,1,10,2025,1,27,9.0,1600000.0,40598
8467448,1,2,1,10,2025,2,51,8.0,2300000.0,52214
8465966,1,2,1,10,2025,1,40,5.0,3500000.0,48700
8437522,1,1,1,10,2025,2,46,13.0,5000000.0,4050
8450711,1,1,1,10,2025,1,43,5.0,500000.0,34417
8471604,1,2,1,10,2025,2,55,5.0,600000.0,62340
8437377,1,1,1,10,2025,2,26,10.0,2400000.0,3681
8469059,1,2,1,10,2025,1,26,10.0,1423500.0,56172
8470656,1,1,1,10,2025,1,60,8.0,2400000.0,60253
8471179,1,1,1,10,2025,2,43,12.0,1423500.0,61469
8470991,1,2,1,10,2025,2,27,10.0,3500000.0,61107
8444447,1,2,1,10,2025,2,43,5.0,3200000.0,20166
8466039,1,3,1,10,2025,1,39,8.0,1550000.0,48863
8447224,1,2,1,10,2025,2,25,8.0,1100000.0,26407
8470592,1,2,1,10,2025,2,35,8.0,500000.0,60103
8472871,1,1,1,10,2025,2,47,5.0,1723500.0,64878
8450521,1,2,1,10,2025,2,60,3.0,860000.0,33927
8451374,1,1,1,10,2025,2,67,3.0,200000.0,36092
8469939,1,1,1,10,2025,2,40,5.0,1600000.0,58520
8452587,1,2,1,10,2025,1,17,10.0,600000.0,39227
8435993,1,3,1,10,2025,1,32,9.0,1600000.0,79
8436006,1,1,1,10,2025,1,55,1.0,500000.0,142
8466267,1,1,1,10,2025,2,34,10.0,3000000.0,49279
8437161,1,1,1,10,2025,2,40,10.0,2500000.0,3069
8465976,1,1,1,10,2025,1,71,9.0,12000000.0,48739
8446451,1,2,1,10,2025,2,39,10.0,2800000.0,24722
8469658,1,1,1,10,2025,1,63,3.0,600000.0,57815
8437297,1,1,1,10,2025,2,65,5.0,700000.0,3453
8436366,1,3,1,10,2025,1,32,10.0,3200000.0,1001
8447627,1,2,1,10,2025,2,40,8.0,1800000.0,27369
8442045,1,1,1,10,2025,2,48,11.0,7300000.0,14143
8465640,1,2,1,10,2025,2,42,10.0,2500000.0,48004
8463877,1,3,1,10,2025,2,28,10.0,1423500.0,44296
8439971,1,1,1,10,2025,2,31,5.0,1300000.0,9503
8471753,1,1,1,10,2025,2,34,5.0,1600000.0,62583
8473125,1,1,1,10,2025,1,45,6.0,2200000.0,65285
8447884,1,1,1,10,2025,1,42,9.0,1423500.0,27937
8437177,1,1,1,10,2025,1,39,5.0,1423500.0,3107
8436138,1,1,1,10,2025,1,30,5.0,350000.0,482
8463706,1,3,1,10,2025,2,22,9.0,600000.0,43908
8463302,1,1,1,10,2025,2,35,10.0,1200000.0,42885
8450995,1,1,1,10,2025,1,60,5.0,700000.0,35145
8437764,1,2,1,10,2025,2,29,9.0,1423500.0,4518
8444651,1,1,1,10,2025,2,29,5.0,1300000.0,20701
8466967,2,1,2,10,2025,2,40,5.0,200000.0,50980
8469506,1,1,1,10,2025,2,40,10.0,5000000.0,57370
8437290,1,3,1,10,2025,2,23,5.0,1425000.0,3428
8471209,1,4,1,10,2025,2,47,3.0,1200000.0,61540
8467554,1,1,1,10,2025,2,59,4.0,500000.0,52461
8471077,1,1,1,10,2025,1,27,10.0,3500000.0,61313
8441695,1,5,1,10,2025,1,26,5.0,1200000.0,13321
8468498,1,2,1,10,2025,1,52,3.0,1623000.0,54772
8438874,1,1,1,10,2025,1,66,4.0,1400000.0,7004
8448032,1,1,1,10,2025,2,23,8.0,1500000.0,28307
8467064,1,2,1,10,2025,2,26,10.0,4270500.0,51232
8470787,1,1,1,10,2025,1,51,5.0,3000000.0,60630
8470355,1,1,1,10,2025,1,53,3.0,800000.0,59518
8452266,1,1,1,10,2025,2,32,5.0,700000.0,38367
8441988,1,1,1,10,2025,1,45,3.0,500000.0,14036
8439154,1,1,1,10,2025,1,47,9.0,1423500.0,7621
8468967,1,2,1,10,2025,2,55,5.0,2000000.0,55927
8440361,1,2,1,10,2025,2,19,5.0,1500000.0,10373
8441319,1,1,1,10,2025,1,40,3.0,1650000.0,12504
8472701,1,2,1,10,2025,1,39,4.0,1423500.0,64548
8472157,1,1,1,10,2025,1,57,8.0,1423500.0,63435
8444727,1,1,1,10,2025,1,30,6.0,3200000.0,20906
8472205,1,3,1,10,2025,1,44,3.0,1000000.0,63546
8446344,1,1,1,10,2025,2,48,11.0,5900000.0,24480
8437371,1,2,1,10,2025,2,44,10.0,11000000.0,3668
8449993,1,1,1,10,2025,2,27,11.0,2800000.0,32650
8449365,1,3,1,10,2025,1,37,5.0,1400000.0,31053
8463933,1,1,1,10,2025,1,35,10.0,3800000.0,44416
8438973,1,2,1,10,2025,1,54,8.0,3300000.0,7214
8463965,1,2,1,10,2025,2,57,8.0,1500000.0,44499
8438936,1,1,1,10,2025,2,36,5.0,1650000.0,7124
8469513,1,1,1,10,2025,1,39,4.0,3000000.0,57386
8451176,1,1,1,10,2025,2,26,3.0,700000.0,35566
8470995,1,1,1,10,2025,1,59,3.0,2000000.0,61115
8441047,1,2,1,10,2025,2,46,10.0,1600000.0,11963
8469762,1,1,1,10,2025,1,52,9.0,51000000.0,58087
8441967,1,1,1,10,2025,2,38,5.0,1500000.0,13976
8449051,1,1,1,10,2025,2,33,11.0,2847000.0,30328
8473287,1,2,1,10,2025,1,26,5.0,2000000.0,65611
8450677,1,1,1,10,2025,2,29,5.0,1570000.0,34349
8465705,1,3,1,10,2025,1,29,5.0,900000.0,48105
8465351,1,1,1,10,2025,2,50,12.0,4800000.0,47464
8451179,1,4,1,10,2025,2,17,9.0,1200000.0,35580
8450005,1,2,1,10,2025,2,36,5.0,500000.0,32676
8466765,1,1,1,10,2025,1,34,10.0,1600000.0,50536
8446495,1,1,1,10,2025,1,21,5.0,2400000.0,24834
8437944,1,1,1,10,2025,1,41,10.0,8000000.0,4881
8451200,1,1,1,10,2025,1,60,3.0,420000.0,35658
8450996,1,1,1,10,2025,1,53,3.0,1100000.0,35149
8450372,1,2,1,10,2025,2,44,3.0,750000.0,33600
8437096,1,2,1,10,2025,2,37,4.0,900000.0,2928
8464143,1,2,1,10,2025,1,40,8.0,1400000.0,44841
8439738,1,1,1,10,2025,2,42,5.0,1623500.0,9031
8440471,1,1,1,10,2025,1,46,6.0,700000.0,10598
8444885,1,1,1,10,2025,1,44,4.0,1000000.0,21317
8470059,1,3,1,10,2025,2,22,5.0,600000.0,58824
8465387,1,1,1,10,2025,1,53,1.0,900000.0,47528
8473358,1,3,1,10,2025,2,32,8.0,1500000.0,65747
8440019,1,1,1,10,2025,2,43,4.0,1290000.0,9603
8441593,1,2,1,10,2025,1,35,5.0,800000.0,13104
8464211,1,1,1,10,2025,1,45,3.0,8000000.0,44978
8466895,1,1,1,10,2025,1,30,5.0,1423500.0,50835
8463301,1,1,1,10,2025,2,32,10.0,1500000.0,42883
8470631,1,2,1,10,2025,2,42,8.0,600000.0,60197
8451976,1,1,1,10,2025,1,65,5.0,2300000.0,37634
8444937,1,1,1,10,2025,2,30,10.0,5000000.0,21457
8466685,1,2,1,10,2025,2,28,5.0,1600000.0,50354
8465270,1,3,1,10,2025,2,30,5.0,700000.0,47364
8445326,1,1,1,10,2025,1,53,4.0,1450000.0,22000
8437440,1,1,1,10,2025,2,55,4.0,215000.0,3825
8444664,1,1,1,10,2025,1,69,8.0,1423500.0,20736
8469533,1,1,1,10,2025,2,52,5.0,1000000.0,57446
8468944,1,2,1,10,2025,2,32,10.0,4500000.0,55880
8444448,1,1,1,10,2025,1,46,10.0,2000000.0,20167
8439528,1,1,1,10,2025,2,54,1.0,400000.0,8468
8444807,1,1,1,10,2025,1,43,4.0,100000.0,21128
8471254,1,2,1,10,2025,2,58,4.0,1423500.0,61635
8471414,1,1,1,10,2025,2,28,5.0,600000.0,61933
8442968,1,2,1,10,2025,1,60,3.0,1000000.0,16368
8436612,1,1,1,10,2025,1,36,10.0,4500000.0,1606
8442114,1,2,1,10,2025,2,62,3.0,400000.0,14302
8442462,1,1,1,10,2025,1,33,10.0,1000000.0,15185
8446342,1,1,1,10,2025,2,48,13.0,15000000.0,24478
8471559,1,1,1,10,2025,2,44,5.0,1423500.0,62219
8471281,1,2,1,10,2025,2,50,10.0,2600000.0,61688
8446907,1,2,1,10,2025,2,42,5.0,800000.0,25776
8437114,1,1,1,10,2025,1,58,9.0,3400000.0,2978
8466899,1,1,1,10,2025,2,31,10.0,2500000.0,50845
8462589,1,1,1,10,2025,2,36,5.0,1000000.0,41358
8440889,1,2,1,10,2025,1,53,3.0,1600000.0,11698
8464836,1,1,1,10,2025,1,48,10.0,4000000.0,46357
8449834,1,2,1,10,2025,2,44,4.0,200000.0,32222
8471019,1,2,1,10,2025,1,29,9.0,2900000.0,61172
8448455,1,1,1,10,2025,1,57,3.0,600000.0,29181
8462513,1,1,1,10,2025,1,56,4.0,1200000.0,41157
8466013,1,1,1,10,2025,2,59,3.0,560000.0,48824
8465105,1,6,1,10,2025,1,44,3.0,1000000.0,47025
8438944,1,2,1,10,2025,2,31,10.0,2300000.0,7143
8437459,1,1,1,10,2025,1,28,5.0,1423500.0,3874
8440646,1,2,1,10,2025,2,26,5.0,2000000.0,11088
8463486,1,3,1,10,2025,2,42,5.0,1700000.0,43425
8441250,1,1,1,10,2025,2,20,6.0,1423500.0,12399
8467407,1,1,1,10,2025,2,31,5.0,400000.0,52113
8463818,1,2,1,10,2025,2,38,9.0,1423500.0,44189
8451770,1,3,1,10,2025,1,23,5.0,1423500.0,37102
8441861,1,3,1,10,2025,1,30,10.0,2000000.0,13652
8450048,1,1,1,10,2025,2,55,9.0,2000000.0,32773
8463617,1,1,1,10,2025,1,51,4.0,1423500.0,43689
8461847,1,2,1,10,2025,2,41,4.0,1200000.0,39563
8436163,1,4,1,10,2025,2,18,7.0,250000.0,530
8436837,1,1,1,10,2025,2,66,5.0,600000.0,2160
8451430,1,1,1,10,2025,1,69,3.0,350000.0,36251
8445679,1,1,1,10,2025,1,47,3.0,500000.0,22821
8452601,1,1,1,10,2025,2,27,4.0,1400000.0,39248
8441613,1,1,1,10,2025,2,21,4.0,850000.0,13137
8462665,1,1,1,10,2025,2,32,12.0,6500000.0,41495
8441994,1,1,1,10,2025,2,72,3.0,550000.0,14050
8462119,1,1,1,10,2025,1,36,10.0,1423500.0,40283
8468754,1,1,1,10,2025,2,44,5.0,1400000.0,55412
8439889,1,1,1,10,2025,1,35,5.0,1500000.0,9421
8467026,1,1,1,10,2025,1,22,10.0,700000.0,51147
8440453,1,1,1,10,2025,2,53,8.0,3000000.0,10556
8472608,1,3,1,10,2025,1,26,5.0,1800000.0,64324
8473829,1,1,1,10,2025,1,64,5.0,2000000.0,66343
8448804,1,3,1,10,2025,2,36,11.0,300000.0,29921
8452363,1,1,1,10,2025,1,46,5.0,1624500.0,38611
8470750,1,2,1,10,2025,1,45,8.0,1400000.0,60502
8464294,1,1,1,10,2025,2,38,3.0,1150000.0,45078
8447649,1,1,1,10,2025,2,44,13.0,9000000.0,27439
8449320,1,1,1,10,2025,1,53,3.0,2080000.0,30938
8469210,1,4,1,10,2025,1,34,5.0,1600000.0,56593
8469659,1,2,1,10,2025,2,30,8.0,1080000.0,57821
8438186,1,2,1,10,2025,2,35,11.0,5500000.0,5370
8465692,1,1,1,10,2025,1,41,5.0,2000000.0,48093
8463365,1,2,1,10,2025,2,41,5.0,1500000.0,43071
8436860,2,1,2,10,2025,2,63,3.0,200000.0,2263
8442169,1,1,1,10,2025,2,37,5.0,1423500.0,14442
8450002,1,1,1,10,2025,1,66,3.0,1000000.0,32669
8451553,1,3,1,10,2025,1,44,5.0,1723000.0,36537
8449968,2,2,2,10,2025,1,37,4.0,1200000.0,32576
8468512,1,1,1,10,2025,2,60,3.0,1200000.0,54805
8442054,1,3,1,10,2025,1,25,8.0,400000.0,14165
8446812,1,1,1,10,2025,1,56,11.0,1623500.0,25562
8443855,1,1,1,10,2025,2,37,10.0,3500000.0,18680
8467530,1,1,1,10,2025,2,29,8.0,1784000.0,52417
8452233,1,1,1,10,2025,2,22,5.0,1500000.0,38286
8471719,1,1,1,10,2025,2,35,8.0,1200000.0,62519
8441849,1,1,1,10,2025,1,46,3.0,350000.0,13604
8443722,1,2,1,10,2025,2,21,9.0,2000000.0,18328
8463180,1,5,1,10,2025,2,25,10.0,1000000.0,42568
8467027,1,1,1,10,2025,2,40,10.0,3200000.0,51148
8444440,1,1,1,10,2025,1,44,5.0,5000000.0,20142
8468809,1,1,1,10,2025,2,39,3.0,700000.0,55546
8446156,1,3,1,10,2025,2,24,10.0,3800000.0,23915
8467935,1,3,1,10,2025,2,27,5.0,300000.0,53446
8436292,1,1,1,10,2025,1,74,3.0,800000.0,834
8470834,1,2,1,10,2025,1,33,5.0,1600000.0,60757
8438461,1,1,1,10,2025,1,66,4.0,1050000.0,6061
8468858,1,2,1,10,2025,1,45,5.0,1500000.0,55697
8446075,1,3,1,10,2025,1,19,8.0,1426000.0,23715
8447220,1,1,1,10,2025,1,26,10.0,1423000.0,26397
8472455,1,2,1,10,2025,1,22,3.0,1100000.0,64052
8449728,1,1,1,10,2025,2,32,5.0,500000.0,31977
8437209,1,1,1,10,2025,2,63,5.0,960000.0,3178
8441446,1,1,1,10,2025,1,30,6.0,1400000.0,12776
8436415,1,1,1,10,2025,1,40,8.0,2000000.0,1094
8471560,1,1,1,10,2025,1,43,5.0,2000000.0,62221
8443614,1,3,1,10,2025,2,32,3.0,900000.0,18051
8437673,1,2,1,10,2025,2,38,10.0,2800000.0,4339
8442444,1,3,1,10,2025,1,20,5.0,1400000.0,15136
8462123,1,2,1,10,2025,2,54,5.0,1200000.0,40300
8443828,1,1,1,10,2025,2,53,5.0,1423000.0,18619
8470506,1,1,1,10,2025,1,18,5.0,1300000.0,59890
8466653,1,1,1,10,2025,1,69,3.0,1720000.0,50273
8468921,1,1,1,10,2025,1,47,3.0,1423500.0,55846
8468086,1,1,1,10,2025,2,62,5.0,1423500.0,53822
8470621,1,1,1,10,2025,2,61,1.0,100000.0,60180
8451950,1,2,1,10,2025,2,41,10.0,1423500.0,37563
8469549,1,3,1,10,2025,2,22,5.0,250000.0,57491
8468428,1,3,1,10,2025,1,46,4.0,1423500.0,54613
8465767,1,1,1,10,2025,1,60,10.0,2700000.0,48264
8472877,1,1,1,10,2025,2,54,10.0,4800000.0,64899
8436712,1,2,1,10,2025,2,42,5.0,1423500.0,1877
8437983,1,1,1,10,2025,2,38,10.0,4200000.0,4954
8467002,1,1,1,10,2025,1,43,3.0,240000.0,51096
8443098,1,2,1,10,2025,2,40,5.0,3000000.0,16717
8462708,1,6,1,10,2025,2,16,4.0,600000.0,41596
8445271,1,1,1,10,2025,1,56,5.0,1423500.0,21829
8467598,1,2,1,10,2025,2,48,5.0,1000000.0,52593
8470222,1,1,1,10,2025,2,33,5.0,1000000.0,59193
8468000,1,1,1,10,2025,2,56,3.0,1100000.0,53602
8439681,1,1,1,10,2025,1,47,5.0,1423500.0,8894
8440714,1,3,1,10,2025,2,29,5.0,1423500.0,11237
8443837,1,1,1,10,2025,2,29,5.0,500000.0,18643
8437138,1,1,1,10,2025,1,62,3.0,400000.0,3028
8436586,1,1,1,10,2025,2,47,5.0,2250000.0,1535
8443728,1,1,1,10,2025,2,54,8.0,9000000.0,18342
8468403,1,2,1,10,2025,2,60,10.0,3500000.0,54546
8466816,1,2,1,10,2025,2,28,5.0,960000.0,50643
8449255,1,1,1,10,2025,2,21,5.0,240000.0,30730
8444050,1,1,1,10,2025,1,59,3.0,390000.0,19192
8436440,1,3,1,10,2025,1,19,4.0,1200000.0,1149
8470725,1,1,1,10,2025,1,57,5.0,2000000.0,60409
8449257,1,1,1,10,2025,1,17,5.0,600000.0,30737
8442986,1,2,1,10,2025,2,26,10.0,1500000.0,16421
8436936,1,1,1,10,2025,2,38,5.0,2000000.0,2538
8447251,1,1,1,10,2025,2,40,10.0,1400000.0,26483
8471098,1,3,1,10,2025,2,30,10.0,4000000.0,61366
8442336,1,1,1,10,2025,1,62,4.0,2000000.0,14889
8467748,1,1,1,10,2025,1,34,5.0,1700000.0,52947
8443913,1,1,1,10,2025,1,59,3.0,200000.0,18828
8446025,1,2,1,10,2025,1,22,5.0,2500000.0,23598
8450803,1,1,1,10,2025,1,53,5.0,1500000.0,34631
8441419,1,2,1,10,2025,2,60,3.0,340000.0,12706
8466109,1,3,1,10,2025,1,45,5.0,1423500.0,48974
8472025,1,3,1,10,2025,1,23,4.0,960000.0,63123
8442003,1,1,1,10,2025,1,34,6.0,1150000.0,14071
8468162,1,2,1,10,2025,1,40,4.0,20400000.0,53976
8465334,1,2,1,10,2025,2,61,3.0,160000.0,47430
8448022,1,1,1,10,2025,2,30,9.0,1423000.0,28284
8466370,1,1,1,10,2025,2,39,5.0,1423000.0,49533
8449043,1,1,1,10,2025,2,41,8.0,820000.0,30303
8450826,1,1,1,10,2025,2,48,5.0,2560000.0,34680
8449044,1,1,1,10,2025,2,51,10.0,1500000.0,30308
8444060,1,1,1,10,2025,2,51,3.0,720000.0,19220
8464695,1,1,1,10,2025,1,39,5.0,1423500.0,46086
8472679,1,2,1,10,2025,2,49,10.0,2000000.0,64484
8472194,1,1,1,10,2025,1,57,5.0,1200000.0,63519
8451879,1,3,1,10,2025,2,66,3.0,1400000.0,37373
8469922,1,2,1,10,2025,1,63,10.0,5000000.0,58464
8452398,1,1,1,10,2025,2,44,8.0,1423500.0,38705
8438661,1,2,1,10,2025,2,26,10.0,2800000.0,6545
8469129,1,1,1,10,2025,1,36,8.0,2600000.0,56372
8467199,1,2,1,10,2025,2,34,8.0,1423500.0,51628
8448569,1,2,1,10,2025,2,31,10.0,4400000.0,29418
8446808,1,1,1,10,2025,2,67,3.0,1800000.0,25549
8472728,1,2,1,10,2025,1,40,5.0,1850000.0,64597
8468275,1,1,1,10,2025,1,41,3.0,1800000.0,54207
8471248,1,3,1,10,2025,1,31,5.0,1423500.0,61626
8449597,1,1,1,10,2025,1,68,3.0,1500000.0,31633
8449993,1,3,1,10,2025,2,29,10.0,5000000.0,32652
8464526,1,2,1,10,2025,1,39,5.0,1500000.0,45682
8445187,1,9,1,10,2025,1,39,4.0,900000.0,21587
8469193,1,1,1,10,2025,2,65,1.0,200000.0,56552
8440547,1,3,1,10,2025,1,23,10.0,2500000.0,10785
8467554,1,3,1,10,2025,1,35,5.0,600000.0,52463
8441138,1,1,1,10,2025,2,37,9.0,3000000.0,12167
8444482,1,2,1,10,2025,2,43,5.0,800000.0,20260
8445250,1,2,1,10,2025,1,26,5.0,700000.0,21765
8441241,1,1,1,10,2025,1,52,5.0,1000000.0,12382
8441908,1,1,1,10,2025,2,46,3.0,400000.0,13822
8470287,1,1,1,10,2025,2,18,5.0,460000.0,59372
8439232,1,1,1,10,2025,2,60,9.0,1800000.0,7789
8446666,1,1,1,10,2025,1,53,4.0,1500000.0,25291
8440636,1,1,1,10,2025,2,79,3.0,300000.0,11058
8449988,1,1,1,10,2025,2,36,4.0,300000.0,32638
8452371,1,1,1,10,2025,2,52,4.0,1000000.0,38627
8463454,1,2,1,10,2025,2,51,12.0,7117500.0,43329
8436681,1,3,1,10,2025,2,36,8.0,1623000.0,1790
8466092,1,1,1,10,2025,2,59,4.0,600000.0,48939
8446035,1,3,1,10,2025,2,27,10.0,1700000.0,23631
8450911,1,2,1,10,2025,1,61,1.0,450000.0,34880
8444215,1,1,1,10,2025,1,52,6.0,2000000.0,19551
8452059,1,1,1,10,2025,2,26,5.0,1423500.0,37826
8449275,1,2,1,10,2025,2,51,3.0,420000.0,30805
8437650,1,1,1,10,2025,2,58,8.0,2200000.0,4284
8440138,1,2,1,10,2025,2,37,10.0,4000000.0,9854
8466698,1,2,1,10,2025,1,55,5.0,3000000.0,50383
8436885,1,1,1,10,2025,2,43,5.0,1000000.0,2356
8436186,1,1,1,10,2025,2,44,3.0,500000.0,589
8449483,1,3,1,10,2025,1,18,5.0,500000.0,31349
8448313,1,1,1,10,2025,2,38,3.0,1740000.0,28883
8445322,1,1,1,10,2025,2,56,3.0,400000.0,21990
8440564,1,2,1,10,2025,2,41,5.0,100000.0,10832
8436026,1,1,1,10,2025,2,39,4.0,300000.0,213
8442763,1,2,1,10,2025,1,29,10.0,2000000.0,15877
8464602,1,2,1,10,2025,1,56,3.0,1000000.0,45864
8451921,1,4,1,10,2025,2,32,11.0,4500000.0,37480
8462243,1,1,1,10,2025,1,20,5.0,1400000.0,40578
8462501,1,2,1,10,2025,2,52,4.0,2123500.0,41125
8445476,1,1,1,10,2025,1,68,5.0,2000000.0,22342
8437578,1,2,1,10,2025,2,38,5.0,1423500.0,4122
8469272,1,1,1,10,2025,2,54,3.0,3170000.0,56740
8464738,1,3,1,10,2025,2,24,10.0,1400000.0,46192
8439384,1,1,1,10,2025,2,30,10.0,4100000.0,8164
8438986,1,2,1,10,2025,2,43,11.0,15000000.0,7242
8443709,1,3,1,10,2025,1,22,10.0,1600000.0,18295
8447160,1,1,1,10,2025,1,41,4.0,1200000.0,26275
8450854,1,1,1,10,2025,2,42,8.0,1850000.0,34758
8452139,1,3,1,10,2025,2,31,6.0,1423500.0,38046
8442987,1,2,1,10,2025,2,29,5.0,1900000.0,16423
8473020,1,1,1,10,2025,2,61,9.0,1800000.0,65114
8449533,1,1,1,10,2025,1,35,3.0,2500000.0,31479
8440418,1,2,1,10,2025,1,30,8.0,1650000.0,10492
8436077,1,1,1,10,2025,2,61,10.0,1423500.0,339
8446111,1,4,1,10,2025,1,23,10.0,2846000.0,23804
8436861,1,4,1,10,2025,2,25,5.0,1200000.0,2267
8464659,1,5,1,10,2025,1,35,5.0,1300000.0,46009
8449980,1,1,1,10,2025,1,65,5.0,2500000.0,32621
8465792,1,1,1,10,2025,1,52,5.0,1800000.0,48326
8438281,1,1,1,10,2025,1,57,5.0,1623500.0,5600
8440702,1,1,1,10,2025,1,66,3.0,700000.0,11187
8451635,1,2,1,10,2025,2,25,8.0,2150000.0,36722
8462280,1,1,1,10,2025,1,60,3.0,2100000.0,40640
8468538,1,2,1,10,2025,1,34,5.0,1400000.0,54884
8452523,1,2,1,10,2025,1,29,9.0,1623500.0,39046
8445781,1,2,1,10,2025,2,36,8.0,1800000.0,23030
8449271,1,3,1,10,2025,1,30,5.0,1000000.0,30789
8450722,1,2,1,10,2025,2,44,5.0,1400000.0,34447
8442370,1,1,1,10,2025,2,52,8.0,3900000.0,14977
8450707,1,1,1,10,2025,2,37,8.0,200000.0,34409
8463781,1,3,1,10,2025,1,37,4.0,1423500.0,44077
8444661,1,1,1,10,2025,1,55,9.0,2500000.0,20728
8472675,1,4,1,10,2025,1,45,5.0,1500000.0,64477
8468672,1,2,1,10,2025,2,42,5.0,1423500.0,55188
8464045,1,2,1,10,2025,2,40,10.0,2000000.0,44654
8468828,1,1,1,10,2025,2,42,10.0,,55608
8467270,1,1,1,10,2025,2,54,3.0,160000.0,51782
8469431,1,1,1,10,2025,1,74,3.0,150000.0,57185
8439692,1,1,1,10,2025,1,69,10.0,1000000.0,8922
8444440,1,2,1,10,2025,2,43,10.0,2000000.0,20143
8446137,1,1,1,10,2025,1,51,3.0,3000000.0,23867
8445289,1,2,1,10,2025,2,42,5.0,225000.0,21888
8473062,1,1,1,10,2025,1,26,8.0,1800000.0,65180
8450396,1,1,1,10,2025,1,23,6.0,2500000.0,33654
8436399,1,4,1,10,2025,2,23,6.0,1423500.0,1065
8466810,1,1,1,10,2025,1,73,10.0,950000.0,50626
8445455,1,1,1,10,2025,1,56,3.0,850000.0,22296
8441926,1,3,1,10,2025,1,17,3.0,750000.0,13863
8446406,1,1,1,10,2025,1,32,9.0,2000000.0,24630
8471537,1,1,1,10,2025,1,50,4.0,500000.0,62150
8470456,1,1,1,10,2025,2,34,10.0,400000.0,59783
8466992,1,3,1,10,2025,2,21,5.0,800000.0,51065
8447626,1,1,1,10,2025,2,43,5.0,300000.0,27366
8437765,1,5,1,10,2025,2,52,4.0,1200000.0,4524
8470727,1,1,1,10,2025,1,64,4.0,1150000.0,60414
8472926,1,1,1,10,2025,1,47,10.0,6500000.0,64957
8468875,1,2,1,10,2025,2,22,5.0,2100000.0,55738
8472368,1,1,1,10,2025,2,35,10.0,1300000.0,63883
8473000,1,1,1,10,2025,2,30,5.0,1200000.0,65066
8448668,1,2,1,10,2025,1,45,5.0,950000.0,29594
8471131,1,2,1,10,2025,2,66,10.0,5000000.0,61450
8439129,1,3,1,10,2025,1,16,5.0,900000.0,7578
8449693,1,1,1,10,2025,1,61,3.0,1500000.0,31867
8436738,1,1,1,10,2025,1,55,4.0,6000000.0,1938
8440582,1,2,1,10,2025,2,55,4.0,460000.0,10902
8464611,1,1,1,10,2025,2,57,9.0,1400000.0,45880
8446160,1,1,1,10,2025,1,43,11.0,10000000.0,23925
8439066,1,2,1,10,2025,1,36,10.0,400000.0,7420
8443344,1,1,1,10,2025,2,77,1.0,250000.0,17324
8470042,1,1,1,10,2025,2,41,8.0,1350000.0,58769
8439017,1,2,1,10,2025,2,46,3.0,1000000.0,7309
8441695,1,2,1,10,2025,2,23,4.0,300000.0,13318
8463088,1,1,1,10,2025,2,31,10.0,2400000.0,42390
8450504,1,1,1,10,2025,1,33,5.0,2000000.0,33874
8436471,1,1,1,10,2025,2,53,5.0,2700000.0,1229
8439826,1,3,1,10,2025,1,31,5.0,1400000.0,9234
8463262,1,3,1,10,2025,2,23,5.0,1423500.0,42791
8443459,1,3,1,10,2025,2,42,10.0,250000.0,17631
8462196,1,1,1,10,2025,1,74,3.0,500000.0,40461
8472137,1,3,1,10,2025,1,29,9.0,1000000.0,63386
8441039,1,1,1,10,2025,2,52,5.0,1400000.0,11946
8448212,1,2,1,10,2025,2,61,3.0,350000.0,28722
8468015,1,2,1,10,2025,2,40,5.0,850000.0,53645
8467659,1,1,1,10,2025,1,48,6.0,1500000.0,52749
8470784,1,1,1,10,2025,1,39,4.0,700000.0,60615
8463877,1,1,1,10,2025,2,47,11.0,4000000.0,44294
8442418,1,1,1,10,2025,2,27,4.0,1400000.0,15082
8466100,1,1,1,10,2025,1,41,5.0,2184000.0,48959
8447053,1,1,1,10,2025,2,34,5.0,240000.0,26113
8452036,1,1,1,10,2025,1,41,10.0,700000.0,37768
8444675,1,3,1,10,2025,1,49,10.0,1423500.0,20760
8447767,1,5,1,10,2025,1,48,5.0,600000.0,27653
8450020,1,2,1,10,2025,2,28,5.0,1400000.0,32702
8470618,1,1,1,10,2025,2,42,5.0,2156000.0,60172
8447818,1,1,1,10,2025,1,50,11.0,4500000.0,27796
8467265,1,1,1,10,2025,2,55,9.0,3700000.0,51774
8471390,1,1,1,10,2025,2,27,5.0,1623000.0,61890
8451053,1,1,1,10,2025,1,61,3.0,1423500.0,35258
8468019,1,2,1,10,2025,2,26,4.0,1500000.0,53660
8472874,1,2,1,10,2025,1,38,3.0,1400000.0,64888
8467972,1,2,1,10,2025,1,41,8.0,3000000.0,53544
8463681,1,2,1,10,2025,2,44,5.0,1400000.0,43842
8461752,1,2,1,10,2025,2,29,5.0,5000000.0,39277
8461978,1,2,1,10,2025,2,48,9.0,1423500.0,39936
8440793,1,1,1,10,2025,1,49,5.0,1423500.0,11437
8461823,1,1,1,10,2025,1,37,1.0,600000.0,39511
8469915,1,1,1,10,2025,1,69,10.0,88800000.0,58451
8469252,1,1,1,10,2025,2,45,10.0,4000000.0,56691
8443821,1,1,1,10,2025,1,54,5.0,1423500.0,18598
8465791,1,2,1,10,2025,1,29,5.0,1423500.0,48324
8441153,1,2,1,10,2025,2,34,9.0,1423500.0,12201
8467116,1,1,1,10,2025,2,66,10.0,3800000.0,51426
8450531,1,6,1,10,2025,1,38,5.0,2100000.0,33959
8446897,1,3,1,10,2025,2,26,10.0,1423500.0,25753
8446786,1,4,1,10,2025,2,18,5.0,1423500.0,25504
8464056,1,1,1,10,2025,1,47,5.0,1423500.0,44686
8450154,1,3,1,10,2025,2,44,5.0,1040000.0,33035
8448233,1,1,1,10,2025,2,31,3.0,950000.0,28794
8465911,1,1,1,10,2025,2,30,4.0,1000000.0,48604
8462959,1,3,1,10,2025,2,17,5.0,1350000.0,42101
8468368,1,2,1,10,2025,1,32,8.0,2000000.0,54432
8470257,1,1,1,10,2025,1,32,5.0,1423500.0,59293
8470774,1,1,1,10,2025,1,39,5.0,1600000.0,60589
8462650,1,1,1,10,2025,1,41,5.0,1500000.0,41465
8442587,1,2,1,10,2025,1,37,5.0,1423500.0,15459
8436742,1,1,1,10,2025,2,24,9.0,1423500.0,1948
8439705,1,3,1,10,2025,2,35,3.0,800000.0,8956
8467749,1,1,1,10,2025,1,55,5.0,1700000.0,52952
8472032,1,1,1,10,2025,1,47,5.0,1400000.0,63136
8437740,1,2,1,10,2025,2,66,3.0,5223500.0,4477
8443629,1,3,1,10,2025,2,38,10.0,3500000.0,18098
8470131,1,1,1,10,2025,1,47,5.0,4000000.0,59008
8450556,1,3,1,10,2025,2,32,10.0,1800000.0,34029
8450027,1,1,1,10,2025,2,38,1.0,1400000.0,32719
8443644,1,1,1,10,2025,2,75,3.0,360000.0,18140
8470117,1,1,1,10,2025,1,64,3.0,400000.0,58972
8469323,1,1,1,10,2025,1,48,3.0,1100000.0,56910
8438579,1,2,1,10,2025,2,33,10.0,2800000.0,6352
8449549,1,1,1,10,2025,1,34,5.0,1600000.0,31520
8448640,1,1,1,10,2025,1,65,4.0,600000.0,29515
8469209,1,1,1,10,2025,2,27,5.0,900000.0,56586
8471180,1,1,1,10,2025,2,31,10.0,1650000.0,61473
8469068,1,4,1,10,2025,1,32,10.0,2500000.0,56198
8464854,1,1,1,10,2025,1,67,5.0,700000.0,46399
8440357,1,2,1,10,2025,1,65,4.0,1423500.0,10367
8447069,1,1,1,10,2025,2,39,3.0,1950000.0,26153
8442743,1,1,1,10,2025,1,23,4.0,500000.0,15829
8440883,1,2,1,10,2025,2,25,4.0,300000.0,11691
8438560,1,1,1,10,2025,2,58,5.0,100000.0,6296
8444066,1,1,1,10,2025,2,34,8.0,800000.0,19240
8465833,1,2,1,10,2025,2,50,5.0,1500000.0,48423
8443255,1,2,1,10,2025,2,28,4.0,500000.0,17064
8438907,1,1,1,10,2025,2,43,10.0,2500000.0,7071
8450422,1,1,1,10,2025,2,45,4.0,1423500.0,33717
8473332,1,1,1,10,2025,2,28,10.0,3204000.0,65712
8437289,1,1,1,10,2025,2,48,9.0,2000000.0,3423
8467282,1,1,1,10,2025,1,28,6.0,1700000.0,51816
8436655,1,2,1,10,2025,2,40,5.0,900000.0,1723
8447454,1,1,1,10,2025,1,48,1.0,200000.0,27024
8467765,1,1,1,10,2025,1,78,1.0,600000.0,52996
8448799,1,1,1,10,2025,2,51,3.0,1500000.0,29912
8441672,1,2,1,10,2025,2,55,3.0,200000.0,13252
8443133,1,2,1,10,2025,2,31,10.0,7000000.0,16796
8446207,1,2,1,10,2025,2,32,3.0,3420000.0,24052
8441551,1,2,1,10,2025,2,57,5.0,1423500.0,13005
8462498,1,2,1,10,2025,1,43,3.0,850000.0,41114
8436932,1,5,1,10,2025,2,56,5.0,750000.0,2530
8441712,1,1,1,10,2025,1,42,11.0,9000000.0,13355
8448317,1,2,1,10,2025,2,37,8.0,1423500.0,28891
8446090,1,1,1,10,2025,2,44,5.0,2000000.0,23744
8443310,1,2,1,10,2025,2,43,3.0,170000.0,17255
8467819,1,4,1,10,2025,2,27,10.0,1423500.0,53120
8470436,1,2,1,10,2025,2,70,3.0,300000.0,59750
8467495,1,1,1,10,2025,1,27,4.0,3000000.0,52343
8447277,1,1,1,10,2025,1,38,5.0,1400000.0,26568
8439287,1,4,1,10,2025,2,23,5.0,200000.0,7924
8468672,1,1,1,10,2025,1,49,10.0,2800000.0,55187
8462440,1,1,1,10,2025,2,28,5.0,700000.0,40990
8468987,1,1,1,10,2025,2,35,5.0,500000.0,55985
8468598,1,1,1,10,2025,2,59,5.0,800000.0,55016
8451240,1,1,1,10,2025,1,52,3.0,300000.0,35747
8436700,1,1,1,10,2025,1,37,5.0,2000000.0,1843
8473813,1,1,1,10,2025,2,55,8.0,1423500.0,66302
8439035,1,1,1,10,2025,1,56,5.0,2160000.0,7344
8437481,1,1,1,10,2025,1,40,6.0,1623500.0,3944
8439235,1,2,1,10,2025,2,27,10.0,2500000.0,7797
8445941,1,1,1,10,2025,1,35,4.0,100000.0,23380
8452190,1,3,1,10,2025,2,31,10.0,1423000.0,38162
8436861,1,7,1,10,2025,1,20,5.0,1623500.0,2270
8436457,1,1,1,10,2025,1,37,4.0,2000000.0,1195
8469261,1,4,1,10,2025,2,39,8.0,2000000.0,56716
8465458,1,1,1,10,2025,2,38,4.0,800000.0,47660
8472948,1,1,1,10,2025,2,69,4.0,500000.0,64984
8449985,1,1,1,10,2025,1,46,5.0,1423500.0,32633
8472230,1,2,1,10,2025,2,39,5.0,4000000.0,63586
8444750,1,2,1,10,2025,2,56,5.0,300000.0,20972
8444955,1,2,1,10,2025,2,37,10.0,3100000.0,21483
8464167,1,1,1,10,2025,1,34,10.0,1650000.0,44888
8436782,1,2,1,10,2025,2,32,10.0,14000000.0,2030
8442704,1,1,1,10,2025,2,28,10.0,1423500.0,15735
8447961,1,1,1,10,2025,2,36,5.0,1300000.0,28150
8442902,1,1,1,10,2025,1,33,4.0,1423500.0,16206
8470267,1,3,1,10,2025,2,20,4.0,150000.0,59315
8443704,1,1,1,10,2025,1,37,5.0,1500000.0,18284
8452473,1,1,1,10,2025,1,35,5.0,1300000.0,38924
8463371,1,1,1,10,2025,2,56,7.0,3000000.0,43088
8441268,1,2,1,10,2025,2,56,10.0,22500000.0,12435
8461765,1,3,1,10,2025,2,19,10.0,0.0,39325
8468058,1,1,1,10,2025,2,65,5.0,3200000.0,53743
8470582,1,2,1,10,2025,2,24,10.0,1423500.0,60076
8473832,1,1,1,10,2025,2,54,3.0,250000.0,66352
8448443,1,3,1,10,2025,2,22,8.0,1624500.0,29157
8464517,1,1,1,10,2025,2,47,5.0,420000.0,45658
8465205,1,1,1,10,2025,2,29,5.0,1800000.0,47212
8465535,1,1,1,10,2025,2,52,4.0,1423000.0,47820
8439328,1,2,1,10,2025,2,45,8.0,500000.0,8038
8466689,1,3,1,10,2025,1,40,5.0,1650000.0,50363
8442033,1,2,1,10,2025,1,50,5.0,1500000.0,14125
8441774,1,2,1,10,2025,1,31,4.0,600000.0,13466
8437307,1,1,1,10,2025,1,53,10.0,7000000.0,3476
8463511,1,4,1,10,2025,1,49,5.0,1800000.0,43479
8441823,1,1,1,10,2025,1,27,8.0,900000.0,13533
8467198,1,1,1,10,2025,2,33,5.0,560000.0,51623
8462571,1,2,1,10,2025,2,48,3.0,100000.0,41313
8438900,1,2,1,10,2025,2,59,5.0,1400000.0,7060
8444118,1,5,1,10,2025,1,19,5.0,1600000.0,19363
8448935,1,2,1,10,2025,2,32,8.0,1400000.0,30119
8471876,1,1,1,10,2025,1,63,5.0,1423500.0,62847
8439450,1,1,1,10,2025,2,32,6.0,1000000.0,8314
8468412,1,2,1,10,2025,2,49,8.0,1423500.0,54567
8451416,1,2,1,10,2025,1,56,5.0,1423500.0,36208
8470304,1,1,1,10,2025,1,25,5.0,1423500.0,59416
8438081,1,1,1,10,2025,2,44,11.0,8500000.0,5164
8437589,1,1,1,10,2025,1,28,5.0,10000000.0,4147
8437700,1,1,1,10,2025,1,27,8.0,2800000.0,4390
8451070,1,1,1,10,2025,1,51,9.0,3077000.0,35298
8440679,1,1,1,10,2025,1,23,10.0,4270500.0,11175
8447027,1,5,1,10,2025,1,60,3.0,1600000.0,26050
8438535,1,2,1,10,2025,2,37,5.0,820000.0,6255
8437671,1,3,1,10,2025,2,37,9.0,1423500.0,4333
8471124,1,1,1,10,2025,2,27,5.0,1400000.0,61428
8471122,1,1,1,10,2025,1,58,13.0,10000000.0,61423
8437070,1,1,1,10,2025,2,41,11.0,8000000.0,2868
8462653,1,1,1,10,2025,2,37,6.0,1600000.0,41470
8472869,1,2,1,10,2025,2,32,6.0,1600000.0,64874
8438876,1,1,1,10,2025,1,50,5.0,1500000.0,7006
8468453,1,3,1,10,2025,2,29,4.0,2400000.0,54681
8437925,1,1,1,10,2025,1,57,13.0,6000000.0,4848
8464326,1,3,1,10,2025,1,28,10.0,1423500.0,45181
8467667,1,1,1,10,2025,2,59,5.0,160000.0,52764
8463961,1,1,1,10,2025,2,62,5.0,700000.0,44488
8468845,1,2,1,10,2025,1,39,3.0,1300000.0,55660
8446831,1,3,1,10,2025,2,23,10.0,1423500.0,25607
8463754,1,2,1,10,2025,2,43,9.0,2000000.0,44008
8447821,1,2,1,10,2025,1,42,3.0,1400000.0,27809
8443686,1,1,1,10,2025,1,51,4.0,2380000.0,18243
8450404,1,1,1,10,2025,2,54,6.0,1423500.0,33669
8438507,1,3,1,10,2025,1,20,3.0,700000.0,6187
8465634,1,1,1,10,2025,2,29,10.0,3500000.0,47990
8462953,1,1,1,10,2025,1,63,1.0,1200000.0,42089
8463887,1,2,1,10,2025,1,67,10.0,5200000.0,44327
8437802,1,2,1,10,2025,2,36,8.0,800000.0,4592
8446460,1,1,1,10,2025,1,61,5.0,600000.0,24736
8444124,1,1,1,10,2025,2,49,5.0,1423500.0,19373
8471722,1,1,1,10,2025,1,34,8.0,800000.0,62522
8437752,1,1,1,10,2025,1,54,10.0,1500000.0,4492
8465795,1,1,1,10,2025,1,66,3.0,1423500.0,48328
8463724,1,2,1,10,2025,2,61,9.0,1500000.0,43942
8464623,1,1,1,10,2025,2,43,5.0,1423500.0,45909
8465965,1,3,1,10,2025,1,23,5.0,1723500.0,48697
8465342,1,2,1,10,2025,2,48,3.0,500000.0,47447
8439225,1,1,1,10,2025,2,42,8.0,1120000.0,7774
8436851,1,1,1,10,2025,1,72,3.0,1600000.0,2225
8443832,1,2,1,10,2025,1,29,5.0,1400000.0,18631
8467769,1,1,1,10,2025,2,48,5.0,1300000.0,53001
8446773,1,3,1,10,2025,1,43,5.0,1800000.0,25466
8436960,1,2,1,10,2025,1,37,10.0,6000000.0,2619
8471341,1,2,1,10,2025,2,43,8.0,1423500.0,61778
8438885,1,1,1,10,2025,1,74,3.0,1800000.0,7025
8470639,1,4,1,10,2025,1,18,5.0,996450.0,60221
8443621,1,2,1,10,2025,2,31,10.0,1500000.0,18076
8463006,1,3,1,10,2025,2,24,8.0,1000000.0,42216
8465578,1,1,1,10,2025,1,27,5.0,2400000.0,47893
8466017,1,2,1,10,2025,2,47,10.0,0.0,48833
8440799,1,1,1,10,2025,2,37,5.0,500000.0,11457
8436758,1,3,1,10,2025,1,21,10.0,1900000.0,1986
8437723,1,1,1,10,2025,2,31,5.0,1200000.0,4447
8463687,1,5,1,10,2025,1,21,9.0,2000000.0,43866
8437030,1,1,1,10,2025,2,46,10.0,3800000.0,2780
8442631,1,2,1,10,2025,2,61,5.0,1500000.0,15546
8471834,1,1,1,10,2025,2,49,4.0,1800000.0,62761
8466411,1,6,1,10,2025,1,23,4.0,1000000.0,49657
8467822,1,3,1,10,2025,2,48,5.0,2100000.0,53132
8472307,1,1,1,10,2025,2,48,6.0,1423500.0,63742
8466754,1,2,1,10,2025,2,57,10.0,4200000.0,50509
8467881,1,1,1,10,2025,2,40,13.0,10500000.0,53301
8443791,1,3,1,10,2025,1,27,10.0,2200000.0,18496
8443056,1,1,1,10,2025,2,36,10.0,4600000.0,16608
8438767,1,2,1,10,2025,1,34,5.0,1500000.0,6768
8441820,1,1,1,10,2025,1,39,3.0,840000.0,13527
8471872,1,2,1,10,2025,1,36,5.0,1423500.0,62834
8446324,1,1,1,10,2025,1,49,1.0,800000.0,24418
8445807,1,3,1,10,2025,2,28,10.0,1700000.0,23098
8448050,1,1,1,10,2025,2,58,13.0,8600000.0,28361
8452458,1,2,1,10,2025,2,37,10.0,1423500.0,38886
8469347,1,4,1,10,2025,1,28,10.0,2800000.0,56996
8439171,1,1,1,10,2025,1,48,5.0,2500000.0,7659
8441319,1,2,1,10,2025,2,34,4.0,150000.0,12505
8451281,1,3,1,10,2025,1,21,5.0,800000.0,35843
8444477,1,1,1,10,2025,1,28,5.0,2200000.0,20251
8442501,1,1,1,10,2025,2,29,10.0,2500000.0,15282
8443116,1,1,1,10,2025,2,34,10.0,4000000.0,16760
8438589,1,1,1,10,2025,2,32,3.0,550000.0,6376
8444583,1,1,1,10,2025,1,48,5.0,1500000.0,20528
8438097,1,3,1,10,2025,1,71,3.0,1800000.0,5196
8437807,1,1,1,10,2025,2,46,9.0,1770000.0,4600
8440594,1,1,1,10,2025,1,42,3.0,1500000.0,10938
8443940,1,1,1,10,2025,1,49,11.0,5000000.0,18876
8468366,1,1,1,10,2025,2,46,8.0,1425000.0,54426
8469057,1,2,1,10,2025,2,27,5.0,600000.0,56169
8465010,1,6,1,10,2025,1,40,5.0,650000.0,46775
8435963,1,1,1,10,2025,1,32,5.0,1200000.0,1
8445773,1,1,1,10,2025,1,53,12.0,5600000.0,23015
8469954,1,1,1,10,2025,1,25,5.0,1423500.0,58559
8443550,1,1,1,10,2025,1,34,5.0,1423500.0,17876
8463152,1,1,1,10,2025,2,58,5.0,1423500.0,42503
8438640,1,1,1,10,2025,2,31,8.0,500000.0,6486
8443456,1,1,1,10,2025,1,40,3.0,1500000.0,17620
8465185,1,3,1,10,2025,1,24,5.0,1000000.0,47151
8440423,2,1,2,10,2025,2,34,5.0,1423500.0,10498
8440427,1,1,1,10,2025,2,61,5.0,2098500.0,10507
8438791,1,1,1,10,2025,2,57,5.0,1400000.0,6823
8463891,1,1,1,10,2025,1,38,10.0,2500000.0,44336
8452369,1,1,1,10,2025,2,25,9.0,1423500.0,38625
8442286,1,2,1,10,2025,1,29,12.0,13000000.0,14740
8448521,1,1,1,10,2025,1,50,5.0,1600000.0,29317
8439842,1,1,1,10,2025,1,28,6.0,1460000.0,9284
8463162,1,2,1,10,2025,2,33,8.0,500000.0,42514
8464899,1,1,1,10,2025,2,40,5.0,1600000.0,46498
8467619,1,1,1,10,2025,2,51,6.0,1000000.0,52653
8466970,1,1,1,10,2025,2,62,1.0,150000.0,50986
8444594,1,1,1,10,2025,1,33,8.0,1700000.0,20550
8464898,1,1,1,10,2025,1,31,5.0,1500000.0,46495
8469386,1,2,1,10,2025,1,77,3.0,700000.0,57067
8438431,1,1,1,10,2025,2,46,5.0,1800000.0,5984
8471323,1,1,1,10,2025,2,51,3.0,1200000.0,61761
8445432,1,1,1,10,2025,1,35,5.0,1423500.0,22247
8445430,1,2,1,10,2025,2,49,8.0,1423500.0,22244
8469430,1,2,1,10,2025,2,51,12.0,4350000.0,57183
8440526,1,1,1,10,2025,2,36,10.0,1600000.0,10732
8450180,1,1,1,10,2025,1,68,3.0,868500.0,33107
8437208,1,2,1,10,2025,2,41,8.0,1423000.0,3177
8440045,1,1,1,10,2025,2,69,10.0,1300000.0,9652
8447629,1,3,1,10,2025,1,29,10.0,3500000.0,27375
8468251,1,1,1,10,2025,2,65,3.0,650000.0,54153
8438578,1,2,1,10,2025,2,58,3.0,1000000.0,6350
8473060,1,1,1,10,2025,2,18,10.0,800000.0,65175
8451299,1,1,1,10,2025,1,33,4.0,2000000.0,35900
8442046,1,1,1,10,2025,1,35,5.0,1100000.0,14147
8449260,1,1,1,10,2025,1,32,4.0,1120000.0,30746
8461922,1,2,1,10,2025,1,34,5.0,800000.0,39771
8449161,1,1,1,10,2025,1,53,5.0,2400000.0,30520
8467891,1,1,1,10,2025,2,38,3.0,400000.0,53327
8463164,1,1,1,10,2025,2,39,6.0,1600000.0,42519
8441534,1,1,1,10,2025,1,53,3.0,1800000.0,12968
8468315,1,2,1,10,2025,2,77,3.0,600000.0,54296
8441893,1,1,1,10,2025,1,71,3.0,1000000.0,13764
8451484,1,2,1,10,2025,1,36,4.0,900000.0,36366
8472679,1,4,1,10,2025,1,26,10.0,1450000.0,64486
8438562,1,1,1,10,2025,1,34,8.0,1800000.0,6302
8467244,1,1,1,10,2025,1,61,5.0,900000.0,51725
8438498,1,1,1,10,2025,1,55,5.0,400000.0,6160
8471604,1,1,1,10,2025,1,64,4.0,800000.0,62339
8440386,1,1,1,10,2025,2,51,5.0,800000.0,10434
8437425,1,1,1,10,2025,1,61,5.0,1800000.0,3785
8462862,1,3,1,10,2025,2,23,9.0,1423500.0,41906
8436020,1,2,1,10,2025,2,43,4.0,300000.0,196
8436381,1,2,1,10,2025,1,32,5.0,1600000.0,1032
8447077,1,3,1,10,2025,2,20,5.0,870000.0,26168
8443076,1,1,1,10,2025,2,21,6.0,1560000.0,16658
8467327,1,1,1,10,2025,1,33,10.0,2500000.0,51919
8450764,1,1,1,10,2025,2,51,8.0,300000.0,34547
8449495,1,1,1,10,2025,1,30,5.0,800000.0,31383
8446135,1,2,1,10,2025,2,46,10.0,3400000.0,23863
8439843,1,1,1,10,2025,2,63,3.0,300000.0,9286
8463926,1,1,1,10,2025,2,32,11.0,4500000.0,44397
8448331,1,1,1,10,2025,2,45,3.0,1750000.0,28915
8441128,1,2,1,10,2025,2,25,6.0,650000.0,12142
8467280,1,1,1,10,2025,1,38,9.0,2800000.0,51808
8438190,1,2,1,10,2025,2,29,10.0,2500000.0,5378
8436693,1,1,1,10,2025,2,52,5.0,1600000.0,1819
8447648,1,2,1,10,2025,1,37,3.0,700000.0,27437
8439574,1,1,1,10,2025,1,61,5.0,600000.0,8599
8441872,1,1,1,10,2025,1,51,3.0,2523500.0,13691
8448653,1,2,1,10,2025,1,26,5.0,350000.0,29554
8452584,1,1,1,10,2025,1,60,7.0,3000000.0,39215
8440217,1,2,1,10,2025,2,51,11.0,1000000.0,10027
8439024,1,2,1,10,2025,2,48,10.0,1500000.0,7317
8472845,1,1,1,10,2025,1,57,8.0,6000000.0,64813
8470139,1,1,1,10,2025,2,32,6.0,600000.0,59027
8451030,1,3,1,10,2025,1,40,5.0,2050000.0,35208
8450530,1,3,1,10,2025,1,17,5.0,800000.0,33951
8470882,1,2,1,10,2025,1,26,5.0,1500000.0,60856
8471855,1,1,1,10,2025,2,56,4.0,600000.0,62797
8443499,1,1,1,10,2025,2,43,10.0,2000000.0,17745
8464714,1,1,1,10,2025,2,54,10.0,4000000.0,46136
8465760,1,3,1,10,2025,1,19,10.0,730000.0,48246
8466520,1,2,1,10,2025,2,18,4.0,800000.0,49976
8465639,1,2,1,10,2025,1,56,5.0,350000.0,48000
8447721,1,1,1,10,2025,1,53,3.0,2000000.0,27575
8461754,1,1,1,10,2025,1,31,8.0,200000.0,39292
8448446,1,3,1,10,2025,2,52,5.0,2000000.0,29170
8463403,1,2,1,10,2025,2,25,8.0,2000000.0,43189
8469094,1,1,1,10,2025,2,34,11.0,2400000.0,56270
8467624,1,2,1,10,2025,2,36,5.0,1500000.0,52664
8470391,1,2,1,10,2025,1,22,10.0,160000.0,59612
8465359,1,3,1,10,2025,1,43,12.0,3000000.0,47482
8469062,1,3,1,10,2025,2,56,4.0,840000.0,56180
8473219,1,1,1,10,2025,2,27,5.0,720000.0,65483
8450291,1,2,1,10,2025,2,34,8.0,2050000.0,33386
8466340,1,1,1,10,2025,1,37,4.0,1573500.0,49442
8436307,1,1,1,10,2025,2,56,12.0,2800000.0,875
8441066,1,3,1,10,2025,2,24,10.0,1600000.0,12001
8468326,1,1,1,10,2025,2,46,5.0,1600000.0,54323
8469606,1,2,1,10,2025,2,57,1.0,1620000.0,57656
8464327,1,2,1,10,2025,1,55,3.0,1500000.0,45183
8472792,1,2,1,10,2025,1,31,10.0,3500000.0,64724
8446486,1,2,1,10,2025,2,41,11.0,7000000.0,24816
8442927,1,2,1,10,2025,2,31,10.0,1520000.0,16265
8436863,1,3,1,10,2025,1,36,8.0,1423500.0,2275
8449625,1,1,1,10,2025,2,51,3.0,200000.0,31682
8450810,1,1,1,10,2025,2,40,7.0,4000000.0,34648
8441580,1,2,1,10,2025,2,30,7.0,2800000.0,13072
8449335,1,2,1,10,2025,2,39,5.0,1300000.0,30970
8463419,1,3,1,10,2025,1,29,10.0,1423500.0,43234
8451484,1,1,1,10,2025,2,30,5.0,1150000.0,36365
8446355,1,2,1,10,2025,1,22,5.0,1500000.0,24508
8464441,1,7,1,10,2025,1,50,5.0,700000.0,45466
8444216,1,2,1,10,2025,2,29,10.0,1423500.0,19556
8473316,1,1,1,10,2025,1,35,9.0,1623000.0,65689
8464111,1,2,1,10,2025,2,19,5.0,1400000.0,44768
8469330,1,1,1,10,2025,2,32,5.0,580000.0,56948
8469046,1,3,1,10,2025,2,21,10.0,400000.0,56141
8451553,1,5,1,10,2025,1,32,5.0,2100000.0,36539
8463189,1,1,1,10,2025,2,55,3.0,880000.0,42583
8471237,1,1,1,10,2025,2,48,8.0,1623500.0,61599
8464968,1,2,1,10,2025,1,33,9.0,1423500.0,46669
8440168,1,2,1,10,2025,2,19,10.0,1423500.0,9918
8449805,1,1,1,10,2025,2,33,8.0,1000000.0,32150
8468772,1,1,1,10,2025,2,31,10.0,2000000.0,55452
8446279,1,3,1,10,2025,2,18,5.0,560000.0,24290
8471422,1,1,1,10,2025,2,35,5.0,900000.0,61948
8440608,2,1,2,10,2025,1,29,5.0,800000.0,10974
8466792,1,1,1,10,2025,1,48,3.0,2400000.0,50576
8443151,1,2,1,10,2025,2,67,10.0,3500000.0,16838
8468697,1,1,1,10,2025,1,36,11.0,4459000.0,55261
8467616,1,2,1,10,2025,2,45,10.0,1600000.0,52645
8443425,1,1,1,10,2025,1,40,10.0,2450000.0,17549
8451015,1,2,1,10,2025,2,64,3.0,400000.0,35179
8436506,1,1,1,10,2025,1,55,12.0,5600000.0,1323
8470282,1,3,1,10,2025,1,30,8.0,1423500.0,59357
8469127,1,3,1,10,2025,1,54,10.0,2000000.0,56368
8451892,1,1,1,10,2025,2,43,12.0,6000000.0,37403
8444837,1,1,1,10,2025,1,27,5.0,1400000.0,21215
8443926,1,1,1,10,2025,2,42,5.0,200000.0,18845
8472261,1,1,1,10,2025,1,55,3.0,1200000.0,63651
8461846,1,1,1,10,2025,1,66,1.0,1200000.0,39560
8442921,1,1,1,10,2025,2,53,10.0,250000.0,16243
8447135,1,1,1,10,2025,2,32,5.0,520000.0,26245
8451891,1,1,1,10,2025,2,55,8.0,3000000.0,37401
8441110,2,2,2,10,2025,2,29,5.0,1740000.0,12093
8442930,1,1,1,10,2025,1,29,5.0,160000.0,16274
8450292,1,4,1,10,2025,1,39,8.0,900000.0,33391
8443202,1,2,1,10,2025,1,23,1.0,660000.0,16922
8450432,1,1,1,10,2025,1,29,5.0,1900000.0,33742
8467304,1,1,1,10,2025,1,55,9.0,2700000.0,51864
8468675,1,2,1,10,2025,1,34,5.0,1423500.0,55194
8440603,1,1,1,10,2025,2,44,6.0,1000000.0,10965
8442020,1,2,1,10,2025,1,41,3.0,1200000.0,14103
8472188,1,2,1,10,2025,2,46,10.0,2200000.0,63498
8470634,1,1,1,10,2025,2,52,5.0,300000.0,60202
8447430,1,1,1,10,2025,1,37,5.0,2855400.0,26970
8451011,1,1,1,10,2025,2,46,3.0,280000.0,35169
8447425,1,2,1,10,2025,1,53,5.0,1500000.0,26957
8471413,1,1,1,10,2025,2,45,3.0,700000.0,61932
8441903,1,2,1,10,2025,1,24,5.0,1260000.0,13808
8467359,1,1,1,10,2025,1,44,10.0,3000000.0,52007
8436366,1,1,1,10,2025,1,61,6.0,2500000.0,999
8442229,1,1,1,10,2025,1,46,5.0,2000000.0,14617
8448374,1,1,1,10,2025,2,24,8.0,1423500.0,28994
8443292,1,2,1,10,2025,1,19,4.0,400000.0,17196
8472075,1,1,1,10,2025,1,33,5.0,1200000.0,63239
8462086,1,1,1,10,2025,1,50,3.0,1050000.0,40193
8464968,1,1,1,10,2025,1,36,5.0,1423500.0,46668
8439545,1,1,1,10,2025,1,46,5.0,1600000.0,8528
8463866,1,6,1,10,2025,2,36,5.0,1800000.0,44272
8449815,1,1,1,10,2025,2,51,3.0,600000.0,32172
8437235,1,8,1,10,2025,2,37,5.0,1423500.0,3258
8465065,1,1,1,10,2025,2,35,11.0,500000.0,46906
8463901,1,2,1,10,2025,1,19,10.0,840000.0,44351
8462915,1,1,1,10,2025,1,55,10.0,2000000.0,42020
8449117,1,2,1,10,2025,1,22,4.0,1400000.0,30464
8469645,1,1,1,10,2025,2,25,8.0,2500000.0,57773
8470729,1,2,1,10,2025,2,56,5.0,120000.0,60419
8473120,1,1,1,10,2025,1,43,3.0,200000.0,65267
8466154,1,1,1,10,2025,1,25,5.0,1680000.0,49087
8448778,1,1,1,10,2025,1,46,5.0,2500000.0,29864
8473071,1,1,1,10,2025,1,35,5.0,1600000.0,65194
8447018,1,1,1,10,2025,1,57,12.0,1200000.0,26027
8442380,1,3,1,10,2025,2,23,10.0,1423500.0,15001
8439654,1,2,1,10,2025,2,42,3.0,1200000.0,8806
8448922,1,1,1,10,2025,1,37,9.0,4500000.0,30104
8463407,1,3,1,10,2025,2,34,10.0,8000000.0,43203
8444621,1,3,1,10,2025,1,20,5.0,600000.0,20623
8439293,1,2,1,10,2025,2,46,10.0,2000000.0,7943
8471083,1,1,1,10,2025,2,53,8.0,2600000.0,61328
8440485,1,1,1,10,2025,2,40,10.0,2800000.0,10634
8468624,1,1,1,10,2025,1,55,10.0,3000000.0,55052
8470382,1,1,1,10,2025,1,70,4.0,2500000.0,59586
8462857,1,1,1,10,2025,1,55,5.0,1850000.0,41894
8466502,1,1,1,10,2025,2,38,3.0,1000000.0,49917
8464182,1,1,1,10,2025,2,45,9.0,3000000.0,44914
8436586,1,2,1,10,2025,2,25,8.0,1780000.0,1536
8445671,1,1,1,10,2025,1,57,9.0,2210000.0,22811
8468864,1,1,1,10,2025,2,59,3.0,720000.0,55710
8451045,1,4,1,10,2025,2,53,5.0,380000.0,35240
8466551,1,3,1,10,2025,1,21,5.0,600000.0,50032
8469440,1,3,1,10,2025,1,24,4.0,1300000.0,57192
8466088,1,1,1,10,2025,1,21,5.0,1600000.0,48934
8447690,1,2,1,10,2025,2,66,3.0,750000.0,27516
8439402,1,3,1,10,2025,1,25,8.0,1423500.0,8200
8464009,1,1,1,10,2025,1,46,3.0,1423500.0,44581
8445689,1,1,1,10,2025,1,47,12.0,5000000.0,22856
8442249,1,1,1,10,2025,2,45,10.0,1400000.0,14658
8470373,1,1,1,10,2025,1,61,3.0,800000.0,59568
8442473,1,1,1,10,2025,2,39,5.0,1100000.0,15214
8462824,1,3,1,10,2025,1,53,3.0,2130000.0,41841
8463443,1,1,1,10,2025,2,36,6.0,1450000.0,43305
8468210,1,3,1,10,2025,1,57,3.0,1200000.0,54070
8448567,1,1,1,10,2025,2,31,5.0,2008000.0,29412
8436494,1,1,1,10,2025,1,50,11.0,4500000.0,1285
8473203,1,1,1,10,2025,2,57,3.0,320000.0,65434
8463679,1,1,1,10,2025,1,35,10.0,1423000.0,43839
8451327,1,1,1,10,2025,2,31,3.0,400000.0,35975
8451763,1,2,1,10,2025,1,49,3.0,1500000.0,37082
8472654,1,3,1,10,2025,2,29,10.0,3000000.0,64425
8472758,1,1,1,10,2025,2,30,10.0,2000000.0,64664
8445971,1,1,1,10,2025,1,32,5.0,1690000.0,23456
8448194,1,1,1,10,2025,1,54,3.0,700000.0,28671
8468901,1,2,1,10,2025,2,37,5.0,1423500.0,55803
8463403,1,4,1,10,2025,1,35,10.0,4300000.0,43191
8437849,1,1,1,10,2025,2,27,4.0,400000.0,4705
8436782,1,4,1,10,2025,2,43,5.0,3300000.0,2032
8447452,1,6,1,10,2025,2,27,8.0,800000.0,27018
8468275,1,5,1,10,2025,1,33,6.0,1900000.0,54211
8470383,1,1,1,10,2025,2,56,8.0,1600000.0,59589
8451497,1,2,1,10,2025,1,55,3.0,100000.0,36406
8472485,1,1,1,10,2025,1,22,8.0,600000.0,64142
8466802,1,3,1,10,2025,2,33,8.0,1500000.0,50607
8437817,1,1,1,10,2025,2,26,5.0,1200000.0,4619
8463237,1,1,1,10,2025,2,50,11.0,3500000.0,42713
8441865,1,1,1,10,2025,1,52,1.0,850000.0,13664
8461836,1,2,1,10,2025,1,52,3.0,700000.0,39548
8467593,1,2,1,10,2025,2,51,5.0,1050000.0,52571
8441406,1,1,1,10,2025,2,61,8.0,2500000.0,12698
8452084,1,1,1,10,2025,2,27,10.0,2700000.0,37897
8439726,1,1,1,10,2025,2,34,3.0,1300000.0,9004
8440310,1,2,1,10,2025,2,28,10.0,3031021.0,10268
8464640,1,1,1,10,2025,1,25,4.0,800000.0,45953
8450525,1,4,1,10,2025,1,26,5.0,1423500.0,33941
8441863,1,3,1,10,2025,1,31,5.0,600000.0,13661
8448683,1,2,1,10,2025,2,58,1.0,1500000.0,29642
8468016,1,1,1,10,2025,2,35,6.0,2800000.0,53649
8436318,1,1,1,10,2025,2,69,3.0,100000.0,901
8468478,1,1,1,10,2025,2,39,13.0,5000000.0,54729
8440873,1,4,1,10,2025,2,51,3.0,270000.0,11656
8450794,1,1,1,10,2025,2,59,3.0,1423500.0,34613
8447029,1,1,1,10,2025,2,40,5.0,960000.0,26053
8451767,1,3,1,10,2025,2,21,10.0,400000.0,37096
8444393,1,1,1,10,2025,1,47,5.0,650000.0,20014
8450844,1,1,1,10,2025,2,55,3.0,1540000.0,34737
8472604,1,3,1,10,2025,1,22,4.0,900000.0,64311
8465117,1,4,1,10,2025,2,32,10.0,2800000.0,47054
8470661,1,1,1,10,2025,1,40,5.0,1423500.0,60264
8467023,1,1,1,10,2025,2,22,8.0,5500000.0,51143
8442891,1,1,1,10,2025,2,62,1.0,440000.0,16180
8470911,1,3,1,10,2025,1,64,3.0,1700000.0,60920
8448077,1,4,1,10,2025,1,23,10.0,700000.0,28438
8451169,1,1,1,10,2025,2,37,5.0,600000.0,35546
8463054,1,1,1,10,2025,2,51,5.0,800000.0,42314
8438371,1,4,1,10,2025,2,19,10.0,500000.0,5840
8473871,1,1,1,10,2025,2,54,3.0,400000.0,66454
8461969,1,2,1,10,2025,2,54,3.0,910000.0,39922
8463781,1,1,1,10,2025,2,58,5.0,260000.0,44075
8439775,1,3,1,10,2025,2,32,10.0,1500000.0,9079
8470168,1,1,1,10,2025,1,67,3.0,200000.0,59096
8463980,1,1,1,10,2025,2,56,4.0,2023500.0,44531
8438652,1,2,1,10,2025,2,21,4.0,1423500.0,6528
8439081,1,2,1,10,2025,2,23,8.0,1650000.0,7461
8443320,1,1,1,10,2025,1,44,3.0,1800000.0,17271
8439209,1,1,1,10,2025,2,44,10.0,3000000.0,7735
8449949,1,1,1,10,2025,1,43,8.0,1750000.0,32517
8448913,1,4,1,10,2025,2,26,5.0,1423500.0,30079
8463348,1,1,1,10,2025,1,47,5.0,2500000.0,43018
8438924,1,1,1,10,2025,2,45,5.0,2000000.0,7110
8471650,1,1,1,10,2025,2,42,10.0,5500000.0,62394
8468269,1,1,1,10,2025,2,68,5.0,250000.0,54194
8450390,1,2,1,10,2025,2,43,3.0,1800000.0,33642
8465349,1,2,1,10,2025,1,37,9.0,1300000.0,47459
8440710,1,5,1,10,2025,2,27,8.0,2023500.0,11221
8465813,1,3,1,10,2025,1,31,5.0,1423500.0,48369
8451732,1,1,1,10,2025,1,50,5.0,2000000.0,36994
8451483,1,2,1,10,2025,2,36,5.0,1000000.0,36363
8445449,1,1,1,10,2025,2,60,5.0,1000000.0,22277
8452153,1,1,1,10,2025,2,56,12.0,4300000.0,38082
8473859,1,1,1,10,2025,2,49,5.0,1450000.0,66421
8463815,1,2,1,10,2025,1,67,9.0,4000000.0,44177
8467676,1,2,1,10,2025,2,39,5.0,1500000.0,52784
8438181,1,2,1,10,2025,2,34,8.0,3500000.0,5362
8450719,1,1,1,10,2025,2,64,3.0,500000.0,34441
8436797,1,1,1,10,2025,1,64,3.0,600000.0,2060
8470791,1,3,1,10,2025,1,24,5.0,1500000.0,60646
8468837,1,4,1,10,2025,1,23,9.0,1423500.0,55632
8469301,1,2,1,10,2025,2,40,10.0,1000000.0,56844
8469553,1,3,1,10,2025,2,48,5.0,560000.0,57500
8473096,1,2,1,10,2025,2,53,3.0,950000.0,65234
8443614,1,1,1,10,2025,1,63,3.0,1800000.0,18049
8471063,1,1,1,10,2025,2,57,9.0,1420000.0,61267
8451625,1,2,1,10,2025,2,51,11.0,3000000.0,36694
8448069,1,1,1,10,2025,2,57,4.0,750000.0,28423
8438787,1,1,1,10,2025,1,50,4.0,2000000.0,6811
8449242,1,2,1,10,2025,1,25,5.0,1200000.0,30703
8441852,1,2,1,10,2025,1,33,5.0,500000.0,13614
8446573,2,2,2,10,2025,1,48,8.0,800000.0,25025
8448175,1,3,1,10,2025,1,21,4.0,1200000.0,28620
8451783,1,3,1,10,2025,2,57,8.0,711000.0,37146
8450883,1,3,1,10,2025,2,40,10.0,2500000.0,34814
8444285,1,1,1,10,2025,2,31,3.0,200000.0,19730
8461984,1,1,1,10,2025,1,20,3.0,800000.0,39954
8468964,1,1,1,10,2025,1,30,5.0,840000.0,55917
8445660,1,1,1,10,2025,1,60,10.0,8200000.0,22786
8464430,1,1,1,10,2025,2,31,5.0,1423500.0,45418
8466324,1,1,1,10,2025,1,46,3.0,1250000.0,49378
8441372,1,2,1,10,2025,1,30,6.0,1800000.0,12634
8450602,1,3,1,10,2025,2,46,4.0,2000000.0,34151
8450611,1,1,1,10,2025,2,49,10.0,4200000.0,34178
8470921,1,2,1,10,2025,2,39,4.0,1500000.0,60935
8446656,1,2,1,10,2025,1,69,3.0,500000.0,25267
8467875,1,1,1,10,2025,1,44,11.0,7115000.0,53289
8467406,1,1,1,10,2025,1,48,3.0,1200000.0,52110
8444492,1,2,1,10,2025,2,48,10.0,900000.0,20287
8462431,1,1,1,10,2025,1,52,3.0,1300000.0,40972
8446688,1,1,1,10,2025,2,33,11.0,5800000.0,25330
8448063,1,1,1,10,2025,2,47,5.0,2000000.0,28409
8470728,2,1,2,10,2025,2,54,5.0,1000000.0,60417
8445699,1,1,1,10,2025,1,51,4.0,1500000.0,22876
8472402,1,1,1,10,2025,1,65,3.0,400000.0,63890
8446155,1,4,1,10,2025,2,24,4.0,1000000.0,23910
8451626,1,1,1,10,2025,1,47,12.0,8000000.0,36699
8465652,1,1,1,10,2025,2,37,5.0,1500000.0,48041
8438541,1,1,1,10,2025,2,39,12.0,4270500.0,6263
8464240,1,2,1,10,2025,2,41,10.0,5000000.0,45018
8463643,1,2,1,10,2025,1,37,10.0,2000000.0,43762
8441368,1,1,1,10,2025,1,32,10.0,2847000.0,12625
8445259,1,3,1,10,2025,1,47,3.0,375000.0,21797
8440171,1,2,1,10,2025,2,45,5.0,1423500.0,9924
8467101,1,1,1,10,2025,1,49,3.0,1423500.0,51366
8471848,1,1,1,10,2025,2,59,3.0,600000.0,62787
8441898,1,3,1,10,2025,2,30,10.0,1000000.0,13791
8447183,1,3,1,10,2025,2,21,8.0,1550000.0,26311
8436657,1,2,1,10,2025,1,40,10.0,1500000.0,1729
8470613,1,3,1,10,2025,2,16,5.0,300000.0,60163
8464736,1,1,1,10,2025,2,43,9.0,1500000.0,46183
8465780,1,1,1,10,2025,1,62,5.0,650000.0,48296
8446998,1,1,1,10,2025,2,25,5.0,1500000.0,25993
8449564,1,1,1,10,2025,1,41,10.0,1500000.0,31550
8463551,1,1,1,10,2025,2,69,4.0,600000.0,43563
8470571,1,1,1,10,2025,2,48,5.0,1600000.0,60048
8470175,1,1,1,10,2025,1,63,3.0,800000.0,59112
8452233,1,2,1,10,2025,1,25,5.0,1500000.0,38287
8448484,1,6,1,10,2025,1,22,5.0,1500000.0,29239
8466113,1,1,1,10,2025,2,39,10.0,7000000.0,48984
8470394,1,1,1,10,2025,1,64,8.0,4000000.0,59620
8467775,1,2,1,10,2025,1,26,4.0,1423000.0,53018
8463955,1,2,1,10,2025,2,32,8.0,2500000.0,44473
8443786,1,2,1,10,2025,2,37,5.0,1423500.0,18475
8446055,1,2,1,10,2025,1,58,3.0,1400000.0,23678
8439597,1,2,1,10,2025,2,40,10.0,1200000.0,8655
8441265,1,1,1,10,2025,2,30,10.0,1423500.0,12429
8437092,1,3,1,10,2025,1,24,10.0,4500000.0,2916
8473710,1,2,1,10,2025,2,69,10.0,3000000.0,66144
8472328,1,2,1,10,2025,2,44,11.0,2500000.0,63794
8439371,1,3,1,10,2025,1,38,5.0,1400000.0,8131
8443651,1,2,1,10,2025,2,31,6.0,970000.0,18158
8469946,1,2,1,10,2025,2,43,5.0,1423500.0,58540
8462006,1,1,1,10,2025,1,30,5.0,1500000.0,40023
8470785,1,1,1,10,2025,1,44,5.0,1423500.0,60620
8462707,1,1,1,10,2025,1,32,3.0,500000.0,41588
8464107,1,2,1,10,2025,2,28,9.0,980000.0,44766
8437995,1,1,1,10,2025,1,28,4.0,1000000.0,4982
8451728,1,1,1,10,2025,2,32,8.0,1000000.0,36982
8445937,1,3,1,10,2025,1,24,5.0,320000.0,23368
8449483,1,1,1,10,2025,1,41,3.0,800000.0,31347
8446874,1,1,1,10,2025,1,74,4.0,1600000.0,25702
8464743,1,1,1,10,2025,2,39,13.0,2000000.0,46207
8442947,1,2,1,10,2025,2,45,10.0,650000.0,16325
8445996,1,1,1,10,2025,2,41,5.0,250000.0,23532
8452481,1,1,1,10,2025,2,37,10.0,4000000.0,38937
8473073,1,1,1,10,2025,2,39,9.0,1500000.0,65199
8450132,1,3,1,10,2025,1,23,5.0,1500000.0,32973
8467561,1,2,1,10,2025,1,35,5.0,1623500.0,52479
8443978,1,1,1,10,2025,1,24,11.0,600000.0,18973
8467613,1,1,1,10,2025,2,54,5.0,350000.0,52633
8442082,1,4,1,10,2025,1,30,3.0,800000.0,14236
8469326,1,1,1,10,2025,2,46,5.0,360000.0,56920
8442369,1,1,1,10,2025,2,30,9.0,1000000.0,14974
8463067,1,1,1,10,2025,2,65,4.0,500000.0,42342
8445340,1,1,1,10,2025,2,29,5.0,400000.0,22023
8472406,1,4,1,10,2025,2,16,5.0,800000.0,63914
8439721,1,1,1,10,2025,2,46,6.0,1600000.0,8993
8448016,1,3,1,10,2025,1,28,10.0,1423500.0,28264
8450492,1,2,1,10,2025,1,25,5.0,1723500.0,33855
8440732,1,1,1,10,2025,1,67,5.0,1600000.0,11277
8444023,1,2,1,10,2025,2,39,9.0,3200000.0,19100
8441229,1,2,1,10,2025,1,47,8.0,1423500.0,12353
8437964,1,1,1,10,2025,2,46,8.0,1650000.0,4916
8437501,1,2,1,10,2025,2,34,12.0,6000000.0,4001
8440763,1,2,1,10,2025,1,28,10.0,1500000.0,11366
8441345,1,1,1,10,2025,2,49,5.0,1423500.0,12567
8469308,1,3,1,10,2025,2,65,5.0,600000.0,56860
8471585,1,2,1,10,2025,2,21,8.0,1423500.0,62284
8469752,1,1,1,10,2025,2,63,1.0,240000.0,58058
8463785,1,2,1,10,2025,2,52,5.0,1423500.0,44096
8443835,1,2,1,10,2025,1,57,10.0,3480000.0,18639
8442248,1,2,1,10,2025,1,38,5.0,3000000.0,14657
8469743,1,1,1,10,2025,1,23,5.0,1623500.0,58038
8467570,1,1,1,10,2025,2,40,5.0,1423500.0,52503
8440704,1,2,1,10,2025,2,24,5.0,710000.0,11195
8442910,1,1,1,10,2025,1,27,4.0,2300000.0,16222
8471275,1,1,1,10,2025,1,62,5.0,1500000.0,61675
8436476,1,2,1,10,2025,1,24,9.0,2500000.0,1239
8472031,1,2,1,10,2025,2,69,3.0,600000.0,63134
8438305,1,1,1,10,2025,2,29,5.0,600000.0,5665
8439255,1,2,1,10,2025,1,18,5.0,2100000.0,7842
8465401,1,3,1,10,2025,1,45,9.0,1423000.0,47553
8449390,1,1,1,10,2025,1,60,3.0,1400000.0,31119
8467926,1,1,1,10,2025,1,26,10.0,450000.0,53416
8449519,1,1,1,10,2025,1,52,1.0,875000.0,31443
8467589,1,2,1,10,2025,2,40,5.0,1423500.0,52558
8445733,1,1,1,10,2025,2,31,8.0,1450000.0,22933
8443765,1,2,1,10,2025,2,58,10.0,8000000.0,18440
8465708,1,1,1,10,2025,2,39,3.0,940000.0,48116
8468349,1,4,1,10,2025,1,23,4.0,1623500.0,54378
8467703,1,2,1,10,2025,2,62,5.0,840000.0,52844
8470652,1,1,1,10,2025,2,58,10.0,7000000.0,60244
8462099,1,4,1,10,2025,2,28,8.0,1300000.0,40234
8444036,1,4,1,10,2025,2,40,5.0,700000.0,19158
8443664,1,1,1,10,2025,2,42,11.0,5000000.0,18190
8469289,1,1,1,10,2025,1,48,4.0,900000.0,56810
8437853,1,1,1,10,2025,1,74,3.0,100000.0,4714
8462655,1,2,1,10,2025,2,27,8.0,1423000.0,41477
8448378,1,2,1,10,2025,2,21,4.0,1423500.0,29004
8443497,1,4,1,10,2025,1,22,4.0,900000.0,17742
8462065,1,3,1,10,2025,1,63,3.0,450000.0,40162
8463579,1,3,1,10,2025,2,28,10.0,2500000.0,43627
8463297,1,1,1,10,2025,2,24,5.0,1000000.0,42877
8472470,1,3,1,10,2025,1,21,5.0,1426000.0,64104
8446687,1,1,1,10,2025,1,31,10.0,1623500.0,25329
8468036,1,2,1,10,2025,1,20,6.0,900000.0,53692
8469106,1,2,1,10,2025,1,34,6.0,1423500.0,56302
8467884,1,1,1,10,2025,1,52,11.0,14235000.0,53311
8464661,1,1,1,10,2025,1,63,10.0,1600000.0,46012
8465331,1,2,1,10,2025,2,49,10.0,6000000.0,47420
8462543,1,1,1,10,2025,1,54,8.0,1100000.0,41237
8442618,1,1,1,10,2025,2,31,4.0,900000.0,15515
8442772,1,1,1,10,2025,2,52,5.0,1400000.0,15897
8438464,1,1,1,10,2025,1,47,5.0,1500000.0,6069
8469520,1,2,1,10,2025,2,42,10.0,2200000.0,57404
8444753,1,1,1,10,2025,1,69,5.0,400000.0,20979
8444828,1,3,1,10,2025,1,21,6.0,1423500.0,21190
8449198,1,1,1,10,2025,2,32,12.0,5300000.0,30598
8445377,1,1,1,10,2025,2,35,4.0,1300000.0,22113
8436539,1,2,1,10,2025,2,63,5.0,180000.0,1424
8466524,1,2,1,10,2025,1,51,3.0,1100000.0,49983
8437454,1,2,1,10,2025,2,36,5.0,1423500.0,3863
8440801,1,1,1,10,2025,1,47,5.0,500000.0,11467
8470492,1,2,1,10,2025,1,26,5.0,1350000.0,59864
8437783,1,1,1,10,2025,1,66,5.0,1423500.0,4558
8449184,1,2,1,10,2025,1,37,10.0,3500000.0,30572
8452052,1,1,1,10,2025,1,56,3.0,1400000.0,37808
8440660,1,1,1,10,2025,2,33,10.0,2300000.0,11125
8470259,1,1,1,10,2025,2,21,9.0,1423500.0,59295
8466907,1,1,1,10,2025,1,63,3.0,2000000.0,50865
8473289,1,1,1,10,2025,1,38,5.0,1800000.0,65615
8436106,1,1,1,10,2025,2,41,3.0,600000.0,406
8463309,1,1,1,10,2025,2,58,3.0,1000000.0,42898
8437658,1,1,1,10,2025,2,49,10.0,3000000.0,4298
8470260,1,1,1,10,2025,1,22,6.0,2340000.0,59296
8440710,1,1,1,10,2025,2,40,5.0,1423500.0,11217
8470243,1,1,1,10,2025,1,67,3.0,1900000.0,59264
8441306,1,3,1,10,2025,2,36,5.0,1000000.0,12485
8438607,1,1,1,10,2025,1,32,6.0,1000000.0,6419
8437794,1,3,1,10,2025,2,18,10.0,2000000.0,4580
8448141,1,1,1,10,2025,2,39,5.0,1200000.0,28517
8448009,1,1,1,10,2025,1,46,10.0,2000000.0,28251
8439513,1,1,1,10,2025,2,56,3.0,400000.0,8428
8466770,1,4,1,10,2025,1,63,3.0,1000000.0,50551
8470148,1,1,1,10,2025,2,19,5.0,1600000.0,59047
8462587,1,2,1,10,2025,1,18,5.0,120000.0,41354
8437372,1,1,1,10,2025,2,57,8.0,1423500.0,3670
8466008,1,2,1,10,2025,2,60,3.0,1500000.0,48810
8465485,1,2,1,10,2025,1,71,1.0,600000.0,47716
8465255,1,3,1,10,2025,1,16,4.0,0.0,47338
8447017,1,1,1,10,2025,1,67,11.0,2000000.0,26025
8444875,1,1,1,10,2025,1,37,4.0,1000000.0,21291
8470825,1,1,1,10,2025,1,30,8.0,1500000.0,60733
8466864,1,2,1,10,2025,1,28,3.0,1500000.0,50773
8446604,1,2,1,10,2025,2,36,10.0,2000000.0,25127
8469012,1,2,1,10,2025,1,47,4.0,1680000.0,56047
8467909,1,3,1,10,2025,1,33,9.0,1423500.0,53368
8436661,1,1,1,10,2025,2,51,8.0,1400000.0,1738
8441014,1,1,1,10,2025,2,45,4.0,800000.0,11902
8462499,1,3,1,10,2025,2,18,5.0,1120000.0,41117
8445264,1,5,1,10,2025,1,71,3.0,1200000.0,21809
8466577,1,2,1,10,2025,1,41,4.0,1423000.0,50100
8472344,1,2,1,10,2025,2,47,10.0,1423500.0,63833
8437083,1,1,1,10,2025,1,59,3.0,900000.0,2885
8470269,1,2,1,10,2025,2,43,5.0,1800000.0,59323
8436004,1,1,1,10,2025,1,54,10.0,2800000.0,122
8444375,1,3,1,10,2025,2,28,12.0,5148000.0,19970
8448895,1,1,1,10,2025,1,35,5.0,1623500.0,30031
8469472,1,3,1,10,2025,1,21,6.0,2000000.0,57281
8471755,1,2,1,10,2025,1,32,5.0,1510000.0,62586
8438100,1,1,1,10,2025,1,31,5.0,300000.0,5205
8451348,1,2,1,10,2025,1,67,3.0,450000.0,36030
8469021,1,1,1,10,2025,2,50,5.0,750000.0,56071
8440077,1,1,1,10,2025,1,39,11.0,4000000.0,9717
8446671,1,1,1,10,2025,1,58,4.0,1200000.0,25297
8439882,1,3,1,10,2025,1,25,5.0,1623500.0,9402
8439542,1,1,1,10,2025,2,41,5.0,700000.0,8520
8440465,1,1,1,10,2025,2,42,10.0,300000.0,10583
8443169,1,2,1,10,2025,2,17,5.0,1600000.0,16869
8445733,1,2,1,10,2025,1,34,5.0,1400000.0,22934
8442522,1,2,1,10,2025,2,29,10.0,3500000.0,15333
8444314,1,3,1,10,2025,2,43,4.0,800000.0,19810
8441765,1,2,1,10,2025,2,43,5.0,2000000.0,13446
8469277,1,4,1,10,2025,2,29,5.0,600000.0,56758
8436495,1,2,1,10,2025,2,41,10.0,1423000.0,1289
8468163,1,1,1,10,2025,1,68,3.0,1652000.0,53977
8465708,1,4,1,10,2025,1,20,5.0,440000.0,48119
8450545,1,1,1,10,2025,2,50,3.0,320000.0,33996
8436675,1,2,1,10,2025,1,37,4.0,1700000.0,1773
8463379,1,2,1,10,2025,2,53,5.0,400000.0,43116
8471841,1,2,1,10,2025,1,58,3.0,1300000.0,62768
8451455,1,1,1,10,2025,1,56,3.0,1500000.0,36295
8444555,1,2,1,10,2025,2,46,4.0,1425000.0,20459
8444364,1,1,1,10,2025,2,25,5.0,500000.0,19933
8437169,1,2,1,10,2025,2,50,3.0,600000.0,3085
8441935,1,1,1,10,2025,1,58,3.0,1000000.0,13886
8467464,1,1,1,10,2025,2,48,3.0,2100000.0,52265
8468085,1,2,1,10,2025,2,54,4.0,1423500.0,53819
8462639,1,1,1,10,2025,2,69,3.0,200000.0,41441
8440722,1,1,1,10,2025,1,33,10.0,3000000.0,11255
8442333,1,2,1,10,2025,1,36,5.0,400000.0,14880
8467124,1,1,1,10,2025,1,37,5.0,1425000.0,51446
8469098,1,1,1,10,2025,1,49,3.0,900000.0,56284
8440567,1,1,1,10,2025,1,21,3.0,1423500.0,10841
8473571,1,2,1,10,2025,1,38,11.0,6500000.0,65857
8466971,1,2,1,10,2025,2,37,5.0,1800000.0,50990
8438937,1,1,1,10,2025,2,37,5.0,1700000.0,7126
8472293,1,1,1,10,2025,2,28,10.0,1423500.0,63723
8467209,1,1,1,10,2025,2,42,3.0,1500000.0,51649
8437313,1,1,1,10,2025,2,76,4.0,120000.0,3493
8440999,1,1,1,10,2025,1,52,3.0,700000.0,11883
8448035,1,2,1,10,2025,2,69,3.0,350000.0,28317
8450283,1,1,1,10,2025,2,42,10.0,1600000.0,33362
8446243,1,3,1,10,2025,2,64,3.0,1000000.0,24188
8439669,1,2,1,10,2025,2,39,3.0,100000.0,8843
8449522,1,1,1,10,2025,1,51,3.0,710000.0,31451
8438445,1,1,1,10,2025,1,72,5.0,2500000.0,6019
8462074,1,1,1,10,2025,2,60,4.0,500000.0,40175
8439601,1,1,1,10,2025,2,44,5.0,1100000.0,8664
8443959,1,2,1,10,2025,2,20,9.0,1623500.0,18921
8470775,1,1,1,10,2025,1,46,5.0,2500000.0,60592
8464187,1,4,1,10,2025,1,24,5.0,1623500.0,44923
8465997,1,1,1,10,2025,2,34,5.0,1423500.0,48785
8444787,1,1,1,10,2025,1,69,4.0,1500000.0,21074
8447304,1,3,1,10,2025,2,40,6.0,1200000.0,26656
8438036,1,2,1,10,2025,2,53,5.0,650000.0,5075
8440359,1,1,1,10,2025,2,33,5.0,1600000.0,10370
8463256,1,4,1,10,2025,1,38,5.0,600000.0,42761
8465371,1,1,1,10,2025,2,54,5.0,700000.0,47500
8468050,1,2,1,10,2025,1,20,5.0,1300000.0,53726
8462749,1,3,1,10,2025,2,21,8.0,1300000.0,41681
8449247,1,1,1,10,2025,2,46,5.0,250000.0,30714
8468968,1,3,1,10,2025,1,18,10.0,800000.0,55931
8441700,1,2,1,10,2025,2,41,12.0,4046000.0,13333
8452455,1,1,1,10,2025,2,46,1.0,1200000.0,38871
8451910,1,1,1,10,2025,2,38,8.0,1623500.0,37449
8472764,1,1,1,10,2025,1,29,9.0,4800000.0,64678
8468161,1,1,1,10,2025,1,69,5.0,540000.0,53972
8463179,1,1,1,10,2025,2,69,8.0,1500000.0,42562
8465290,1,1,1,10,2025,1,64,8.0,1200000.0,47384
8465014,1,1,1,10,2025,2,63,3.0,500000.0,46792
8445187,1,3,1,10,2025,1,27,5.0,700000.0,21581
8470706,1,2,1,10,2025,2,60,10.0,3000000.0,60377
8468796,1,1,1,10,2025,1,33,5.0,1500000.0,55514
8444829,1,1,1,10,2025,2,42,6.0,1423500.0,21192
8440323,1,2,1,10,2025,2,57,8.0,2300000.0,10286
8439121,1,2,1,10,2025,1,32,5.0,3100000.0,7554
8448797,1,2,1,10,2025,1,30,10.0,3500000.0,29909
8446483,1,2,1,10,2025,2,44,5.0,1940000.0,24806
8446614,1,1,1,10,2025,1,37,4.0,1120000.0,25158
8471478,1,2,1,10,2025,1,44,6.0,1600000.0,62066
8447077,1,1,1,10,2025,2,44,8.0,600000.0,26166
8464313,1,2,1,10,2025,2,25,10.0,1900000.0,45138
8466496,1,1,1,10,2025,2,48,3.0,550000.0,49899
8465869,1,2,1,10,2025,2,25,10.0,100000.0,48526
8463456,1,2,1,10,2025,2,46,11.0,6500000.0,43335
8463806,1,1,1,10,2025,2,24,10.0,1423500.0,44153
8446274,1,1,1,10,2025,2,46,4.0,1400000.0,24277
8471904,1,3,1,10,2025,2,44,5.0,1423500.0,62909
8440517,1,2,1,10,2025,2,22,9.0,1500000.0,10708
8437687,1,2,1,10,2025,1,26,5.0,1423500.0,4370
8444896,1,2,1,10,2025,2,44,11.0,2500000.0,21343
8471378,1,1,1,10,2025,2,33,8.0,0.0,61860
8469791,1,2,1,10,2025,2,52,5.0,480000.0,58172
8472224,1,1,1,10,2025,2,37,5.0,1800000.0,63568
8444575,1,2,1,10,2025,2,24,10.0,1800000.0,20511
8472677,1,1,1,10,2025,2,49,10.0,4720000.0,64479
8438943,1,1,1,10,2025,1,36,5.0,1423500.0,7141
8444565,1,1,1,10,2025,2,36,5.0,1423500.0,20488
8471556,1,2,1,10,2025,1,52,3.0,1500000.0,62209
8467980,1,2,1,10,2025,2,27,10.0,3200000.0,53560
8446912,1,4,1,10,2025,2,28,5.0,400000.0,25796
8449073,1,1,1,10,2025,1,44,10.0,2500000.0,30374
8466188,1,2,1,10,2025,2,46,10.0,7000000.0,49169
8463268,1,4,1,10,2025,1,17,4.0,230000.0,42811
8437122,1,1,1,10,2025,2,34,5.0,1480000.0,2987
8469006,1,2,1,10,2025,1,19,5.0,1200000.0,56030
8441136,1,2,1,10,2025,1,24,5.0,1740000.0,12163
8437990,1,2,1,10,2025,1,29,5.0,1200000.0,4970
8462015,1,1,1,10,2025,1,40,10.0,2400000.0,40050
8441765,1,1,1,10,2025,1,48,5.0,2200000.0,13445
8436281,1,1,1,10,2025,2,58,3.0,200000.0,813
8437102,1,6,1,10,2025,1,19,4.0,1500000.0,2945
8446849,1,2,1,10,2025,2,19,5.0,1423500.0,25649
8436801,1,2,1,10,2025,1,32,9.0,2847000.0,2067
8449307,1,1,1,10,2025,1,42,3.0,480000.0,30896
8445839,1,3,1,10,2025,1,34,10.0,2500000.0,23167
8444959,1,2,1,10,2025,2,46,5.0,1700000.0,21489
8442993,1,1,1,10,2025,2,42,10.0,2800000.0,16434
8467017,1,4,1,10,2025,2,18,8.0,3000000.0,51135
8469228,1,2,1,10,2025,2,30,5.0,1423500.0,56640
8438259,1,1,1,10,2025,2,71,4.0,700000.0,5529
8442675,1,3,1,10,2025,1,20,5.0,1623500.0,15659
8436323,1,1,1,10,2025,1,60,3.0,2800000.0,912
8444424,1,3,1,10,2025,1,48,4.0,450000.0,20100
8469394,1,3,1,10,2025,1,35,4.0,800000.0,57094
8443146,1,1,1,10,2025,2,27,5.0,1623000.0,16826
8463772,1,1,1,10,2025,1,52,3.0,1300000.0,44058
8452141,1,1,1,10,2025,2,47,4.0,510000.0,38049
8461782,1,2,1,10,2025,2,55,5.0,1400000.0,39372
8437600,1,3,1,10,2025,2,40,10.0,2000000.0,4166
8462144,1,6,1,10,2025,2,28,5.0,120000.0,40372
8439681,1,4,1,10,2025,2,58,5.0,1423500.0,8897
8470887,1,2,1,10,2025,1,43,5.0,2500000.0,60864
8473625,1,1,1,10,2025,1,36,5.0,1423000.0,65997
8468522,1,1,1,10,2025,1,36,5.0,2500000.0,54841
8443734,1,2,1,10,2025,2,30,10.0,3000000.0,18359
8462720,1,2,1,10,2025,2,38,8.0,2000000.0,41644
8436619,1,3,1,10,2025,1,19,10.0,2130000.0,1628
8471443,1,1,1,10,2025,2,35,4.0,1200000.0,61997
8439673,1,5,1,10,2025,1,45,5.0,600000.0,8863
8463237,1,2,1,10,2025,1,50,12.0,5700000.0,42714
8449855,1,2,1,10,2025,2,54,5.0,1423000.0,32285
8462852,1,2,1,10,2025,1,41,11.0,2500000.0,41886
8472068,1,4,1,10,2025,1,23,10.0,600000.0,63226
8447294,1,5,1,10,2025,2,21,10.0,1010000.0,26625
8470363,1,1,1,10,2025,2,78,3.0,0.0,59537
8446485,1,2,1,10,2025,2,46,12.0,7000000.0,24813
8468128,1,2,1,10,2025,1,47,5.0,2100000.0,53896
8452067,1,1,1,10,2025,1,51,10.0,2500000.0,37849
8442157,1,1,1,10,2025,2,22,5.0,1600000.0,14403
8441547,1,1,1,10,2025,2,63,5.0,1600000.0,12995
8467383,1,2,1,10,2025,2,64,5.0,130000.0,52077
8471925,1,1,1,10,2025,2,51,10.0,2500000.0,62950
8437192,1,1,1,10,2025,2,37,10.0,1423500.0,3144
8450595,1,1,1,10,2025,2,36,6.0,1800000.0,34138
8469857,1,1,1,10,2025,2,37,4.0,1423500.0,58316
8463669,1,1,1,10,2025,2,39,5.0,1423500.0,43817
8462530,1,1,1,10,2025,2,39,8.0,1500000.0,41200
8439933,1,1,1,10,2025,2,49,8.0,1880000.0,9485
8470808,1,1,1,10,2025,2,52,5.0,1543500.0,60689
8463789,1,2,1,10,2025,1,52,4.0,800000.0,44107
8467220,1,1,1,10,2025,2,47,5.0,2100000.0,51678
8472838,1,3,1,10,2025,2,25,5.0,1400000.0,64799
8467681,1,2,1,10,2025,2,48,5.0,2000000.0,52800
8445480,1,2,1,10,2025,2,27,11.0,1800000.0,22351
8471989,1,2,1,10,2025,1,32,9.0,600000.0,63048
8452273,1,2,1,10,2025,2,33,5.0,500000.0,38393
8465659,1,2,1,10,2025,2,37,11.0,4500000.0,48057
8449852,1,3,1,10,2025,1,24,5.0,1423500.0,32269
8441876,1,1,1,10,2025,1,33,3.0,600000.0,13702
8467494,1,1,1,10,2025,1,39,4.0,2000000.0,52342
8472129,1,1,1,10,2025,2,33,5.0,800000.0,63357
8446469,1,3,1,10,2025,1,39,3.0,2800000.0,24762
8438137,1,1,1,10,2025,1,51,10.0,3200000.0,5267
8463498,1,2,1,10,2025,2,56,6.0,1423500.0,43454
8451822,1,1,1,10,2025,1,52,10.0,3500000.0,37231
8452053,1,1,1,10,2025,1,33,5.0,1423500.0,37812
8452221,1,4,1,10,2025,2,19,10.0,480000.0,38258
8448047,1,2,1,10,2025,1,25,4.0,1400000.0,28355
8463177,1,1,1,10,2025,2,46,10.0,1423500.0,42558
8464000,1,2,1,10,2025,1,40,5.0,1423500.0,44567
8472208,1,2,1,10,2025,2,45,11.0,5000000.0,63552
8470075,1,2,1,10,2025,2,29,5.0,1500000.0,58875
8462670,1,1,1,10,2025,1,36,3.0,1800000.0,41504
8436244,1,1,1,10,2025,1,62,3.0,2100000.0,721
8443556,1,1,1,10,2025,1,47,3.0,1423500.0,17896
8440731,1,4,1,10,2025,2,24,10.0,200000.0,11276
8446294,1,2,1,10,2025,2,47,10.0,1900000.0,24334
8439223,1,2,1,10,2025,2,35,10.0,3500000.0,7771
8466677,1,1,1,10,2025,2,28,5.0,1250000.0,50341
8466600,1,1,1,10,2025,1,52,3.0,1350000.0,50151
8437043,1,2,1,10,2025,1,62,5.0,1600000.0,2809
8470062,1,1,1,10,2025,2,52,3.0,1500000.0,58836
8446110,1,1,1,10,2025,2,50,5.0,1500000.0,23799
8447624,1,3,1,10,2025,1,20,5.0,1000000.0,27364
8451316,1,1,1,10,2025,1,36,5.0,800000.0,35944
8442150,1,1,1,10,2025,2,51,1.0,300000.0,14386
8473567,1,1,1,10,2025,1,51,3.0,1500000.0,65844
8450527,1,1,1,10,2025,1,45,5.0,900000.0,33943
8464367,1,1,1,10,2025,2,37,5.0,700000.0,45280
8436080,1,1,1,10,2025,1,32,5.0,1500000.0,346
8468626,1,1,1,10,2025,2,40,8.0,1423000.0,55058
8473269,1,2,1,10,2025,1,27,5.0,900000.0,65573
8451763,1,1,1,10,2025,2,45,5.0,1000000.0,37081
8443586,1,1,1,10,2025,2,46,3.0,500000.0,17972
8461809,1,1,1,10,2025,1,67,5.0,600000.0,39456
8463684,1,1,1,10,2025,2,47,5.0,1423000.0,43846
8442086,1,3,1,10,2025,1,21,5.0,1423500.0,14246
8442494,1,3,1,10,2025,2,20,9.0,100000.0,15266
8465334,1,3,1,10,2025,2,23,5.0,1423500.0,47431
8465143,1,1,1,10,2025,1,65,5.0,1500000.0,47110
8452309,1,2,1,10,2025,1,22,6.0,1423500.0,38480
8462273,1,1,1,10,2025,1,32,5.0,700000.0,40627
8440157,1,2,1,10,2025,2,25,10.0,3200000.0,9902
8451706,1,2,1,10,2025,1,53,5.0,1425000.0,36924
8439724,1,1,1,10,2025,1,46,3.0,650000.0,8998
8470477,1,4,1,10,2025,1,46,12.0,1423500.0,59834
8470530,1,2,1,10,2025,1,77,3.0,860000.0,59941
8437702,1,4,1,10,2025,2,32,8.0,1423500.0,4400
8450486,1,1,1,10,2025,1,41,3.0,1423500.0,33846
8449380,1,1,1,10,2025,2,44,4.0,500000.0,31091
8437441,1,2,1,10,2025,1,35,10.0,1423500.0,3828
8461805,1,1,1,10,2025,1,49,4.0,400000.0,39443
8468505,1,2,1,10,2025,1,50,3.0,1423500.0,54792
8446689,1,2,1,10,2025,2,37,10.0,3000000.0,25332
8473341,1,1,1,10,2025,2,24,10.0,2000000.0,65724
8436996,1,1,1,10,2025,1,41,10.0,5000000.0,2697
8464790,1,1,1,10,2025,1,31,8.0,1423000.0,46283
8442448,1,3,1,10,2025,2,33,8.0,1400000.0,15150
8469480,1,2,1,10,2025,2,27,5.0,1000000.0,57302
8471575,1,1,1,10,2025,1,63,4.0,900000.0,62256
8449363,1,1,1,10,2025,2,31,5.0,700000.0,31046
8443603,1,2,1,10,2025,1,54,4.0,300000.0,18024
8464748,1,1,1,10,2025,2,27,11.0,4578000.0,46213
8444795,1,2,1,10,2025,1,64,5.0,500000.0,21096
8441555,1,1,1,10,2025,1,54,10.0,1600000.0,13016
8444327,1,1,1,10,2025,1,37,10.0,1400000.0,19845
8466964,1,3,1,10,2025,1,21,4.0,600000.0,50974
8470246,1,1,1,10,2025,2,28,5.0,900000.0,59267
8472086,1,1,1,10,2025,1,50,10.0,5692000.0,63262
8464754,1,1,1,10,2025,1,35,5.0,1000000.0,46217
8469928,1,1,1,10,2025,1,44,11.0,2000000.0,58479
8470070,1,1,1,10,2025,2,53,5.0,2000000.0,58857
8473314,1,1,1,10,2025,1,42,5.0,1800000.0,65682
8465842,1,2,1,10,2025,1,29,5.0,1400000.0,48444
8466578,1,2,1,10,2025,1,21,5.0,1200000.0,50105
8447231,1,2,1,10,2025,2,28,5.0,200000.0,26421
8466831,1,3,1,10,2025,1,19,3.0,750000.0,50674
8442782,1,1,1,10,2025,2,67,3.0,310000.0,15921
8463667,1,2,1,10,2025,2,72,5.0,750000.0,43812
8470846,1,2,1,10,2025,1,23,10.0,1423500.0,60775
8441557,1,2,1,10,2025,2,38,5.0,1600000.0,13025
8463253,1,2,1,10,2025,1,65,5.0,1500000.0,42751
8465277,1,1,1,10,2025,2,58,4.0,1520000.0,47375
8448589,1,2,1,10,2025,1,41,5.0,4000000.0,29471
8440423,1,1,1,10,2025,2,53,5.0,1423500.0,10496
8440092,1,1,1,10,2025,2,65,8.0,1800000.0,9742
8472024,1,1,1,10,2025,2,36,5.0,700000.0,63118
8463591,1,2,1,10,2025,2,50,5.0,1900000.0,43650
8436697,1,2,1,10,2025,2,53,5.0,940000.0,1833
8436998,1,1,1,10,2025,1,66,10.0,15000000.0,2700
8467642,1,1,1,10,2025,2,41,5.0,1000000.0,52706
8437210,1,1,1,10,2025,1,51,5.0,2300000.0,3181
8443063,1,1,1,10,2025,2,60,3.0,800000.0,16622
8450401,1,1,1,10,2025,2,76,3.0,350000.0,33665
8463702,1,1,1,10,2025,1,24,8.0,350000.0,43900
8446195,1,2,1,10,2025,2,40,10.0,3600000.0,24017
8461992,1,2,1,10,2025,2,46,5.0,200000.0,39977
8443722,1,1,1,10,2025,1,22,8.0,3200000.0,18327
8468342,1,2,1,10,2025,1,32,5.0,2000000.0,54352
8449689,1,1,1,10,2025,2,38,8.0,1600000.0,31860
8441040,1,2,1,10,2025,2,45,5.0,1700000.0,11948
8462214,1,1,1,10,2025,1,67,1.0,1000000.0,40512
8440746,1,2,1,10,2025,2,21,5.0,1300000.0,11323
8463423,1,3,1,10,2025,2,41,10.0,3000000.0,43253
8445737,1,1,1,10,2025,1,42,5.0,1600000.0,22943
8444418,1,1,1,10,2025,1,30,5.0,900000.0,20077
8439645,1,1,1,10,2025,1,54,3.0,300000.0,8780
8462977,1,1,1,10,2025,1,62,3.0,600000.0,42144
8461842,1,1,1,10,2025,1,54,5.0,2200000.0,39554
8439185,1,1,1,10,2025,1,53,10.0,4000000.0,7689
8436717,1,1,1,10,2025,2,31,8.0,1423500.0,1884
8461914,1,1,1,10,2025,1,45,4.0,1500000.0,39734
8463547,1,2,1,10,2025,2,67,3.0,320000.0,43553
8446973,1,1,1,10,2025,1,51,3.0,1500000.0,25948
8440100,1,1,1,10,2025,1,33,10.0,5500000.0,9763
8472291,1,1,1,10,2025,2,28,5.0,1423500.0,63717
8465598,1,7,1,10,2025,1,32,5.0,1000000.0,47938
8466410,1,2,1,10,2025,1,25,1.0,1600000.0,49650
8463474,1,2,1,10,2025,2,27,10.0,8000000.0,43384
8444949,1,4,1,10,2025,2,40,3.0,1586000.0,21472
8440125,1,3,1,10,2025,1,45,5.0,900000.0,9824
8448722,1,1,1,10,2025,2,30,8.0,120000.0,29737
8444914,1,2,1,10,2025,2,66,5.0,1500000.0,21394
8444450,1,1,1,10,2025,2,31,4.0,600000.0,20173
8436901,1,1,1,10,2025,1,47,5.0,1200000.0,2424
8465176,1,1,1,10,2025,2,43,6.0,1423500.0,47123
8461811,1,1,1,10,2025,1,64,4.0,1700000.0,39460
8467094,1,1,1,10,2025,1,43,8.0,1200000.0,51339
8444449,1,3,1,10,2025,1,32,5.0,1423500.0,20172
8444900,1,2,1,10,2025,2,51,5.0,1423500.0,21352
8445464,1,2,1,10,2025,1,28,4.0,1000000.0,22317
8452503,1,6,1,10,2025,2,47,5.0,100000.0,38988
8469096,1,2,1,10,2025,1,72,3.0,800000.0,56275
8465994,1,2,1,10,2025,1,54,3.0,1200000.0,48782
8465730,1,1,1,10,2025,2,35,10.0,85282500.0,48172
8438354,1,1,1,10,2025,2,42,5.0,1623500.0,5805
8438489,1,1,1,10,2025,1,35,10.0,3000000.0,6142
8438298,1,2,1,10,2025,2,57,8.0,1000000.0,5638
8447528,1,1,1,10,2025,1,42,5.0,1423500.0,27174
8473156,1,1,1,10,2025,1,29,9.0,7117000.0,65352
8465537,1,2,1,10,2025,1,59,3.0,1300000.0,47824
8467111,1,1,1,10,2025,2,34,8.0,1623500.0,51402
8464231,1,2,1,10,2025,2,56,10.0,3600000.0,45011
8446445,2,1,2,10,2025,2,42,10.0,2200000.0,24708
8436362,1,1,1,10,2025,1,50,3.0,1200000.0,988
8445641,1,1,1,10,2025,2,40,3.0,1000000.0,22736
8448053,1,2,1,10,2025,1,58,5.0,1600000.0,28372
8437001,1,2,1,10,2025,2,37,5.0,1800000.0,2707
8451928,1,2,1,10,2025,2,27,10.0,1000000.0,37496
8465650,1,2,1,10,2025,1,26,5.0,2000000.0,48037
8443833,1,1,1,10,2025,1,51,5.0,1000000.0,18632
8466149,1,1,1,10,2025,2,33,6.0,1423500.0,49073
8469834,1,1,1,10,2025,1,64,1.0,600000.0,58261
8448887,1,2,1,10,2025,1,34,6.0,1800000.0,30008
8449193,1,1,1,10,2025,1,38,9.0,2087000.0,30588
8437924,1,2,1,10,2025,2,29,10.0,2000000.0,4845
8437193,1,1,1,10,2025,2,34,8.0,350000.0,3145
8448932,1,1,1,10,2025,2,43,5.0,1100000.0,30111
8449073,1,2,1,10,2025,2,21,10.0,2000000.0,30375
8465373,1,1,1,10,2025,1,50,13.0,10000000.0,47503
8467883,1,2,1,10,2025,1,69,3.0,600000.0,53309
8471654,1,2,1,10,2025,2,32,3.0,540000.0,62403
8462202,1,2,1,10,2025,1,68,3.0,300000.0,40481
8440059,1,1,1,10,2025,1,33,5.0,1423500.0,9677
8450198,1,1,1,10,2025,2,48,1.0,600000.0,33147
8448063,1,2,1,10,2025,1,41,10.0,2000000.0,28410
8436973,1,2,1,10,2025,2,62,3.0,380000.0,2644
8449752,1,1,1,10,2025,1,37,1.0,250000.0,32032
8445481,1,2,1,10,2025,2,41,10.0,3500000.0,22354
8438486,1,2,1,10,2025,2,29,10.0,1423500.0,6131
8444547,1,1,1,10,2025,2,27,12.0,6500000.0,20435
8436857,1,2,1,10,2025,1,58,4.0,1623500.0,2243
8438852,1,3,1,10,2025,1,22,4.0,1623500.0,6966
8449893,1,2,1,10,2025,2,23,3.0,2500000.0,32371
8440540,1,4,1,10,2025,2,24,6.0,1423500.0,10768
8462641,1,1,1,10,2025,1,67,3.0,200000.0,41445
8463183,1,2,1,10,2025,1,34,5.0,1600000.0,42574
8467205,1,1,1,10,2025,2,65,3.0,450000.0,51642
8468177,1,1,1,10,2025,1,41,12.0,3500000.0,54011
8444277,1,1,1,10,2025,2,50,5.0,700000.0,19712
8448384,1,2,1,10,2025,1,58,3.0,800000.0,29023
8467463,1,1,1,10,2025,1,53,6.0,2400000.0,52261
8442106,1,1,1,10,2025,1,51,10.0,1500000.0,14287
8446541,1,3,1,10,2025,1,27,5.0,600000.0,24933
8445205,1,2,1,10,2025,1,42,4.0,600000.0,21626
8470835,1,1,1,10,2025,1,29,9.0,1800000.0,60760
8451747,1,1,1,10,2025,2,20,10.0,1423500.0,37041
8449423,1,1,1,10,2025,1,61,3.0,2000000.0,31210
8470823,1,2,1,10,2025,2,28,5.0,350000.0,60729
8440578,1,1,1,10,2025,2,36,3.0,740000.0,10883
8461809,1,2,1,10,2025,2,67,5.0,1423500.0,39457
8437139,1,3,1,10,2025,2,24,10.0,1850000.0,3038
8450872,1,2,1,10,2025,2,46,3.0,1800000.0,34799
8472856,1,2,1,10,2025,2,35,10.0,2200000.0,64841
8462121,1,2,1,10,2025,2,34,8.0,400000.0,40292
8436837,1,3,1,10,2025,2,42,8.0,300000.0,2162
8446973,1,3,1,10,2025,1,22,4.0,1500000.0,25950
8445829,1,2,1,10,2025,1,25,5.0,2000000.0,23147
8469871,1,1,1,10,2025,1,54,5.0,2000000.0,58341
8437664,1,2,1,10,2025,2,50,4.0,1623500.0,4313
8448495,1,1,1,10,2025,2,26,10.0,1800000.0,29263
8447952,1,2,1,10,2025,1,54,5.0,1500000.0,28130
8446680,1,1,1,10,2025,1,28,10.0,3000000.0,25313
8470379,1,4,1,10,2025,1,43,3.0,1200000.0,59584
8438488,1,3,1,10,2025,2,21,5.0,900000.0,6136
8466541,1,1,1,10,2025,1,38,3.0,700000.0,50012
8447320,1,2,1,10,2025,2,59,10.0,2200000.0,26690
8437048,1,1,1,10,2025,1,37,10.0,3000000.0,2827
8443805,1,1,1,10,2025,2,31,4.0,400000.0,18542
8467025,1,1,1,10,2025,2,28,10.0,4680000.0,51145
8438450,1,5,1,10,2025,1,36,5.0,290000.0,6031
8448400,1,3,1,10,2025,1,24,10.0,1500000.0,29064
8446156,1,1,1,10,2025,2,51,8.0,1500000.0,23913
8437822,1,2,1,10,2025,2,34,8.0,1423500.0,4632
8437681,1,1,1,10,2025,1,44,5.0,3000000.0,4355
8468011,1,2,1,10,2025,1,62,5.0,1400000.0,53630
8449176,1,2,1,10,2025,1,49,4.0,1400000.0,30546
8466696,1,2,1,10,2025,1,20,6.0,1600000.0,50377
8471860,1,2,1,10,2025,2,45,5.0,1423500.0,62808
8446220,1,2,1,10,2025,1,39,9.0,3500000.0,24074
8466420,1,1,1,10,2025,1,32,9.0,0.0,49686
8468615,1,2,1,10,2025,1,21,8.0,2000000.0,55043
8450906,1,1,1,10,2025,1,20,3.0,200000.0,34863
8443624,1,1,1,10,2025,2,47,5.0,1423000.0,18082
8470396,1,1,1,10,2025,1,41,5.0,1300000.0,59628
8468824,1,3,1,10,2025,1,19,5.0,1000000.0,55594
8440222,1,1,1,10,2025,2,61,11.0,10000000.0,10037
8471385,1,1,1,10,2025,2,57,4.0,0.0,61878
8448485,1,1,1,10,2025,2,41,5.0,1423500.0,29240
8446119,1,1,1,10,2025,2,44,5.0,1426000.0,23816
8437088,1,1,1,10,2025,2,47,3.0,1723500.0,2902
8440016,1,1,1,10,2025,2,30,5.0,1400000.0,9596
8437097,1,1,1,10,2025,2,51,5.0,840000.0,2930
8448354,1,4,1,10,2025,2,24,10.0,3700000.0,28952
8447642,1,1,1,10,2025,1,41,4.0,1500000.0,27416
8446806,1,2,1,10,2025,2,33,5.0,1400000.0,25543
8451113,1,2,1,10,2025,2,45,4.0,1423500.0,35405
8466831,1,1,1,10,2025,1,31,3.0,3600000.0,50672
8451218,1,1,1,10,2025,2,38,5.0,1423500.0,35698
8465780,1,3,1,10,2025,2,21,10.0,700000.0,48298
8468407,1,1,1,10,2025,2,44,3.0,450000.0,54557
8438027,1,2,1,10,2025,2,60,11.0,6000000.0,5046
8448200,1,1,1,10,2025,2,23,5.0,2600000.0,28687
8447155,1,1,1,10,2025,1,71,3.0,160000.0,26268
8438948,1,2,1,10,2025,2,23,10.0,2500000.0,7150
8448238,1,1,1,10,2025,2,25,4.0,800000.0,28804
8447445,1,1,1,10,2025,2,38,9.0,2200000.0,26999
8451289,1,3,1,10,2025,1,15,4.0,500000.0,35877
8470487,1,2,1,10,2025,2,30,8.0,1600000.0,59857
8462869,1,3,1,10,2025,1,38,9.0,1900000.0,41928
8439368,1,1,1,10,2025,1,54,5.0,2500000.0,8123
8437818,1,2,1,10,2025,2,54,10.0,2850000.0,4622
8444313,1,1,1,10,2025,1,53,5.0,1400000.0,19806
8468178,1,2,1,10,2025,2,37,5.0,1200000.0,54014
8443004,1,1,1,10,2025,2,41,12.0,35000000.0,16456
8448891,1,2,1,10,2025,2,73,3.0,600000.0,30018
8467547,1,3,1,10,2025,2,41,11.0,2100000.0,52445
8442630,1,1,1,10,2025,2,34,5.0,780000.0,15542
8438230,1,8,1,10,2025,2,21,5.0,1600000.0,5460
8471911,1,2,1,10,2025,2,22,10.0,500000.0,62923
8467309,1,1,1,10,2025,2,40,5.0,600000.0,51877
8438489,1,2,1,10,2025,2,33,9.0,600000.0,6143
8448713,1,1,1,10,2025,1,59,5.0,900000.0,29718
8450170,1,2,1,10,2025,2,24,10.0,1200000.0,33083
8451338,1,1,1,10,2025,1,37,3.0,400000.0,35998
8465623,1,1,1,10,2025,2,52,11.0,6000000.0,47964
8466978,1,3,1,10,2025,1,40,5.0,1000000.0,51022
8436080,1,3,1,10,2025,2,22,5.0,1423500.0,348
8452536,1,2,1,10,2025,2,34,8.0,1700000.0,39086
8470014,1,3,1,10,2025,1,20,8.0,2500000.0,58717
8447415,1,2,1,10,2025,2,47,4.0,400000.0,26936
8467770,1,1,1,10,2025,1,46,3.0,1423500.0,53004
8465060,1,2,1,10,2025,1,32,10.0,1000000.0,46884
8463514,1,1,1,10,2025,2,29,10.0,9500000.0,43486
8438869,1,1,1,10,2025,2,57,3.0,600000.0,6997
8469233,1,1,1,10,2025,1,45,10.0,1500000.0,56651
8437242,1,2,1,10,2025,1,49,5.0,1700000.0,3281
8437517,1,2,1,10,2025,1,52,4.0,1500000.0,4040
8473295,1,4,1,10,2025,1,25,5.0,2000000.0,65627
8444207,1,2,1,10,2025,2,49,8.0,800000.0,19530
8442395,1,1,1,10,2025,1,44,8.0,5000000.0,15033
8466976,1,1,1,10,2025,1,47,10.0,350000.0,51014
8443205,1,1,1,10,2025,2,50,3.0,900000.0,16935
8444628,1,3,1,10,2025,1,26,10.0,1400000.0,20637
8439690,1,2,1,10,2025,2,52,10.0,1600000.0,8917
8443461,1,3,1,10,2025,1,17,5.0,600000.0,17638
8443671,1,1,1,10,2025,1,29,9.0,7000000.0,18215
8441668,1,2,1,10,2025,1,27,5.0,350000.0,13241
8449194,1,1,1,10,2025,2,35,4.0,1300000.0,30589
8469037,1,1,1,10,2025,1,32,10.0,4470000.0,56112
8451300,1,1,1,10,2025,1,49,5.0,1423500.0,35901
8439441,1,1,1,10,2025,1,24,5.0,1375000.0,8274
8464207,1,2,1,10,2025,2,26,10.0,1700000.0,44964
8470362,1,1,1,10,2025,1,56,3.0,400000.0,59535
8465571,1,1,1,10,2025,2,23,4.0,1500000.0,47885
8437571,1,2,1,10,2025,2,24,5.0,1423500.0,4118
8447858,1,1,1,10,2025,2,33,11.0,2847000.0,27901
8451360,1,2,1,10,2025,2,68,3.0,1000000.0,36058
8452556,1,2,1,10,2025,2,42,10.0,5128272.0,39142
8442131,1,1,1,10,2025,2,57,3.0,1200000.0,14341
8441197,1,3,1,10,2025,1,26,9.0,4500000.0,12287
8465897,1,1,1,10,2025,1,70,3.0,450000.0,48577
8440760,1,2,1,10,2025,2,32,12.0,1400000.0,11358
8464686,1,1,1,10,2025,2,55,3.0,1500000.0,46064
8450019,1,1,1,10,2025,2,56,5.0,1800000.0,32698
8450058,1,1,1,10,2025,1,56,10.0,5000000.0,32799
8451722,1,2,1,10,2025,2,27,5.0,1423500.0,36967
8436609,1,3,1,10,2025,2,18,8.0,400000.0,1598
8447543,1,2,1,10,2025,2,36,5.0,1423500.0,27202
8440884,1,1,1,10,2025,1,35,5.0,600000.0,11694
8452235,1,2,1,10,2025,2,28,8.0,300000.0,38291
8462669,1,1,1,10,2025,2,42,10.0,4800000.0,41502
8465635,1,1,1,10,2025,2,50,5.0,1800000.0,47992
8436011,1,2,1,10,2025,2,46,5.0,1423500.0,163
8436446,1,5,1,10,2025,1,21,3.0,1400000.0,1172
8444684,1,2,1,10,2025,2,52,5.0,1423500.0,20784
8469579,1,1,1,10,2025,2,71,4.0,500000.0,57584
8437430,1,1,1,10,2025,2,29,6.0,1423500.0,3802
8452485,1,2,1,10,2025,2,40,5.0,1780000.0,38945
8438140,1,1,1,10,2025,1,63,10.0,800000.0,5270
8444098,1,1,1,10,2025,1,36,8.0,3000000.0,19324
8435977,1,2,1,10,2025,1,42,4.0,400000.0,24
8471699,1,1,1,10,2025,2,33,10.0,1500000.0,62489
8468296,1,1,1,10,2025,2,44,9.0,3000000.0,54248
8451630,1,1,1,10,2025,2,59,3.0,1623500.0,36711
8471447,1,1,1,10,2025,2,35,5.0,1400000.0,62009
8444873,1,2,1,10,2025,1,26,4.0,480000.0,21287
8468122,1,1,1,10,2025,1,42,5.0,1800000.0,53878
8463866,1,2,1,10,2025,1,47,3.0,2000000.0,44268
8441997,1,3,1,10,2025,2,33,5.0,350000.0,14059
8462832,1,2,1,10,2025,1,28,3.0,1423500.0,41862
8452000,1,1,1,10,2025,2,46,8.0,1800000.0,37699
8449336,1,1,1,10,2025,2,34,5.0,1500000.0,30971
8469681,1,1,1,10,2025,1,60,4.0,800000.0,57864
8445978,1,1,1,10,2025,1,28,10.0,1000000.0,23474
8466808,1,1,1,10,2025,1,44,9.0,3600000.0,50622
8473142,1,3,1,10,2025,1,19,4.0,2000000.0,65326
8451527,1,2,1,10,2025,2,43,3.0,114000.0,36493
8465964,1,1,1,10,2025,2,27,5.0,1200000.0,48692
8461782,1,3,1,10,2025,2,37,5.0,760000.0,39373
8451198,1,4,1,10,2025,1,34,3.0,1050000.0,35652
8447391,1,3,1,10,2025,2,43,5.0,800000.0,26873
8468549,1,1,1,10,2025,2,51,8.0,1600000.0,54913
8442890,1,1,1,10,2025,2,34,5.0,200000.0,16178
8441118,1,1,1,10,2025,1,20,4.0,1423500.0,12114
8442955,1,1,1,10,2025,1,65,4.0,150000.0,16340
8447370,1,2,1,10,2025,2,30,8.0,1423500.0,26803
8451955,1,1,1,10,2025,2,50,3.0,1400000.0,37573
8450534,1,1,1,10,2025,2,25,6.0,2650000.0,33965
8452555,1,2,1,10,2025,2,36,10.0,2300000.0,39138
8437358,1,1,1,10,2025,1,50,9.0,2800000.0,3634
8473182,1,1,1,10,2025,2,50,5.0,1440000.0,65386
8463649,1,1,1,10,2025,1,55,9.0,2000000.0,43775
8436163,1,1,1,10,2025,1,39,5.0,1800000.0,527
8437579,1,1,1,10,2025,1,43,11.0,7300000.0,4123
8465557,1,1,1,10,2025,1,48,8.0,1600000.0,47862
8468695,1,1,1,10,2025,1,65,11.0,10000000.0,55255
8449591,1,1,1,10,2025,2,27,9.0,906000.0,31609
8466613,1,1,1,10,2025,2,29,5.0,900000.0,50178
8473124,1,3,1,10,2025,1,34,9.0,2400000.0,65284
8442961,1,2,1,10,2025,2,53,5.0,1450000.0,16353
8464363,1,1,1,10,2025,2,25,10.0,1764000.0,45275
8447996,1,4,1,10,2025,2,32,5.0,700000.0,28210
8452379,1,1,1,10,2025,1,25,4.0,1400000.0,38649
8442159,1,1,1,10,2025,1,41,10.0,4500000.0,14409
8472065,1,1,1,10,2025,1,27,10.0,1500000.0,63216
8439727,1,2,1,10,2025,1,26,5.0,500000.0,9007
8450609,1,3,1,10,2025,1,38,10.0,5800000.0,34177
8467614,1,3,1,10,2025,1,22,5.0,1600000.0,52637
8438344,1,1,1,10,2025,1,31,5.0,1800000.0,5784
8444554,1,2,1,10,2025,1,40,4.0,3400000.0,20456
8466470,1,2,1,10,2025,2,64,3.0,600000.0,49825
8440249,1,1,1,10,2025,2,54,4.0,1400000.0,10100
8436603,1,2,1,10,2025,2,37,12.0,18000000.0,1584
8467529,1,2,1,10,2025,1,62,3.0,700000.0,52412
8471068,1,1,1,10,2025,2,31,10.0,3700000.0,61281
8447034,1,3,1,10,2025,2,33,8.0,1400000.0,26066
8473626,1,1,1,10,2025,2,42,5.0,1000000.0,65998
8442772,1,2,1,10,2025,1,60,5.0,1400000.0,15898
8436293,1,1,1,10,2025,1,63,3.0,1200000.0,836
8447275,1,3,1,10,2025,2,34,10.0,1400000.0,26565
8469934,1,4,1,10,2025,2,29,5.0,2200000.0,58501
8452247,1,2,1,10,2025,1,23,6.0,800000.0,38318
8473299,1,2,1,10,2025,2,42,8.0,1700000.0,65640
8472600,1,1,1,10,2025,1,58,3.0,1000000.0,64304
8449684,1,1,1,10,2025,1,45,4.0,1350000.0,31850
8465509,1,3,1,10,2025,2,22,10.0,1500000.0,47759
8443807,1,2,1,10,2025,2,44,5.0,100000.0,18552
8450990,1,5,1,10,2025,1,17,5.0,100000.0,35135
8440061,1,2,1,10,2025,1,50,3.0,1423500.0,9681
8440024,1,1,1,10,2025,1,49,10.0,2000000.0,9608
8445353,1,1,1,10,2025,1,55,4.0,1200000.0,22059
8444900,1,4,1,10,2025,2,24,10.0,1423500.0,21354
8471094,1,3,1,10,2025,2,44,3.0,1000000.0,61353
8439014,1,2,1,10,2025,1,32,10.0,800000.0,7302
8463461,1,3,1,10,2025,2,66,5.0,1040000.0,43348
8445200,1,1,1,10,2025,1,82,1.0,500000.0,21618
8444159,1,4,1,10,2025,1,25,5.0,1800000.0,19454
8436520,2,1,2,10,2025,2,62,3.0,200000.0,1377
8470599,1,1,1,10,2025,1,30,5.0,1500000.0,60129
8440795,1,1,1,10,2025,2,21,5.0,120000.0,11445
8436310,1,3,1,10,2025,2,22,10.0,1423500.0,885
8442448,1,2,1,10,2025,1,25,8.0,1600000.0,15149
8469081,1,2,1,10,2025,2,48,4.0,300000.0,56237
8449210,1,1,1,10,2025,1,41,4.0,1200000.0,30628
8451993,1,1,1,10,2025,2,44,1.0,300000.0,37676
8441347,1,2,1,10,2025,2,50,4.0,1560000.0,12569
8464236,1,1,1,10,2025,2,46,12.0,3600000.0,45015
8447609,1,1,1,10,2025,2,29,5.0,1623500.0,27333
8448641,1,3,1,10,2025,1,50,5.0,620000.0,29521
8465183,1,2,1,10,2025,2,35,5.0,1800000.0,47143
8451854,1,1,1,10,2025,1,30,10.0,3500000.0,37316
8446164,1,2,1,10,2025,2,37,8.0,3000000.0,23938
8449092,1,1,1,10,2025,1,34,5.0,2000000.0,30414
8437229,1,4,1,10,2025,2,62,5.0,800000.0,3234
8469008,1,1,1,10,2025,1,54,5.0,2000000.0,56037
8466852,1,1,1,10,2025,1,45,3.0,1900000.0,50732
8440538,1,2,1,10,2025,2,42,9.0,1200000.0,10761
8461910,1,1,1,10,2025,2,34,9.0,810000.0,39723
8440826,1,2,1,10,2025,1,31,5.0,1600000.0,11527
8450836,1,2,1,10,2025,2,29,5.0,1423500.0,34714
8444747,1,4,1,10,2025,1,22,5.0,600000.0,20967
8473631,1,1,1,10,2025,1,37,5.0,1423000.0,66013
8442421,1,1,1,10,2025,1,73,3.0,400000.0,15089
8442950,1,1,1,10,2025,1,35,3.0,1400000.0,16331
8442773,1,2,1,10,2025,1,40,5.0,2500000.0,15900
8470848,1,1,1,10,2025,2,50,3.0,5000000.0,60778
8438916,1,1,1,10,2025,2,67,3.0,600000.0,7090
8436244,1,2,1,10,2025,2,55,3.0,700000.0,722
8465546,1,1,1,10,2025,2,38,8.0,1600000.0,47845
8462974,1,1,1,10,2025,1,59,3.0,450000.0,42138
8472302,1,5,1,10,2025,1,61,3.0,2600000.0,63737
8441069,1,2,1,10,2025,2,46,10.0,3000000.0,12013
8461891,1,1,1,10,2025,1,18,4.0,900000.0,39677
8464713,1,4,1,10,2025,1,31,9.0,1423500.0,46135
8451204,1,1,1,10,2025,1,44,3.0,2400000.0,35664
8471642,1,2,1,10,2025,2,26,5.0,1500000.0,62378
8469637,1,1,1,10,2025,1,26,5.0,1423500.0,57751
8472232,1,2,1,10,2025,2,26,5.0,1200000.0,63595
8444914,1,3,1,10,2025,2,26,10.0,4000000.0,21395
8442113,1,1,1,10,2025,2,71,1.0,450000.0,14300
8437499,1,2,1,10,2025,1,47,10.0,10000000.0,3995
8440293,2,2,2,10,2025,1,31,10.0,600000.0,10216
8451972,1,2,1,10,2025,1,28,5.0,1300000.0,37623
8438689,1,2,1,10,2025,2,51,5.0,1423000.0,6605
8440004,1,2,1,10,2025,2,44,10.0,1423500.0,9574
8466292,1,5,1,10,2025,1,36,9.0,3200000.0,49332
8443071,1,1,1,10,2025,1,40,4.0,150000.0,16651
8439137,1,1,1,10,2025,1,38,12.0,4200000.0,7590
8446471,1,2,1,10,2025,2,32,5.0,1423500.0,24767
8443394,1,1,1,10,2025,1,30,5.0,2195000.0,17475
8468068,1,3,1,10,2025,2,39,10.0,4000000.0,53768
8470140,1,1,1,10,2025,1,71,3.0,700000.0,59032
8442326,1,1,1,10,2025,1,56,3.0,1300000.0,14864
8465854,1,1,1,10,2025,2,47,3.0,1000000.0,48474
8445414,1,2,1,10,2025,1,69,3.0,150000.0,22197
8437959,1,1,1,10,2025,2,58,3.0,300000.0,4905
8468382,1,1,1,10,2025,2,43,5.0,1623500.0,54486
8468368,1,1,1,10,2025,2,36,8.0,1423500.0,54431
8448921,1,2,1,10,2025,2,53,3.0,100000.0,30103
8450262,1,1,1,10,2025,2,29,3.0,600000.0,33318
8461796,1,2,1,10,2025,2,28,10.0,4057000.0,39415
8472082,1,2,1,10,2025,1,39,4.0,840000.0,63252
8445891,1,2,1,10,2025,2,26,10.0,1850000.0,23265
8451985,1,2,1,10,2025,2,25,10.0,4400000.0,37656
8468116,1,2,1,10,2025,1,35,5.0,2000000.0,53867
8462478,1,2,1,10,2025,1,45,3.0,1400000.0,41069
8452160,1,1,1,10,2025,1,58,4.0,3000000.0,38097
8450323,1,2,1,10,2025,1,38,3.0,1200000.0,33481
8448455,1,3,1,10,2025,1,21,5.0,1423500.0,29183
8442103,1,1,1,10,2025,1,27,5.0,1400000.0,14281
8444049,1,2,1,10,2025,2,34,10.0,3000000.0,19190
8470102,1,1,1,10,2025,1,37,5.0,4124026.0,58937
8443263,1,1,1,10,2025,1,39,4.0,580000.0,17085
8469084,1,1,1,10,2025,2,55,5.0,150000.0,56247
8442217,1,1,1,10,2025,2,42,8.0,2000000.0,14585
8473711,1,1,1,10,2025,2,66,10.0,3000000.0,66145
8440397,1,1,1,10,2025,1,26,5.0,1900000.0,10453
8436239,1,1,1,10,2025,1,54,3.0,800000.0,709
8439565,1,6,1,10,2025,1,36,4.0,1120000.0,8577
8438222,1,1,1,10,2025,1,62,4.0,1100000.0,5433
8473328,1,1,1,10,2025,2,34,10.0,5800000.0,65707
8451133,1,1,1,10,2025,1,30,4.0,950000.0,35457
8443212,1,1,1,10,2025,2,40,3.0,900000.0,16951
8442663,1,1,1,10,2025,1,60,3.0,1200000.0,15617
8465819,1,1,1,10,2025,2,48,3.0,800000.0,48385
8436196,1,2,1,10,2025,1,24,4.0,150000.0,610
8468696,1,2,1,10,2025,2,37,10.0,4000000.0,55259
8436450,1,2,1,10,2025,1,23,5.0,2745000.0,1177
8468882,1,2,1,10,2025,1,24,5.0,800000.0,55753
8439584,1,1,1,10,2025,2,41,4.0,1000000.0,8630
8439148,1,1,1,10,2025,2,49,10.0,3500000.0,7608
8472203,1,1,1,10,2025,2,46,8.0,2000000.0,63540
8469623,1,1,1,10,2025,2,46,8.0,2800000.0,57709
8451073,1,2,1,10,2025,1,24,10.0,1200000.0,35305
8449168,2,1,2,10,2025,1,38,5.0,1600000.0,30532
8462990,1,2,1,10,2025,1,23,3.0,1800000.0,42173
8466744,1,3,1,10,2025,2,24,5.0,1500000.0,50482
8471650,1,2,1,10,2025,2,24,10.0,3500000.0,62395
8440203,1,3,1,10,2025,1,21,4.0,730000.0,9992
8440239,1,1,1,10,2025,2,35,5.0,2000000.0,10076
8450078,1,2,1,10,2025,2,26,9.0,1423000.0,32858
8468794,1,1,1,10,2025,1,32,1.0,750000.0,55508
8439610,1,2,1,10,2025,2,47,5.0,100000.0,8688
8445816,1,1,1,10,2025,2,52,10.0,5940000.0,23116
8471190,1,3,1,10,2025,2,21,8.0,1423500.0,61495
8441431,1,1,1,10,2025,1,39,4.0,1320000.0,12732
8441824,1,1,1,10,2025,1,61,1.0,700000.0,13534
8468039,1,3,1,10,2025,2,19,8.0,500000.0,53703
8450108,1,1,1,10,2025,1,47,10.0,5000000.0,32929
8442040,1,2,1,10,2025,2,68,5.0,170000.0,14134
8470779,1,1,1,10,2025,2,72,3.0,900000.0,60606
8438381,1,2,1,10,2025,2,53,5.0,1623500.0,5877
8465738,1,3,1,10,2025,1,65,5.0,2500000.0,48195
8439911,1,1,1,10,2025,1,38,9.0,2500000.0,9462
8440127,1,1,1,10,2025,1,76,3.0,1500000.0,9828
8442531,1,1,1,10,2025,2,32,10.0,1423500.0,15340
8448593,1,1,1,10,2025,1,26,9.0,1800000.0,29478
8471999,1,1,1,10,2025,2,34,8.0,1200000.0,63063
8443245,1,2,1,10,2025,2,26,8.0,960000.0,17039
8442804,1,2,1,10,2025,1,50,4.0,1000000.0,15967
8438796,1,2,1,10,2025,2,61,10.0,6200000.0,6841
8437021,1,1,1,10,2025,1,38,11.0,13700000.0,2762
8444497,1,3,1,10,2025,2,25,5.0,1250000.0,20302
8437924,1,1,1,10,2025,1,30,5.0,1623500.0,4844
8442889,1,4,1,10,2025,1,19,5.0,1200000.0,16177
8444039,1,1,1,10,2025,1,27,8.0,2500000.0,19167
8463678,1,1,1,10,2025,1,24,10.0,1800000.0,43837
8438578,1,1,1,10,2025,1,56,3.0,2000000.0,6349
8436595,1,1,1,10,2025,1,50,9.0,4000000.0,1559
8441699,1,2,1,10,2025,2,30,10.0,2000000.0,13331
8469576,1,2,1,10,2025,2,56,3.0,500000.0,57577
8469544,1,1,1,10,2025,1,49,9.0,2700000.0,57476
8466336,1,1,1,10,2025,1,31,5.0,1423500.0,49423
8473156,1,2,1,10,2025,2,25,10.0,2900000.0,65353
8467728,1,1,1,10,2025,1,33,10.0,3000000.0,52897
8451454,1,1,1,10,2025,1,29,4.0,1180000.0,36292
8451136,1,1,1,10,2025,2,48,5.0,15600000.0,35468
8471248,1,4,1,10,2025,2,35,5.0,1423500.0,61627
8473361,1,1,1,10,2025,2,25,4.0,1950000.0,65754
8443936,1,1,1,10,2025,1,47,8.0,2800000.0,18869
8441258,1,2,1,10,2025,2,38,4.0,1623500.0,12411
8452300,1,1,1,10,2025,1,27,5.0,1600000.0,38461
8463690,1,3,1,10,2025,1,46,5.0,1200000.0,43871
8467350,1,1,1,10,2025,2,57,5.0,1000000.0,51989
8448994,1,3,1,10,2025,2,50,3.0,1400000.0,30210
8442199,1,2,1,10,2025,1,69,3.0,1000000.0,14533
8466665,1,1,1,10,2025,1,30,4.0,2500000.0,50301
8463476,1,2,1,10,2025,2,56,4.0,500000.0,43391
8450726,1,1,1,10,2025,2,44,10.0,4100000.0,34456
8443115,1,1,1,10,2025,2,60,3.0,600000.0,16757
8451361,1,1,1,10,2025,1,90,3.0,150000.0,36060
8470276,1,1,1,10,2025,2,25,5.0,1663500.0,59343
8472848,1,3,1,10,2025,2,56,10.0,2929000.0,64822
8449385,1,2,1,10,2025,1,27,4.0,1700000.0,31108
8438377,1,1,1,10,2025,1,67,5.0,300000.0,5857
8467285,1,1,1,10,2025,2,53,3.0,1703500.0,51823
8448799,1,2,1,10,2025,2,27,5.0,1300000.0,29913
8466514,1,2,1,10,2025,2,43,5.0,420000.0,49956
8451416,1,1,1,10,2025,2,40,5.0,1423500.0,36207
8441629,1,1,1,10,2025,1,45,5.0,1200000.0,13155
8452529,1,1,1,10,2025,2,70,3.0,200000.0,39062
8446902,1,1,1,10,2025,2,46,10.0,7000000.0,25765
8445393,1,1,1,10,2025,1,56,10.0,1800000.0,22149
8462495,1,1,1,10,2025,1,54,3.0,1400000.0,41105
8467079,1,2,1,10,2025,1,60,3.0,1200000.0,51285
8451188,1,1,1,10,2025,1,40,1.0,1000000.0,35608
8436436,1,1,1,10,2025,2,56,5.0,4000000.0,1142
8436014,1,1,1,10,2025,1,50,1.0,800000.0,175
8438860,1,1,1,10,2025,1,38,6.0,2000000.0,6974
8465967,1,1,1,10,2025,1,58,12.0,2500000.0,48702
8440842,1,1,1,10,2025,2,35,9.0,1423500.0,11576
8450373,1,1,1,10,2025,1,60,10.0,1200000.0,33601
8469265,1,1,1,10,2025,2,33,8.0,1423500.0,56724
8444255,1,2,1,10,2025,1,36,3.0,1500000.0,19665
8468735,1,1,1,10,2025,2,38,8.0,1400000.0,55361
8441985,1,1,1,10,2025,1,42,5.0,700000.0,14026
8462814,1,1,1,10,2025,1,49,3.0,1000000.0,41818
8469041,1,7,1,10,2025,1,33,5.0,1500000.0,56127
8441447,1,2,1,10,2025,2,37,10.0,4500000.0,12778
8461941,1,3,1,10,2025,1,20,5.0,1000000.0,39830
8442312,1,2,1,10,2025,1,28,5.0,900000.0,14810
8462902,1,1,1,10,2025,2,42,4.0,600000.0,41992
8451130,1,1,1,10,2025,2,63,12.0,2795000.0,35450
8447859,1,1,1,10,2025,2,47,10.0,2847000.0,27902
8473281,1,1,1,10,2025,2,47,5.0,1500000.0,65593
8443232,1,4,1,10,2025,1,21,8.0,1600000.0,17008
8463216,1,2,1,10,2025,2,48,10.0,2800000.0,42670
8470080,1,1,1,10,2025,2,24,9.0,1600000.0,58882
8436743,1,3,1,10,2025,2,23,10.0,2000000.0,1951
8464173,1,2,1,10,2025,2,41,11.0,4700000.0,44899
8450789,1,5,1,10,2025,2,22,8.0,2200000.0,34601
8463100,1,3,1,10,2025,1,22,5.0,1423500.0,42424
8446882,1,1,1,10,2025,1,33,5.0,1700000.0,25726
8468325,1,2,1,10,2025,1,76,3.0,200000.0,54322
8470781,1,2,1,10,2025,1,66,5.0,600000.0,60610
8441841,1,1,1,10,2025,1,62,3.0,1423500.0,13584
8436479,1,1,1,10,2025,1,50,3.0,2200000.0,1245
8442104,1,2,1,10,2025,2,39,3.0,500000.0,14283
8445207,1,1,1,10,2025,1,66,3.0,1200000.0,21629
8472357,1,1,1,10,2025,1,41,5.0,1423500.0,63864
8449380,1,3,1,10,2025,1,15,4.0,1200000.0,31093
8446395,1,1,1,10,2025,2,40,5.0,1423500.0,24601
8470706,1,1,1,10,2025,1,68,12.0,3000000.0,60376
8466905,1,1,1,10,2025,1,55,5.0,1800000.0,50862
8449426,1,1,1,10,2025,1,36,5.0,2000000.0,31221
8470311,1,1,1,10,2025,1,48,3.0,1700000.0,59436
8443065,1,2,1,10,2025,1,41,3.0,300000.0,16628
8440610,1,3,1,10,2025,2,28,10.0,3000000.0,10979
8451119,1,2,1,10,2025,2,32,1.0,10000000.0,35411
8447726,1,1,1,10,2025,2,44,8.0,500000.0,27587
8441302,1,1,1,10,2025,1,33,5.0,1400000.0,12478
8439308,1,2,1,10,2025,1,47,5.0,1100000.0,7984
8467986,1,2,1,10,2025,2,22,5.0,1423500.0,53574
8463420,1,1,1,10,2025,1,26,10.0,1600000.0,43239
8451118,1,1,1,10,2025,1,46,1.0,1550000.0,35409
8440050,1,1,1,10,2025,2,49,10.0,2000000.0,9656
8471862,1,1,1,10,2025,2,51,8.0,500000.0,62816
8449823,1,1,1,10,2025,2,41,10.0,1000000.0,32194
8439631,1,1,1,10,2025,2,48,11.0,2000000.0,8743
8464298,1,1,1,10,2025,1,39,10.0,2500000.0,45091
8447326,1,3,1,10,2025,2,19,5.0,1000000.0,26712
8448752,1,2,1,10,2025,2,54,6.0,1500000.0,29812
8462305,1,1,1,10,2025,1,29,4.0,1200000.0,40692
8472579,1,3,1,10,2025,1,54,3.0,1423500.0,64262
8449411,1,2,1,10,2025,2,69,3.0,180000.0,31172
8465144,1,1,1,10,2025,2,23,5.0,1200000.0,47113
8471471,1,1,1,10,2025,1,23,10.0,2000000.0,62053
8468660,1,1,1,10,2025,1,41,5.0,1500000.0,55145
8438675,1,2,1,10,2025,1,22,4.0,800000.0,6570
8437580,1,2,1,10,2025,2,24,8.0,2500000.0,4125
8435979,1,3,1,10,2025,1,21,4.0,400000.0,33
8471732,1,1,1,10,2025,2,58,10.0,6200000.0,62535
8440608,2,2,2,10,2025,2,22,5.0,840000.0,10975
8473790,1,1,1,10,2025,2,60,5.0,2000000.0,66230
8452078,1,2,1,10,2025,1,45,11.0,5000000.0,37880
8471371,1,1,1,10,2025,2,21,5.0,100000.0,61843
8469528,1,2,1,10,2025,2,33,13.0,5645000.0,57430
8446229,1,1,1,10,2025,1,29,5.0,1423500.0,24108
8466513,1,2,1,10,2025,1,44,4.0,1150000.0,49953
8466310,1,3,1,10,2025,1,35,10.0,5600000.0,49357
8462489,1,1,1,10,2025,2,48,8.0,815000.0,41091
8463331,1,1,1,10,2025,1,54,4.0,700000.0,42967
8452338,1,6,1,10,2025,2,23,5.0,1423500.0,38543
8468824,1,5,1,10,2025,1,21,5.0,750000.0,55596
8443807,1,1,1,10,2025,1,32,5.0,150000.0,18551
8472037,1,2,1,10,2025,2,44,4.0,500000.0,63144
8464133,1,1,1,10,2025,1,64,11.0,5000000.0,44813
8467528,1,1,1,10,2025,1,47,4.0,1800000.0,52410
8469092,1,1,1,10,2025,1,60,8.0,1423000.0,56266
8436590,1,2,1,10,2025,1,43,5.0,775000.0,1544
8469950,1,2,1,10,2025,2,44,5.0,1423500.0,58550
8443302,1,4,1,10,2025,1,34,4.0,1200000.0,17227
8468954,1,2,1,10,2025,2,30,11.0,7000000.0,55901
8469577,1,2,1,10,2025,2,31,5.0,600000.0,57580
8469262,1,2,1,10,2025,2,35,11.0,4000000.0,56720
8466908,1,1,1,10,2025,1,55,1.0,1000000.0,50866
8471384,1,2,1,10,2025,1,50,5.0,0.0,61877
8469783,1,1,1,10,2025,1,55,4.0,1800000.0,58148
8443569,1,1,1,10,2025,1,68,1.0,400000.0,17924
8471010,1,1,1,10,2025,2,39,11.0,9000000.0,61156
8440545,1,1,1,10,2025,2,31,10.0,2000000.0,10780
8467380,1,1,1,10,2025,2,36,5.0,1423500.0,52064
8445376,1,1,1,10,2025,1,63,3.0,1200000.0,22109
8438308,1,1,1,10,2025,2,62,11.0,5300000.0,5676
8451691,1,1,1,10,2025,2,45,9.0,2800000.0,36883
8447157,1,3,1,10,2025,2,26,8.0,1040000.0,26273
8444560,1,1,1,10,2025,1,39,5.0,1200000.0,20476
8451156,1,1,1,10,2025,2,66,3.0,160000.0,35520
8449789,1,2,1,10,2025,2,55,3.0,400000.0,32114
8436920,1,2,1,10,2025,2,50,5.0,500000.0,2491
8471763,1,2,1,10,2025,1,43,8.0,1423500.0,62601
8449970,1,1,1,10,2025,2,31,5.0,600000.0,32587
8461783,1,4,1,10,2025,1,24,6.0,1513500.0,39377
8440676,1,1,1,10,2025,1,44,6.0,900000.0,11167
8443475,1,3,1,10,2025,2,34,4.0,900000.0,17674
8473193,1,2,1,10,2025,2,27,5.0,2300000.0,65398
8463576,1,4,1,10,2025,1,47,5.0,1423500.0,43619
8444209,1,4,1,10,2025,1,29,8.0,1423500.0,19538
8470429,1,2,1,10,2025,1,35,4.0,450000.0,59720
8438258,1,4,1,10,2025,2,40,8.0,1600000.0,5525
8444905,1,3,1,10,2025,2,36,5.0,500000.0,21368
8451462,1,2,1,10,2025,1,45,5.0,1500000.0,36319
8471028,1,1,1,10,2025,2,26,5.0,1420000.0,61191
8449006,1,1,1,10,2025,1,31,5.0,2800000.0,30228
8445244,1,1,1,10,2025,1,30,1.0,1000000.0,21740
8449506,1,1,1,10,2025,1,63,4.0,1600000.0,31414
8463683,1,2,1,10,2025,2,62,3.0,9000000.0,43845
8444902,1,1,1,10,2025,1,20,5.0,3200000.0,21359
8440335,1,1,1,10,2025,2,27,9.0,1800000.0,10303
8440072,1,1,1,10,2025,2,34,9.0,1900000.0,9705
8448305,1,2,1,10,2025,2,33,10.0,2000000.0,28877
8447274,1,2,1,10,2025,2,22,5.0,100000.0,26561
8463552,1,2,1,10,2025,2,38,5.0,1400000.0,43567
8438823,1,1,1,10,2025,2,56,5.0,1000000.0,6893
8452214,1,1,1,10,2025,2,37,10.0,1423000.0,38234
8440272,1,1,1,10,2025,2,55,11.0,3000000.0,10162
8473394,1,1,1,10,2025,1,24,4.0,600000.0,65815
8447518,1,1,1,10,2025,2,45,8.0,1780000.0,27160
8442006,1,2,1,10,2025,1,35,11.0,7800000.0,14079
8438379,1,4,1,10,2025,1,25,5.0,1000000.0,5864
8463370,1,1,1,10,2025,2,72,5.0,300000.0,43085
8444493,1,2,1,10,2025,2,19,5.0,1500000.0,20289
8440305,1,3,1,10,2025,1,22,5.0,1800000.0,10255
8438027,1,1,1,10,2025,1,69,11.0,7000000.0,5045
8471791,1,2,1,10,2025,1,70,3.0,700000.0,62670
8446103,1,2,1,10,2025,2,44,8.0,1600000.0,23783
8438776,1,1,1,10,2025,2,42,10.0,5000000.0,6786
8446280,1,3,1,10,2025,1,25,8.0,1423500.0,24294
8451833,1,1,1,10,2025,2,39,5.0,1293000.0,37260
8462234,1,2,1,10,2025,1,44,5.0,1600000.0,40557
8470988,1,3,1,10,2025,1,31,10.0,1423500.0,61100
8438990,1,2,1,10,2025,1,48,10.0,4000000.0,7252
8468837,1,5,1,10,2025,2,21,10.0,1423500.0,55633
8469981,1,1,1,10,2025,1,31,3.0,1423500.0,58633
8444949,1,2,1,10,2025,1,23,4.0,800000.0,21470
8450791,1,2,1,10,2025,2,42,5.0,1423500.0,34607
8464518,1,2,1,10,2025,1,29,5.0,1600000.0,45660
8441393,1,2,1,10,2025,1,38,11.0,3000000.0,12681
8463964,1,2,1,10,2025,1,44,5.0,1423500.0,44495
8437191,1,1,1,10,2025,1,56,10.0,37000000.0,3141
8447389,1,2,1,10,2025,2,62,5.0,1423500.0,26867
8470270,1,3,1,10,2025,1,22,8.0,1600000.0,59327
8448081,1,3,1,10,2025,1,27,11.0,1800000.0,28446
8450167,1,2,1,10,2025,2,20,5.0,1400000.0,33074
8465901,1,1,1,10,2025,2,35,5.0,800000.0,48585
8468864,1,4,1,10,2025,2,34,3.0,1080000.0,55713
8442021,1,1,1,10,2025,1,37,3.0,1600000.0,14104
8439402,1,1,1,10,2025,2,62,8.0,1423500.0,8198
8450030,1,2,1,10,2025,1,30,9.0,1423500.0,32729
8443049,1,2,1,10,2025,1,68,12.0,2500000.0,16599
8449446,1,1,1,10,2025,2,26,5.0,1575300.0,31273
8470834,1,1,1,10,2025,2,34,5.0,1425000.0,60756
8439615,1,2,1,10,2025,1,30,5.0,800000.0,8706
8472761,1,2,1,10,2025,1,62,8.0,2000000.0,64671
8450578,1,2,1,10,2025,1,22,10.0,1700000.0,34091
8464457,1,6,1,10,2025,1,25,4.0,800000.0,45519
8473202,1,1,1,10,2025,1,36,3.0,950000.0,65429
8464356,1,1,1,10,2025,2,55,5.0,900000.0,45255
8440235,1,1,1,10,2025,2,27,8.0,350000.0,10064
8471570,1,4,1,10,2025,1,28,10.0,1600000.0,62248
8471527,1,2,1,10,2025,2,55,4.0,100000.0,62116
8451745,1,1,1,10,2025,2,58,5.0,1423500.0,37036
8447033,1,1,1,10,2025,1,36,3.0,1000000.0,26060
8452229,1,1,1,10,2025,1,40,5.0,1423000.0,38277
8443829,1,2,1,10,2025,2,32,10.0,1423500.0,18623
8441442,1,2,1,10,2025,2,20,10.0,150000.0,12770
8449926,1,2,1,10,2025,2,50,5.0,1536000.0,32438
8448212,1,1,1,10,2025,1,59,4.0,600000.0,28721
8452132,1,2,1,10,2025,1,26,9.0,2800000.0,38032
8465080,1,2,1,10,2025,2,41,9.0,1423500.0,46952
8466902,1,3,1,10,2025,1,19,8.0,400000.0,50856
8451735,1,2,1,10,2025,2,44,3.0,200000.0,37003
8469334,1,1,1,10,2025,2,38,5.0,350000.0,56959
8446488,1,1,1,10,2025,2,55,5.0,1828000.0,24820
8465806,1,3,1,10,2025,1,25,10.0,4000000.0,48352
8440186,1,3,1,10,2025,1,26,5.0,1425000.0,9959
8470445,1,1,1,10,2025,2,38,8.0,1400000.0,59766
8450123,1,1,1,10,2025,2,39,5.0,700000.0,32954
8441852,1,6,1,10,2025,2,30,5.0,360000.0,13618
8465242,1,1,1,10,2025,2,56,3.0,1663500.0,47301
8466193,1,2,1,10,2025,2,45,10.0,1200000.0,49177
8462794,1,1,1,10,2025,1,38,9.0,1000000.0,41779
8462815,1,1,1,10,2025,1,74,1.0,1200000.0,41821
8462744,1,1,1,10,2025,2,68,3.0,450000.0,41672
8470503,1,2,1,10,2025,2,26,5.0,1800000.0,59887
8469634,1,1,1,10,2025,1,33,9.0,1423500.0,57739
8449636,1,1,1,10,2025,2,32,5.0,400000.0,31707
8441215,1,1,1,10,2025,1,39,9.0,2150000.0,12325
8444400,1,2,1,10,2025,1,31,5.0,1300000.0,20042
8465611,1,2,1,10,2025,1,47,8.0,1800000.0,47951
8438022,1,1,1,10,2025,2,32,9.0,2000000.0,5027
8470661,1,4,1,10,2025,1,64,3.0,120000.0,60267
8471085,1,2,1,10,2025,2,27,10.0,1423500.0,61334
8467863,1,1,1,10,2025,1,47,10.0,6000000.0,53254
8438612,1,1,1,10,2025,1,62,3.0,1500000.0,6428
8466863,1,1,1,10,2025,1,31,5.0,5000000.0,50770
8451847,1,2,1,10,2025,2,19,3.0,600000.0,37297
8470045,1,2,1,10,2025,1,73,5.0,0.0,58779
8463559,1,1,1,10,2025,1,35,11.0,4208000.0,43580
8472359,1,1,1,10,2025,2,41,5.0,950000.0,63865
8446265,1,3,1,10,2025,2,25,5.0,1300000.0,24261
8469642,1,2,1,10,2025,2,50,5.0,600000.0,57765
8466980,1,1,1,10,2025,1,41,5.0,600000.0,51025
8441147,1,1,1,10,2025,2,59,10.0,4000000.0,12183
8439807,1,1,1,10,2025,1,64,5.0,1500000.0,9181
8473312,1,1,1,10,2025,1,69,3.0,3000000.0,65674
8464963,1,1,1,10,2025,1,38,10.0,4800000.0,46658
8446369,1,4,1,10,2025,1,34,5.0,1423500.0,24539
8443588,1,3,1,10,2025,1,42,3.0,950000.0,17979
8438068,1,1,1,10,2025,1,49,5.0,1400000.0,5137
8438913,1,3,1,10,2025,2,26,10.0,1800000.0,7086
8467382,1,1,1,10,2025,2,34,5.0,500000.0,52071
8446006,2,1,2,10,2025,2,37,5.0,542000.0,23554
8451707,1,1,1,10,2025,1,67,10.0,3000000.0,36925
8450512,1,1,1,10,2025,2,35,10.0,800000.0,33896
8442473,1,2,1,10,2025,1,42,5.0,250000.0,15215
8444498,1,1,1,10,2025,2,39,5.0,350000.0,20303
8444466,1,1,1,10,2025,2,47,3.0,800000.0,20212
8468436,1,1,1,10,2025,1,44,10.0,3500000.0,54635
8451461,1,1,1,10,2025,2,56,3.0,250000.0,36316
8445748,1,1,1,10,2025,1,60,5.0,2500000.0,22964
8443631,1,1,1,10,2025,2,27,8.0,1423000.0,18106
8468078,1,1,1,10,2025,2,60,11.0,3000000.0,53796
8439310,1,1,1,10,2025,1,72,3.0,2000000.0,7989
8468690,1,1,1,10,2025,2,36,5.0,1300000.0,55237
8466714,1,1,1,10,2025,2,48,5.0,2500000.0,50422
8467585,1,2,1,10,2025,2,58,5.0,900000.0,52549
8470317,1,1,1,10,2025,2,22,5.0,1423500.0,59446
8438513,1,2,1,10,2025,2,25,10.0,2700000.0,6203
8469269,1,2,1,10,2025,1,35,10.0,5000000.0,56732
8441925,1,4,1,10,2025,1,16,3.0,600000.0,13859
8463246,1,2,1,10,2025,2,57,5.0,1823000.0,42732
8473834,1,1,1,10,2025,1,36,3.0,960000.0,66356
8441367,1,1,1,10,2025,2,46,10.0,3500000.0,12623
8445761,1,1,1,10,2025,2,48,3.0,800000.0,22986
8444105,1,2,1,10,2025,2,48,10.0,1423500.0,19337
8472447,1,2,1,10,2025,2,44,5.0,2500000.0,64029
8443353,1,1,1,10,2025,1,68,3.0,600000.0,17362
8446103,1,4,1,10,2025,2,22,9.0,1600000.0,23785
8467593,1,1,1,10,2025,1,47,4.0,1900000.0,52570
8468382,1,2,1,10,2025,1,46,5.0,1350000.0,54487
8472174,1,2,1,10,2025,1,24,8.0,900000.0,63471
8463763,1,1,1,10,2025,1,49,8.0,1420000.0,44039
8451498,1,1,1,10,2025,2,22,8.0,1423000.0,36407
8446534,1,1,1,10,2025,2,68,3.0,1350000.0,24912
8471415,1,3,1,10,2025,1,19,5.0,300000.0,61937
8439671,2,1,2,10,2025,1,20,4.0,500000.0,8854
8462959,1,2,1,10,2025,2,44,4.0,650000.0,42100
8440445,1,1,1,10,2025,2,43,6.0,500000.0,10537
8451787,1,2,1,10,2025,2,44,11.0,4269000.0,37156
8447580,1,1,1,10,2025,1,55,3.0,1000000.0,27275
8441229,1,1,1,10,2025,2,44,9.0,1423500.0,12352
8450360,1,2,1,10,2025,2,38,13.0,6500000.0,33574
8465854,1,3,1,10,2025,1,27,3.0,800000.0,48476
8469325,1,1,1,10,2025,2,55,4.0,1423500.0,56917
8467435,1,2,1,10,2025,1,28,10.0,2600000.0,52182
8451534,1,2,1,10,2025,1,45,4.0,400000.0,36511
8444424,1,1,1,10,2025,1,76,1.0,320000.0,20098
8471203,1,1,1,10,2025,2,22,10.0,1800000.0,61519
8450247,1,2,1,10,2025,1,65,3.0,360000.0,33279
8470369,1,2,1,10,2025,2,60,5.0,800000.0,59549
8463478,1,3,1,10,2025,2,41,6.0,3100000.0,43399
8448182,1,3,1,10,2025,1,23,10.0,3000000.0,28645
8466325,1,2,1,10,2025,1,19,3.0,960000.0,49384
8448647,1,1,1,10,2025,2,49,5.0,310000.0,29527
8440073,1,1,1,10,2025,2,30,6.0,800000.0,9708
8438761,1,1,1,10,2025,2,50,5.0,800000.0,6756
8464582,1,1,1,10,2025,2,43,3.0,300000.0,45806
8463403,1,1,1,10,2025,2,54,10.0,1000000.0,43188
8447510,1,2,1,10,2025,1,30,4.0,1400000.0,27152
8450102,1,1,1,10,2025,1,46,5.0,1400000.0,32918
8470769,1,2,1,10,2025,1,25,10.0,1423500.0,60574
8467076,1,1,1,10,2025,1,41,5.0,1423500.0,51268
8441707,1,3,1,10,2025,1,44,5.0,2000000.0,13346
8446328,1,2,1,10,2025,2,48,3.0,500000.0,24433
8437034,1,1,1,10,2025,2,28,10.0,4500000.0,2787
8438289,1,3,1,10,2025,2,29,9.0,1423500.0,5620
8443421,1,1,1,10,2025,1,64,3.0,3000000.0,17540
8441667,1,1,1,10,2025,2,46,10.0,240000.0,13237
8470565,1,1,1,10,2025,1,36,8.0,1700000.0,60030
8449724,1,1,1,10,2025,2,45,5.0,950000.0,31967
8436843,1,2,1,10,2025,1,29,5.0,1350000.0,2191
8437484,1,1,1,10,2025,1,52,3.0,800000.0,3955
8464649,1,1,1,10,2025,2,46,5.0,1423500.0,45975
8437261,1,6,1,10,2025,2,25,8.0,1423500.0,3347
8463846,1,1,1,10,2025,1,24,10.0,1423500.0,44254
8452466,1,1,1,10,2025,1,46,8.0,2200000.0,38905
8464167,1,2,1,10,2025,2,28,10.0,2000000.0,44889
8439522,1,2,1,10,2025,2,42,5.0,900000.0,8451
8452193,1,5,1,10,2025,2,27,5.0,800000.0,38173
8464565,1,1,1,10,2025,2,58,8.0,1700000.0,45771
8466036,1,6,1,10,2025,2,32,5.0,1423500.0,48857
8471372,1,1,1,10,2025,1,37,3.0,1623000.0,61845
8470651,1,1,1,10,2025,2,40,4.0,1200000.0,60241
8438107,1,1,1,10,2025,2,47,11.0,7200000.0,5219
8448187,1,1,1,10,2025,1,30,3.0,1500000.0,28658
8450644,1,2,1,10,2025,1,21,4.0,600000.0,34262
8462706,1,5,1,10,2025,1,28,4.0,200000.0,41585
8471570,1,1,1,10,2025,1,52,8.0,1800000.0,62245
8442426,1,1,1,10,2025,1,59,3.0,3000000.0,15095
8452479,1,2,1,10,2025,1,37,5.0,1600000.0,38933
8446292,1,8,1,10,2025,1,60,3.0,500000.0,24331
8442929,1,1,1,10,2025,2,45,3.0,500000.0,16269
8438850,1,3,1,10,2025,2,33,8.0,900000.0,6960
8468657,1,1,1,10,2025,2,49,9.0,800000.0,55137
8437367,1,1,1,10,2025,1,64,5.0,1420000.0,3660
8436533,1,1,1,10,2025,2,43,10.0,2700000.0,1413
8472492,1,2,1,10,2025,1,19,4.0,1700000.0,64169
8469966,1,2,1,10,2025,1,42,10.0,10611000.0,58589
8446768,1,1,1,10,2025,1,46,9.0,2500000.0,25456
8446232,1,2,1,10,2025,1,33,5.0,1500000.0,24123
8468293,1,1,1,10,2025,1,29,10.0,2000000.0,54244
8467263,1,2,1,10,2025,1,27,5.0,1623500.0,51769
8439617,1,1,1,10,2025,2,64,5.0,1020000.0,8711
8444610,1,3,1,10,2025,1,33,4.0,800000.0,20594
8436420,1,2,1,10,2025,1,19,5.0,120000.0,1105
8449534,1,2,1,10,2025,2,21,5.0,1423500.0,31483
8444646,1,1,1,10,2025,1,52,4.0,1500000.0,20686
8451540,1,2,1,10,2025,2,35,10.0,2500000.0,36518
8437814,1,1,1,10,2025,1,53,5.0,1423500.0,4609
8447407,1,1,1,10,2025,2,43,12.0,5694000.0,26923
8439097,1,4,1,10,2025,2,49,8.0,300000.0,7508
8445262,1,1,1,10,2025,2,35,8.0,600000.0,21799
8438672,1,1,1,10,2025,1,69,5.0,200000.0,6562
8445650,1,2,1,10,2025,2,53,5.0,350000.0,22759
8469244,1,1,1,10,2025,2,43,10.0,3300000.0,56676
8466164,1,1,1,10,2025,2,46,4.0,950000.0,49107
8472763,1,1,1,10,2025,2,33,4.0,1200000.0,64675
8440646,1,3,1,10,2025,2,24,5.0,1879500.0,11089
8446296,1,2,1,10,2025,2,35,8.0,1423500.0,24342
8470056,1,4,1,10,2025,1,31,5.0,1500000.0,58814
8466219,1,1,1,10,2025,2,25,8.0,2530000.0,49227
8437378,1,1,1,10,2025,2,35,9.0,1700000.0,3683
8444724,1,1,1,10,2025,2,44,5.0,1600000.0,20897
8446227,1,1,1,10,2025,2,40,10.0,3100000.0,24101
8464834,1,1,1,10,2025,2,46,10.0,6000000.0,46354
8467096,1,1,1,10,2025,1,66,4.0,1425000.0,51347
8450488,1,1,1,10,2025,1,65,3.0,100000.0,33849
8439674,1,3,1,10,2025,2,34,5.0,1423500.0,8866
8435977,1,1,1,10,2025,2,41,5.0,300000.0,23
8463775,1,2,1,10,2025,2,45,5.0,800000.0,44065
8440830,1,3,1,10,2025,1,56,10.0,800000.0,11539
8463062,1,1,1,10,2025,1,52,3.0,1600000.0,42333
8466040,1,2,1,10,2025,2,49,3.0,500000.0,48865
8450141,1,1,1,10,2025,2,34,5.0,1700000.0,32997
8438558,1,1,1,10,2025,1,59,3.0,360000.0,6290
8470776,1,3,1,10,2025,1,27,5.0,1600000.0,60598
8462066,1,1,1,10,2025,2,62,10.0,6600000.0,40164
8445904,1,4,1,10,2025,2,27,8.0,980000.0,23299
8463193,1,1,1,10,2025,2,60,5.0,1426000.0,42597
8436648,1,3,1,10,2025,2,35,8.0,1700000.0,1710
8465070,1,1,1,10,2025,1,39,9.0,2800000.0,46918
8463090,1,4,1,10,2025,1,22,8.0,1200000.0,42396
8442848,1,1,1,10,2025,2,70,5.0,1200000.0,16082
8473860,1,1,1,10,2025,2,40,12.0,6500000.0,66422
8448971,1,2,1,10,2025,1,30,9.0,1300000.0,30160
8472887,1,1,1,10,2025,1,34,5.0,2500000.0,64931
8438076,1,2,1,10,2025,2,38,10.0,1423000.0,5152
8471586,1,1,1,10,2025,2,54,6.0,1900000.0,62289
8439186,1,1,1,10,2025,2,74,1.0,500000.0,7690
8451525,1,1,1,10,2025,1,43,5.0,2050000.0,36483
8464784,1,1,1,10,2025,1,27,10.0,1423500.0,46268
8472214,1,1,1,10,2025,2,45,5.0,1200000.0,63558
8447885,1,3,1,10,2025,1,21,4.0,1000000.0,27943
8444207,1,1,1,10,2025,1,56,8.0,1600000.0,19529
8448070,1,1,1,10,2025,1,25,5.0,1423500.0,28425
8436633,1,2,1,10,2025,2,37,8.0,2000000.0,1662
8444533,1,3,1,10,2025,2,23,10.0,1600000.0,20396
8449425,1,3,1,10,2025,1,52,1.0,800000.0,31220
8445267,1,3,1,10,2025,2,38,5.0,1000000.0,21814
8443757,1,2,1,10,2025,1,21,10.0,1423500.0,18420
8441485,1,1,1,10,2025,1,28,5.0,2300000.0,12853
8440061,1,1,1,10,2025,2,57,4.0,1600000.0,9680
8463925,1,1,1,10,2025,2,53,5.0,2000000.0,44393
8469194,1,1,1,10,2025,1,45,5.0,1500000.0,56556
8468559,1,1,1,10,2025,1,30,8.0,1500000.0,54942
8470324,1,3,1,10,2025,1,23,4.0,200000.0,59462
8437840,1,1,1,10,2025,2,63,3.0,960000.0,4678
8438090,1,1,1,10,2025,2,52,6.0,300000.0,5175
8444213,1,1,1,10,2025,1,56,5.0,1800000.0,19544
8447530,1,4,1,10,2025,2,25,5.0,1423500.0,27180
8443809,1,2,1,10,2025,1,36,3.0,800000.0,18555
8471658,1,1,1,10,2025,1,36,8.0,2600000.0,62411
8444835,1,2,1,10,2025,2,42,5.0,1525000.0,21210
8436930,1,1,1,10,2025,1,50,5.0,1500000.0,2522
8436551,1,1,1,10,2025,2,33,5.0,400000.0,1453
8468978,1,1,1,10,2025,1,47,5.0,1423500.0,55956
8473891,1,1,1,10,2025,2,48,12.0,9000000.0,66515
8447288,1,1,1,10,2025,2,35,8.0,1623500.0,26603
8468360,1,2,1,10,2025,1,32,8.0,2000000.0,54409
8462610,1,1,1,10,2025,2,31,4.0,1843500.0,41387
8462155,1,1,1,10,2025,2,68,4.0,600000.0,40394
8468532,1,1,1,10,2025,1,61,10.0,4700000.0,54873
8438211,1,1,1,10,2025,2,33,10.0,4300000.0,5410
8446191,1,3,1,10,2025,1,25,10.0,1423500.0,24006
8473600,1,2,1,10,2025,1,42,3.0,1000000.0,65919
8447088,1,3,1,10,2025,1,23,5.0,1260000.0,26191
8468788,1,2,1,10,2025,1,36,4.0,3000000.0,55487
8443383,1,1,1,10,2025,1,41,3.0,1500000.0,17451
8468142,1,1,1,10,2025,1,52,10.0,1700000.0,53925
8441098,1,1,1,10,2025,1,60,12.0,6800000.0,12071
8447585,1,3,1,10,2025,2,46,5.0,1800000.0,27281
8464731,1,1,1,10,2025,2,38,10.0,1623500.0,46170
8445453,1,1,1,10,2025,1,64,3.0,1000000.0,22292
8438366,1,2,1,10,2025,2,53,10.0,3400000.0,5825
8436700,1,2,1,10,2025,2,32,4.0,1500000.0,1844
8452199,1,1,1,10,2025,2,69,5.0,400000.0,38191
8448145,1,3,1,10,2025,2,26,10.0,1623500.0,28529
8448597,1,5,1,10,2025,2,53,3.0,2400000.0,29492
8471178,1,1,1,10,2025,2,38,10.0,2800000.0,61467
8451148,1,2,1,10,2025,2,32,5.0,400000.0,35497
8451749,1,1,1,10,2025,1,53,4.0,1423500.0,37045
8470345,1,2,1,10,2025,1,32,4.0,900000.0,59511
8462540,1,2,1,10,2025,2,36,5.0,300000.0,41232
8461989,1,3,1,10,2025,2,37,8.0,2000000.0,39967
8464724,1,2,1,10,2025,2,37,10.0,2500000.0,46157
8470560,1,1,1,10,2025,2,38,5.0,2465000.0,60016
8467362,1,1,1,10,2025,2,49,5.0,1000000.0,52016
8467720,1,1,1,10,2025,1,53,5.0,1000000.0,52878
8446127,1,1,1,10,2025,2,67,4.0,600000.0,23846
8445794,1,1,1,10,2025,1,65,3.0,1300000.0,23066
8444627,1,1,1,10,2025,2,34,9.0,1423500.0,20633
8473306,1,3,1,10,2025,1,23,5.0,1400000.0,65662
8436879,1,2,1,10,2025,2,49,5.0,1400000.0,2334
8449012,1,3,1,10,2025,2,17,5.0,700000.0,30249
8467774,1,1,1,10,2025,2,55,4.0,960000.0,53015
8448796,1,2,1,10,2025,2,30,10.0,2500000.0,29905
8452494,1,1,1,10,2025,2,58,4.0,320000.0,38965
8447981,1,2,1,10,2025,2,42,4.0,1300000.0,28186
8449937,1,2,1,10,2025,1,66,5.0,1425000.0,32475
8465210,1,1,1,10,2025,2,40,5.0,500000.0,47223
8469854,1,1,1,10,2025,1,33,5.0,1700000.0,58303
8444712,1,2,1,10,2025,1,33,3.0,1423500.0,20865
8445309,1,1,1,10,2025,1,29,5.0,280000.0,21954
8448093,1,1,1,10,2025,2,57,6.0,1600000.0,28469
8447542,1,1,1,10,2025,2,45,5.0,1423500.0,27200
8466281,1,1,1,10,2025,2,66,8.0,400000.0,49308
8450797,1,1,1,10,2025,1,65,4.0,1800000.0,34617
8436643,1,1,1,10,2025,2,50,5.0,1600000.0,1694
8450452,1,1,1,10,2025,1,68,12.0,3500000.0,33780
8462358,1,2,1,10,2025,1,57,3.0,1500000.0,40808
8443856,1,2,1,10,2025,2,37,10.0,1800000.0,18684
8444386,1,1,1,10,2025,1,45,13.0,4200000.0,19999
8448952,1,1,1,10,2025,2,21,8.0,1423500.0,30141
8446094,1,2,1,10,2025,2,26,10.0,0.0,23755
8446934,3,1,3,10,2025,2,27,5.0,1423500.0,25866
8443184,1,1,1,10,2025,1,54,3.0,1000000.0,16908
8472209,1,2,1,10,2025,2,23,5.0,1423500.0,63555
8444014,1,2,1,10,2025,2,42,5.0,500000.0,19077
8463456,1,1,1,10,2025,1,50,10.0,4000000.0,43334
8444859,1,1,1,10,2025,1,40,5.0,1200000.0,21259
8447541,1,2,1,10,2025,2,33,5.0,1000000.0,27199
8462591,1,1,1,10,2025,1,27,6.0,1423500.0,41365
8464735,1,1,1,10,2025,1,43,5.0,1800000.0,46177
8452205,1,2,1,10,2025,2,21,10.0,1760000.0,38210
8438336,1,1,1,10,2025,2,35,4.0,900000.0,5754
8439492,1,2,1,10,2025,2,36,8.0,800000.0,8396
8447256,1,1,1,10,2025,1,35,5.0,2500000.0,26500
8465705,1,2,1,10,2025,2,48,4.0,300000.0,48104
8464127,1,1,1,10,2025,2,73,5.0,100000.0,44801
8463428,1,2,1,10,2025,1,28,5.0,1423500.0,43271
8469186,1,2,1,10,2025,1,22,6.0,1250000.0,56538
8443030,1,1,1,10,2025,2,51,4.0,912000.0,16549
8466897,1,2,1,10,2025,1,22,3.0,1200000.0,50841
8469349,1,2,1,10,2025,2,28,8.0,2000000.0,57000
8452283,1,1,1,10,2025,1,31,10.0,1400000.0,38420
8462402,1,4,1,10,2025,1,26,3.0,1300000.0,40906
8463199,1,2,1,10,2025,2,66,3.0,800000.0,42616
8437007,1,3,1,10,2025,2,39,10.0,4500000.0,2722
8468092,1,1,1,10,2025,1,50,5.0,1423500.0,53834
8462587,1,1,1,10,2025,2,36,8.0,450000.0,41353
8437204,1,2,1,10,2025,2,25,5.0,1425000.0,3172
8438592,1,2,1,10,2025,2,23,5.0,130000.0,6386
8445872,1,1,1,10,2025,2,16,5.0,800000.0,23225
8469912,1,7,1,10,2025,2,28,3.0,1350000.0,58448
8437969,1,1,1,10,2025,1,50,5.0,600000.0,4926
8469568,1,1,1,10,2025,1,28,5.0,3600000.0,57545
8443548,1,4,1,10,2025,1,28,4.0,1423500.0,17871
8463929,1,1,1,10,2025,2,40,11.0,2800000.0,44404
8438830,1,2,1,10,2025,2,48,3.0,2500000.0,6908
8466460,1,2,1,10,2025,2,49,5.0,1400000.0,49796
8465356,1,1,1,10,2025,1,38,5.0,1200000.0,47472
8470764,1,2,1,10,2025,2,18,8.0,1000000.0,60555
8436719,1,1,1,10,2025,2,37,5.0,1623500.0,1887
8448710,1,1,1,10,2025,1,40,4.0,400000.0,29708
8450207,1,2,1,10,2025,1,46,10.0,500000.0,33171
8446272,1,1,1,10,2025,2,22,5.0,750000.0,24275
8447876,1,2,1,10,2025,2,29,9.0,2000000.0,27924
8464962,1,1,1,10,2025,2,35,10.0,1600000.0,46657
8449129,1,1,1,10,2025,1,31,11.0,5400000.0,30490
8437409,1,1,1,10,2025,1,63,5.0,3000000.0,3743
8463483,1,2,1,10,2025,1,47,5.0,1940000.0,43417
8462887,1,2,1,10,2025,2,53,3.0,1700000.0,41963
8446674,1,2,1,10,2025,1,47,5.0,2500000.0,25303
8464657,1,1,1,10,2025,2,43,5.0,600000.0,45999
8467000,1,1,1,10,2025,1,27,5.0,640000.0,51087
8462761,1,1,1,10,2025,1,33,9.0,400000.0,41703
8448122,1,1,1,10,2025,1,62,4.0,0.0,28515
8464627,1,2,1,10,2025,2,39,10.0,1000000.0,45922
8438420,1,1,1,10,2025,2,52,5.0,150000.0,5950
8437300,1,1,1,10,2025,2,48,10.0,4300000.0,3461
8467768,1,1,1,10,2025,2,64,3.0,1200000.0,53000
8472704,1,2,1,10,2025,2,40,5.0,900000.0,64558
8437447,1,2,1,10,2025,2,41,10.0,1000000.0,3843
8450769,1,1,1,10,2025,1,33,9.0,2800000.0,34554
8449264,1,2,1,10,2025,2,27,5.0,130000.0,30766
8446867,1,1,1,10,2025,2,33,10.0,1200000.0,25691
8437410,1,5,1,10,2025,2,24,5.0,1200000.0,3751
8464966,1,1,1,10,2025,1,49,10.0,3500000.0,46662
8448905,1,1,1,10,2025,1,72,3.0,250000.0,30053
8472751,1,1,1,10,2025,1,27,4.0,1000000.0,64653
8447376,1,2,1,10,2025,2,43,4.0,750000.0,26826
8472702,1,1,1,10,2025,2,47,11.0,3300000.0,64551
8436148,1,1,1,10,2025,1,42,3.0,1400000.0,503
8437702,1,3,1,10,2025,1,29,10.0,2800000.0,4399
8439356,1,2,1,10,2025,2,38,10.0,800000.0,8096
8452046,1,2,1,10,2025,1,47,4.0,1423500.0,37793
8442115,2,2,2,10,2025,2,31,10.0,4200000.0,14310
8463535,1,1,1,10,2025,2,45,4.0,1300000.0,43525
8471128,1,1,1,10,2025,2,30,8.0,623000.0,61439
8439277,1,2,1,10,2025,2,43,4.0,1000000.0,7894
8438036,1,4,1,10,2025,1,37,9.0,1600000.0,5077
8472757,1,2,1,10,2025,2,50,1.0,1160000.0,64661
8447620,1,2,1,10,2025,2,41,5.0,1200000.0,27353
8448923,1,2,1,10,2025,2,24,10.0,2200000.0,30107
8442679,1,3,1,10,2025,2,35,10.0,3800000.0,15669
8445499,1,1,1,10,2025,1,67,3.0,650000.0,22394
8444977,1,1,1,10,2025,2,78,3.0,300000.0,21532
8451485,1,5,1,10,2025,2,19,5.0,1180000.0,36372
8464999,1,2,1,10,2025,2,34,10.0,2600000.0,46752
8451904,1,1,1,10,2025,2,54,5.0,1400000.0,37432
8462914,1,2,1,10,2025,1,34,10.0,2950000.0,42019
8464897,1,2,1,10,2025,1,38,5.0,900000.0,46492
8437355,1,4,1,10,2025,2,60,4.0,700000.0,3625
8462590,1,1,1,10,2025,1,29,5.0,800000.0,41363
8463198,1,1,1,10,2025,2,23,10.0,2000000.0,42613
8446341,1,2,1,10,2025,2,55,10.0,4000000.0,24476
8442554,1,1,1,10,2025,2,40,5.0,600000.0,15398
8470724,1,1,1,10,2025,1,62,4.0,1000000.0,60405
8451337,1,1,1,10,2025,1,37,3.0,800000.0,35994
8445801,1,1,1,10,2025,1,39,5.0,1500000.0,23083
8441353,1,1,1,10,2025,2,60,5.0,700000.0,12578
8464649,1,4,1,10,2025,2,20,9.0,1423500.0,45978
8441554,1,1,1,10,2025,1,68,8.0,4000000.0,13014
8464500,1,1,1,10,2025,1,38,9.0,3200000.0,45615
8446051,1,1,1,10,2025,2,29,8.0,2846000.0,23665
8450544,1,3,1,10,2025,2,22,5.0,2000000.0,33994
8451614,1,1,1,10,2025,2,42,5.0,2700000.0,36660
8464448,1,4,1,10,2025,1,31,4.0,300000.0,45492
8444637,1,1,1,10,2025,1,29,3.0,2000000.0,20663
8452606,1,2,1,10,2025,1,34,5.0,2000000.0,39269
8437163,1,1,1,10,2025,2,58,10.0,8000000.0,3072
8450889,1,1,1,10,2025,1,64,3.0,800000.0,34829
8448339,1,2,1,10,2025,1,47,10.0,1200000.0,28931
8451628,1,2,1,10,2025,1,57,3.0,3000000.0,36708
8437879,2,1,2,10,2025,2,31,8.0,544000.0,4767
8469507,1,2,1,10,2025,2,30,10.0,3000000.0,57374
8463243,1,4,1,10,2025,2,21,8.0,1300000.0,42725
8462542,1,2,1,10,2025,1,54,3.0,750000.0,41236
8443633,1,1,1,10,2025,2,35,10.0,2846000.0,18111
8446675,1,1,1,10,2025,2,37,10.0,1423500.0,25305
8441479,1,1,1,10,2025,1,28,5.0,2100000.0,12842
8467320,1,1,1,10,2025,2,43,6.0,1400000.0,51899
8451149,1,2,1,10,2025,2,32,5.0,2000000.0,35501
8436705,2,1,2,10,2025,1,45,3.0,2180000.0,1862
8469106,1,3,1,10,2025,1,30,5.0,1423500.0,56303
8444489,1,3,1,10,2025,2,34,5.0,1423500.0,20276
8437046,1,1,1,10,2025,1,44,11.0,8500000.0,2818
8443299,1,1,1,10,2025,1,36,10.0,1500000.0,17211
8448419,1,1,1,10,2025,1,60,5.0,1200000.0,29114
8437143,1,1,1,10,2025,1,33,5.0,1200000.0,3041
8461838,1,1,1,10,2025,1,47,3.0,700000.0,39550
8445418,1,2,1,10,2025,2,27,5.0,1423500.0,22208
8452247,1,1,1,10,2025,2,69,3.0,700000.0,38317
8436932,1,2,1,10,2025,2,38,10.0,1800000.0,2527
8443219,1,1,1,10,2025,2,58,4.0,400000.0,16973
8445644,1,3,1,10,2025,2,16,5.0,240000.0,22742
8441394,1,2,1,10,2025,2,24,4.0,450000.0,12685
8465442,1,2,1,10,2025,2,26,8.0,1423500.0,47630
8472734,1,1,1,10,2025,2,25,8.0,1600000.0,64609
8466430,1,1,1,10,2025,1,40,3.0,1000000.0,49720
8467738,1,2,1,10,2025,2,30,10.0,2000000.0,52924
8469101,1,2,1,10,2025,2,53,9.0,1400000.0,56291
8466991,1,2,1,10,2025,2,44,10.0,1423500.0,51062
8471608,1,4,1,10,2025,2,33,3.0,1000000.0,62348
8471638,1,1,1,10,2025,2,62,9.0,2800000.0,62369
8446747,1,2,1,10,2025,2,51,10.0,3000000.0,25405
8448400,1,2,1,10,2025,2,48,10.0,2500000.0,29063
8469173,1,1,1,10,2025,2,44,5.0,800000.0,56511
8471832,1,1,1,10,2025,2,61,3.0,1300000.0,62754
8470882,1,3,1,10,2025,2,40,5.0,100000.0,60857
8437514,1,4,1,10,2025,1,26,11.0,2500000.0,4035
8448688,1,2,1,10,2025,2,44,5.0,1423500.0,29653
8462997,1,1,1,10,2025,1,56,3.0,1200000.0,42188
8462834,1,3,1,10,2025,1,20,5.0,1600000.0,41865
8464386,1,2,1,10,2025,2,28,5.0,500000.0,45335
8437061,1,1,1,10,2025,1,61,4.0,800000.0,2846
8463474,1,3,1,10,2025,2,24,10.0,4000000.0,43385
8469534,1,1,1,10,2025,1,80,3.0,1000000.0,57450
8446750,1,2,1,10,2025,2,38,4.0,800000.0,25413
8469464,1,2,1,10,2025,1,64,4.0,800000.0,57252
8442974,1,1,1,10,2025,1,27,5.0,750000.0,16386
8437661,1,3,1,10,2025,1,51,10.0,6000000.0,4309
8469109,1,1,1,10,2025,1,40,5.0,800000.0,56311
8447669,1,2,1,10,2025,2,27,10.0,800000.0,27480
8452444,1,6,1,10,2025,1,26,4.0,1350000.0,38825
8446737,1,3,1,10,2025,2,29,5.0,1423500.0,25376
8444695,1,1,1,10,2025,2,46,10.0,4000000.0,20814
8470077,1,1,1,10,2025,1,32,4.0,900000.0,58876
8444540,1,2,1,10,2025,2,38,5.0,2500000.0,20419
8467730,1,1,1,10,2025,1,44,5.0,1500000.0,52902
8443013,1,2,1,10,2025,1,32,8.0,3200000.0,16486
8450720,1,1,1,10,2025,1,29,4.0,1630000.0,34443
8473205,1,1,1,10,2025,2,31,5.0,1423500.0,65436
8440716,1,2,1,10,2025,2,70,6.0,100000.0,11243
8437262,1,3,1,10,2025,1,41,5.0,2500000.0,3351
8461751,1,2,1,10,2025,2,43,4.0,1150000.0,39274
8470756,1,5,1,10,2025,1,28,5.0,3000000.0,60524
8447377,1,2,1,10,2025,1,38,10.0,3000000.0,26830
8463606,1,2,1,10,2025,1,24,5.0,2200000.0,43674
8437250,1,1,1,10,2025,1,50,10.0,1800000.0,3298
8448527,1,2,1,10,2025,1,50,3.0,1200000.0,29329
8436947,1,1,1,10,2025,1,36,5.0,1400000.0,2574
8467052,1,1,1,10,2025,2,56,10.0,1400000.0,51199
8436012,1,4,1,10,2025,1,23,5.0,900000.0,169
8470785,1,6,1,10,2025,1,45,8.0,2000000.0,60625
8452426,1,1,1,10,2025,2,58,5.0,2100000.0,38782
8444293,1,1,1,10,2025,2,66,8.0,250000.0,19755
8448670,1,1,1,10,2025,1,70,1.0,450000.0,29600
8441324,1,1,1,10,2025,2,50,5.0,650000.0,12517
8436251,1,1,1,10,2025,1,74,4.0,900000.0,736
8468897,1,2,1,10,2025,2,45,5.0,1200000.0,55793
8441230,1,2,1,10,2025,2,32,4.0,1550000.0,12355
8470742,1,2,1,10,2025,2,32,3.0,1140000.0,60472
8463293,1,3,1,10,2025,2,20,5.0,1800000.0,42869
8467491,1,2,1,10,2025,2,51,4.0,950000.0,52334
8472467,1,3,1,10,2025,2,61,10.0,2500000.0,64095
8436432,1,2,1,10,2025,1,49,10.0,4000000.0,1132
8439871,1,2,1,10,2025,1,31,3.0,700000.0,9370
8450791,1,4,1,10,2025,1,22,8.0,2400000.0,34609
8436602,1,1,1,10,2025,2,48,5.0,1423000.0,1581
8472756,1,1,1,10,2025,2,59,13.0,3000000.0,64658
8446436,1,2,1,10,2025,2,28,5.0,1423500.0,24678
8439129,1,1,1,10,2025,2,55,10.0,400000.0,7576
8467022,1,1,1,10,2025,1,35,3.0,1423500.0,51141
8471618,1,3,1,10,2025,1,33,5.0,1423500.0,62355
8469846,1,1,1,10,2025,2,59,5.0,150000.0,58285
8472775,1,1,1,10,2025,2,57,9.0,2000000.0,64694
8470154,1,2,1,10,2025,1,21,6.0,1500000.0,59064
8464787,1,3,1,10,2025,1,37,5.0,1200000.0,46276
8436363,1,2,1,10,2025,1,58,3.0,1000000.0,991
8450512,1,2,1,10,2025,1,37,6.0,250000.0,33897
8437992,1,4,1,10,2025,1,31,4.0,0.0,4977
8451786,1,1,1,10,2025,1,54,13.0,9200000.0,37154
8439123,1,6,1,10,2025,2,19,4.0,860000.0,7565
8451600,1,1,1,10,2025,1,39,5.0,2000000.0,36626
8440340,1,1,1,10,2025,2,46,4.0,1500000.0,10316
8451418,1,1,1,10,2025,1,49,3.0,1000000.0,36213
8467201,1,4,1,10,2025,1,79,3.0,1200000.0,51635
8450490,1,1,1,10,2025,1,25,5.0,1423500.0,33851
8449700,1,2,1,10,2025,1,26,4.0,600000.0,31895
8465507,1,2,1,10,2025,1,35,9.0,1500000.0,47756
8465796,1,1,1,10,2025,1,36,9.0,1800000.0,48330
8443427,1,1,1,10,2025,2,24,5.0,500000.0,17554
8451005,1,1,1,10,2025,2,50,4.0,1423500.0,35156
8441695,1,1,1,10,2025,1,33,4.0,400000.0,13317
8472761,1,3,1,10,2025,2,47,10.0,3800000.0,64672
8442569,1,1,1,10,2025,2,36,5.0,1152000.0,15430
8441428,1,1,1,10,2025,1,66,4.0,900000.0,12724
8470263,1,1,1,10,2025,1,52,3.0,1423500.0,59299
8437930,1,2,1,10,2025,2,41,5.0,1800000.0,4859
8436916,1,1,1,10,2025,2,25,5.0,1500000.0,2475
8452203,1,2,1,10,2025,2,42,10.0,1423500.0,38202
8468127,1,2,1,10,2025,1,35,5.0,800000.0,53891
8445365,1,1,1,10,2025,1,47,3.0,1450000.0,22088
8436413,1,3,1,10,2025,1,57,5.0,2000000.0,1092
8464689,1,1,1,10,2025,1,36,5.0,1600000.0,46066
8438316,1,1,1,10,2025,2,26,8.0,1200000.0,5692
8444845,1,1,1,10,2025,1,41,5.0,2100000.0,21227
8447564,1,2,1,10,2025,1,35,3.0,1200000.0,27247
8445202,1,1,1,10,2025,1,41,5.0,800000.0,21620
8441020,1,2,1,10,2025,2,53,10.0,2500000.0,11913
8452226,1,1,1,10,2025,1,24,10.0,1500000.0,38272
8442413,1,5,1,10,2025,1,57,4.0,1600000.0,15072
8439610,1,1,1,10,2025,1,45,5.0,1600000.0,8687
8463366,1,2,1,10,2025,2,37,5.0,1200000.0,43077
8447476,1,2,1,10,2025,1,30,8.0,1423500.0,27079
8437231,1,1,1,10,2025,2,37,4.0,210000.0,3238
8446104,1,3,1,10,2025,2,36,8.0,2000000.0,23788
8436685,1,2,1,10,2025,1,29,10.0,750000.0,1802
8462324,1,1,1,10,2025,1,42,3.0,1800000.0,40737
8448222,1,2,1,10,2025,2,28,4.0,540000.0,28756
8462439,1,1,1,10,2025,2,28,5.0,900000.0,40989
8472714,1,1,1,10,2025,2,26,9.0,1800000.0,64578
8442487,1,1,1,10,2025,2,43,5.0,100000.0,15249
8467593,1,3,1,10,2025,1,27,6.0,1423500.0,52572
8442979,1,3,1,10,2025,2,35,6.0,240000.0,16401
8448879,1,1,1,10,2025,2,52,4.0,800000.0,30000
8440597,1,2,1,10,2025,1,23,8.0,1423500.0,10947
8462394,1,3,1,10,2025,2,31,10.0,4500000.0,40888
8443091,1,1,1,10,2025,2,47,8.0,1423500.0,16697
8437278,1,1,1,10,2025,2,44,8.0,4000000.0,3394
8445429,1,2,1,10,2025,2,49,5.0,1500000.0,22242
8445397,1,3,1,10,2025,1,23,5.0,1423500.0,22162
8464364,1,2,1,10,2025,2,65,5.0,1200000.0,45278
8444032,1,1,1,10,2025,2,40,4.0,600000.0,19137
8466277,1,1,1,10,2025,1,35,5.0,1000000.0,49301
8436497,1,1,1,10,2025,1,53,5.0,1423000.0,1293
8443543,1,2,1,10,2025,2,42,9.0,1423500.0,17861
8465429,1,3,1,10,2025,2,22,9.0,800000.0,47600
8450277,1,2,1,10,2025,1,34,10.0,5800000.0,33346
8452377,1,2,1,10,2025,1,27,10.0,3500000.0,38645
8468263,1,2,1,10,2025,1,65,3.0,1423500.0,54185
8471830,1,1,1,10,2025,1,37,10.0,3500000.0,62751
8463052,1,1,1,10,2025,2,49,5.0,800000.0,42312
8442271,1,1,1,10,2025,2,47,12.0,7000000.0,14708
8471353,1,1,1,10,2025,1,67,5.0,4000000.0,61804
8466995,1,2,1,10,2025,2,29,5.0,1423500.0,51071
8471424,1,3,1,10,2025,2,20,10.0,980000.0,61956
8449910,1,1,1,10,2025,2,42,10.0,2500000.0,32406
8444369,1,1,1,10,2025,1,48,5.0,1423500.0,19949
8436250,1,1,1,10,2025,2,37,5.0,720000.0,733
8441173,1,2,1,10,2025,1,4,2.0,,12230
8441117,1,3,1,10,2025,2,26,5.0,1650000.0,12110
8437890,1,1,1,10,2025,2,52,5.0,1000000.0,4788
8444248,1,4,1,10,2025,1,19,4.0,800000.0,19643
8443647,1,1,1,10,2025,2,49,5.0,800000.0,18146
8446408,1,2,1,10,2025,1,45,10.0,2400000.0,24636
8438949,1,1,1,10,2025,1,64,4.0,2000000.0,7152
8447147,1,2,1,10,2025,1,48,12.0,5686786.0,26260
8450750,1,2,1,10,2025,2,30,6.0,900000.0,34514
8467892,1,1,1,10,2025,2,41,5.0,1423500.0,53330
8473081,1,4,1,10,2025,2,32,5.0,1400000.0,65212
8448231,1,2,1,10,2025,1,36,4.0,1200000.0,28788
8444643,1,2,1,10,2025,1,38,3.0,800000.0,20676
8472110,1,2,1,10,2025,2,27,5.0,1500000.0,63307
8445892,1,2,1,10,2025,1,40,5.0,500000.0,23268
8446175,1,2,1,10,2025,2,50,8.0,1900000.0,23964
8445396,1,1,1,10,2025,1,62,4.0,450000.0,22158
8463561,1,1,1,10,2025,1,63,5.0,2000000.0,43584
8444834,1,2,1,10,2025,2,25,5.0,1800000.0,21207
8464102,1,1,1,10,2025,1,27,5.0,2000000.0,44759
8470005,1,1,1,10,2025,1,23,5.0,1300000.0,58690
8447134,1,1,1,10,2025,1,48,5.0,1423500.0,26243
8450212,1,1,1,10,2025,2,54,3.0,600000.0,33185
8469237,1,1,1,10,2025,1,69,5.0,1500000.0,56659
8436593,1,1,1,10,2025,1,34,9.0,400000.0,1553
8451452,1,1,1,10,2025,1,67,3.0,600000.0,36288
8469811,1,1,1,10,2025,1,72,3.0,750000.0,58222
8446745,1,2,1,10,2025,1,46,9.0,8000000.0,25398
8471123,1,3,1,10,2025,2,24,12.0,4000000.0,61427
8447453,1,2,1,10,2025,2,24,8.0,1423000.0,27021
8441426,1,2,1,10,2025,2,51,3.0,600000.0,12721
8442784,1,1,1,10,2025,2,32,10.0,2000000.0,15923
8447875,1,1,1,10,2025,2,38,9.0,1423500.0,27921
8446378,1,2,1,10,2025,2,60,4.0,300000.0,24560
8469453,1,4,1,10,2025,1,37,3.0,480000.0,57224
8436819,1,1,1,10,2025,2,48,10.0,1800000.0,2099
8450554,1,4,1,10,2025,1,16,10.0,400000.0,34021
8464052,1,1,1,10,2025,1,47,5.0,4990000.0,44676
8451813,1,1,1,10,2025,2,40,3.0,500000.0,37214
8449595,1,1,1,10,2025,2,65,3.0,700000.0,31627
8473584,1,1,1,10,2025,2,34,10.0,5200000.0,65883
8452400,1,2,1,10,2025,2,31,6.0,200000.0,38710
8467038,1,1,1,10,2025,1,42,8.0,2000000.0,51170
8450864,1,1,1,10,2025,1,61,3.0,600000.0,34777
8466566,1,1,1,10,2025,2,54,3.0,300000.0,50064
8465516,1,2,1,10,2025,2,54,5.0,600000.0,47774
8448209,1,1,1,10,2025,2,42,5.0,1850000.0,28710
8445683,1,3,1,10,2025,1,22,4.0,1600000.0,22833
8472422,1,4,1,10,2025,2,39,8.0,1426000.0,63961
8470732,1,1,1,10,2025,1,46,5.0,1500000.0,60431
8436246,1,1,1,10,2025,1,36,11.0,6300000.0,725
8462619,1,2,1,10,2025,1,38,4.0,1000000.0,41400
8443760,1,1,1,10,2025,2,57,5.0,1000000.0,18424
8445970,1,1,1,10,2025,1,57,5.0,800000.0,23454
8444335,1,1,1,10,2025,1,41,3.0,1400000.0,19869
8463400,1,1,1,10,2025,1,54,5.0,4300000.0,43180
8468634,1,1,1,10,2025,2,36,3.0,900000.0,55074
8463552,1,1,1,10,2025,1,29,9.0,1600000.0,43566
8444915,1,2,1,10,2025,2,35,8.0,2100000.0,21397
8448210,1,2,1,10,2025,1,36,5.0,2000000.0,28715
8451315,1,2,1,10,2025,2,25,5.0,750000.0,35942
8449968,1,5,1,10,2025,2,20,4.0,200000.0,32573
8473667,1,2,1,10,2025,2,42,10.0,1423500.0,66070
8472879,1,2,1,10,2025,2,29,5.0,1423500.0,64903
8441547,1,2,1,10,2025,1,30,5.0,1600000.0,12996
8451979,1,2,1,10,2025,2,44,3.0,1513500.0,37643
8437969,1,2,1,10,2025,2,39,8.0,250000.0,4927
8447953,1,2,1,10,2025,2,25,5.0,900000.0,28132
8472179,1,1,1,10,2025,1,50,5.0,1000000.0,63479
8470624,1,1,1,10,2025,2,60,4.0,8289000.0,60185
8442941,1,1,1,10,2025,2,30,9.0,1423500.0,16312
8467928,1,4,1,10,2025,1,28,5.0,700000.0,53423
8442168,1,3,1,10,2025,2,33,4.0,300000.0,14439
8440082,1,1,1,10,2025,2,44,5.0,1423000.0,9723
8442251,1,1,1,10,2025,2,42,11.0,6200000.0,14660
8446789,1,2,1,10,2025,2,38,10.0,1450000.0,25511
8446002,1,2,1,10,2025,1,50,4.0,2700000.0,23541
8470213,1,2,1,10,2025,2,20,10.0,1423500.0,59183
8441184,1,1,1,10,2025,2,31,4.0,2800000.0,12252
8436171,1,2,1,10,2025,1,33,5.0,1200000.0,547
8472351,1,2,1,10,2025,2,80,3.0,1200000.0,63845
8468642,1,1,1,10,2025,2,47,5.0,900000.0,55087
8439813,1,3,1,10,2025,2,25,10.0,3000000.0,9194
8472094,1,2,1,10,2025,1,65,4.0,800000.0,63281
8444525,1,1,1,10,2025,2,61,5.0,700000.0,20373
8443405,1,4,1,10,2025,2,31,9.0,1759500.0,17498
8438129,1,2,1,10,2025,2,48,5.0,800000.0,5256
8467943,1,4,1,10,2025,2,24,10.0,380000.0,53473
8443909,1,1,1,10,2025,2,36,8.0,1423500.0,18815
8436878,1,4,1,10,2025,2,30,10.0,2847000.0,2332
8444457,1,1,1,10,2025,1,48,5.0,800000.0,20198
8438280,1,5,1,10,2025,1,44,8.0,1600000.0,5597
8446158,1,1,1,10,2025,2,32,5.0,7000000.0,23919
8449045,1,1,1,10,2025,2,47,5.0,1700000.0,30312
8450812,1,1,1,10,2025,1,26,10.0,3000000.0,34652
8463791,1,1,1,10,2025,2,32,5.0,1200000.0,44114
8451599,1,1,1,10,2025,2,45,5.0,1423500.0,36623
8440535,1,2,1,10,2025,2,19,5.0,1000000.0,10755
8463351,1,2,1,10,2025,1,42,4.0,800000.0,43030
8442386,1,2,1,10,2025,2,69,11.0,6400000.0,15014
8467074,1,1,1,10,2025,2,40,8.0,500000.0,51262
8451189,1,1,1,10,2025,1,47,3.0,1000000.0,35612
8472052,1,2,1,10,2025,1,44,5.0,1000000.0,63189
8445966,1,2,1,10,2025,2,60,3.0,440000.0,23442
8442123,1,2,1,10,2025,2,42,5.0,1400000.0,14326
8450547,1,1,1,10,2025,1,40,13.0,70000000.0,34002
8443345,1,1,1,10,2025,1,25,9.0,2600000.0,17327
8472823,1,2,1,10,2025,1,32,5.0,1100000.0,64751
8437657,1,2,1,10,2025,2,40,4.0,800000.0,4295
8451410,1,1,1,10,2025,1,56,3.0,1623500.0,36190
8462053,1,1,1,10,2025,2,54,7.0,3000000.0,40133
8441028,1,1,1,10,2025,2,18,8.0,1423500.0,11925
8445343,1,2,1,10,2025,1,58,3.0,900000.0,22029
8446531,1,2,1,10,2025,2,51,1.0,120000.0,24905
8469416,1,1,1,10,2025,2,54,3.0,1200000.0,57155
8472629,1,1,1,10,2025,2,73,3.0,500000.0,64362
8440963,1,1,1,10,2025,1,39,5.0,1423000.0,11823
8473876,1,2,1,10,2025,1,33,5.0,1800000.0,66472
8467051,1,2,1,10,2025,2,38,9.0,1423500.0,51196
8469605,1,2,1,10,2025,1,30,5.0,2200000.0,57650
8443416,1,1,1,10,2025,1,66,3.0,1850000.0,17530
8467052,1,2,1,10,2025,1,68,6.0,1400000.0,51200
8469248,1,1,1,10,2025,2,33,10.0,2000000.0,56685
8443885,1,1,1,10,2025,2,33,8.0,1423500.0,18750
8471961,1,1,1,10,2025,2,58,8.0,3000000.0,63002
8447556,1,1,1,10,2025,1,43,3.0,3500000.0,27233
8461811,1,4,1,10,2025,2,58,5.0,400000.0,39463
8446420,1,2,1,10,2025,2,33,11.0,9450000.0,24653
8467702,1,1,1,10,2025,2,51,5.0,2000000.0,52841
8470210,1,1,1,10,2025,2,39,10.0,4000000.0,59174
8469630,1,1,1,10,2025,1,55,4.0,1100000.0,57732
8448703,1,1,1,10,2025,1,27,5.0,1500000.0,29686
8465757,1,1,1,10,2025,1,55,5.0,700000.0,48235
8467527,1,2,1,10,2025,2,56,5.0,200000.0,52409
8440540,1,2,1,10,2025,1,34,3.0,800000.0,10766
8439846,1,3,1,10,2025,2,30,8.0,2200000.0,9294
8445848,1,1,1,10,2025,1,53,3.0,3000000.0,23180
8437115,1,1,1,10,2025,2,27,10.0,1423500.0,2979
8469528,1,1,1,10,2025,1,33,10.0,5600000.0,57429
8473853,1,1,1,10,2025,1,61,3.0,1000000.0,66411
8462709,1,1,1,10,2025,1,47,5.0,400000.0,41602
8464994,1,1,1,10,2025,1,31,10.0,2800000.0,46740
8470817,1,1,1,10,2025,1,25,4.0,1600000.0,60714
8451515,1,2,1,10,2025,2,16,5.0,400000.0,36454
8445611,1,2,1,10,2025,1,62,3.0,0.0,22671
8450324,1,1,1,10,2025,2,20,5.0,1100000.0,33482
8441098,1,2,1,10,2025,2,63,11.0,5800000.0,12072
8463392,1,1,1,10,2025,1,55,9.0,3200000.0,43155
8472857,1,3,1,10,2025,2,28,10.0,2900000.0,64844
8446902,1,3,1,10,2025,2,53,11.0,4500000.0,25767
8463161,1,2,1,10,2025,2,19,5.0,1426000.0,42512
8443820,1,3,1,10,2025,1,25,8.0,700000.0,18597
8448002,1,1,1,10,2025,2,62,12.0,6000000.0,28232
8447604,1,1,1,10,2025,2,38,12.0,4000000.0,27322
8446895,1,1,1,10,2025,1,45,13.0,7000000.0,25747
8463918,1,2,1,10,2025,1,37,5.0,1600000.0,44383
8466502,1,3,1,10,2025,2,16,4.0,1000000.0,49919
8450186,1,2,1,10,2025,2,28,4.0,500000.0,33122
8441175,1,2,1,10,2025,2,41,8.0,1623500.0,12232
8442871,1,4,1,10,2025,1,43,9.0,1100000.0,16134
8446614,1,2,1,10,2025,2,30,5.0,1423000.0,25159
8466564,1,1,1,10,2025,1,52,4.0,600000.0,50056
8469295,1,1,1,10,2025,1,45,4.0,1100000.0,56828
8436642,1,2,1,10,2025,2,45,10.0,2100000.0,1689
8436056,1,1,1,10,2025,1,44,3.0,1423500.0,287
8439556,1,2,1,10,2025,1,61,4.0,1600000.0,8552
8452370,1,1,1,10,2025,1,50,5.0,2500000.0,38626
8447294,1,4,1,10,2025,1,23,5.0,1600000.0,26624
8472228,1,2,1,10,2025,2,35,11.0,2200000.0,63582
8462429,1,1,1,10,2025,2,40,3.0,950000.0,40969
8440462,1,1,1,10,2025,2,21,6.0,600000.0,10579
8470327,1,2,1,10,2025,1,36,5.0,1923500.0,59469
8440107,1,2,1,10,2025,1,17,5.0,1410000.0,9781
8471100,1,2,1,10,2025,2,24,10.0,1423500.0,61371
8446432,1,1,1,10,2025,1,47,8.0,1300000.0,24672
8443158,1,2,1,10,2025,1,38,5.0,1000000.0,16848
8466005,1,1,1,10,2025,1,27,4.0,1920000.0,48801
8436260,1,2,1,10,2025,1,39,3.0,800000.0,760
8439659,1,1,1,10,2025,2,38,5.0,1000000.0,8820
8469595,1,1,1,10,2025,1,29,10.0,1423500.0,57614
8439966,1,1,1,10,2025,1,43,4.0,2000000.0,9490
8464406,1,2,1,10,2025,2,60,5.0,1600000.0,45380
8450073,1,1,1,10,2025,2,52,8.0,1800000.0,32835
8438024,1,5,1,10,2025,2,27,4.0,600000.0,5036
8465191,1,1,1,10,2025,2,50,5.0,1500000.0,47164
8472074,1,3,1,10,2025,2,36,12.0,5200000.0,63237
8445809,1,1,1,10,2025,2,46,3.0,400000.0,23104
8445896,1,3,1,10,2025,2,52,3.0,200000.0,23278
8436331,1,1,1,10,2025,1,32,5.0,1600000.0,934
8441787,1,1,1,10,2025,1,31,10.0,4000000.0,13489
8451178,1,2,1,10,2025,1,22,5.0,0.0,35575
8464434,1,1,1,10,2025,2,43,3.0,1623500.0,45433
8440007,1,2,1,10,2025,2,32,8.0,1723500.0,9581
8448336,1,2,1,10,2025,1,44,9.0,1600000.0,28923
8444305,1,2,1,10,2025,1,41,9.0,1420000.0,19783
8441373,1,1,1,10,2025,2,31,5.0,600000.0,12636
8440331,1,4,1,10,2025,2,45,8.0,1450000.0,10298
8473295,1,1,1,10,2025,2,31,4.0,900000.0,65624
8472236,1,2,1,10,2025,2,39,5.0,2300000.0,63607
8446272,1,2,1,10,2025,2,23,5.0,1000000.0,24276
8446456,1,1,1,10,2025,2,41,3.0,1100000.0,24732
8436677,1,3,1,10,2025,1,28,5.0,200000.0,1780
8464423,1,1,1,10,2025,1,53,10.0,8000000.0,45409
8437275,1,1,1,10,2025,2,23,9.0,2000000.0,3390
8441709,1,1,1,10,2025,2,23,4.0,2400000.0,13351
8437544,1,1,1,10,2025,1,53,11.0,4500000.0,4097
8438844,1,1,1,10,2025,2,33,5.0,1423500.0,6937
8447874,1,1,1,10,2025,1,49,9.0,3200000.0,27917
8449462,1,1,1,10,2025,1,50,3.0,1000000.0,31300
8465918,1,1,1,10,2025,1,41,5.0,1400000.0,48624
8467152,1,2,1,10,2025,1,37,10.0,1423500.0,51529
8440390,1,1,1,10,2025,1,48,8.0,2900000.0,10442
8442315,1,2,1,10,2025,1,57,4.0,200000.0,14827
8452311,1,1,1,10,2025,2,27,5.0,1000000.0,38484
8471129,1,3,1,10,2025,1,30,10.0,2400000.0,61443
8462320,1,1,1,10,2025,2,39,3.0,1380000.0,40726
8442084,1,1,1,10,2025,1,76,1.0,400000.0,14240
8441776,1,1,1,10,2025,2,44,11.0,4300000.0,13471
8452223,1,1,1,10,2025,1,52,9.0,2600000.0,38264
8442951,1,1,1,10,2025,2,45,8.0,1423500.0,16334
8469058,1,1,1,10,2025,2,23,6.0,1200000.0,56170
8440787,1,2,1,10,2025,1,30,5.0,2000000.0,11424
8464046,1,1,1,10,2025,1,68,10.0,7000000.0,44656
8471830,1,2,1,10,2025,2,33,11.0,4200000.0,62752
8463151,1,1,1,10,2025,1,29,9.0,1000000.0,42502
8463949,1,2,1,10,2025,1,40,5.0,800000.0,44458
8464395,1,1,1,10,2025,1,26,5.0,1800000.0,45356
8464974,1,1,1,10,2025,2,32,10.0,1423500.0,46675
8443502,1,1,1,10,2025,2,55,3.0,1960000.0,17757
8473634,1,1,1,10,2025,1,46,3.0,1500000.0,66021
8468102,1,1,1,10,2025,1,48,8.0,3500000.0,53846
8462410,1,1,1,10,2025,2,48,3.0,1300000.0,40921
8449743,1,3,1,10,2025,1,27,4.0,550000.0,32011
8462493,1,1,1,10,2025,2,36,10.0,700000.0,41098
8471926,1,3,1,10,2025,1,22,10.0,600000.0,62954
8447300,1,2,1,10,2025,1,72,3.0,430000.0,26646
8445522,1,2,1,10,2025,1,42,5.0,1423500.0,22457
8443377,1,1,1,10,2025,1,53,3.0,1300000.0,17435
8452489,1,1,1,10,2025,2,24,5.0,800000.0,38955
8462825,1,2,1,10,2025,1,55,1.0,1423500.0,41843
8466280,1,1,1,10,2025,2,28,8.0,2500000.0,49305
8446155,1,2,1,10,2025,2,18,5.0,420000.0,23908
8452200,1,1,1,10,2025,1,57,12.0,8000000.0,38193
8463127,1,1,1,10,2025,2,49,8.0,1423000.0,42461
8464738,1,1,1,10,2025,1,65,3.0,400000.0,46190
8463068,1,2,1,10,2025,1,46,3.0,900000.0,42345
8442041,1,2,1,10,2025,2,49,5.0,1423000.0,14136
8472774,1,2,1,10,2025,1,42,11.0,2500000.0,64692
8470757,1,2,1,10,2025,2,37,5.0,2500000.0,60527
8436465,1,1,1,10,2025,1,65,3.0,840000.0,1216
8447618,1,1,1,10,2025,2,65,3.0,200000.0,27345
8469931,1,1,1,10,2025,1,50,10.0,6000000.0,58487
8442892,1,1,1,10,2025,1,48,4.0,320000.0,16181
8436673,1,1,1,10,2025,1,51,4.0,3000000.0,1771
8448037,1,1,1,10,2025,1,30,10.0,2400000.0,28321
8441907,1,1,1,10,2025,1,26,10.0,900000.0,13819
8450663,1,2,1,10,2025,1,48,4.0,550000.0,34319
8446165,1,2,1,10,2025,2,28,13.0,1423500.0,23943
8438345,1,2,1,10,2025,1,29,5.0,600000.0,5786
8443650,1,1,1,10,2025,2,35,10.0,4200000.0,18156
8448160,1,2,1,10,2025,1,51,9.0,1500000.0,28578
8440982,1,1,1,10,2025,2,45,9.0,1423500.0,11858
8442220,1,1,1,10,2025,1,53,3.0,1423500.0,14593
8442813,1,2,1,10,2025,2,30,8.0,1350000.0,15989
8463865,1,1,1,10,2025,2,31,10.0,1900000.0,44266
8449857,1,2,1,10,2025,2,64,3.0,600000.0,32290
8436197,1,1,1,10,2025,1,58,4.0,1600000.0,611
8469440,1,1,1,10,2025,1,66,3.0,1623500.0,57190
8463044,1,1,1,10,2025,2,21,8.0,1400000.0,42292
8462278,1,1,1,10,2025,1,73,3.0,2500000.0,40635
8467549,1,2,1,10,2025,2,30,5.0,1423500.0,52450
8446631,1,1,1,10,2025,2,50,9.0,1423500.0,25194
8439389,1,4,1,10,2025,2,58,10.0,4200000.0,8182
8441659,1,1,1,10,2025,2,41,4.0,1400000.0,13224
8465632,1,3,1,10,2025,2,19,10.0,1000000.0,47989
8463071,1,1,1,10,2025,1,42,3.0,0.0,42355
8469285,1,3,1,10,2025,1,27,10.0,1423500.0,56793
8444444,1,1,1,10,2025,1,44,10.0,4650000.0,20155
8465482,1,2,1,10,2025,2,32,5.0,1700000.0,47709
8449899,1,1,1,10,2025,2,41,5.0,1000000.0,32384
8466719,1,1,1,10,2025,2,32,10.0,4000000.0,50436
8471578,1,2,1,10,2025,1,36,5.0,1800000.0,62268
8448828,1,4,1,10,2025,1,23,5.0,1500000.0,29953
8446388,1,1,1,10,2025,2,43,4.0,1423500.0,24581
8473011,1,2,1,10,2025,1,73,3.0,1400000.0,65094
8450874,1,1,1,10,2025,2,19,5.0,1800000.0,34807
8466633,1,1,1,10,2025,2,45,5.0,960000.0,50230
8440845,1,2,1,10,2025,2,44,1.0,250000.0,11581
8437186,1,1,1,10,2025,2,34,9.0,1800000.0,3135
8468833,1,2,1,10,2025,2,45,10.0,1600000.0,55620
8442110,1,2,1,10,2025,2,63,3.0,800000.0,14294
8446030,1,2,1,10,2025,2,23,5.0,400000.0,23613
8439240,1,1,1,10,2025,2,32,8.0,1800000.0,7808
8441598,1,1,1,10,2025,2,27,8.0,2500000.0,13112
8449798,1,2,1,10,2025,1,27,4.0,1600000.0,32132
8472704,1,1,1,10,2025,1,42,5.0,1423500.0,64557
8471256,1,1,1,10,2025,2,42,9.0,1915000.0,61641
8449583,1,2,1,10,2025,1,66,11.0,4000000.0,31591
8452588,1,2,1,10,2025,1,47,9.0,3000000.0,39229
8471818,1,3,1,10,2025,1,32,5.0,1600000.0,62725
8446650,1,2,1,10,2025,2,59,11.0,4000000.0,25249
8443753,1,1,1,10,2025,1,51,10.0,3000000.0,18408
8442442,1,3,1,10,2025,1,66,3.0,600000.0,15130
8443616,1,3,1,10,2025,1,60,4.0,2500000.0,18058
8466419,1,3,1,10,2025,1,17,3.0,300000.0,49680
8451340,1,1,1,10,2025,1,51,5.0,350000.0,36005
8465599,1,2,1,10,2025,1,29,5.0,1800000.0,47940
8440700,1,1,1,10,2025,1,58,4.0,200000.0,11182
8472734,1,2,1,10,2025,1,34,5.0,1600000.0,64610
8468344,1,1,1,10,2025,2,36,8.0,400000.0,54360
8463323,1,1,1,10,2025,2,28,5.0,1140000.0,42939
8438570,1,1,1,10,2025,1,39,10.0,1423500.0,6325
8449291,1,1,1,10,2025,1,46,5.0,1423500.0,30845
8467228,1,1,1,10,2025,2,48,8.0,2100000.0,51692
8466436,1,1,1,10,2025,2,50,3.0,920000.0,49727
8438681,1,1,1,10,2025,1,46,10.0,1423500.0,6587
8447760,1,3,1,10,2025,1,19,5.0,1400000.0,27637
8466315,1,2,1,10,2025,2,35,10.0,2000000.0,49364
8444099,1,3,1,10,2025,2,30,5.0,1995000.0,19327
8467109,1,3,1,10,2025,2,54,5.0,600000.0,51397
8469509,1,1,1,10,2025,1,27,11.0,2500000.0,57379
8463986,1,1,1,10,2025,2,28,8.0,1423500.0,44538
8467935,1,1,1,10,2025,2,63,1.0,600000.0,53444
8468078,1,2,1,10,2025,1,62,8.0,4000000.0,53797
8436799,1,1,1,10,2025,2,54,8.0,1500000.0,2062
8443695,1,4,1,10,2025,1,33,5.0,2400000.0,18264
8466597,1,2,1,10,2025,2,66,3.0,1800000.0,50146
8441551,1,3,1,10,2025,2,28,8.0,1800000.0,13006
8470497,1,1,1,10,2025,2,47,4.0,1860000.0,59874
8450758,1,2,1,10,2025,2,30,4.0,500000.0,34536
8445347,1,1,1,10,2025,2,27,5.0,1200000.0,22039
8440665,1,1,1,10,2025,2,44,10.0,6000000.0,11136
8448911,1,4,1,10,2025,1,15,4.0,960000.0,30073
8468850,1,1,1,10,2025,1,76,3.0,150000.0,55678
8441328,1,2,1,10,2025,2,56,5.0,1623500.0,12528
8442211,1,1,1,10,2025,1,27,10.0,4900000.0,14571
8438920,1,2,1,10,2025,2,46,4.0,600000.0,7105
8466524,1,3,1,10,2025,2,21,5.0,1200000.0,49984
8445594,1,1,1,10,2025,1,26,5.0,2400000.0,22633
8465729,1,2,1,10,2025,1,49,5.0,1482000.0,48169
8446127,1,4,1,10,2025,2,42,8.0,2846000.0,23849
8444771,1,1,1,10,2025,1,52,4.0,1400000.0,21027
8446417,1,1,1,10,2025,1,45,12.0,4200000.0,24648
8442794,1,1,1,10,2025,2,51,8.0,300000.0,15939
8437845,1,1,1,10,2025,2,46,5.0,800000.0,4690
8436165,1,1,1,10,2025,1,50,5.0,1973500.0,533
8462686,1,1,1,10,2025,2,43,10.0,1423500.0,41538
8462091,1,1,1,10,2025,2,52,5.0,150000.0,40204
8437697,1,1,1,10,2025,1,35,9.0,1700000.0,4389
8464493,1,1,1,10,2025,2,34,12.0,3400000.0,45596
8473014,1,1,1,10,2025,2,34,4.0,1423000.0,65098
8437006,1,3,1,10,2025,2,40,11.0,31000000.0,2717
8451467,1,2,1,10,2025,2,63,8.0,1400000.0,36327
8448790,1,3,1,10,2025,2,30,10.0,3000000.0,29895
8448994,1,1,1,10,2025,2,25,5.0,1623500.0,30208
8452239,1,1,1,10,2025,1,67,4.0,1600000.0,38300
8445493,1,1,1,10,2025,1,82,3.0,450000.0,22385
8463873,1,2,1,10,2025,2,17,5.0,660000.0,44282
8472425,1,3,1,10,2025,1,18,4.0,800000.0,63968
8467362,1,2,1,10,2025,1,56,5.0,700000.0,52017
8464957,1,1,1,10,2025,2,57,10.0,2500000.0,46646
8441197,1,1,1,10,2025,1,51,8.0,6500000.0,12285
8450392,1,1,1,10,2025,1,48,10.0,1700000.0,33645
8437977,1,1,1,10,2025,1,33,5.0,1423500.0,4941
8463813,1,3,1,10,2025,1,22,6.0,1200000.0,44174
8463264,1,1,1,10,2025,2,32,5.0,500000.0,42796
8448933,1,1,1,10,2025,2,52,8.0,2000000.0,30117
8442976,1,1,1,10,2025,1,32,3.0,1200000.0,16388
8461807,1,2,1,10,2025,2,39,3.0,420000.0,39449
8440561,1,1,1,10,2025,2,53,10.0,2800000.0,10822
8439523,1,1,1,10,2025,2,69,1.0,500000.0,8453
8442281,1,2,1,10,2025,1,22,10.0,870000.0,14726
8449274,1,2,1,10,2025,1,65,1.0,300000.0,30801
8443899,1,1,1,10,2025,1,28,4.0,1423500.0,18785
8438896,1,1,1,10,2025,1,48,5.0,1600000.0,7047
8439000,1,1,1,10,2025,2,33,11.0,4100000.0,7269
8467849,1,1,1,10,2025,2,53,5.0,1300000.0,53224
8443813,1,2,1,10,2025,1,25,5.0,1200000.0,18569
8443998,1,1,1,10,2025,2,41,8.0,1500000.0,19027
8437113,1,1,1,10,2025,1,26,8.0,4000000.0,2976
8469611,1,3,1,10,2025,1,33,5.0,1423500.0,57672
8462004,1,2,1,10,2025,1,68,1.0,800000.0,40015
8448057,1,2,1,10,2025,2,34,5.0,1300000.0,28389
8449004,1,1,1,10,2025,2,34,10.0,7000000.0,30226
8448597,1,2,1,10,2025,2,32,9.0,2100000.0,29489
8466403,1,1,1,10,2025,2,49,3.0,900000.0,49631
8452470,1,1,1,10,2025,1,43,9.0,5400000.0,38916
8448538,1,2,1,10,2025,2,58,8.0,1600000.0,29354
8449126,1,3,1,10,2025,2,32,8.0,3000000.0,30484
8443865,1,1,1,10,2025,2,59,10.0,3000000.0,18708
8468068,1,2,1,10,2025,2,58,10.0,4000000.0,53767
8470096,1,1,1,10,2025,1,61,3.0,1300000.0,58923
8446256,1,1,1,10,2025,1,65,3.0,1400000.0,24230
8450781,1,2,1,10,2025,2,51,3.0,1600000.0,34579
8473877,1,2,1,10,2025,2,27,8.0,2000000.0,66474
8446464,1,2,1,10,2025,2,36,11.0,6100000.0,24747
8448675,1,6,1,10,2025,1,23,5.0,900000.0,29616
8468846,1,1,1,10,2025,2,24,4.0,300000.0,55662
8472092,1,3,1,10,2025,1,17,5.0,300000.0,63276
8436456,1,1,1,10,2025,2,70,3.0,700000.0,1193
8470687,1,4,1,10,2025,1,24,5.0,1800000.0,60331
8442921,1,2,1,10,2025,1,57,3.0,2500000.0,16244
8443338,1,1,1,10,2025,1,51,3.0,990000.0,17305
8439671,1,1,1,10,2025,1,71,3.0,400000.0,8848
8467062,1,1,1,10,2025,2,47,9.0,600000.0,51228
8444705,1,3,1,10,2025,1,34,5.0,5000000.0,20843
8442730,1,1,1,10,2025,2,41,3.0,640000.0,15792
8443599,1,3,1,10,2025,1,27,4.0,300000.0,18013
8467626,1,3,1,10,2025,1,31,9.0,870000.0,52670
8466413,1,1,1,10,2025,1,33,5.0,800000.0,49660
8441382,1,1,1,10,2025,1,48,3.0,1500000.0,12657
8468833,1,1,1,10,2025,1,34,10.0,1600000.0,55619
8450220,1,1,1,10,2025,2,60,3.0,250000.0,33212
8440051,1,2,1,10,2025,2,44,5.0,1250000.0,9659
8438650,1,1,1,10,2025,2,53,3.0,300000.0,6520
8466741,1,1,1,10,2025,2,64,3.0,1000000.0,50472
8462945,1,1,1,10,2025,1,22,5.0,1423500.0,42072
8465497,1,1,1,10,2025,2,27,5.0,1400000.0,47736
8442733,1,1,1,10,2025,2,35,5.0,1423500.0,15798
8445995,1,1,1,10,2025,2,84,1.0,150000.0,23529
8449822,1,1,1,10,2025,2,46,5.0,150000.0,32188
8448743,1,1,1,10,2025,2,54,10.0,1720000.0,29790
8440924,1,2,1,10,2025,2,42,5.0,900000.0,11741
8436371,1,1,1,10,2025,2,24,9.0,900000.0,1012
8441754,1,1,1,10,2025,2,47,3.0,900000.0,13433
8469440,1,2,1,10,2025,2,46,3.0,1803500.0,57191
8468066,1,1,1,10,2025,1,53,5.0,2200000.0,53759
8473091,1,1,1,10,2025,2,21,6.0,740000.0,65228
8451714,1,2,1,10,2025,2,41,9.0,2500000.0,36946
8443349,1,2,1,10,2025,1,35,5.0,1423500.0,17344
8441972,1,5,1,10,2025,1,19,4.0,1200000.0,13995
8466086,1,2,1,10,2025,1,21,3.0,400000.0,48929
8449466,1,1,1,10,2025,1,44,3.0,1200000.0,31310
8446776,1,2,1,10,2025,1,40,8.0,4000000.0,25475
8439672,1,1,1,10,2025,2,56,3.0,200000.0,8857
8451259,1,1,1,10,2025,1,44,4.0,1400000.0,35791
8462961,1,5,1,10,2025,1,19,4.0,1200000.0,42114
8462380,1,1,1,10,2025,1,50,5.0,1500000.0,40850
8440587,1,1,1,10,2025,1,50,5.0,1423500.0,10914
8444947,1,2,1,10,2025,2,47,8.0,1100000.0,21465
8447870,1,1,1,10,2025,1,71,5.0,1500000.0,27912
8440324,1,1,1,10,2025,1,55,11.0,4000000.0,10288
8440490,1,2,1,10,2025,2,49,10.0,2200000.0,10648
8467476,1,2,1,10,2025,1,66,3.0,1200000.0,52297
8470728,1,2,1,10,2025,1,33,5.0,1200000.0,60416
8438572,1,2,1,10,2025,1,37,4.0,5000000.0,6333
8449894,1,1,1,10,2025,1,34,5.0,5000000.0,32373
8471453,1,1,1,10,2025,2,34,5.0,1420000.0,62019
8463835,1,1,1,10,2025,1,26,10.0,1430000.0,44236
8464523,1,1,1,10,2025,2,41,4.0,400000.0,45673
8446179,1,2,1,10,2025,2,37,4.0,400000.0,23969
8448917,1,3,1,10,2025,2,19,5.0,1423500.0,30097
8451293,1,2,1,10,2025,2,26,10.0,200000.0,35887
8464739,1,5,1,10,2025,1,20,5.0,2500000.0,46198
8463835,1,2,1,10,2025,2,25,10.0,1430000.0,44237
8437646,1,1,1,10,2025,1,31,10.0,410000.0,4270
8467802,1,1,1,10,2025,2,55,3.0,1420000.0,53075
8436368,1,3,1,10,2025,1,27,3.0,640000.0,1006
8449014,1,2,1,10,2025,2,37,8.0,1423500.0,30254
8452250,1,3,1,10,2025,1,33,6.0,1500000.0,38329
8441583,1,2,1,10,2025,1,73,3.0,500000.0,13081
8465498,1,2,1,10,2025,2,53,8.0,1623000.0,47739
8441812,1,3,1,10,2025,1,18,4.0,700000.0,13502
8467091,1,3,1,10,2025,2,26,5.0,1423500.0,51330
8438115,1,1,1,10,2025,2,44,5.0,1400000.0,5238
8441607,1,1,1,10,2025,2,35,4.0,600000.0,13123
8468970,1,2,1,10,2025,1,37,10.0,3000000.0,55934
8473304,1,2,1,10,2025,2,26,8.0,2100000.0,65654
8465088,1,2,1,10,2025,1,26,10.0,1600000.0,46976
8450809,1,1,1,10,2025,2,51,5.0,2200000.0,34645
8447125,1,2,1,10,2025,2,47,10.0,3200000.0,26239
8465500,1,2,1,10,2025,1,58,5.0,1000000.0,47744
8444534,1,3,1,10,2025,2,31,5.0,900000.0,20401
8436895,1,4,1,10,2025,2,62,6.0,900000.0,2396
8438774,1,2,1,10,2025,1,37,10.0,3000000.0,6778
8443079,1,1,1,10,2025,1,26,10.0,1000000.0,16671
8448166,1,3,1,10,2025,2,30,12.0,2900000.0,28596
8443961,1,1,1,10,2025,1,67,5.0,400000.0,18923
8462077,1,1,1,10,2025,1,52,3.0,1140000.0,40181
8437798,1,1,1,10,2025,2,58,10.0,1423500.0,4586
8450492,1,1,1,10,2025,2,48,4.0,600000.0,33854
8438658,1,1,1,10,2025,2,32,9.0,300000.0,6540
8473229,1,1,1,10,2025,1,48,4.0,1623500.0,65495
8464763,1,1,1,10,2025,2,60,1.0,100000.0,46231
8442194,1,1,1,10,2025,2,39,5.0,1000000.0,14510
8465999,1,1,1,10,2025,1,60,10.0,3500000.0,48789
8441639,1,1,1,10,2025,2,40,10.0,3800000.0,13193
8462024,1,2,1,10,2025,2,49,10.0,150000.0,40076
8436793,1,2,1,10,2025,2,43,10.0,4000000.0,2054
8447424,1,1,1,10,2025,2,30,5.0,1700000.0,26953
8437014,1,2,1,10,2025,2,51,11.0,8500000.0,2743
8443024,1,2,1,10,2025,2,46,10.0,5000000.0,16526
8444350,1,2,1,10,2025,1,26,4.0,1200000.0,19903
8442769,1,2,1,10,2025,2,35,10.0,1423500.0,15893
8466875,1,3,1,10,2025,2,35,5.0,1600000.0,50800
8443049,1,1,1,10,2025,2,64,13.0,15000000.0,16598
8447869,1,3,1,10,2025,2,51,13.0,9000000.0,27910
8436415,1,2,1,10,2025,2,38,8.0,1423500.0,1095
8452060,1,1,1,10,2025,2,45,11.0,3700000.0,37829
8447886,1,4,1,10,2025,2,36,10.0,1423500.0,27950
8461951,1,3,1,10,2025,1,23,5.0,1423500.0,39856
8464471,1,2,1,10,2025,2,36,10.0,1423500.0,45545
8449246,1,2,1,10,2025,1,20,5.0,800000.0,30712
8465736,1,1,1,10,2025,2,43,10.0,500000.0,48186
8467524,1,1,1,10,2025,1,68,4.0,240000.0,52397
8450627,1,1,1,10,2025,1,49,5.0,1423500.0,34211
8436964,1,1,1,10,2025,2,60,4.0,1650000.0,2624
8464771,1,2,1,10,2025,1,45,5.0,1423000.0,46239
8446742,1,3,1,10,2025,1,56,9.0,700000.0,25389
8471302,1,1,1,10,2025,2,27,10.0,2200000.0,61721
8466095,1,2,1,10,2025,2,53,5.0,1600000.0,48946
8463479,1,4,1,10,2025,2,27,9.0,200000.0,43404
8448649,1,1,1,10,2025,2,51,5.0,920000.0,29537
8471884,1,1,1,10,2025,1,55,5.0,1423500.0,62864
8452023,1,2,1,10,2025,2,27,10.0,1800000.0,37747
8468185,1,1,1,10,2025,1,46,10.0,6800000.0,54031
8449641,1,2,1,10,2025,1,51,3.0,700000.0,31723
8470598,1,3,1,10,2025,2,28,8.0,1750000.0,60128
8445782,1,1,1,10,2025,1,44,3.0,1000000.0,23033
8442497,1,2,1,10,2025,1,24,10.0,1500000.0,15273
8441608,1,1,1,10,2025,2,30,5.0,800000.0,13125
8470370,1,2,1,10,2025,2,50,5.0,750000.0,59558
8450441,1,1,1,10,2025,1,56,5.0,1400000.0,33761
8448662,1,1,1,10,2025,1,51,3.0,400000.0,29580
8472189,1,2,1,10,2025,2,54,11.0,5800000.0,63504
8470721,1,1,1,10,2025,1,42,10.0,2500000.0,60401
8437957,1,1,1,10,2025,2,58,5.0,400000.0,4901
8465642,2,1,2,10,2025,1,70,3.0,2500000.0,48009
8471537,1,2,1,10,2025,2,48,3.0,240000.0,62151
8452560,1,4,1,10,2025,2,25,6.0,1623500.0,39156
8440993,1,3,1,10,2025,1,23,4.0,1500000.0,11876
8461835,1,1,1,10,2025,1,35,3.0,650000.0,39546
8446420,1,1,1,10,2025,1,43,9.0,6000000.0,24652
8472171,1,3,1,10,2025,2,23,8.0,1423500.0,63465
8468807,1,1,1,10,2025,2,44,4.0,1500000.0,55544
8469761,1,3,1,10,2025,1,26,10.0,1500000.0,58085
8436661,1,2,1,10,2025,1,30,8.0,1423500.0,1739
8447184,1,2,1,10,2025,1,29,5.0,1000000.0,26313
8437007,1,2,1,10,2025,1,43,11.0,4200000.0,2721
8440316,1,3,1,10,2025,1,22,10.0,1800000.0,10277
8439647,1,2,1,10,2025,2,36,5.0,465000.0,8787
8449135,1,4,1,10,2025,1,31,8.0,1623500.0,30498
8472350,1,1,1,10,2025,2,50,10.0,550000.0,63841
8442102,1,3,1,10,2025,1,21,5.0,350000.0,14280
8444328,1,2,1,10,2025,2,49,5.0,1200000.0,19848
8464314,1,1,1,10,2025,1,31,5.0,1800000.0,45139
8464187,1,5,1,10,2025,2,24,5.0,500000.0,44924
8446472,1,10,1,10,2025,1,16,4.0,200000.0,24781
8470664,1,7,1,10,2025,2,42,10.0,4900000.0,60278
8439027,1,2,1,10,2025,1,38,10.0,1423500.0,7326
8469051,1,2,1,10,2025,1,65,6.0,1000000.0,56152
8467807,1,2,1,10,2025,1,21,6.0,1423500.0,53089
8442116,1,1,1,10,2025,1,56,5.0,800000.0,14312
8468556,1,2,1,10,2025,2,26,5.0,1100000.0,54931
8446026,1,3,1,10,2025,2,48,11.0,5700000.0,23603
8472083,1,1,1,10,2025,1,62,3.0,800000.0,63254
8462309,1,1,1,10,2025,1,42,4.0,1600000.0,40701
8450125,1,1,1,10,2025,2,48,13.0,6000000.0,32958
8449089,1,1,1,10,2025,2,49,5.0,1423500.0,30409
8436972,1,4,1,10,2025,2,43,10.0,4000000.0,2641
8450629,1,2,1,10,2025,2,53,10.0,3000000.0,34220
8466387,1,1,1,10,2025,1,56,3.0,1400000.0,49573
8444747,1,1,1,10,2025,2,67,5.0,200000.0,20964
8442164,1,1,1,10,2025,2,63,5.0,950000.0,14422
8464226,1,1,1,10,2025,2,44,8.0,5000000.0,45003
8442005,1,1,1,10,2025,1,38,4.0,2400000.0,14074
8451357,1,1,1,10,2025,1,72,3.0,900000.0,36050
8450056,1,1,1,10,2025,2,41,10.0,2500000.0,32794
8447314,1,6,1,10,2025,2,31,5.0,600000.0,26681
8444780,1,1,1,10,2025,1,34,5.0,1423500.0,21056
8462499,1,2,1,10,2025,1,50,3.0,800000.0,41116
8437854,1,5,1,10,2025,2,32,3.0,100000.0,4719
8439655,1,2,1,10,2025,2,36,5.0,400000.0,8810
8462472,1,1,1,10,2025,1,54,3.0,1300000.0,41056
8468594,1,3,1,10,2025,1,32,5.0,1600000.0,55006
8439783,1,1,1,10,2025,2,40,5.0,1450000.0,9099
8446282,1,1,1,10,2025,1,48,10.0,2800000.0,24298
8442088,1,2,1,10,2025,1,30,5.0,640000.0,14252
8472092,1,1,1,10,2025,1,26,5.0,1423500.0,63274
8445948,1,4,1,10,2025,1,60,3.0,600000.0,23399
8446649,1,1,1,10,2025,2,28,10.0,1423500.0,25247
8466789,1,2,1,10,2025,2,27,11.0,2000000.0,50575
8445950,1,1,1,10,2025,2,68,3.0,200000.0,23402
8473230,1,1,1,10,2025,1,55,1.0,1610000.0,65501
8436546,1,3,1,10,2025,1,24,10.0,2500000.0,1442
8472067,1,1,1,10,2025,2,44,5.0,1200000.0,63219
8442670,1,2,1,10,2025,1,44,5.0,1000000.0,15640
8450253,1,1,1,10,2025,1,60,3.0,2000000.0,33295
8441837,1,1,1,10,2025,1,23,5.0,1200000.0,13574
8450076,1,2,1,10,2025,1,39,9.0,1423500.0,32847
8473696,1,2,1,10,2025,1,52,10.0,2500000.0,66110
8449758,1,1,1,10,2025,1,28,5.0,1600000.0,32045
8472854,1,1,1,10,2025,2,23,10.0,1423500.0,64834
8447372,1,2,1,10,2025,1,56,5.0,1200000.0,26810
8467070,1,1,1,10,2025,2,56,3.0,1400000.0,51248
8445335,1,2,1,10,2025,1,54,3.0,400000.0,22016
8449378,1,1,1,10,2025,1,35,5.0,2200000.0,31084
8461957,1,3,1,10,2025,1,35,4.0,1000000.0,39884
8471432,1,1,1,10,2025,1,51,5.0,2600000.0,61975
8464586,1,4,1,10,2025,1,26,5.0,1400000.0,45816
8439530,1,1,1,10,2025,2,34,5.0,600000.0,8479
8472461,1,2,1,10,2025,2,39,5.0,800000.0,64075
8449330,1,1,1,10,2025,2,25,5.0,800000.0,30957
8447400,1,1,1,10,2025,1,64,5.0,1500000.0,26906
8439040,1,1,1,10,2025,1,32,5.0,2000000.0,7350
8463357,1,1,1,10,2025,2,46,5.0,1500000.0,43051
8445993,1,1,1,10,2025,1,51,10.0,3000000.0,23522
8440231,1,1,1,10,2025,1,29,8.0,2200000.0,10061
8449401,1,2,1,10,2025,1,24,5.0,1500000.0,31148
8451639,1,1,1,10,2025,2,65,4.0,2000000.0,36731
8439396,1,2,1,10,2025,1,38,10.0,4000000.0,8190
8447209,1,1,1,10,2025,2,27,5.0,700000.0,26368
8443100,1,1,1,10,2025,2,54,3.0,300000.0,16723
8463757,1,4,1,10,2025,1,38,4.0,600000.0,44020
8440610,1,2,1,10,2025,2,56,10.0,3500000.0,10978
8441829,1,1,1,10,2025,2,25,8.0,1600000.0,13545
8470914,1,1,1,10,2025,2,42,10.0,3600000.0,60927
8463046,1,2,1,10,2025,2,57,3.0,750000.0,42299
8462130,1,1,1,10,2025,1,71,3.0,300000.0,40326
8452556,1,1,1,10,2025,1,47,10.0,3000000.0,39141
8451231,1,1,1,10,2025,1,55,3.0,260000.0,35717
8461845,1,1,1,10,2025,2,73,1.0,468000.0,39559
8446142,1,2,1,10,2025,2,47,4.0,300000.0,23883
8464032,1,1,1,10,2025,2,66,3.0,110000.0,44634
8438308,1,2,1,10,2025,1,27,11.0,3500000.0,5677
8438353,1,1,1,10,2025,2,63,8.0,1423000.0,5801
8446694,1,2,1,10,2025,2,59,10.0,1423500.0,25348
8438231,1,1,1,10,2025,2,63,3.0,800000.0,5462
8464048,1,1,1,10,2025,1,58,6.0,2000000.0,44660
8468659,1,1,1,10,2025,1,56,10.0,2600000.0,55142
8446035,1,2,1,10,2025,2,33,10.0,1500000.0,23630
8442406,1,1,1,10,2025,2,24,9.0,1600000.0,15056
8452498,1,2,1,10,2025,2,40,10.0,3500000.0,38973
8465105,1,1,1,10,2025,2,53,3.0,850000.0,47020
8465659,1,1,1,10,2025,1,36,10.0,7500000.0,48056
8443863,1,4,1,10,2025,2,19,4.0,1400000.0,18703
8452106,1,1,1,10,2025,2,28,8.0,720000.0,37965
8446461,1,3,1,10,2025,2,26,5.0,600000.0,24740
8472954,1,1,1,10,2025,1,46,11.0,5000000.0,64997
8468748,1,2,1,10,2025,2,38,5.0,832000.0,55402
8438561,1,4,1,10,2025,1,23,5.0,1000000.0,6301
8438721,1,1,1,10,2025,2,44,5.0,1350000.0,6656
8442656,1,1,1,10,2025,2,34,5.0,1423500.0,15602
8446166,1,3,1,10,2025,2,22,10.0,3500000.0,23946
8465087,1,2,1,10,2025,2,63,5.0,620000.0,46972
8470107,1,1,1,10,2025,1,53,5.0,2600000.0,58946
8451259,1,2,1,10,2025,2,35,5.0,850000.0,35792
8443090,1,3,1,10,2025,1,26,10.0,1960000.0,16696
8471005,1,1,1,10,2025,1,57,5.0,3000000.0,61143
8467183,1,4,1,10,2025,1,28,10.0,5268000.0,51593
8473088,1,1,1,10,2025,2,37,8.0,3000000.0,65226
8440651,1,1,1,10,2025,1,36,5.0,400000.0,11100
8445569,1,5,1,10,2025,2,28,5.0,680000.0,22570
8442636,1,2,1,10,2025,2,23,10.0,1300000.0,15553
8436541,1,1,1,10,2025,2,65,9.0,3500000.0,1428
8444697,1,1,1,10,2025,2,36,5.0,1400000.0,20817
8441763,1,1,1,10,2025,2,64,11.0,4000000.0,13443
8443161,1,1,1,10,2025,1,39,5.0,1100000.0,16852
8437304,1,2,1,10,2025,1,34,5.0,1500000.0,3472
8440867,1,4,1,10,2025,1,31,8.0,660000.0,11634
8464154,1,1,1,10,2025,2,42,9.0,2500000.0,44863
8442356,1,1,1,10,2025,2,50,5.0,600000.0,14945
8443668,1,2,1,10,2025,2,23,10.0,350000.0,18203
8445687,1,1,1,10,2025,2,54,3.0,1100000.0,22850
8448851,1,2,1,10,2025,1,57,5.0,800000.0,29968
8473817,1,1,1,10,2025,2,66,10.0,5000000.0,66311
8444389,1,2,1,10,2025,2,44,9.0,1423500.0,20007
8473570,1,2,1,10,2025,2,46,9.0,20000000.0,65854
8471017,1,2,1,10,2025,2,27,10.0,4000000.0,61168
8472687,1,1,1,10,2025,1,19,5.0,1100000.0,64500
8438422,1,1,1,10,2025,2,45,10.0,3100000.0,5956
8463631,1,1,1,10,2025,1,26,5.0,1800000.0,43730
8473823,1,1,1,10,2025,2,52,10.0,1423500.0,66326
8466670,1,2,1,10,2025,1,47,4.0,1800000.0,50314
8448895,1,4,1,10,2025,2,44,3.0,1623500.0,30034
8446132,1,1,1,10,2025,2,31,11.0,5800000.0,23859
8472401,1,2,1,10,2025,2,42,3.0,0.0,63888
8465198,1,1,1,10,2025,2,59,4.0,2300000.0,47187
8464484,1,1,1,10,2025,1,31,5.0,1423500.0,45570
8464691,1,2,1,10,2025,2,39,10.0,2000000.0,46073
8438265,1,1,1,10,2025,2,34,10.0,5300000.0,5548
8452345,1,1,1,10,2025,2,28,5.0,1423500.0,38562
8438023,1,1,1,10,2025,2,28,9.0,500000.0,5030
8448707,1,1,1,10,2025,2,36,10.0,1423500.0,29703
8437257,1,3,1,10,2025,1,24,8.0,1425000.0,3329
8466190,1,1,1,10,2025,1,23,5.0,1600000.0,49172
8446833,1,1,1,10,2025,1,67,5.0,2000000.0,25609
8470804,1,1,1,10,2025,2,56,5.0,1423500.0,60678
8465625,1,2,1,10,2025,2,31,5.0,1423500.0,47972
8439415,1,3,1,10,2025,1,31,5.0,1423500.0,8226
8470959,1,2,1,10,2025,2,41,11.0,8000000.0,61035
8467855,1,1,1,10,2025,2,47,11.0,6000000.0,53237
8441986,1,1,1,10,2025,2,67,10.0,4800000.0,14029
8445941,1,3,1,10,2025,1,15,4.0,200000.0,23382
8437437,1,2,1,10,2025,2,41,10.0,3500000.0,3821
8441589,1,2,1,10,2025,1,33,5.0,1000000.0,13098
8450587,1,2,1,10,2025,2,30,9.0,1423500.0,34116
8468895,1,3,1,10,2025,2,36,5.0,1423500.0,55781
8437524,1,3,1,10,2025,2,35,12.0,2300000.0,4055
8464909,1,1,1,10,2025,1,43,5.0,1423500.0,46525
8439279,1,3,1,10,2025,2,28,10.0,2000000.0,7901
8436986,1,2,1,10,2025,2,43,5.0,700000.0,2672
8466621,1,3,1,10,2025,1,16,3.0,1200000.0,50199
8449032,1,3,1,10,2025,2,35,8.0,1500000.0,30289
8439885,1,3,1,10,2025,1,22,10.0,1200000.0,9412
8448866,1,4,1,10,2025,1,50,8.0,1900000.0,29990
8443625,1,4,1,10,2025,2,35,10.0,3800000.0,18086
8438846,1,5,1,10,2025,1,37,12.0,7000000.0,6946
8446278,1,1,1,10,2025,1,52,8.0,1736200.0,24284
8446958,1,1,1,10,2025,1,43,5.0,800000.0,25910
8470957,1,3,1,10,2025,2,21,5.0,1423500.0,61026
8438302,1,2,1,10,2025,2,28,10.0,1423500.0,5655
8440588,1,1,1,10,2025,1,45,9.0,1423500.0,10918
8437827,1,2,1,10,2025,2,30,9.0,1423500.0,4640
8449369,1,1,1,10,2025,1,62,3.0,1000000.0,31062
8448783,1,1,1,10,2025,1,61,5.0,500000.0,29873
8437572,1,1,1,10,2025,1,24,5.0,1500000.0,4119
8467913,1,1,1,10,2025,2,63,11.0,7200000.0,53383
8446576,1,1,1,10,2025,2,30,8.0,300000.0,25045
8446231,1,3,1,10,2025,2,30,10.0,3100000.0,24115
8466135,1,1,1,10,2025,2,31,10.0,1423500.0,49027
8439619,1,2,1,10,2025,2,32,12.0,5200000.0,8717
8436883,1,1,1,10,2025,2,51,3.0,300000.0,2350
8472150,1,3,1,10,2025,1,60,5.0,1800000.0,63426
8468516,1,3,1,10,2025,1,41,5.0,2000000.0,54826
8446239,1,1,1,10,2025,1,43,5.0,1700000.0,24154
8442553,1,1,1,10,2025,2,56,5.0,500000.0,15395
8470181,1,2,1,10,2025,1,42,3.0,1500000.0,59126
8472410,1,1,1,10,2025,2,63,4.0,660000.0,63925
8464653,1,1,1,10,2025,2,27,11.0,1500000.0,45986
8446345,1,2,1,10,2025,1,75,3.0,200000.0,24484
8445852,1,1,1,10,2025,1,64,4.0,20000000.0,23192
8442554,1,2,1,10,2025,2,17,5.0,500000.0,15399
8469485,1,1,1,10,2025,2,45,10.0,2500000.0,57320
8436857,1,7,1,10,2025,1,31,8.0,1626000.0,2248
8449852,1,1,1,10,2025,1,64,5.0,1800000.0,32267
8448008,1,6,1,10,2025,1,43,5.0,1450000.0,28250
8441518,1,1,1,10,2025,1,57,10.0,5000000.0,12922
8467533,1,1,1,10,2025,1,40,3.0,400000.0,52422
8443307,1,3,1,10,2025,2,24,5.0,200000.0,17246
8468947,1,2,1,10,2025,2,33,11.0,3000000.0,55888
8465876,1,2,1,10,2025,2,24,5.0,950000.0,48539
8468278,1,1,1,10,2025,2,52,3.0,350000.0,54215
8470291,1,1,1,10,2025,1,46,3.0,2023500.0,59378
8466255,1,1,1,10,2025,2,41,5.0,1423000.0,49270
8468871,1,4,1,10,2025,2,24,5.0,780000.0,55729
8470302,1,1,1,10,2025,2,32,6.0,2023500.0,59410
8436753,1,1,1,10,2025,1,45,5.0,1400000.0,1973
8446297,1,2,1,10,2025,2,31,5.0,1350000.0,24347
8441106,1,3,1,10,2025,2,23,10.0,6300000.0,12080
8466587,1,1,1,10,2025,2,42,5.0,1500000.0,50124
8442143,1,2,1,10,2025,2,33,3.0,200000.0,14372
8470245,1,1,1,10,2025,1,29,8.0,2250000.0,59266
8440746,1,3,1,10,2025,1,28,8.0,420000.0,11324
8445916,1,3,1,10,2025,1,25,5.0,1423500.0,23333
8441388,1,1,1,10,2025,2,51,8.0,2500000.0,12671
8444966,1,1,1,10,2025,2,37,8.0,2800000.0,21500
8452189,1,1,1,10,2025,2,25,5.0,1500000.0,38157
8463932,1,4,1,10,2025,1,20,10.0,600000.0,44415
8436831,1,1,1,10,2025,1,39,3.0,1200000.0,2128
8468614,1,1,1,10,2025,1,49,3.0,1600000.0,55041
8451275,1,1,1,10,2025,1,56,3.0,600000.0,35819
8436018,1,4,1,10,2025,1,36,10.0,1000000.0,192
8440227,1,1,1,10,2025,2,24,10.0,1800000.0,10053
8440793,1,2,1,10,2025,2,24,5.0,300000.0,11438
8470898,1,3,1,10,2025,2,26,5.0,3000000.0,60892
8437544,1,2,1,10,2025,2,52,11.0,4000000.0,4098
8462204,1,1,1,10,2025,2,34,4.0,1423000.0,40485
8450975,1,2,1,10,2025,2,52,5.0,200000.0,35073
8443423,1,2,1,10,2025,1,49,5.0,5000000.0,17546
8470225,1,1,1,10,2025,2,79,3.0,1000000.0,59203
8473696,1,3,1,10,2025,2,23,10.0,2500000.0,66111
8438024,1,2,1,10,2025,2,47,5.0,900000.0,5033
8452546,1,1,1,10,2025,1,49,5.0,3200000.0,39110
8444278,1,1,1,10,2025,1,65,3.0,700000.0,19714
8445837,1,1,1,10,2025,1,73,1.0,1100000.0,23163
8451160,1,1,1,10,2025,1,39,4.0,1450000.0,35535
8472256,1,1,1,10,2025,2,64,3.0,300000.0,63645
8447391,1,1,1,10,2025,2,65,3.0,400000.0,26871
8466451,1,2,1,10,2025,1,22,4.0,500000.0,49766
8452409,1,1,1,10,2025,2,48,3.0,300000.0,38734
8445844,1,1,1,10,2025,1,70,3.0,500000.0,23174
8446262,1,4,1,10,2025,1,22,3.0,800000.0,24254
8464813,1,2,1,10,2025,2,39,10.0,3900000.0,46315
8469767,1,1,1,10,2025,1,41,3.0,650000.0,58102
8442790,1,1,1,10,2025,1,56,10.0,3000000.0,15933
8448110,1,2,1,10,2025,2,53,3.0,400000.0,28503
8438214,1,1,1,10,2025,1,51,8.0,1400000.0,5414
8469474,1,1,1,10,2025,2,31,5.0,984000.0,57286
8462887,1,1,1,10,2025,1,68,4.0,1923500.0,41962
8471243,1,1,1,10,2025,1,40,8.0,2200000.0,61613
8441512,1,1,1,10,2025,1,62,4.0,1500000.0,12910
8438894,1,1,1,10,2025,2,61,5.0,400000.0,7043
8436694,1,3,1,10,2025,2,21,5.0,2000000.0,1825
8446450,1,1,1,10,2025,1,29,6.0,1500000.0,24719
8463107,1,1,1,10,2025,1,38,5.0,1850000.0,42438
8462872,1,1,1,10,2025,1,39,10.0,200000.0,41931
8443824,1,1,1,10,2025,2,75,3.0,300000.0,18610
8439411,1,2,1,10,2025,1,21,5.0,1423500.0,8213
8447438,1,2,1,10,2025,2,58,5.0,4040000.0,26986
8469604,1,2,1,10,2025,2,47,5.0,1680000.0,57647
8463194,1,4,1,10,2025,1,39,5.0,1400000.0,42605
8451147,1,1,1,10,2025,1,63,5.0,700000.0,35494
8444235,1,1,1,10,2025,2,37,5.0,2600000.0,19603
8437980,1,1,1,10,2025,2,36,5.0,600000.0,4946
8469640,1,1,1,10,2025,2,35,5.0,120000.0,57757
8471124,1,2,1,10,2025,1,34,10.0,1800000.0,61429
8439444,1,3,1,10,2025,1,16,4.0,1300000.0,8292
8463145,1,2,1,10,2025,1,45,1.0,2000000.0,42488
8467708,1,1,1,10,2025,2,27,10.0,2300000.0,52854
8471672,1,1,1,10,2025,2,39,12.0,3500000.0,62432
8473881,1,1,1,10,2025,1,31,8.0,1500000.0,66479
8447104,1,1,1,10,2025,1,63,11.0,4500000.0,26224
8469293,1,2,1,10,2025,1,56,3.0,700000.0,56823
8472170,1,1,1,10,2025,1,25,5.0,1200000.0,63458
8444572,1,1,1,10,2025,1,53,3.0,1500000.0,20503
8463467,1,2,1,10,2025,1,45,10.0,800000.0,43363
8466748,1,1,1,10,2025,2,55,4.0,500000.0,50492
8469099,1,1,1,10,2025,2,60,5.0,500000.0,56286
8464225,1,1,1,10,2025,2,31,11.0,3500000.0,45001
8461962,1,2,1,10,2025,2,59,8.0,1423500.0,39900
8466861,1,1,1,10,2025,1,25,3.0,800000.0,50764
8442702,1,2,1,10,2025,1,59,4.0,1000000.0,15730
8440701,1,1,1,10,2025,2,39,3.0,240000.0,11183
8447478,1,1,1,10,2025,2,53,5.0,150000.0,27087
8443522,1,1,1,10,2025,2,58,3.0,100000.0,17813
8464418,1,6,1,10,2025,1,21,5.0,1200000.0,45404
8443848,1,2,1,10,2025,2,51,10.0,2000000.0,18667
8470265,1,1,1,10,2025,1,39,3.0,1423500.0,59304
8449503,1,1,1,10,2025,2,35,10.0,2887000.0,31406
8470209,1,2,1,10,2025,2,33,5.0,1423500.0,59171
8472473,1,1,1,10,2025,2,46,5.0,550000.0,64112
8452044,1,1,1,10,2025,1,41,5.0,1800000.0,37785
8467982,1,1,1,10,2025,1,31,11.0,3000000.0,53563
8442964,1,1,1,10,2025,2,41,8.0,750000.0,16357
8450825,1,1,1,10,2025,1,68,3.0,800000.0,34677
8463234,1,2,1,10,2025,1,43,5.0,1723500.0,42707
8471395,1,3,1,10,2025,2,33,10.0,2000000.0,61901
8442966,1,1,1,10,2025,1,39,4.0,700000.0,16361
8450975,1,3,1,10,2025,2,51,5.0,300000.0,35074
8439577,1,3,1,10,2025,1,51,10.0,1423500.0,8612
8445187,1,1,1,10,2025,1,51,3.0,750000.0,21579
8471129,1,4,1,10,2025,1,24,10.0,2800000.0,61444
8461849,1,2,1,10,2025,2,19,5.0,400000.0,39572
8450325,1,1,1,10,2025,2,23,8.0,1423500.0,33484
8450577,1,1,1,10,2025,2,63,5.0,100000.0,34087
8461993,1,1,1,10,2025,2,56,3.0,0.0,39982
8470758,1,1,1,10,2025,2,56,3.0,300000.0,60532
8471371,1,2,1,10,2025,2,23,10.0,2000000.0,61844
8470951,1,4,1,10,2025,1,26,8.0,2000000.0,61012
8438729,1,2,1,10,2025,1,31,8.0,1600000.0,6681
8466252,1,1,1,10,2025,2,32,5.0,2500000.0,49267
8473674,1,1,1,10,2025,2,31,9.0,1423500.0,66083
8448995,1,5,1,10,2025,1,20,5.0,1550000.0,30215
8443528,1,1,1,10,2025,1,33,9.0,1500000.0,17826
8471053,1,1,1,10,2025,2,40,5.0,600000.0,61245
8446746,1,2,1,10,2025,2,40,11.0,7500000.0,25401
8468457,1,1,1,10,2025,2,62,10.0,2000000.0,54690
8463343,1,1,1,10,2025,1,25,5.0,500000.0,43003
8442006,1,1,1,10,2025,2,64,5.0,2000000.0,14078
8462630,1,1,1,10,2025,1,45,3.0,2023500.0,41424
8444217,1,1,1,10,2025,2,37,5.0,950000.0,19558
8444422,1,1,1,10,2025,2,30,5.0,500000.0,20090
8446905,1,1,1,10,2025,1,36,5.0,2800000.0,25770
8469323,1,2,1,10,2025,2,41,3.0,500000.0,56911
8442398,1,2,1,10,2025,2,51,5.0,1423500.0,15042
8439230,1,3,1,10,2025,1,47,3.0,750000.0,7786
8465225,1,1,1,10,2025,2,49,11.0,4250000.0,47256
8449593,1,1,1,10,2025,1,64,3.0,500000.0,31619
8472482,1,1,1,10,2025,2,43,5.0,1423500.0,64133
8472345,1,1,1,10,2025,2,47,12.0,3500000.0,63835
8470760,1,1,1,10,2025,2,36,3.0,100000.0,60535
8466417,1,1,1,10,2025,1,68,3.0,1200000.0,49668
8465019,1,2,1,10,2025,1,72,3.0,1200000.0,46801
8447803,1,2,1,10,2025,2,37,10.0,1423500.0,27749
8446590,1,1,1,10,2025,2,57,3.0,700000.0,25091
8470495,1,3,1,10,2025,1,27,3.0,800000.0,59873
8463590,1,3,1,10,2025,1,23,10.0,2550000.0,43648
8437473,1,1,1,10,2025,2,47,11.0,1423500.0,3913
8447236,1,2,1,10,2025,2,35,5.0,1800000.0,26436
8444679,1,2,1,10,2025,2,40,10.0,1930000.0,20772
8446474,1,1,1,10,2025,2,49,5.0,1423500.0,24787
8447181,1,1,1,10,2025,2,46,10.0,1459000.0,26302
8452132,1,1,1,10,2025,2,43,3.0,500000.0,38031
8441555,1,2,1,10,2025,2,37,9.0,1423500.0,13017
8436869,1,1,1,10,2025,1,40,5.0,700000.0,2299
8438494,1,1,1,10,2025,1,49,5.0,900000.0,6151
8468692,1,1,1,10,2025,2,36,5.0,300000.0,55245
8450085,1,3,1,10,2025,2,27,10.0,2400000.0,32874
8444272,1,1,1,10,2025,2,37,10.0,2067000.0,19701
8470697,1,1,1,10,2025,2,36,5.0,1200000.0,60357
8472651,1,2,1,10,2025,1,42,5.0,2100000.0,64414
8446239,1,11,1,10,2025,1,50,5.0,1600000.0,24164
8473061,1,1,1,10,2025,2,33,5.0,750000.0,65176
8450157,1,1,1,10,2025,1,26,5.0,700000.0,33046
8450124,1,2,1,10,2025,2,26,10.0,4000000.0,32957
8440056,1,1,1,10,2025,2,41,4.0,1423000.0,9670
8469666,1,1,1,10,2025,2,31,10.0,1423500.0,57836
8450139,1,3,1,10,2025,2,30,10.0,2000000.0,32990
8463494,1,1,1,10,2025,2,41,3.0,600000.0,43443
8436555,1,2,1,10,2025,2,44,8.0,1200000.0,1463
8449919,1,1,1,10,2025,2,39,5.0,120000.0,32422
8439643,1,2,1,10,2025,2,55,12.0,8900000.0,8773
8441551,1,1,1,10,2025,1,62,5.0,1423500.0,13004
8448949,1,3,1,10,2025,1,29,10.0,3500000.0,30133
8467271,1,1,1,10,2025,2,54,3.0,280000.0,51784
8438218,1,1,1,10,2025,2,34,9.0,1623500.0,5422
8473600,1,1,1,10,2025,2,45,3.0,500000.0,65918
8446442,1,5,1,10,2025,1,35,5.0,1000000.0,24698
8465425,1,5,1,10,2025,1,45,3.0,2000000.0,47590
8467773,1,1,1,10,2025,2,51,4.0,1500000.0,53013
8449878,1,1,1,10,2025,2,58,5.0,1423500.0,32340
8436544,1,1,1,10,2025,1,25,10.0,300000.0,1436
8446182,1,1,1,10,2025,2,42,3.0,2119500.0,23974
8441172,1,1,1,10,2025,1,59,3.0,1700000.0,12228
8441441,1,1,1,10,2025,2,21,4.0,1423500.0,12767
8436581,1,3,1,10,2025,2,21,10.0,1623000.0,1520
8447375,1,1,1,10,2025,2,50,4.0,700000.0,26822
8446159,1,2,1,10,2025,2,40,10.0,1600000.0,23923
8464647,1,6,1,10,2025,2,25,8.0,400000.0,45967
8447069,1,3,1,10,2025,1,22,8.0,1000000.0,26155
8472723,1,1,1,10,2025,2,40,11.0,5700000.0,64586
8441150,1,1,1,10,2025,1,47,4.0,1000000.0,12190
8442296,1,1,1,10,2025,1,43,11.0,10275700.0,14760
8462759,1,1,1,10,2025,1,63,10.0,2800000.0,41696
8451103,1,1,1,10,2025,1,38,4.0,1000000.0,35374
8450638,1,2,1,10,2025,1,21,3.0,1800000.0,34242
8470236,1,2,1,10,2025,2,22,5.0,960000.0,59242
8443578,1,2,1,10,2025,2,48,3.0,250000.0,17952
8465189,1,1,1,10,2025,1,29,6.0,1400000.0,47159
8440630,1,2,1,10,2025,2,39,9.0,1150000.0,11043
8467633,1,3,1,10,2025,2,25,5.0,250000.0,52690
8465578,1,2,1,10,2025,2,25,8.0,1423500.0,47894
8468385,1,1,1,10,2025,1,38,5.0,1200000.0,54499
8443013,1,1,1,10,2025,2,33,13.0,6975000.0,16485
8447219,1,1,1,10,2025,1,26,10.0,5000000.0,26394
8446599,1,2,1,10,2025,1,67,3.0,1500000.0,25113
8461878,1,1,1,10,2025,2,30,5.0,1700000.0,39640
8445901,1,2,1,10,2025,1,26,5.0,1200000.0,23291
8470039,1,1,1,10,2025,2,42,5.0,400000.0,58768
8450455,1,2,1,10,2025,2,72,11.0,3500000.0,33786
8443909,1,2,1,10,2025,1,18,8.0,1500000.0,18816
8466868,1,1,1,10,2025,1,20,3.0,650000.0,50784
8464161,1,1,1,10,2025,1,34,5.0,200000.0,44878
8450976,1,5,1,10,2025,2,35,5.0,600000.0,35082
8466200,1,1,1,10,2025,2,22,5.0,1800000.0,49195
8470798,1,1,1,10,2025,1,65,10.0,3000000.0,60665
8469066,1,1,1,10,2025,1,37,5.0,800000.0,56189
8464618,1,1,1,10,2025,2,49,12.0,6700000.0,45900
8470603,1,1,1,10,2025,1,47,5.0,1200000.0,60138
8442405,1,2,1,10,2025,1,38,5.0,2191000.0,15054
8469646,1,1,1,10,2025,2,25,10.0,5900000.0,57777
8466481,1,1,1,10,2025,1,42,3.0,1600000.0,49849
8466757,1,2,1,10,2025,1,32,10.0,3000000.0,50517
8467943,1,2,1,10,2025,2,49,5.0,450000.0,53471
8469651,1,1,1,10,2025,2,59,3.0,500000.0,57792
8439380,1,1,1,10,2025,1,61,3.0,1423500.0,8155
8445264,1,1,1,10,2025,2,35,5.0,1000000.0,21805
8469290,1,1,1,10,2025,1,64,10.0,6859000.0,56815
8471402,1,2,1,10,2025,2,53,11.0,5500000.0,61917
8463999,1,1,1,10,2025,2,27,8.0,1423500.0,44563
8472336,1,1,1,10,2025,1,53,7.0,600000.0,63812
8436026,1,2,1,10,2025,1,41,3.0,320000.0,214
8438579,1,1,1,10,2025,1,37,9.0,2500000.0,6351
8462976,1,1,1,10,2025,2,61,11.0,800000.0,42142
8444361,1,1,1,10,2025,2,60,4.0,980000.0,19928
8441284,1,1,1,10,2025,1,75,10.0,1500000.0,12448
8465516,1,3,1,10,2025,2,25,10.0,2000000.0,47775
8468072,1,1,1,10,2025,1,38,5.0,1000000.0,53778
8448578,1,3,1,10,2025,1,71,10.0,4000000.0,29447
8447305,1,1,1,10,2025,2,43,9.0,800000.0,26658
8449254,1,2,1,10,2025,2,43,3.0,220000.0,30729
8449365,1,1,1,10,2025,1,83,3.0,1300000.0,31051
8472855,1,1,1,10,2025,2,62,3.0,710000.0,64837
8466109,1,1,1,10,2025,1,71,5.0,3900000.0,48972
8443097,1,2,1,10,2025,2,30,7.0,2900000.0,16712
8466111,1,1,1,10,2025,2,44,10.0,1800000.0,48978
8470538,1,1,1,10,2025,2,19,5.0,1523500.0,59962
8449467,1,2,1,10,2025,1,67,3.0,375000.0,31313
8467093,1,1,1,10,2025,1,58,4.0,800000.0,51336
8446461,1,2,1,10,2025,2,57,5.0,1423500.0,24739
8470738,1,2,1,10,2025,1,21,9.0,240000.0,60459
8442746,1,5,1,10,2025,2,27,5.0,250000.0,15839
8469644,1,1,1,10,2025,2,41,4.0,500000.0,57770
8452210,1,1,1,10,2025,1,59,6.0,1200000.0,38223
8445482,1,1,1,10,2025,2,21,4.0,650000.0,22357
8452452,1,2,1,10,2025,1,39,5.0,300000.0,38857
8465988,1,1,1,10,2025,1,53,10.0,1400000.0,48762
8463136,1,1,1,10,2025,2,37,5.0,1200000.0,42474
8446903,1,1,1,10,2025,2,26,10.0,1500000.0,25768
8446495,1,2,1,10,2025,2,22,8.0,1800000.0,24835
8446850,1,2,1,10,2025,2,50,10.0,2000000.0,25652
8449347,1,2,1,10,2025,2,27,5.0,500000.0,31001
8470832,1,2,1,10,2025,2,33,10.0,2000000.0,60749
8446287,1,1,1,10,2025,1,46,8.0,700000.0,24313
8463349,1,1,1,10,2025,2,62,4.0,3120000.0,43022
8450340,1,1,1,10,2025,2,35,4.0,768000.0,33514
8451404,1,1,1,10,2025,1,66,1.0,750000.0,36183
8447886,1,2,1,10,2025,2,32,8.0,4000000.0,27948
8444350,1,1,1,10,2025,2,48,3.0,400000.0,19902
8465124,1,1,1,10,2025,1,46,5.0,1700000.0,47071
8439644,1,1,1,10,2025,2,54,4.0,550000.0,8775
8438177,1,2,1,10,2025,1,35,11.0,4000000.0,5357
8444586,1,2,1,10,2025,2,64,5.0,1200000.0,20535
8446208,1,1,1,10,2025,1,59,12.0,3500000.0,24053
8443174,1,1,1,10,2025,2,34,10.0,4900000.0,16880
8437632,1,3,1,10,2025,1,37,12.0,7000000.0,4240
8440350,1,1,1,10,2025,2,52,9.0,2700000.0,10348
8462450,1,1,1,10,2025,2,45,5.0,400000.0,41006
8463467,1,1,1,10,2025,2,35,9.0,1800000.0,43362
8464282,1,1,1,10,2025,2,34,8.0,1423000.0,45064
8444734,1,1,1,10,2025,1,46,5.0,5150000.0,20928
8443528,1,2,1,10,2025,2,48,13.0,10100000.0,17827
8436683,1,2,1,10,2025,2,23,5.0,100000.0,1797
8440569,1,1,1,10,2025,2,38,3.0,1560000.0,10846
8444210,1,1,1,10,2025,2,51,10.0,2000000.0,19539
8439137,1,2,1,10,2025,2,34,12.0,6000000.0,7591
8463031,1,2,1,10,2025,1,39,6.0,1400000.0,42269
8441910,1,1,1,10,2025,2,43,11.0,2100000.0,13830
8470355,1,2,1,10,2025,2,44,3.0,600000.0,59519
8467311,1,1,1,10,2025,2,38,3.0,800000.0,51883
8466305,1,1,1,10,2025,1,54,5.0,3500000.0,49349
8446305,1,2,1,10,2025,2,46,8.0,2000000.0,24368
8443363,1,1,1,10,2025,1,38,3.0,1480000.0,17399
8473207,1,2,1,10,2025,2,28,5.0,3000000.0,65440
8445219,1,2,1,10,2025,1,29,5.0,1400000.0,21663
8469986,1,2,1,10,2025,2,55,3.0,1200000.0,58644
8437358,1,2,1,10,2025,2,46,10.0,2500000.0,3635
8464404,1,1,1,10,2025,1,41,3.0,3000000.0,45374
8467789,1,1,1,10,2025,1,62,5.0,1400000.0,53045
8467350,1,3,1,10,2025,1,47,4.0,1500000.0,51991
8448021,1,1,1,10,2025,1,48,6.0,2000000.0,28280
8441999,1,1,1,10,2025,1,78,3.0,0.0,14064
8438589,1,2,1,10,2025,1,16,4.0,600000.0,6377
8451652,1,2,1,10,2025,2,40,10.0,5600000.0,36780
8444410,1,1,1,10,2025,1,44,3.0,800000.0,20060
8442257,1,1,1,10,2025,1,60,4.0,3000000.0,14672
8471941,1,1,1,10,2025,2,25,3.0,300000.0,62970
8461808,1,1,1,10,2025,2,57,3.0,480000.0,39451
8468252,1,2,1,10,2025,1,43,5.0,1100000.0,54155
8471074,1,1,1,10,2025,2,44,5.0,1423500.0,61301
8448010,1,1,1,10,2025,2,51,11.0,3200000.0,28255
8441869,1,1,1,10,2025,2,59,5.0,600000.0,13684
8470200,1,3,1,10,2025,1,39,10.0,6000000.0,59153
8445174,1,2,1,10,2025,1,23,9.0,1423500.0,21546
8446575,1,1,1,10,2025,2,33,9.0,1200000.0,25040
8472143,1,3,1,10,2025,1,26,5.0,200000.0,63402
8466567,1,3,1,10,2025,2,18,10.0,260000.0,50069
8467441,1,1,1,10,2025,2,30,5.0,0.0,52198
8441418,1,1,1,10,2025,1,48,10.0,3400000.0,12703
8468993,1,1,1,10,2025,2,42,5.0,1623500.0,56001
8446359,1,1,1,10,2025,2,31,8.0,950000.0,24514
8449314,1,4,1,10,2025,1,23,5.0,900000.0,30926
8467680,1,3,1,10,2025,1,41,8.0,900000.0,52798
8469564,1,2,1,10,2025,1,22,3.0,960000.0,57532
8464301,1,1,1,10,2025,2,42,9.0,1400000.0,45099
8448731,1,1,1,10,2025,1,38,4.0,900000.0,29764
8472994,1,1,1,10,2025,2,34,5.0,1500000.0,65044
8438791,1,3,1,10,2025,2,23,5.0,1000000.0,6825
8438957,1,2,1,10,2025,1,51,11.0,4000000.0,7168
8450260,1,1,1,10,2025,2,51,3.0,500000.0,33312
8437474,1,2,1,10,2025,2,49,8.0,1423500.0,3917
8449442,1,2,1,10,2025,2,55,3.0,120000.0,31265
8445976,1,1,1,10,2025,1,41,10.0,2900000.0,23469
8472443,1,2,1,10,2025,1,31,12.0,3000000.0,64017
8462140,1,2,1,10,2025,1,45,3.0,1500000.0,40357
8445904,1,2,1,10,2025,2,29,5.0,840000.0,23297
8443305,1,1,1,10,2025,1,30,3.0,750000.0,17236
8445300,1,1,1,10,2025,2,66,3.0,250000.0,21924
8467488,1,2,1,10,2025,1,60,5.0,1423500.0,52330
8473249,1,1,1,10,2025,2,79,3.0,500000.0,65527
8468277,1,1,1,10,2025,2,54,10.0,1150000.0,54214
8451122,1,4,1,10,2025,2,36,3.0,600000.0,35420
8472350,1,3,1,10,2025,2,21,5.0,1423000.0,63843
8462931,1,1,1,10,2025,1,60,4.0,1500000.0,42054
8445495,1,3,1,10,2025,2,26,5.0,1423500.0,22392
8446753,1,1,1,10,2025,1,81,1.0,800000.0,25418
8441682,1,4,1,10,2025,2,61,5.0,700000.0,13284
8442616,1,2,1,10,2025,1,73,3.0,1500000.0,15510
8442070,1,1,1,10,2025,2,26,5.0,560000.0,14197
8451449,1,3,1,10,2025,1,59,9.0,3200000.0,36285
8450300,1,1,1,10,2025,2,46,9.0,3100000.0,33413
8451766,1,2,1,10,2025,1,29,12.0,3500000.0,37093
8470374,1,1,1,10,2025,1,65,4.0,500000.0,59569
8471218,1,3,1,10,2025,2,70,3.0,1500000.0,61559
8449797,1,1,1,10,2025,2,50,3.0,550000.0,32130
8442798,1,1,1,10,2025,1,32,5.0,3300000.0,15948
8444455,1,1,1,10,2025,2,52,4.0,500000.0,20193
8439838,1,1,1,10,2025,2,46,3.0,1300000.0,9266
8462418,1,1,1,10,2025,2,46,5.0,1000000.0,40939
8466615,1,1,1,10,2025,1,64,3.0,1750000.0,50182
8449945,1,5,1,10,2025,1,52,3.0,1200000.0,32503
8452287,1,1,1,10,2025,1,53,4.0,1500000.0,38428
8436624,1,3,1,10,2025,2,31,10.0,2846000.0,1641
8451432,1,1,1,10,2025,2,57,3.0,450000.0,36255
8472549,1,1,1,10,2025,1,39,8.0,3700000.0,64207
8441868,1,5,1,10,2025,2,34,4.0,140000.0,13681
8467368,1,2,1,10,2025,1,57,3.0,510000.0,52034
8445351,1,1,1,10,2025,1,46,4.0,800000.0,22049
8466220,1,2,1,10,2025,1,49,4.0,1800000.0,49230
8461785,1,1,1,10,2025,2,54,5.0,1800000.0,39385
8449408,1,1,1,10,2025,1,44,10.0,4800000.0,31164
8445572,1,1,1,10,2025,1,27,6.0,1700000.0,22575
8446407,1,2,1,10,2025,1,67,3.0,1200000.0,24634
8450110,1,1,1,10,2025,2,33,5.0,1100000.0,32933
8473175,1,1,1,10,2025,2,44,10.0,2900000.0,65371
8443966,1,1,1,10,2025,1,22,5.0,1700000.0,18942
8466768,1,2,1,10,2025,1,61,3.0,1000000.0,50544
8438901,1,1,1,10,2025,1,45,10.0,2800000.0,7061
8440283,1,1,1,10,2025,2,33,1.0,180000.0,10187
8449883,1,1,1,10,2025,2,36,10.0,2800000.0,32348
8441636,1,3,1,10,2025,1,39,4.0,1600000.0,13184
8439778,1,1,1,10,2025,1,41,3.0,1200000.0,9085
8446662,1,4,1,10,2025,2,45,8.0,800000.0,25287
8451973,1,2,1,10,2025,2,28,5.0,1423500.0,37626
8448758,1,2,1,10,2025,1,52,5.0,1000000.0,29829
8438646,1,2,1,10,2025,1,30,5.0,1400000.0,6508
8466550,1,2,1,10,2025,2,40,10.0,6500000.0,50028
8441811,1,1,1,10,2025,1,53,8.0,1500000.0,13496
8467682,1,1,1,10,2025,2,66,12.0,6000000.0,52801
8447294,1,2,1,10,2025,2,42,5.0,1000000.0,26622
8440194,1,1,1,10,2025,1,33,5.0,1423000.0,9976
8468735,1,2,1,10,2025,1,39,4.0,1400000.0,55362
8449978,1,2,1,10,2025,2,65,3.0,600000.0,32615
8451491,1,2,1,10,2025,1,39,4.0,800000.0,36389
8470892,1,2,1,10,2025,1,52,3.0,1400000.0,60878
8463564,1,1,1,10,2025,2,36,11.0,6000000.0,43590
8464735,1,2,1,10,2025,1,25,4.0,300000.0,46178
8466827,1,1,1,10,2025,1,59,1.0,920000.0,50663
8437259,1,3,1,10,2025,2,31,8.0,1423500.0,3334
8463911,1,2,1,10,2025,2,63,4.0,1423500.0,44375
8471023,1,2,1,10,2025,1,36,4.0,200000.0,61182
8470198,1,2,1,10,2025,1,31,5.0,1500000.0,59147
8466958,1,1,1,10,2025,2,30,5.0,140000.0,50953
8466408,1,7,1,10,2025,1,37,5.0,1400000.0,49646
8466479,1,1,1,10,2025,1,71,3.0,1503000.0,49841
8450051,1,3,1,10,2025,2,20,8.0,1300000.0,32780
8451228,1,1,1,10,2025,2,45,5.0,1057000.0,35711
8465421,1,2,1,10,2025,2,22,6.0,1423500.0,47582
8449568,1,2,1,10,2025,2,34,6.0,1200000.0,31559
8440525,1,1,1,10,2025,1,49,5.0,1000000.0,10728
8470951,1,2,1,10,2025,1,60,3.0,1600000.0,61010
8462233,1,1,1,10,2025,2,34,9.0,0.0,40552
8463256,1,5,1,10,2025,2,36,5.0,900000.0,42762
8438482,1,1,1,10,2025,2,32,10.0,2847000.0,6121
8463812,1,2,1,10,2025,2,20,3.0,1400000.0,44170
8450575,1,1,1,10,2025,2,28,10.0,1600000.0,34082
8437628,1,2,1,10,2025,2,44,9.0,1600000.0,4230
8442669,1,2,1,10,2025,2,27,5.0,400000.0,15637
8464363,1,2,1,10,2025,2,20,6.0,800000.0,45276
8465653,1,1,1,10,2025,2,54,3.0,1723500.0,48042
8473143,1,3,1,10,2025,2,60,3.0,300000.0,65330
8441842,1,2,1,10,2025,2,44,5.0,400000.0,13588
8462632,1,1,1,10,2025,1,60,5.0,1000000.0,41428
8436500,1,1,1,10,2025,2,58,4.0,1500000.0,1302
8442180,1,1,1,10,2025,2,47,5.0,1423500.0,14474
8446107,1,1,1,10,2025,1,36,10.0,2150000.0,23794
8473147,1,1,1,10,2025,1,59,3.0,2200000.0,65333
8444529,1,1,1,10,2025,1,26,5.0,2300000.0,20383
8468911,1,2,1,10,2025,2,27,4.0,1840000.0,55824
8450083,1,1,1,10,2025,1,47,5.0,570000.0,32867
8463149,1,3,1,10,2025,1,29,8.0,1800000.0,42497
8472988,1,2,1,10,2025,2,33,5.0,800000.0,65033
8473044,1,1,1,10,2025,2,36,8.0,2000000.0,65151
8463805,1,1,1,10,2025,1,50,5.0,1900000.0,44149
8447767,1,4,1,10,2025,1,32,4.0,600000.0,27652
8465080,1,1,1,10,2025,1,43,9.0,2600000.0,46951
8467971,1,1,1,10,2025,2,62,1.0,110000.0,53541
8471995,1,1,1,10,2025,1,48,10.0,1700000.0,63058
8470902,1,1,1,10,2025,1,37,10.0,2000000.0,60902
8463425,1,3,1,10,2025,2,40,10.0,1900000.0,43259
8439049,1,1,1,10,2025,1,40,9.0,1700000.0,7373
8444436,1,3,1,10,2025,1,18,4.0,500000.0,20131
8465665,1,2,1,10,2025,2,42,10.0,7100000.0,48070
8440250,1,4,1,10,2025,2,17,10.0,1600000.0,10105
8473403,1,1,1,10,2025,1,49,8.0,280000.0,65821
8463171,1,3,1,10,2025,1,20,5.0,1900000.0,42549
8470603,1,2,1,10,2025,2,44,8.0,1423500.0,60139
8470824,1,1,1,10,2025,1,36,9.0,600000.0,60731
8468271,1,1,1,10,2025,2,21,5.0,1423500.0,54198
8468361,1,3,1,10,2025,1,43,9.0,2500000.0,54412
8449640,1,2,1,10,2025,2,35,10.0,3600000.0,31718
8469238,1,1,1,10,2025,2,26,10.0,7000000.0,56661
8439800,1,5,1,10,2025,2,60,3.0,1100000.0,9161
8441393,1,1,1,10,2025,2,39,11.0,4400000.0,12680
8464617,1,2,1,10,2025,2,37,10.0,3200000.0,45898
8440008,1,1,1,10,2025,2,21,5.0,1200000.0,9583
8468995,1,2,1,10,2025,1,61,3.0,1000000.0,56006
8437210,1,3,1,10,2025,1,26,5.0,2200000.0,3183
8450388,1,1,1,10,2025,1,64,10.0,5000000.0,33638
8438833,1,1,1,10,2025,1,32,10.0,1800000.0,6914
8451767,1,2,1,10,2025,1,27,4.0,1400000.0,37095
8463007,1,1,1,10,2025,2,42,8.0,400000.0,42217
8451378,1,1,1,10,2025,1,40,3.0,1800000.0,36111
8466271,1,4,1,10,2025,2,18,5.0,1400000.0,49289
8444047,1,1,1,10,2025,1,53,3.0,1200000.0,19187
8473033,1,2,1,10,2025,1,45,5.0,1200000.0,65135
8442838,1,5,1,10,2025,2,39,5.0,1423500.0,16062
8440370,1,2,1,10,2025,2,32,5.0,2000000.0,10399
8447084,1,1,1,10,2025,2,37,3.0,2400000.0,26181
8448065,1,2,1,10,2025,2,68,3.0,800000.0,28417
8467556,1,2,1,10,2025,2,21,8.0,1260000.0,52466
8467470,1,1,1,10,2025,1,33,10.0,2500000.0,52282
8437452,1,1,1,10,2025,1,55,3.0,2200000.0,3858
8471212,1,2,1,10,2025,1,56,4.0,1400000.0,61550
8450602,1,4,1,10,2025,2,29,9.0,1500000.0,34152
8445652,1,2,1,10,2025,2,24,5.0,1423500.0,22766
8445276,1,2,1,10,2025,2,61,5.0,1423500.0,21848
8441595,1,1,1,10,2025,2,35,5.0,1000000.0,13109
8467944,1,1,1,10,2025,2,52,1.0,456000.0,53475
8468159,1,1,1,10,2025,2,26,8.0,1200000.0,53967
8447039,1,1,1,10,2025,1,65,3.0,1200000.0,26077
8447537,1,1,1,10,2025,2,39,11.0,4000000.0,27196
8463626,1,2,1,10,2025,2,37,9.0,1800000.0,43718
8444600,1,1,1,10,2025,2,26,4.0,800000.0,20567
8442963,1,1,1,10,2025,2,29,9.0,2440000.0,16355
8443739,1,1,1,10,2025,1,33,5.0,1800000.0,18371
8466244,1,1,1,10,2025,1,21,3.0,1300000.0,49246
8465812,1,2,1,10,2025,1,22,10.0,1400000.0,48366
8437669,1,2,1,10,2025,2,41,5.0,1230000.0,4325
8441107,1,2,1,10,2025,2,55,5.0,400000.0,12082
8467097,1,2,1,10,2025,1,34,5.0,1730000.0,51349
8450129,1,1,1,10,2025,1,59,10.0,7000000.0,32962
8440819,1,2,1,10,2025,2,66,5.0,1423500.0,11510
8448085,1,1,1,10,2025,2,64,3.0,400000.0,28457
8465004,1,1,1,10,2025,2,31,8.0,1423500.0,46763
8463353,1,1,1,10,2025,1,31,4.0,1000000.0,43035
8447268,1,1,1,10,2025,1,70,3.0,1200000.0,26542
8440495,1,2,1,10,2025,2,48,5.0,1523500.0,10662
8472054,1,1,1,10,2025,2,57,4.0,880000.0,63195
8443616,1,4,1,10,2025,2,53,5.0,2500000.0,18059
8465651,1,3,1,10,2025,2,36,9.0,1500000.0,48040
8443254,1,1,1,10,2025,1,67,5.0,450000.0,17060
8463217,1,1,1,10,2025,2,27,10.0,2200000.0,42671
8450352,1,1,1,10,2025,2,56,5.0,500000.0,33554
8447797,1,2,1,10,2025,1,40,8.0,1400000.0,27724
8451287,1,1,1,10,2025,2,62,3.0,250000.0,35864
8451503,1,4,1,10,2025,1,31,8.0,300000.0,36417
8440041,1,1,1,10,2025,1,32,3.0,1423000.0,9644
8451862,1,1,1,10,2025,2,42,5.0,2000000.0,37339
8443462,1,1,1,10,2025,1,45,3.0,400000.0,17640
8446899,1,2,1,10,2025,2,31,8.0,1423500.0,25756
8465137,1,2,1,10,2025,2,28,5.0,900000.0,47102
8449398,1,1,1,10,2025,2,31,5.0,700000.0,31140
8436734,1,2,1,10,2025,2,29,5.0,500000.0,1934
8463375,1,1,1,10,2025,2,30,10.0,1800000.0,43097
8438481,1,1,1,10,2025,1,44,5.0,1423500.0,6117
8448467,1,1,1,10,2025,1,47,5.0,1673500.0,29201
8449241,1,2,1,10,2025,1,47,4.0,1423500.0,30697
8445685,1,2,1,10,2025,2,23,5.0,1623500.0,22843
8467201,1,3,1,10,2025,2,23,8.0,1800000.0,51634
8468346,1,1,1,10,2025,2,44,8.0,1623500.0,54365
8447384,1,3,1,10,2025,1,33,5.0,1100000.0,26853
8472242,1,4,1,10,2025,2,57,5.0,500000.0,63617
8446524,1,1,1,10,2025,2,43,5.0,1423500.0,24885
8445742,1,1,1,10,2025,1,66,1.0,520000.0,22951
8467657,1,2,1,10,2025,1,28,6.0,1423500.0,52747
8466517,1,1,1,10,2025,1,56,1.0,2223500.0,49966
8470097,1,2,1,10,2025,1,28,4.0,1800000.0,58925
8449529,1,3,1,10,2025,2,26,8.0,1800000.0,31470
8440121,1,2,1,10,2025,2,44,5.0,1080000.0,9811
8447686,1,1,1,10,2025,1,48,5.0,3000000.0,27508
8467689,1,1,1,10,2025,1,69,3.0,600000.0,52818
8464880,1,2,1,10,2025,2,37,10.0,3000000.0,46462
8461898,1,1,1,10,2025,2,41,10.0,600000.0,39698
8447253,1,1,1,10,2025,2,51,5.0,450000.0,26489
8468105,1,2,1,10,2025,2,19,8.0,3000000.0,53853
8442820,1,1,1,10,2025,1,53,5.0,800000.0,16016
8440632,2,1,2,10,2025,2,31,5.0,1673000.0,11049
8469862,1,1,1,10,2025,1,44,5.0,1583500.0,58325
8472453,1,1,1,10,2025,2,42,8.0,1423500.0,64047
8447426,1,1,1,10,2025,1,29,10.0,1700000.0,26958
8466396,1,3,1,10,2025,2,28,9.0,450000.0,49596
8442131,1,2,1,10,2025,1,28,10.0,800000.0,14342
8443941,1,1,1,10,2025,1,69,12.0,12000000.0,18877
8450168,1,2,1,10,2025,2,20,10.0,1423500.0,33077
8446439,1,3,1,10,2025,1,26,6.0,1800000.0,24689
8470890,1,3,1,10,2025,1,27,5.0,1950000.0,60874
8452444,1,2,1,10,2025,2,28,5.0,1300000.0,38821
8468920,1,1,1,10,2025,2,45,8.0,1423500.0,55843
8464074,1,2,1,10,2025,2,62,10.0,2500000.0,44719
8469959,1,1,1,10,2025,2,57,3.0,880000.0,58573
8461920,1,2,1,10,2025,1,21,8.0,500000.0,39764
8468175,1,1,1,10,2025,2,54,3.0,500000.0,54006
8441894,1,2,1,10,2025,2,22,10.0,1700000.0,13767
8440123,1,2,1,10,2025,2,29,4.0,1423500.0,9816
8473202,1,4,1,10,2025,2,25,6.0,2100000.0,65432
8442668,1,1,1,10,2025,2,46,8.0,1500000.0,15633
8448701,1,5,1,10,2025,2,45,5.0,190000.0,29682
8464156,1,1,1,10,2025,2,53,11.0,5000000.0,44868
8436940,1,2,1,10,2025,1,39,8.0,1423500.0,2551
8468051,1,1,1,10,2025,2,49,8.0,1400000.0,53729
8467674,1,1,1,10,2025,2,54,5.0,1000000.0,52780
8450584,1,2,1,10,2025,1,34,11.0,4000000.0,34107
8463347,1,1,1,10,2025,1,72,3.0,800000.0,43013
8471224,1,4,1,10,2025,1,32,9.0,1623500.0,61576
8463556,1,2,1,10,2025,2,50,5.0,1400000.0,43574
8438561,1,2,1,10,2025,2,58,4.0,300000.0,6299
8452013,1,1,1,10,2025,2,63,5.0,1200000.0,37729
8469520,1,4,1,10,2025,1,19,5.0,1800000.0,57406
8439251,1,1,1,10,2025,2,65,5.0,1400000.0,7833
8472118,1,3,1,10,2025,2,54,4.0,1200000.0,63327
8446373,1,1,1,10,2025,1,26,6.0,2500000.0,24549
8452495,1,1,1,10,2025,2,60,12.0,8000000.0,38967
8465387,1,4,1,10,2025,2,18,8.0,1423500.0,47531
8465703,1,1,1,10,2025,1,54,5.0,400000.0,48097
8437398,1,1,1,10,2025,1,80,10.0,1000000.0,3710
8464607,1,4,1,10,2025,1,36,8.0,2500000.0,45879
8440539,1,1,1,10,2025,1,51,10.0,3500000.0,10762
8470000,1,1,1,10,2025,1,54,3.0,1100000.0,58679
8467132,1,2,1,10,2025,2,20,8.0,500000.0,51475
8438980,1,2,1,10,2025,1,20,5.0,1423500.0,7225
8463356,1,6,1,10,2025,2,38,5.0,100000.0,43049
8452268,1,1,1,10,2025,1,38,5.0,1500000.0,38376
8472664,1,2,1,10,2025,2,19,10.0,300000.0,64450
8442889,1,1,1,10,2025,1,18,4.0,1200000.0,16174
8471606,1,1,1,10,2025,1,74,3.0,2500000.0,62341
8436190,1,2,1,10,2025,1,53,6.0,900000.0,596
8436909,1,1,1,10,2025,2,21,9.0,150000.0,2455
8464573,1,2,1,10,2025,2,50,8.0,900000.0,45787
8462577,1,3,1,10,2025,1,47,3.0,1900000.0,41332
8439706,1,2,1,10,2025,2,38,5.0,1300000.0,8960
8450888,1,1,1,10,2025,1,59,10.0,5000000.0,34828
8451522,1,1,1,10,2025,2,39,5.0,200000.0,36471
8447555,1,2,1,10,2025,2,48,4.0,700000.0,27231
8442665,1,2,1,10,2025,1,43,5.0,1800000.0,15624
8461815,1,5,1,10,2025,2,23,5.0,250000.0,39474
8450135,1,2,1,10,2025,2,55,5.0,500000.0,32981
8468713,1,1,1,10,2025,2,36,3.0,1200000.0,55301
8464501,1,1,1,10,2025,2,36,5.0,1423500.0,45618
8442268,1,1,1,10,2025,2,37,11.0,4700000.0,14703
8441333,1,2,1,10,2025,1,26,5.0,1200000.0,12540
8436278,1,1,1,10,2025,2,50,4.0,580000.0,804
8439719,1,3,1,10,2025,2,52,5.0,1423000.0,8989
8444536,1,2,1,10,2025,1,31,5.0,1423500.0,20409
8467805,1,2,1,10,2025,1,30,8.0,1400000.0,53085
8444634,1,1,1,10,2025,2,37,6.0,500000.0,20651
8470767,1,1,1,10,2025,1,54,3.0,1500000.0,60566
8463066,1,2,1,10,2025,1,60,3.0,1400000.0,42341
8463958,1,2,1,10,2025,2,28,5.0,1423500.0,44479
8472486,1,3,1,10,2025,2,36,5.0,1423500.0,64146
8463824,1,2,1,10,2025,1,59,4.0,1423500.0,44206
8443784,1,3,1,10,2025,1,59,5.0,500000.0,18472
8465563,1,1,1,10,2025,2,23,5.0,3000000.0,47879
8468984,1,1,1,10,2025,1,76,3.0,320000.0,55976
8436740,1,1,1,10,2025,1,32,6.0,2000000.0,1941
8470303,1,2,1,10,2025,2,30,6.0,1423500.0,59413
8448207,1,1,1,10,2025,1,42,4.0,1800000.0,28703
8438337,1,2,1,10,2025,2,33,5.0,1480000.0,5760
8462668,1,1,1,10,2025,1,44,12.0,4000000.0,41500
8442805,1,2,1,10,2025,2,40,8.0,3000000.0,15969
8464051,1,3,1,10,2025,2,43,5.0,750000.0,44674
8447531,1,1,1,10,2025,1,40,10.0,1800000.0,27182
8463126,1,1,1,10,2025,1,21,4.0,2400000.0,42458
8444291,1,2,1,10,2025,1,56,3.0,1200000.0,19748
8441566,1,1,1,10,2025,2,60,10.0,4000000.0,13043
8440405,1,1,1,10,2025,2,32,8.0,1700000.0,10468
8446310,1,1,1,10,2025,1,27,8.0,1200000.0,24386
8446499,1,4,1,10,2025,1,21,4.0,1200000.0,24842
8463924,1,2,1,10,2025,2,41,10.0,2860000.0,44392
8465815,1,1,1,10,2025,2,50,3.0,500000.0,48381
8445870,1,1,1,10,2025,2,47,1.0,180000.0,23221
8470394,1,2,1,10,2025,2,38,10.0,1400000.0,59621
8447024,1,3,1,10,2025,1,29,9.0,5300000.0,26038
8467878,1,2,1,10,2025,1,69,3.0,1500000.0,53296
8467973,1,1,1,10,2025,1,62,4.0,550000.0,53545
8449180,1,3,1,10,2025,1,25,5.0,1890000.0,30561
8465760,1,1,1,10,2025,1,43,8.0,1623500.0,48244
8445491,1,2,1,10,2025,1,52,3.0,720000.0,22378
8462002,1,3,1,10,2025,1,18,4.0,600000.0,40010
8436449,1,1,1,10,2025,1,70,3.0,1750000.0,1175
8470141,1,2,1,10,2025,2,59,11.0,5900000.0,59034
8469615,1,3,1,10,2025,1,22,3.0,500000.0,57681
8466594,1,1,1,10,2025,1,40,5.0,2200000.0,50140
8442700,1,1,1,10,2025,2,28,5.0,1423500.0,15720
8447204,1,2,1,10,2025,1,32,5.0,1500000.0,26350
8451579,1,1,1,10,2025,1,44,9.0,1000000.0,36579
8442010,1,1,1,10,2025,2,58,3.0,500000.0,14085
8443148,1,1,1,10,2025,2,35,11.0,3000000.0,16828
8440158,1,1,1,10,2025,2,59,5.0,1200000.0,9903
8471695,1,2,1,10,2025,1,23,5.0,1000000.0,62484
8464883,1,4,1,10,2025,2,60,5.0,3600000.0,46466
8472743,1,1,1,10,2025,1,40,5.0,1500000.0,64636
8466082,1,2,1,10,2025,2,44,10.0,500000.0,48923
8445963,1,3,1,10,2025,2,28,10.0,900000.0,23433
8472810,1,2,1,10,2025,1,53,10.0,7000000.0,64747
8442176,1,3,1,10,2025,2,26,9.0,1600000.0,14455
8437146,1,2,1,10,2025,2,56,3.0,1200000.0,3044
8467855,1,2,1,10,2025,2,22,8.0,1800000.0,53238
8439679,1,1,1,10,2025,2,53,6.0,1250000.0,8888
8436180,1,1,1,10,2025,2,34,5.0,600000.0,569
8443827,1,1,1,10,2025,2,43,5.0,560000.0,18616
8437921,1,2,1,10,2025,2,45,5.0,4000000.0,4840
8466331,1,1,1,10,2025,2,44,3.0,800000.0,49410
8448242,1,1,1,10,2025,2,75,5.0,4300000.0,28812
8468959,1,2,1,10,2025,1,37,3.0,1500000.0,55909
8463575,1,2,1,10,2025,2,23,8.0,1500000.0,43614
8466289,1,1,1,10,2025,2,31,10.0,5300000.0,49325
8472317,1,1,1,10,2025,2,58,3.0,400000.0,63776
8452219,1,2,1,10,2025,1,54,4.0,1500000.0,38252
8462909,1,1,1,10,2025,1,71,1.0,900000.0,42005
8467380,1,2,1,10,2025,1,36,10.0,1423500.0,52065
8441499,1,1,1,10,2025,2,33,10.0,2000000.0,12882
8451937,1,2,1,10,2025,1,34,5.0,1423000.0,37519
8472604,1,1,1,10,2025,2,43,3.0,400000.0,64309
8445502,1,3,1,10,2025,1,32,5.0,800000.0,22404
8444692,1,1,1,10,2025,2,30,5.0,1423500.0,20805
8436890,1,1,1,10,2025,1,49,4.0,840000.0,2369
8444759,1,2,1,10,2025,2,53,3.0,650000.0,20995
8442307,1,3,1,10,2025,2,25,10.0,1420000.0,14794
8438009,1,1,1,10,2025,2,40,5.0,20000000.0,5001
8451808,1,2,1,10,2025,2,28,8.0,2000000.0,37201
8450387,1,1,1,10,2025,1,40,5.0,1050000.0,33637
8447397,1,7,1,10,2025,2,21,4.0,550000.0,26898
8468607,1,1,1,10,2025,2,40,5.0,1400000.0,55025
8451839,1,1,1,10,2025,1,38,5.0,800000.0,37273
8445668,1,1,1,10,2025,1,55,5.0,1500000.0,22800
8445495,1,2,1,10,2025,1,61,3.0,1800000.0,22391
8469703,1,1,1,10,2025,1,37,4.0,320000.0,57909
8445710,1,3,1,10,2025,1,35,4.0,1000000.0,22896
8446540,1,5,1,10,2025,1,25,10.0,305000.0,24930
8448583,2,1,2,10,2025,2,20,10.0,2000000.0,29459
8463939,1,1,1,10,2025,1,38,9.0,8000000.0,44434
8447059,1,2,1,10,2025,1,32,11.0,1400000.0,26129
8444744,1,1,1,10,2025,2,31,5.0,1000000.0,20955
8462031,1,2,1,10,2025,2,25,10.0,500000.0,40085
8439704,1,2,1,10,2025,2,52,6.0,700000.0,8953
8469908,1,1,1,10,2025,1,51,5.0,1800000.0,58428
8473335,1,1,1,10,2025,2,36,10.0,3000000.0,65716
8452608,1,1,1,10,2025,1,53,11.0,6300000.0,39272
8469251,1,2,1,10,2025,2,25,5.0,1423500.0,56690
8465432,1,1,1,10,2025,1,38,4.0,2200000.0,47606
8439300,1,3,1,10,2025,2,30,10.0,1423500.0,7962
8449164,1,1,1,10,2025,1,66,3.0,1000000.0,30524
8464567,1,1,1,10,2025,2,48,5.0,300000.0,45773
8439602,1,1,1,10,2025,1,37,10.0,9000000.0,8667
8462742,1,1,1,10,2025,2,49,8.0,2600000.0,41666
8470535,1,6,1,10,2025,1,51,8.0,1600000.0,59959
8469468,1,1,1,10,2025,2,52,5.0,1423500.0,57264
8463202,1,1,1,10,2025,1,28,5.0,1000000.0,42627
8448546,1,1,1,10,2025,2,53,8.0,1400000.0,29374
8450502,1,1,1,10,2025,1,67,3.0,400000.0,33870
8436960,1,1,1,10,2025,2,37,10.0,5000000.0,2618
8438559,1,2,1,10,2025,2,55,3.0,1300000.0,6295
8468256,1,2,1,10,2025,2,61,3.0,400000.0,54169
8473795,1,1,1,10,2025,2,28,9.0,1600000.0,66247
8472354,1,2,1,10,2025,2,39,8.0,1300000.0,63857
8466859,1,2,1,10,2025,2,32,3.0,360000.0,50756
8452308,1,1,1,10,2025,2,24,5.0,780000.0,38477
8466281,1,2,1,10,2025,2,39,8.0,2000000.0,49309
8470761,1,1,1,10,2025,1,49,4.0,800000.0,60541
8468395,1,1,1,10,2025,2,41,5.0,1425000.0,54524
8436335,1,2,1,10,2025,1,41,10.0,1800000.0,943
8444930,1,2,1,10,2025,1,25,9.0,1423500.0,21444
8450443,1,3,1,10,2025,2,32,10.0,2500000.0,33769
8447588,1,1,1,10,2025,2,49,5.0,600000.0,27286
8473794,1,1,1,10,2025,1,59,4.0,1423000.0,66243
8450386,1,1,1,10,2025,2,60,11.0,5000000.0,33634
8466866,1,1,1,10,2025,2,43,3.0,720000.0,50777
8470361,1,2,1,10,2025,2,69,1.0,300000.0,59534
8463687,1,1,1,10,2025,1,45,4.0,1600000.0,43862
8436183,1,1,1,10,2025,1,45,5.0,1423500.0,579
8440361,1,1,1,10,2025,2,37,5.0,2000000.0,10372
8436419,1,1,1,10,2025,2,26,8.0,1423500.0,1103
8437424,1,2,1,10,2025,1,55,10.0,3000000.0,3784
8442204,1,1,1,10,2025,2,45,5.0,2023500.0,14553
8465816,1,1,1,10,2025,1,43,5.0,1423500.0,48383
8473216,1,3,1,10,2025,1,24,6.0,2000000.0,65472
8441542,1,1,1,10,2025,2,75,3.0,900000.0,12987
8450182,1,2,1,10,2025,1,56,5.0,2160000.0,33114
8466459,1,2,1,10,2025,1,48,8.0,1423000.0,49790
8463737,1,1,1,10,2025,1,68,3.0,700000.0,43973
8441502,1,1,1,10,2025,2,26,5.0,1000000.0,12887
8452562,1,1,1,10,2025,1,54,4.0,800000.0,39159
8470868,1,4,1,10,2025,1,26,10.0,6000000.0,60819
8450480,1,1,1,10,2025,2,46,5.0,1250000.0,33836
8468734,1,1,1,10,2025,2,26,8.0,100000.0,55356
8443812,1,2,1,10,2025,2,45,8.0,300000.0,18566
8469436,1,1,1,10,2025,1,47,4.0,500000.0,57186
8462661,1,2,1,10,2025,2,75,3.0,0.0,41491
8436892,1,3,1,10,2025,2,28,8.0,1423000.0,2381
8464004,1,2,1,10,2025,2,23,10.0,1000000.0,44572
8463048,1,1,1,10,2025,1,57,3.0,1300000.0,42305
8439171,1,5,1,10,2025,1,52,10.0,1400000.0,7663
8449341,1,1,1,10,2025,2,50,5.0,1100000.0,30984
8445581,1,1,1,10,2025,2,31,10.0,1400000.0,22598
8468309,1,1,1,10,2025,1,70,10.0,3000000.0,54280
8446360,1,1,1,10,2025,2,61,4.0,800000.0,24518
8447793,1,1,1,10,2025,2,48,8.0,2000000.0,27705
8472314,1,1,1,10,2025,2,56,3.0,1100000.0,63765
8452065,1,2,1,10,2025,1,30,5.0,1200000.0,37842
8438013,1,2,1,10,2025,2,52,10.0,6000000.0,5010
8461822,1,2,1,10,2025,1,57,1.0,780000.0,39504
8440189,1,1,1,10,2025,2,30,9.0,500000.0,9966
8436910,1,2,1,10,2025,1,38,5.0,2000000.0,2460
8469533,1,3,1,10,2025,2,31,9.0,800000.0,57448
8465063,1,1,1,10,2025,1,55,8.0,1423500.0,46897
8452448,1,1,1,10,2025,1,50,3.0,300000.0,38842
8449338,1,1,1,10,2025,1,45,5.0,1000000.0,30977
8447006,1,1,1,10,2025,1,38,10.0,1400000.0,26006
8450159,1,1,1,10,2025,2,47,5.0,200000.0,33050
8450899,1,2,1,10,2025,1,32,1.0,1000000.0,34846
8465754,1,2,1,10,2025,1,23,5.0,100000.0,48231
8448714,1,1,1,10,2025,1,32,10.0,1700000.0,29721
8449661,1,1,1,10,2025,1,27,4.0,1500000.0,31796
8443368,1,2,1,10,2025,2,60,3.0,250000.0,17412
8444540,1,1,1,10,2025,2,43,4.0,750000.0,20418
8466693,1,1,1,10,2025,2,46,9.0,600000.0,50366
8466558,1,1,1,10,2025,2,45,6.0,640000.0,50043
8446603,1,1,1,10,2025,2,21,10.0,3600000.0,25124
8472936,1,2,1,10,2025,1,31,5.0,1423500.0,64971
8449452,1,1,1,10,2025,1,53,1.0,400000.0,31280
8445746,1,1,1,10,2025,1,47,3.0,1700000.0,22962
8439974,1,1,1,10,2025,1,31,5.0,1423000.0,9510
8462416,1,1,1,10,2025,1,43,8.0,3000000.0,40934
8466602,1,1,1,10,2025,2,23,3.0,900000.0,50154
8461922,1,1,1,10,2025,2,52,5.0,1000000.0,39770
8451597,1,1,1,10,2025,1,29,5.0,1423500.0,36614
8442048,1,1,1,10,2025,1,60,3.0,1423500.0,14149
8450914,1,1,1,10,2025,1,78,1.0,250000.0,34891
8468307,1,2,1,10,2025,2,21,5.0,1423500.0,54275
8446327,1,3,1,10,2025,1,52,10.0,1250000.0,24430
8471721,1,1,1,10,2025,1,31,10.0,400000.0,62521
8451869,1,1,1,10,2025,2,34,5.0,1500000.0,37349
8466287,1,1,1,10,2025,1,49,8.0,6500000.0,49318
8462546,1,1,1,10,2025,2,41,5.0,150000.0,41245
8467214,1,1,1,10,2025,1,41,5.0,1700000.0,51664
8441481,1,1,1,10,2025,1,44,10.0,3200000.0,12845
8463597,1,2,1,10,2025,2,35,10.0,7000000.0,43656
8472880,1,1,1,10,2025,1,39,5.0,3900000.0,64906
8469510,1,1,1,10,2025,2,78,3.0,1500000.0,57380
8473716,1,1,1,10,2025,1,27,10.0,2500000.0,66157
8446988,1,1,1,10,2025,2,53,8.0,2000000.0,25978
8438657,1,1,1,10,2025,2,60,11.0,4500000.0,6538
8465066,1,1,1,10,2025,2,68,3.0,100000.0,46907
8450940,1,1,1,10,2025,2,46,3.0,100000.0,34991
8437050,1,1,1,10,2025,2,26,10.0,1700000.0,2830
8472791,1,1,1,10,2025,1,27,5.0,1423500.0,64721
8464308,1,2,1,10,2025,2,52,5.0,1600000.0,45120
8463030,1,2,1,10,2025,1,42,3.0,900000.0,42266
8449344,1,1,1,10,2025,2,35,5.0,600000.0,30991
8437508,1,1,1,10,2025,1,53,10.0,1200000.0,4019
8443783,1,1,1,10,2025,1,60,11.0,5500000.0,18468
8464457,1,4,1,10,2025,2,41,5.0,104000.0,45517
8436184,1,2,1,10,2025,2,36,8.0,480000.0,584
8472545,1,1,1,10,2025,2,48,11.0,8000000.0,64193
8442128,1,2,1,10,2025,2,20,3.0,600000.0,14339
8462300,1,1,1,10,2025,1,38,4.0,2300000.0,40683
8472159,1,1,1,10,2025,1,56,5.0,1000000.0,63442
8471403,1,2,1,10,2025,2,22,10.0,500000.0,61919
8441340,1,1,1,10,2025,1,45,5.0,2000000.0,12554
8444557,1,1,1,10,2025,2,42,4.0,1000000.0,20465
8451939,1,1,1,10,2025,1,34,6.0,500000.0,37522
8471558,1,2,1,10,2025,1,35,8.0,1700000.0,62215
8436986,1,3,1,10,2025,2,16,5.0,1423500.0,2673
8442870,1,1,1,10,2025,1,58,5.0,1850000.0,16130
8437449,1,1,1,10,2025,2,46,10.0,3500000.0,3851
8463316,1,1,1,10,2025,2,28,4.0,1600000.0,42921
8473318,1,1,1,10,2025,2,60,4.0,1423500.0,65697
8461864,1,1,1,10,2025,1,43,5.0,1423500.0,39606
8461989,1,2,1,10,2025,2,66,3.0,300000.0,39966
8465391,1,3,1,10,2025,1,38,3.0,300000.0,47535
8450244,1,1,1,10,2025,2,42,6.0,1200000.0,33272
8445599,1,1,1,10,2025,2,43,5.0,1523500.0,22652
8451236,1,2,1,10,2025,1,39,3.0,750000.0,35736
8437372,1,3,1,10,2025,1,25,10.0,1600000.0,3672
8440098,1,1,1,10,2025,1,39,5.0,1423500.0,9754
8469040,1,1,1,10,2025,2,72,3.0,205000.0,56120
8466349,1,1,1,10,2025,1,63,8.0,600000.0,49483
8439206,1,2,1,10,2025,1,45,10.0,4500000.0,7726
8461761,1,2,1,10,2025,2,62,3.0,300000.0,39310
8469558,1,1,1,10,2025,2,32,10.0,1800000.0,57514
8451626,1,5,1,10,2025,2,34,5.0,3023000.0,36703
8466521,1,3,1,10,2025,1,28,10.0,1423500.0,49979
8441744,1,7,1,10,2025,2,37,10.0,1400000.0,13426
8437844,1,2,1,10,2025,1,31,3.0,2000000.0,4687
8444371,1,1,1,10,2025,1,43,5.0,1500000.0,19952
8439793,1,2,1,10,2025,2,40,8.0,1423500.0,9135
8441863,1,1,1,10,2025,2,46,3.0,600000.0,13659
8438609,1,2,1,10,2025,1,61,3.0,700000.0,6425
8450327,1,3,1,10,2025,1,18,8.0,200000.0,33491
8439541,1,2,1,10,2025,2,20,5.0,1000000.0,8517
8439107,1,1,1,10,2025,2,42,8.0,1423000.0,7519
8464654,1,1,1,10,2025,1,62,5.0,1900000.0,45989
8472435,1,1,1,10,2025,2,65,3.0,220000.0,64000
8473833,1,1,1,10,2025,1,26,12.0,4500000.0,66355
8464157,1,1,1,10,2025,2,32,10.0,1188000.0,44869
8472844,1,1,1,10,2025,2,62,5.0,1400000.0,64812
8446480,1,1,1,10,2025,2,48,4.0,900000.0,24799
8464716,1,1,1,10,2025,1,35,9.0,1423500.0,46138
8464406,1,1,1,10,2025,1,63,5.0,1500000.0,45379
8448092,1,1,1,10,2025,1,30,5.0,2200000.0,28468
8467858,1,3,1,10,2025,1,26,10.0,2500000.0,53246
8440510,1,1,1,10,2025,1,24,5.0,900000.0,10699
8464557,1,2,1,10,2025,1,30,4.0,1600000.0,45742
8466197,1,1,1,10,2025,2,47,11.0,5000000.0,49187
8468390,1,2,1,10,2025,1,35,10.0,3000000.0,54510
8443481,1,3,1,10,2025,2,31,8.0,1423500.0,17694
8473619,1,1,1,10,2025,1,23,5.0,800000.0,65980
8440113,1,2,1,10,2025,2,61,5.0,1423000.0,9794
8467572,1,1,1,10,2025,1,41,5.0,1100000.0,52510
8446238,1,3,1,10,2025,1,22,4.0,900000.0,24152
8462654,1,1,1,10,2025,1,57,3.0,1440000.0,41474
8450256,1,2,1,10,2025,1,41,3.0,500000.0,33304
8467909,1,2,1,10,2025,2,24,9.0,1423500.0,53367
8447040,1,1,1,10,2025,1,39,5.0,1440000.0,26080
8443842,1,2,1,10,2025,1,39,5.0,1423500.0,18655
8467333,1,2,1,10,2025,2,43,4.0,300000.0,51938
8468884,1,6,1,10,2025,1,21,5.0,1500000.0,55760
8468103,1,1,1,10,2025,1,34,5.0,1700000.0,53850
8446396,1,2,1,10,2025,1,31,3.0,1423500.0,24605
8442998,1,2,1,10,2025,2,50,4.0,1423000.0,16443
8468832,1,1,1,10,2025,2,48,5.0,1423500.0,55618
8438370,1,3,1,10,2025,1,60,4.0,3200000.0,5833
8466733,1,2,1,10,2025,2,27,10.0,2600000.0,50467
8468854,1,2,1,10,2025,2,25,5.0,700000.0,55684
8449680,1,1,1,10,2025,1,32,3.0,2000000.0,31840
8470388,2,1,2,10,2025,2,35,5.0,1423500.0,59604
8470516,1,3,1,10,2025,2,39,5.0,1623500.0,59907
8470268,1,1,1,10,2025,1,41,5.0,1423500.0,59317
8443893,1,2,1,10,2025,2,46,8.0,1423500.0,18773
8462705,1,1,1,10,2025,2,40,4.0,600000.0,41575
8451554,1,3,1,10,2025,1,54,8.0,3000000.0,36542
8472832,1,1,1,10,2025,1,24,5.0,1300000.0,64784
8463508,1,1,1,10,2025,1,59,4.0,1500000.0,43472
8468644,1,2,1,10,2025,2,38,5.0,1400000.0,55094
8451600,1,2,1,10,2025,2,39,10.0,4000000.0,36627
8464822,1,2,1,10,2025,1,33,1.0,800000.0,46328
8438977,1,1,1,10,2025,1,52,11.0,7000000.0,7220
8467627,2,1,2,10,2025,2,49,1.0,900000.0,52673
8443246,1,1,1,10,2025,1,22,4.0,800000.0,17042
8441276,1,2,1,10,2025,2,35,8.0,1550000.0,12443
8437835,1,1,1,10,2025,2,50,9.0,1800000.0,4662
8439572,1,4,1,10,2025,2,25,10.0,1000000.0,8595
8442889,1,2,1,10,2025,2,19,4.0,0.0,16175
8462687,1,1,1,10,2025,1,21,8.0,1423500.0,41540
8452463,1,2,1,10,2025,1,61,5.0,2300000.0,38898
8473135,1,1,1,10,2025,2,45,4.0,350000.0,65309
8438597,1,1,1,10,2025,1,28,4.0,2600000.0,6398
8436844,1,1,1,10,2025,1,65,3.0,400000.0,2193
8445495,1,1,1,10,2025,2,59,3.0,448000.0,22390
8463734,1,1,1,10,2025,1,50,5.0,1800000.0,43960
8469620,1,1,1,10,2025,2,27,4.0,300000.0,57696
8450552,1,1,1,10,2025,1,26,10.0,3500000.0,34012
8471971,1,2,1,10,2025,2,57,10.0,500000.0,63009
8438413,1,3,1,10,2025,2,25,10.0,2600000.0,5937
8470358,1,2,1,10,2025,2,45,3.0,100000.0,59527
8466701,1,1,1,10,2025,1,56,1.0,600000.0,50388
8444679,1,1,1,10,2025,1,51,10.0,2800000.0,20771
8463654,1,4,1,10,2025,2,60,5.0,1400000.0,43789
8451170,1,1,1,10,2025,2,19,9.0,1000000.0,35547
8436861,1,1,1,10,2025,2,50,3.0,1100000.0,2264
8467126,1,4,1,10,2025,2,35,5.0,1420000.0,51457
8462064,1,2,1,10,2025,1,47,5.0,200000.0,40155
8469970,1,1,1,10,2025,2,48,12.0,2000000.0,58597
8439724,1,3,1,10,2025,1,23,5.0,1423500.0,9000
8450442,1,1,1,10,2025,1,62,10.0,3500000.0,33763
8451109,1,1,1,10,2025,2,66,5.0,1423500.0,35387
8468266,1,1,1,10,2025,1,67,1.0,1030000.0,54191
8472277,1,2,1,10,2025,2,40,9.0,1000000.0,63692
8445172,1,1,1,10,2025,2,62,3.0,900000.0,21540
8444057,1,1,1,10,2025,2,31,5.0,650000.0,19215
8449965,1,1,1,10,2025,2,29,9.0,1425000.0,32559
8446809,1,2,1,10,2025,2,53,3.0,1423500.0,25551
8438555,1,4,1,10,2025,2,29,4.0,700000.0,6282
8467382,1,5,1,10,2025,1,53,3.0,400000.0,52075
8446524,1,2,1,10,2025,1,20,5.0,1423500.0,24886
8437414,1,2,1,10,2025,2,46,10.0,2000000.0,3759
8469948,1,1,1,10,2025,1,47,5.0,1423000.0,58547
8441725,1,1,1,10,2025,2,40,8.0,2600000.0,13384
8447691,1,1,1,10,2025,1,65,4.0,1200000.0,27517
8446030,1,1,1,10,2025,2,48,9.0,3600000.0,23612
8438685,1,2,1,10,2025,2,42,10.0,1400000.0,6599
8469905,1,2,1,10,2025,2,40,10.0,1423500.0,58418
8445634,1,1,1,10,2025,1,28,6.0,1600000.0,22722
8464860,1,1,1,10,2025,1,56,3.0,700000.0,46411
8452186,1,1,1,10,2025,1,29,10.0,600000.0,38152
8452326,1,1,1,10,2025,1,40,5.0,4800000.0,38515
8466789,1,1,1,10,2025,1,45,11.0,3448000.0,50574
8449922,1,3,1,10,2025,1,65,3.0,400000.0,32431
8463808,1,2,1,10,2025,2,58,5.0,750000.0,44158
8440900,1,1,1,10,2025,2,31,10.0,1500000.0,11714
8442819,1,1,1,10,2025,2,44,3.0,1423500.0,16013
8444441,1,1,1,10,2025,1,40,5.0,1100000.0,20146
8471359,1,1,1,10,2025,2,61,11.0,3000000.0,61818
8443295,1,1,1,10,2025,1,31,5.0,600000.0,17201
8461851,1,1,1,10,2025,1,50,4.0,2200000.0,39575
8463698,1,3,1,10,2025,2,47,4.0,1050000.0,43887
8443438,1,1,1,10,2025,2,52,5.0,1650000.0,17580
8465400,1,1,1,10,2025,2,32,9.0,1300000.0,47549
8449484,1,1,1,10,2025,2,59,3.0,540000.0,31351
8440364,1,1,1,10,2025,2,25,9.0,1650000.0,10382
8471434,1,1,1,10,2025,2,47,11.0,3000000.0,61982
8469583,1,1,1,10,2025,1,65,1.0,600000.0,57589
8465653,1,4,1,10,2025,2,21,5.0,1423500.0,48045
8470885,1,1,1,10,2025,1,41,3.0,2200000.0,60862
8442543,1,1,1,10,2025,2,26,10.0,1423500.0,15372
8471634,1,3,1,10,2025,2,19,8.0,1423500.0,62368
8439245,1,2,1,10,2025,2,42,10.0,3100000.0,7818
8466318,1,2,1,10,2025,2,38,10.0,1700000.0,49369
8447488,1,3,1,10,2025,1,27,4.0,1423000.0,27120
8472773,1,1,1,10,2025,1,38,5.0,2500000.0,64687
8447560,1,1,1,10,2025,2,46,10.0,5000000.0,27238
8470945,1,1,1,10,2025,2,59,5.0,1000000.0,60990
8469786,1,4,1,10,2025,1,19,5.0,1300000.0,58157
8447608,1,1,1,10,2025,1,41,5.0,1400000.0,27329
8465640,1,1,1,10,2025,1,42,10.0,3500000.0,48003
8451315,1,1,1,10,2025,1,24,4.0,800000.0,35941
8470058,1,2,1,10,2025,2,37,8.0,120000.0,58818
8469545,1,1,1,10,2025,2,62,4.0,1500000.0,57482
8451276,1,5,1,10,2025,2,30,9.0,300000.0,35827
8449420,1,2,1,10,2025,2,24,8.0,1850000.0,31201
8468160,1,1,1,10,2025,2,41,10.0,3800000.0,53970
8437457,1,2,1,10,2025,1,48,10.0,7000000.0,3869
8467141,1,1,1,10,2025,2,51,5.0,1000000.0,51502
8448237,1,1,1,10,2025,1,52,5.0,1423500.0,28803
8435982,1,8,1,10,2025,2,24,5.0,400000.0,51
8448911,1,3,1,10,2025,1,19,6.0,200000.0,30072
8471490,1,1,1,10,2025,1,55,5.0,1400000.0,62082
8444453,1,2,1,10,2025,1,52,4.0,2000000.0,20186
8470548,1,3,1,10,2025,2,32,5.0,1726000.0,59984
8469941,1,1,1,10,2025,2,30,5.0,2400000.0,58524
8447097,1,1,1,10,2025,2,51,1.0,800000.0,26208
8469654,1,1,1,10,2025,1,42,5.0,620000.0,57800
8441632,1,1,1,10,2025,1,50,4.0,1600000.0,13165
8442019,1,2,1,10,2025,1,40,3.0,2800000.0,14101
8436355,1,3,1,10,2025,1,21,5.0,1000000.0,973
8438514,1,1,1,10,2025,2,48,5.0,105000.0,6204
8451408,1,1,1,10,2025,1,68,3.0,1400000.0,36188
8438015,1,2,1,10,2025,2,26,5.0,800000.0,5016
8464146,1,1,1,10,2025,2,27,10.0,1800000.0,44848
8461843,1,2,1,10,2025,1,52,1.0,420000.0,39557
8468429,1,2,1,10,2025,2,46,12.0,4000000.0,54618
8466461,1,2,1,10,2025,1,19,5.0,900000.0,49800
8446356,1,1,1,10,2025,1,31,4.0,1000000.0,24509
8470491,1,3,1,10,2025,1,19,6.0,1700000.0,59860
8452373,1,1,1,10,2025,1,42,8.0,3000000.0,38633
8445568,1,1,1,10,2025,1,69,3.0,1700000.0,22560
8464355,1,2,1,10,2025,2,25,8.0,1623500.0,45253
8439855,1,2,1,10,2025,1,35,5.0,1500000.0,9328
8461753,1,8,1,10,2025,2,21,5.0,1000000.0,39287
8462782,1,2,1,10,2025,1,41,3.0,1000000.0,41748
8466688,1,2,1,10,2025,2,32,10.0,2500000.0,50360
8442785,1,1,1,10,2025,2,39,5.0,1423500.0,15925
8436294,1,1,1,10,2025,1,39,10.0,4106000.0,839
8468033,1,4,1,10,2025,2,80,3.0,2200000.0,53687
8448767,1,2,1,10,2025,2,39,9.0,3200000.0,29842
8451834,1,2,1,10,2025,2,24,5.0,1450000.0,37266
8471419,1,1,1,10,2025,2,22,10.0,1623000.0,61942
8441788,1,1,1,10,2025,1,26,4.0,2000000.0,13490
8451975,1,3,1,10,2025,2,38,10.0,2800000.0,37632
8441865,1,2,1,10,2025,2,49,3.0,350000.0,13665
8470295,1,1,1,10,2025,1,48,5.0,1823500.0,59390
8450608,1,4,1,10,2025,2,57,5.0,600000.0,34173
8440572,1,1,1,10,2025,2,46,3.0,720000.0,10858
8467770,1,4,1,10,2025,1,20,5.0,1423500.0,53007
8465194,1,1,1,10,2025,1,44,10.0,2823500.0,47175
8462627,1,1,1,10,2025,2,45,9.0,1600000.0,41412
8467514,1,1,1,10,2025,1,62,1.0,400000.0,52376
8437302,1,1,1,10,2025,1,45,5.0,1800000.0,3468
8461875,1,1,1,10,2025,1,34,11.0,2500000.0,39635
8451641,1,3,1,10,2025,2,45,10.0,2500000.0,36740
8444565,1,2,1,10,2025,2,26,5.0,1423500.0,20489
8462627,1,3,1,10,2025,2,37,10.0,1600000.0,41414
8469275,1,2,1,10,2025,1,39,11.0,6365930.0,56750
8438701,1,1,1,10,2025,2,30,5.0,1250000.0,6623
8463269,1,4,1,10,2025,2,49,8.0,1800000.0,42815
8465750,1,1,1,10,2025,1,38,3.0,500000.0,48216
8467081,1,2,1,10,2025,1,49,5.0,1200000.0,51293
8463331,1,3,1,10,2025,2,27,8.0,600000.0,42969
8448095,1,2,1,10,2025,2,43,9.0,1423500.0,28475
8439564,1,3,1,10,2025,1,22,5.0,250000.0,8571
8443796,1,3,1,10,2025,2,31,11.0,5200000.0,18514
8439310,1,2,1,10,2025,2,63,3.0,1200000.0,7990
8449357,1,1,1,10,2025,1,62,3.0,1600000.0,31030
8443696,1,1,1,10,2025,2,31,8.0,2300000.0,18266
8438380,1,2,1,10,2025,2,31,10.0,3000000.0,5871
8465119,1,3,1,10,2025,1,24,6.0,200000.0,47059
8449827,1,2,1,10,2025,1,38,10.0,3000000.0,32205
8438271,1,2,1,10,2025,2,50,8.0,900000.0,5568
8471263,1,2,1,10,2025,2,33,8.0,1623000.0,61656
8441991,1,1,1,10,2025,1,37,3.0,600000.0,14044
8446586,1,6,1,10,2025,1,66,3.0,300000.0,25082
8441344,1,1,1,10,2025,1,56,6.0,500000.0,12563
8438501,1,1,1,10,2025,2,34,10.0,3800000.0,6165
8449593,1,2,1,10,2025,2,58,3.0,780000.0,31620
8442263,1,2,1,10,2025,2,63,4.0,600000.0,14695
8438420,1,2,1,10,2025,1,58,3.0,1500000.0,5951
8450589,1,2,1,10,2025,2,61,5.0,960000.0,34123
8442769,1,1,1,10,2025,1,37,5.0,1800000.0,15892
8444280,1,2,1,10,2025,1,48,1.0,1950000.0,19719
8439304,1,3,1,10,2025,2,43,10.0,600000.0,7975
8444047,1,2,1,10,2025,1,29,5.0,1200000.0,19188
8437678,1,1,1,10,2025,2,53,5.0,1400000.0,4349
8469403,1,1,1,10,2025,1,60,3.0,2000000.0,57118
8473296,1,2,1,10,2025,1,45,3.0,700000.0,65629
8463143,1,1,1,10,2025,1,57,3.0,1423500.0,42483
8467754,1,3,1,10,2025,2,37,5.0,400000.0,52965
8467392,1,1,1,10,2025,1,45,5.0,2400000.0,52097
8449265,1,1,1,10,2025,1,83,1.0,900000.0,30771
8438320,1,2,1,10,2025,1,37,4.0,1200000.0,5705
8443717,1,1,1,10,2025,2,60,4.0,1500000.0,18317
8439731,1,1,1,10,2025,1,27,6.0,900000.0,9018
8452175,1,1,1,10,2025,1,42,5.0,1200000.0,38133
8466716,1,1,1,10,2025,1,46,5.0,1400000.0,50428
8437388,1,3,1,10,2025,2,58,5.0,1423000.0,3703
8443742,1,3,1,10,2025,2,28,8.0,1500000.0,18382
8463220,1,3,1,10,2025,1,31,4.0,1700000.0,42676
8443702,1,2,1,10,2025,2,51,5.0,1623500.0,18281
8437672,1,2,1,10,2025,2,55,4.0,160000.0,4337
8471937,1,2,1,10,2025,2,23,10.0,700000.0,62964
8464640,1,2,1,10,2025,2,23,5.0,400000.0,45954
8447157,1,2,1,10,2025,1,34,5.0,1423000.0,26272
8438863,1,2,1,10,2025,1,39,4.0,600000.0,6980
8439376,1,2,1,10,2025,1,70,3.0,1500000.0,8145
8443606,1,1,1,10,2025,1,73,4.0,300000.0,18028
8463401,1,2,1,10,2025,1,22,8.0,1543500.0,43184
8467948,1,1,1,10,2025,1,66,4.0,1480000.0,53491
8469499,1,1,1,10,2025,1,43,10.0,4000000.0,57353
8463736,1,1,1,10,2025,1,43,5.0,1440000.0,43967
8463250,1,1,1,10,2025,2,29,4.0,1190000.0,42736
8437404,1,1,1,10,2025,2,44,3.0,800000.0,3720
8451015,1,1,1,10,2025,1,73,3.0,1500000.0,35178
8449097,1,2,1,10,2025,2,35,10.0,1423500.0,30427
8463199,1,7,1,10,2025,2,23,5.0,1600000.0,42621
8448736,1,1,1,10,2025,1,56,5.0,1500000.0,29774
8445245,1,6,1,10,2025,1,23,4.0,250000.0,21749
8470335,1,1,1,10,2025,1,36,1.0,3050000.0,59492
8469680,1,1,1,10,2025,1,35,3.0,800000.0,57860
8437540,1,3,1,10,2025,2,23,5.0,1423500.0,4087
8450479,1,2,1,10,2025,1,57,5.0,2400000.0,33835
8440528,1,2,1,10,2025,2,32,11.0,5900000.0,10738
8448111,1,1,1,10,2025,1,46,11.0,6000000.0,28506
8472722,1,1,1,10,2025,1,40,5.0,1800000.0,64585
8462092,1,1,1,10,2025,1,76,1.0,200000.0,40207
8441755,1,1,1,10,2025,1,47,3.0,1600000.0,13434
8439682,1,1,1,10,2025,2,58,3.0,450000.0,8898
8445251,1,2,1,10,2025,1,38,3.0,1500000.0,21768
8446140,1,2,1,10,2025,1,27,5.0,1400000.0,23876
8465487,1,2,1,10,2025,1,30,10.0,6000000.0,47722
8451265,3,1,3,10,2025,1,30,5.0,1423500.0,35808
8445407,1,2,1,10,2025,1,47,3.0,500000.0,22185
8471758,1,2,1,10,2025,1,31,5.0,1200000.0,62591
8451568,1,1,1,10,2025,1,57,5.0,2200000.0,36563
8441440,1,2,1,10,2025,1,26,5.0,2143500.0,12764
8462630,1,2,1,10,2025,2,37,3.0,990000.0,41425
8451873,1,1,1,10,2025,1,42,10.0,2000000.0,37355
8463477,1,1,1,10,2025,2,36,8.0,1600000.0,43394
8470482,1,1,1,10,2025,1,37,10.0,2000000.0,59843
8450605,1,1,1,10,2025,1,36,9.0,5000000.0,34161
8468149,1,1,1,10,2025,1,43,5.0,3500000.0,53936
8466876,1,1,1,10,2025,1,41,5.0,1000000.0,50802
8463642,1,1,1,10,2025,2,49,4.0,1500000.0,43756
8445672,1,1,1,10,2025,1,56,1.0,1200000.0,22812
8436656,1,4,1,10,2025,1,25,10.0,5200000.0,1727
8469029,1,2,1,10,2025,1,62,10.0,3300000.0,56092
8470146,1,2,1,10,2025,1,23,5.0,1423500.0,59044
8467869,1,2,1,10,2025,2,26,10.0,1423500.0,53271
8447841,1,2,1,10,2025,2,43,8.0,1423500.0,27858
8441261,1,2,1,10,2025,2,54,12.0,7700000.0,12422
8452338,1,4,1,10,2025,2,28,5.0,1423500.0,38541
8437824,1,1,1,10,2025,1,54,8.0,1500000.0,4635
8443819,1,1,1,10,2025,1,30,5.0,1600000.0,18592
8472153,1,2,1,10,2025,2,24,10.0,1423500.0,63433
8444482,1,1,1,10,2025,1,25,10.0,5500000.0,20259
8446639,1,1,1,10,2025,1,36,5.0,2000000.0,25223
8437322,1,1,1,10,2025,2,29,10.0,1623500.0,3520
8436503,1,2,1,10,2025,2,23,8.0,1423000.0,1314
8449097,1,1,1,10,2025,1,33,5.0,700000.0,30426
8441501,1,2,1,10,2025,1,61,5.0,500000.0,12886
8446771,1,1,1,10,2025,2,63,11.0,200000.0,25461
8437704,1,2,1,10,2025,2,62,3.0,2000000.0,4406
8447920,1,3,1,10,2025,1,33,4.0,1200000.0,28051
8472227,1,2,1,10,2025,2,50,4.0,640000.0,63578
8464231,1,1,1,10,2025,1,56,5.0,2500000.0,45010
8465033,1,1,1,10,2025,1,38,5.0,3000000.0,46837
8451099,1,2,1,10,2025,1,46,10.0,1200000.0,35363
8462310,1,1,1,10,2025,1,26,5.0,1300000.0,40705
8472836,1,2,1,10,2025,2,44,5.0,1200000.0,64793
8448390,1,1,1,10,2025,1,57,4.0,1200000.0,29041
8446748,1,2,1,10,2025,2,43,11.0,5000000.0,25408
8439159,1,1,1,10,2025,2,29,10.0,1100000.0,7631
8441919,1,1,1,10,2025,1,24,8.0,2800000.0,13843
8438278,1,1,1,10,2025,1,47,4.0,1423000.0,5591
8444035,1,3,1,10,2025,2,37,5.0,1423000.0,19154
8442184,1,2,1,10,2025,2,34,10.0,21000000.0,14486
8441559,1,1,1,10,2025,2,19,8.0,1800000.0,13031
8464038,1,1,1,10,2025,1,45,9.0,1800000.0,44648
8437585,1,2,1,10,2025,1,42,10.0,2300000.0,4136
8462305,1,2,1,10,2025,2,48,4.0,1000000.0,40693
8439779,1,1,1,10,2025,1,41,10.0,700000.0,9090
8438426,1,1,1,10,2025,1,32,10.0,5000000.0,5968
8471362,1,1,1,10,2025,1,44,5.0,3000000.0,61827
8437878,1,1,1,10,2025,2,27,5.0,600000.0,4763
8443322,1,1,1,10,2025,1,80,1.0,300000.0,17273
8469563,1,1,1,10,2025,1,45,4.0,1220000.0,57529
8464270,1,1,1,10,2025,2,44,11.0,1400000.0,45044
8441378,1,1,1,10,2025,2,44,4.0,1000000.0,12647
8463146,1,1,1,10,2025,1,58,4.0,1400000.0,42489
8452121,1,1,1,10,2025,1,56,5.0,2500000.0,38003
8437255,1,6,1,10,2025,1,38,4.0,500000.0,3322
8471309,1,2,1,10,2025,1,52,5.0,1600000.0,61739
8442483,1,1,1,10,2025,1,37,5.0,1600000.0,15238
8450780,1,1,1,10,2025,1,49,5.0,2600000.0,34577
8471499,1,1,1,10,2025,1,35,10.0,2600000.0,62088
8442073,1,3,1,10,2025,2,34,5.0,200000.0,14211
8446076,1,1,1,10,2025,1,63,9.0,16000000.0,23716
8470648,1,1,1,10,2025,2,65,3.0,750000.0,60233
8467631,1,1,1,10,2025,2,65,10.0,1600000.0,52682
8438219,1,2,1,10,2025,1,44,5.0,800000.0,5424
8449825,1,1,1,10,2025,1,55,3.0,600000.0,32200
8469153,1,2,1,10,2025,2,39,3.0,900000.0,56447
8464233,1,1,1,10,2025,1,32,11.0,5000000.0,45012
8472730,1,1,1,10,2025,2,42,8.0,1423500.0,64602
8450329,1,2,1,10,2025,2,43,11.0,1400000.0,33495
8471307,1,1,1,10,2025,1,39,5.0,2000000.0,61731
8473154,1,7,1,10,2025,2,82,3.0,280000.0,65349
8437465,1,2,1,10,2025,1,46,5.0,4000000.0,3887
8446294,1,4,1,10,2025,1,22,8.0,2000000.0,24336
8446074,1,1,1,10,2025,2,67,11.0,15000000.0,23712
8466757,1,1,1,10,2025,2,52,11.0,5000000.0,50516
8447360,1,1,1,10,2025,2,32,10.0,1248000.0,26782
8439235,1,1,1,10,2025,2,64,9.0,1500000.0,7796
8449553,1,2,1,10,2025,2,66,3.0,1700000.0,31527
8465133,1,2,1,10,2025,2,28,6.0,400000.0,47092
8471548,1,2,1,10,2025,2,55,5.0,600000.0,62184
8469481,1,4,1,10,2025,1,37,5.0,1200000.0,57307
8463542,1,1,1,10,2025,1,66,4.0,1600000.0,43541
8441922,1,1,1,10,2025,2,47,5.0,200000.0,13852
8437786,1,1,1,10,2025,1,51,5.0,1623500.0,4561
8444220,1,2,1,10,2025,1,20,4.0,800000.0,19565
8452428,1,4,1,10,2025,2,69,3.0,300000.0,38788
8443351,1,3,1,10,2025,1,18,5.0,400000.0,17356
8443857,1,1,1,10,2025,2,43,12.0,5000000.0,18685
8442910,1,2,1,10,2025,2,25,4.0,3000000.0,16223
8450356,1,3,1,10,2025,2,39,10.0,1423500.0,33564
8450885,1,1,1,10,2025,2,59,4.0,320000.0,34817
8467373,1,1,1,10,2025,1,44,5.0,1300000.0,52050
8445748,1,2,1,10,2025,2,56,10.0,5300000.0,22965
8449287,1,2,1,10,2025,2,43,5.0,250000.0,30831
8442275,1,1,1,10,2025,1,47,5.0,3000000.0,14716
8445175,1,2,1,10,2025,2,53,4.0,507200.0,21549
8446137,1,2,1,10,2025,2,51,4.0,1823500.0,23868
8471634,1,1,1,10,2025,2,50,10.0,6133000.0,62366
8437886,1,1,1,10,2025,2,48,3.0,3000000.0,4779
8443992,1,4,1,10,2025,2,21,5.0,100000.0,19011
8452533,1,2,1,10,2025,1,63,3.0,1500000.0,39074
8466401,1,2,1,10,2025,2,40,8.0,1423000.0,49622
8439661,1,1,1,10,2025,1,26,8.0,1600000.0,8823
8472250,1,1,1,10,2025,2,59,3.0,1800000.0,63634
8439524,1,1,1,10,2025,2,57,1.0,500000.0,8456
8471212,1,3,1,10,2025,1,55,5.0,1500000.0,61551
8436041,1,1,1,10,2025,2,24,5.0,1000000.0,254
8447634,1,2,1,10,2025,1,25,2.0,800000.0,27392
8472642,1,1,1,10,2025,1,61,4.0,1600000.0,64397
8438210,1,1,1,10,2025,2,54,5.0,1500000.0,5408
8440091,1,2,1,10,2025,2,34,11.0,4000000.0,9740
8451725,1,2,1,10,2025,2,47,3.0,1423500.0,36975
8442193,1,1,1,10,2025,2,56,10.0,5000000.0,14509
8471085,1,1,1,10,2025,1,34,9.0,1423500.0,61333
8437684,1,3,1,10,2025,2,21,9.0,,4365
8443806,1,2,1,10,2025,2,24,5.0,400000.0,18547
8448046,1,2,1,10,2025,2,33,10.0,1300000.0,28352
8438847,1,4,1,10,2025,2,31,4.0,1400000.0,6950
8436024,1,3,1,10,2025,2,23,5.0,120000.0,207
8469151,1,2,1,10,2025,1,58,3.0,1423500.0,56436
8465079,1,1,1,10,2025,2,66,3.0,860000.0,46949
8449382,1,1,1,10,2025,1,69,3.0,1500000.0,31098
8444827,1,1,1,10,2025,2,41,5.0,900000.0,21184
8464680,1,3,1,10,2025,1,26,9.0,1500000.0,46047
8472947,1,1,1,10,2025,1,76,3.0,1000000.0,64978
8462172,1,1,1,10,2025,1,69,1.0,600000.0,40412
8466651,1,1,1,10,2025,1,57,3.0,1500000.0,50270
8449548,1,1,1,10,2025,1,32,5.0,1900000.0,31516
8461964,1,1,1,10,2025,2,24,5.0,300000.0,39906
8448521,1,2,1,10,2025,2,34,5.0,1423500.0,29318
8469627,1,1,1,10,2025,2,66,3.0,730000.0,57725
8463783,1,2,1,10,2025,1,20,3.0,800000.0,44087
8448582,1,2,1,10,2025,2,22,5.0,1800000.0,29457
8467830,2,1,2,10,2025,1,56,6.0,1423000.0,53165
8437906,1,2,1,10,2025,2,40,10.0,2200000.0,4818
8440666,1,3,1,10,2025,1,22,8.0,1423500.0,11143
8446172,1,2,1,10,2025,2,54,4.0,215000.0,23958
8439851,1,3,1,10,2025,2,21,10.0,1423500.0,9314
8445889,1,1,1,10,2025,1,58,3.0,1600000.0,23257
8452080,1,1,1,10,2025,2,55,5.0,500000.0,37886
8469606,1,1,1,10,2025,1,68,3.0,1200000.0,57655
8469668,1,2,1,10,2025,2,27,10.0,1423500.0,57841
8448064,1,1,1,10,2025,1,39,5.0,800000.0,28412
8441859,1,2,1,10,2025,2,18,10.0,150000.0,13642
8438593,1,1,1,10,2025,2,55,3.0,300000.0,6388
8462674,1,1,1,10,2025,2,25,10.0,2847000.0,41514
8468796,1,2,1,10,2025,2,39,10.0,700000.0,55515
8465705,1,7,1,10,2025,1,27,4.0,1200000.0,48109
8451577,1,3,1,10,2025,2,25,12.0,3500000.0,36577
8471588,1,1,1,10,2025,1,47,8.0,3200000.0,62297
8450532,1,2,1,10,2025,1,49,5.0,800000.0,33961
8461868,1,1,1,10,2025,1,34,8.0,1423500.0,39614
8470921,1,4,1,10,2025,1,20,5.0,1400000.0,60937
8437450,1,1,1,10,2025,1,31,11.0,4000000.0,3854
8448476,1,1,1,10,2025,2,25,10.0,4000000.0,29216
8469842,1,1,1,10,2025,2,56,6.0,0.0,58278
8441591,1,2,1,10,2025,1,65,7.0,3000000.0,13101
8441308,1,2,1,10,2025,2,38,11.0,5200000.0,12488
8436263,1,2,1,10,2025,2,19,10.0,1423000.0,765
8471460,1,1,1,10,2025,2,44,11.0,3500000.0,62034
8468647,1,1,1,10,2025,1,45,3.0,11000000.0,55107
8440106,1,1,1,10,2025,1,48,10.0,1423500.0,9776
8467840,1,1,1,10,2025,1,54,3.0,1423500.0,53191
8444838,1,1,1,10,2025,1,39,10.0,3000000.0,21217
8447605,1,1,1,10,2025,1,41,6.0,1423500.0,27325
8440131,1,2,1,10,2025,2,31,6.0,1200000.0,9843
8472885,1,2,1,10,2025,2,36,10.0,1423000.0,64926
8467181,1,2,1,10,2025,1,38,4.0,1600000.0,51586
8452445,1,4,1,10,2025,1,32,4.0,1500000.0,38831
8437538,1,1,1,10,2025,2,57,11.0,6000000.0,4080
8436640,1,1,1,10,2025,2,37,8.0,1700000.0,1680
8442654,1,1,1,10,2025,1,37,8.0,2847000.0,15593
8445689,1,2,1,10,2025,2,47,10.0,2000000.0,22857
8436775,1,1,1,10,2025,2,31,5.0,1423500.0,2019
8462946,1,1,1,10,2025,2,34,5.0,700000.0,42073
8464527,1,1,1,10,2025,2,30,5.0,1400000.0,45686
8446933,1,4,1,10,2025,2,44,3.0,1623500.0,25858
8443778,1,2,1,10,2025,1,44,4.0,1500000.0,18460
8465227,1,1,1,10,2025,1,45,4.0,2000000.0,47260
8470604,1,3,1,10,2025,1,27,8.0,1800000.0,60144
8450096,1,1,1,10,2025,2,27,11.0,2000000.0,32907
8448432,1,1,1,10,2025,2,31,8.0,1600000.0,29138
8466830,1,1,1,10,2025,2,41,3.0,330000.0,50669
8465972,1,1,1,10,2025,1,46,10.0,4000000.0,48723
8468586,1,2,1,10,2025,2,27,5.0,700000.0,54990
8469462,1,1,1,10,2025,1,37,5.0,1423500.0,57245
8439294,1,2,1,10,2025,1,46,3.0,1400000.0,7946
8440281,1,1,1,10,2025,2,59,5.0,1823500.0,10181
8466865,1,2,1,10,2025,2,19,5.0,1200000.0,50776
8440368,1,1,1,10,2025,2,28,5.0,2000000.0,10389
8442082,1,3,1,10,2025,1,43,3.0,1200000.0,14235
8444894,1,1,1,10,2025,1,48,8.0,3200000.0,21333
8443106,1,2,1,10,2025,2,55,8.0,2200000.0,16742
8466150,1,1,1,10,2025,1,34,9.0,4500000.0,49076
8444705,1,7,1,10,2025,2,29,5.0,1423500.0,20847
8438741,1,1,1,10,2025,2,39,5.0,1000000.0,6708
8466898,1,1,1,10,2025,1,30,5.0,1200000.0,50842
8462487,1,2,1,10,2025,1,23,4.0,600000.0,41088
8470683,1,2,1,10,2025,2,37,5.0,3000000.0,60319
8437907,1,4,1,10,2025,2,29,10.0,1623000.0,4822
8443389,1,2,1,10,2025,1,23,5.0,1650000.0,17464
8473794,1,3,1,10,2025,1,21,10.0,900000.0,66245
8440189,1,2,1,10,2025,1,30,9.0,1423500.0,9967
8463728,1,1,1,10,2025,1,31,8.0,1423500.0,43949
8464697,1,1,1,10,2025,1,64,8.0,1423500.0,46092
8438880,1,2,1,10,2025,2,27,5.0,800000.0,7017
8450647,1,2,1,10,2025,2,42,5.0,1423500.0,34273
8447716,1,1,1,10,2025,1,28,5.0,1450000.0,27562
8467468,1,1,1,10,2025,2,55,10.0,3700000.0,52279
8443639,1,1,1,10,2025,2,61,11.0,44000000.0,18124
8463200,1,1,1,10,2025,1,22,6.0,1623500.0,42623
8448754,1,1,1,10,2025,1,63,3.0,1500000.0,29816
8449424,1,3,1,10,2025,2,36,3.0,720000.0,31214
8466698,1,1,1,10,2025,2,44,10.0,1500000.0,50382
8445428,1,1,1,10,2025,1,45,3.0,800000.0,22235
8471740,1,1,1,10,2025,1,24,5.0,1500000.0,62547
8448521,1,3,1,10,2025,1,25,5.0,1423500.0,29319
8450297,1,2,1,10,2025,2,45,10.0,2847000.0,33405
8440968,1,1,1,10,2025,1,71,4.0,2500000.0,11826
8443254,1,2,1,10,2025,2,64,3.0,400000.0,17061
8452486,1,2,1,10,2025,2,32,10.0,2000000.0,38949
8443709,1,1,1,10,2025,2,43,8.0,1000000.0,18293
8440448,1,1,1,10,2025,2,49,6.0,1200000.0,10547
8467301,1,4,1,10,2025,2,38,10.0,1600000.0,51856
8470990,1,1,1,10,2025,2,55,5.0,600000.0,61103
8440883,1,1,1,10,2025,2,54,1.0,1500000.0,11690
8448871,1,4,1,10,2025,2,43,10.0,1423500.0,29998
8468727,1,1,1,10,2025,1,45,10.0,4000000.0,55343
8463138,1,2,1,10,2025,1,33,5.0,1500000.0,42479
8463520,1,2,1,10,2025,2,31,8.0,2500000.0,43498
8446465,1,2,1,10,2025,2,47,7.0,1500000.0,24750
8448495,1,2,1,10,2025,2,22,10.0,1400000.0,29264
8471130,1,1,1,10,2025,1,22,5.0,1423500.0,61446
8470448,1,1,1,10,2025,1,61,3.0,0.0,59768
8441528,1,2,1,10,2025,2,66,3.0,1623000.0,12948
8470738,1,1,1,10,2025,2,48,5.0,800000.0,60458
8440580,1,3,1,10,2025,1,19,5.0,400000.0,10893
8469425,1,2,1,10,2025,1,31,6.0,1423500.0,57172
8436959,1,2,1,10,2025,2,38,5.0,2000000.0,2617
8441208,1,1,1,10,2025,2,43,9.0,2500000.0,12308
8469907,1,3,1,10,2025,2,59,1.0,1423000.0,58426
8466975,1,4,1,10,2025,2,29,10.0,150000.0,51010
8472342,1,2,1,10,2025,2,61,4.0,640000.0,63827
8467447,1,1,1,10,2025,1,55,3.0,400000.0,52211
8463880,1,2,1,10,2025,2,37,4.0,2323500.0,44309
8449624,1,2,1,10,2025,1,60,3.0,1423000.0,31681
8462433,1,1,1,10,2025,1,63,3.0,600000.0,40976
8446096,1,4,1,10,2025,2,78,3.0,600000.0,23765
8444752,1,1,1,10,2025,2,44,13.0,7000000.0,20976
8463881,1,1,1,10,2025,2,32,8.0,4173000.0,44312
8470527,1,2,1,10,2025,2,64,3.0,1000000.0,59932
8469388,1,1,1,10,2025,1,61,10.0,4300000.0,57074
8464673,1,1,1,10,2025,2,35,5.0,1423500.0,46034
8445895,1,2,1,10,2025,2,28,9.0,1423500.0,23275
8463938,1,2,1,10,2025,2,30,5.0,1423500.0,44431
8437293,1,1,1,10,2025,2,39,8.0,150000.0,3438
8467773,1,2,1,10,2025,1,50,4.0,1800000.0,53014
8461974,1,4,1,10,2025,1,43,12.0,3000000.0,39932
8450425,1,1,1,10,2025,2,52,3.0,650000.0,33726
8468496,1,2,1,10,2025,2,40,10.0,4200000.0,54767
8449721,1,1,1,10,2025,2,66,3.0,200000.0,31960
8438212,1,2,1,10,2025,1,45,5.0,300000.0,5412
8446235,1,2,1,10,2025,1,19,10.0,800000.0,24136
8467828,1,3,1,10,2025,2,35,6.0,1423500.0,53152
8451905,1,2,1,10,2025,2,36,8.0,250000.0,37436
8461883,1,1,1,10,2025,1,61,8.0,600000.0,39651
8436120,1,1,1,10,2025,1,46,3.0,950000.0,431
8465083,1,1,1,10,2025,1,39,5.0,1500000.0,46960
8451312,1,8,1,10,2025,2,30,5.0,280000.0,35932
8452001,1,2,1,10,2025,1,56,3.0,1400000.0,37701
8436917,1,2,1,10,2025,2,33,11.0,4500000.0,2482
8437378,1,2,1,10,2025,1,37,8.0,1500000.0,3684
8469932,1,2,1,10,2025,2,59,9.0,2000000.0,58492
8438349,1,1,1,10,2025,2,42,9.0,1600000.0,5793
8437002,1,1,1,10,2025,2,25,10.0,2300000.0,2709
8465021,1,2,1,10,2025,2,40,8.0,1423500.0,46810
8446056,1,1,1,10,2025,1,43,11.0,3500000.0,23680
8469130,1,1,1,10,2025,2,36,3.0,800000.0,56376
8439342,1,3,1,10,2025,2,49,5.0,2000000.0,8058
8462057,1,1,1,10,2025,2,75,1.0,500000.0,40141
8440320,1,1,1,10,2025,2,41,8.0,1423500.0,10281
8451358,1,2,1,10,2025,2,58,3.0,980000.0,36054
8462801,1,1,1,10,2025,1,24,3.0,900000.0,41804
8464305,1,2,1,10,2025,2,35,5.0,1600000.0,45110
8473082,1,2,1,10,2025,1,35,5.0,1300000.0,65215
8441946,1,1,1,10,2025,1,39,4.0,1700000.0,13926
8451283,1,2,1,10,2025,2,34,4.0,200000.0,35851
8469013,1,3,1,10,2025,1,20,5.0,1423500.0,56050
8443286,1,2,1,10,2025,1,46,3.0,650000.0,17167
8462223,1,2,1,10,2025,1,61,5.0,1125000.0,40529
8472246,1,1,1,10,2025,2,51,3.0,600000.0,63630
8452377,1,1,1,10,2025,2,55,4.0,1000000.0,38644
8466998,1,1,1,10,2025,1,58,3.0,200000.0,51080
8441334,1,1,1,10,2025,1,32,5.0,1423500.0,12543
8473817,1,2,1,10,2025,1,36,5.0,800000.0,66312
8436310,1,1,1,10,2025,1,64,4.0,1850000.0,883
8437379,1,1,1,10,2025,1,46,8.0,4200000.0,3685
8438776,1,2,1,10,2025,1,38,12.0,4800000.0,6787
8447008,1,1,1,10,2025,1,57,3.0,700000.0,26008
8450798,1,1,1,10,2025,1,50,8.0,1800000.0,34620
8449029,1,1,1,10,2025,1,59,9.0,8900000.0,30281
8463112,1,1,1,10,2025,2,51,8.0,500000.0,42452
8466635,1,2,1,10,2025,1,62,3.0,1650000.0,50234
8438792,1,1,1,10,2025,2,66,8.0,1000000.0,6827
8451123,1,2,1,10,2025,2,45,3.0,600000.0,35426
8441203,1,2,1,10,2025,2,70,10.0,400000.0,12302
8465218,1,2,1,10,2025,1,17,4.0,950000.0,47235
8440962,1,2,1,10,2025,2,21,9.0,1500000.0,11822
8442454,1,1,1,10,2025,1,39,8.0,1600000.0,15162
8444000,1,5,1,10,2025,1,26,6.0,1200000.0,19037
8462697,1,2,1,10,2025,2,43,12.0,3000000.0,41561
8441966,1,1,1,10,2025,2,31,6.0,600000.0,13973
8468896,1,1,1,10,2025,1,37,5.0,1600000.0,55786
8444973,1,1,1,10,2025,1,35,8.0,3500000.0,21524
8442767,1,1,1,10,2025,2,46,5.0,1800000.0,15885
8448543,1,1,1,10,2025,1,54,5.0,1000000.0,29365
8472769,1,1,1,10,2025,1,68,4.0,3600000.0,64683
8438998,1,1,1,10,2025,2,62,11.0,2500000.0,7267
8473782,1,1,1,10,2025,1,61,3.0,600000.0,66207
8470289,1,1,1,10,2025,1,45,1.0,800000.0,59375
8465397,1,1,1,10,2025,1,61,1.0,840000.0,47546
8463909,1,2,1,10,2025,1,36,10.0,1800000.0,44369
8447340,1,3,1,10,2025,2,51,4.0,1800000.0,26739
8467262,1,1,1,10,2025,1,40,3.0,1423500.0,51764
8442124,1,2,1,10,2025,2,35,5.0,1300000.0,14328
8439017,1,1,1,10,2025,1,34,3.0,1500000.0,7308
8440029,1,1,1,10,2025,2,40,5.0,2600000.0,9613
8469775,1,1,1,10,2025,1,42,3.0,1400000.0,58126
8443512,1,1,1,10,2025,2,50,4.0,930000.0,17789
8446123,1,3,1,10,2025,1,35,9.0,2150000.0,23834
8462522,1,2,1,10,2025,2,25,5.0,1600000.0,41182
8442441,1,3,1,10,2025,1,41,10.0,4000000.0,15127
8437984,1,1,1,10,2025,2,40,10.0,3000000.0,4958
8437506,1,1,1,10,2025,2,33,5.0,800000.0,4010
8469452,1,1,1,10,2025,2,32,8.0,120000.0,57217
8468119,1,1,1,10,2025,2,26,8.0,2450000.0,53873
8437836,2,2,2,10,2025,1,37,5.0,1423500.0,4669
8440110,1,1,1,10,2025,2,29,5.0,1423500.0,9789
8469443,1,1,1,10,2025,2,58,3.0,100000.0,57196
8446088,1,1,1,10,2025,2,53,10.0,5200000.0,23740
8468318,1,2,1,10,2025,1,44,3.0,1400000.0,54305
8472353,1,1,1,10,2025,1,30,6.0,3500000.0,63852
8438574,1,2,1,10,2025,1,31,11.0,1900000.0,6343
8466311,1,1,1,10,2025,1,26,11.0,7100000.0,49360
8443397,1,1,1,10,2025,1,31,8.0,2700000.0,17479
8472580,1,1,1,10,2025,1,38,5.0,1200000.0,64266
8442732,1,1,1,10,2025,2,68,3.0,1663500.0,15797
8463286,1,2,1,10,2025,1,63,12.0,7000000.0,42856
8451565,1,1,1,10,2025,2,43,10.0,3500000.0,36555
8446093,1,5,1,10,2025,1,39,5.0,1800000.0,23753
8446249,1,2,1,10,2025,2,40,3.0,900000.0,24204
8470864,1,1,1,10,2025,2,45,5.0,1423500.0,60807
8440275,1,1,1,10,2025,2,37,9.0,1300000.0,10172
8451281,1,2,1,10,2025,2,45,4.0,1560000.0,35842
8471446,1,2,1,10,2025,1,24,5.0,1300000.0,62008
8451426,1,1,1,10,2025,1,75,3.0,1000000.0,36244
8437610,1,1,1,10,2025,2,26,4.0,960000.0,4188
8450859,1,2,1,10,2025,2,31,5.0,1600000.0,34768
8438136,1,2,1,10,2025,1,46,10.0,1600000.0,5266
8448397,1,3,1,10,2025,2,44,10.0,1700000.0,29058
8470121,1,1,1,10,2025,1,66,4.0,350000.0,58980
8443028,1,1,1,10,2025,1,35,10.0,1423500.0,16540
8452078,1,1,1,10,2025,2,44,11.0,5000000.0,37879
8439644,1,4,1,10,2025,2,46,3.0,1080000.0,8778
8440183,1,1,1,10,2025,1,58,10.0,2800000.0,9949
8439089,1,2,1,10,2025,1,31,5.0,1600000.0,7484
8437683,1,1,1,10,2025,1,66,5.0,900000.0,4360
8439003,1,1,1,10,2025,1,32,8.0,3500000.0,7274
8442822,1,2,1,10,2025,2,51,11.0,4200000.0,16023
8449286,1,3,1,10,2025,2,43,5.0,1050000.0,30829
8463022,1,1,1,10,2025,1,36,5.0,1300000.0,42245
8437298,1,1,1,10,2025,2,53,5.0,300000.0,3454
8464904,1,1,1,10,2025,2,25,5.0,3200000.0,46513
8471044,1,2,1,10,2025,1,25,8.0,1200000.0,61224
8448146,1,1,1,10,2025,1,46,5.0,1500000.0,28530
8468830,1,1,1,10,2025,2,44,8.0,1423500.0,55612
8441000,1,1,1,10,2025,1,25,5.0,1400000.0,11884
8463539,1,1,1,10,2025,1,29,6.0,2100000.0,43533
8437198,1,2,1,10,2025,2,39,8.0,500000.0,3157
8436035,1,1,1,10,2025,2,61,3.0,120000.0,245
8447829,1,1,1,10,2025,2,34,12.0,5694000.0,27829
8449296,1,2,1,10,2025,2,50,5.0,500000.0,30860
8438820,1,1,1,10,2025,1,53,8.0,1000000.0,6890
8463704,1,2,1,10,2025,2,34,8.0,1440000.0,43902
8471442,1,1,1,10,2025,2,60,3.0,1100000.0,61996
8436118,1,1,1,10,2025,2,46,3.0,600000.0,427
8472672,1,2,1,10,2025,2,42,5.0,400000.0,64466
8469944,1,3,1,10,2025,2,21,5.0,420000.0,58536
8449659,1,1,1,10,2025,1,38,3.0,500000.0,31790
8463410,1,2,1,10,2025,2,24,10.0,4100000.0,43210
8443951,1,1,1,10,2025,1,32,4.0,800000.0,18901
8464798,1,1,1,10,2025,2,31,8.0,1630000.0,46288
8462579,1,2,1,10,2025,1,50,3.0,1150000.0,41338
8446493,1,3,1,10,2025,2,44,10.0,1500000.0,24832
8441391,1,3,1,10,2025,2,20,5.0,1500000.0,12677
8444972,1,1,1,10,2025,1,48,11.0,3200000.0,21521
8443619,1,4,1,10,2025,1,32,8.0,1500000.0,18071
8469571,1,5,1,10,2025,1,19,5.0,600000.0,57557
8461933,1,6,1,10,2025,2,24,5.0,400000.0,39806
8448557,1,1,1,10,2025,1,50,5.0,1400000.0,29394
8440248,1,1,1,10,2025,2,56,5.0,1423500.0,10098
8472047,1,2,1,10,2025,1,42,5.0,1500000.0,63175
8438012,1,1,1,10,2025,2,37,12.0,20000000.0,5008
8469793,1,1,1,10,2025,2,52,3.0,1000000.0,58177
8449904,1,1,1,10,2025,2,48,5.0,1760000.0,32393
8448018,1,1,1,10,2025,1,41,6.0,1600000.0,28267
8470239,1,2,1,10,2025,2,45,3.0,1000000.0,59255
8464361,1,2,1,10,2025,2,49,8.0,2100000.0,45266
8440635,1,4,1,10,2025,1,50,1.0,1423500.0,11057
8442611,1,2,1,10,2025,2,41,8.0,1423500.0,15503
8465654,1,2,1,10,2025,2,57,9.0,1500000.0,48047
8440727,1,1,1,10,2025,2,36,11.0,2800000.0,11262
8470602,1,2,1,10,2025,2,40,8.0,1423500.0,60135
8469870,1,1,1,10,2025,1,43,12.0,4500000.0,58340
8440606,1,1,1,10,2025,1,43,3.0,1423500.0,10969
8450603,1,2,1,10,2025,2,48,3.0,840000.0,34156
8463660,1,1,1,10,2025,2,71,3.0,,43804
8465045,1,1,1,10,2025,2,40,5.0,950000.0,46866
8436998,1,2,1,10,2025,2,61,10.0,1423500.0,2701
8469705,1,1,1,10,2025,2,25,4.0,1800000.0,57918
8436635,1,3,1,10,2025,1,64,3.0,800000.0,1666
8464022,1,1,1,10,2025,2,30,10.0,3000000.0,44607
8446933,1,5,1,10,2025,2,23,5.0,1623500.0,25859
8468670,1,5,1,10,2025,2,64,3.0,300000.0,55180
8463465,1,3,1,10,2025,2,39,10.0,2000000.0,43359
8466330,1,1,1,10,2025,1,53,4.0,1423500.0,49405
8444754,1,2,1,10,2025,2,52,5.0,200000.0,20982
8450349,1,2,1,10,2025,1,43,3.0,1500000.0,33546
8450149,1,3,1,10,2025,1,18,5.0,800000.0,33018
8438294,1,2,1,10,2025,1,33,5.0,700000.0,5629
8442152,1,2,1,10,2025,1,40,5.0,1523500.0,14392
8471266,1,1,1,10,2025,2,54,8.0,3100000.0,61661
8437837,1,2,1,10,2025,1,57,9.0,2000000.0,4672
8463387,1,3,1,10,2025,1,49,5.0,1600000.0,43145
8462133,1,1,1,10,2025,1,51,3.0,1400000.0,40339
8468964,1,2,1,10,2025,2,37,5.0,1440000.0,55918
8465120,1,1,1,10,2025,2,52,5.0,1080000.0,47060
8448061,1,5,1,10,2025,1,19,5.0,800000.0,28406
8441509,1,2,1,10,2025,2,57,3.0,300000.0,12902
8437806,1,1,1,10,2025,2,60,3.0,1923500.0,4599
8442646,1,1,1,10,2025,2,36,5.0,800000.0,15577
8445293,1,1,1,10,2025,2,47,3.0,1200000.0,21900
8449303,1,3,1,10,2025,1,19,3.0,800000.0,30881
8468412,1,4,1,10,2025,1,22,6.0,1600000.0,54569
8449765,1,1,1,10,2025,2,35,5.0,1300000.0,32063
8463786,1,1,1,10,2025,2,30,5.0,1400000.0,44100
8468558,1,2,1,10,2025,1,40,4.0,1800000.0,54941
8451624,1,1,1,10,2025,1,69,3.0,1000000.0,36691
8471769,1,5,1,10,2025,1,24,4.0,2000000.0,62615
8450395,1,2,1,10,2025,2,61,4.0,400000.0,33650
8465421,1,1,1,10,2025,2,52,3.0,800000.0,47581
8438594,1,2,1,10,2025,2,40,8.0,500000.0,6391
8448302,1,2,1,10,2025,1,32,4.0,1200000.0,28868
8467272,1,1,1,10,2025,1,41,5.0,2000000.0,51791
8445936,1,2,1,10,2025,1,48,5.0,1000000.0,23365
8467644,1,1,1,10,2025,1,57,6.0,1500000.0,52712
8451196,1,1,1,10,2025,1,38,3.0,1600000.0,35647
8449746,1,1,1,10,2025,2,26,4.0,180000.0,32018
8446686,1,1,1,10,2025,2,54,10.0,3900000.0,25327
8468199,1,1,1,10,2025,1,51,5.0,2000000.0,54043
8444372,1,1,1,10,2025,2,30,5.0,1200000.0,19957
8463720,1,1,1,10,2025,1,52,8.0,2000000.0,43940
8451611,1,2,1,10,2025,2,57,5.0,1800000.0,36656
8441652,1,2,1,10,2025,1,36,5.0,2500000.0,13218
8468260,1,2,1,10,2025,2,33,5.0,360000.0,54176
8437727,1,2,1,10,2025,2,55,11.0,8000000.0,4453
8449450,1,1,1,10,2025,1,21,6.0,3000000.0,31278
8449239,1,1,1,10,2025,2,29,5.0,400000.0,30691
8451544,1,2,1,10,2025,2,39,10.0,1423000.0,36526
8436724,1,1,1,10,2025,1,48,4.0,1600000.0,1904
8444833,1,1,1,10,2025,2,22,5.0,1423500.0,21203
8448604,1,2,1,10,2025,1,40,3.0,2800000.0,29509
8472486,3,2,3,10,2025,1,38,4.0,1000000.0,64153
8437644,1,1,1,10,2025,2,69,5.0,400000.0,4267
8466293,1,2,1,10,2025,2,33,12.0,5500000.0,49334
8450601,1,2,1,10,2025,2,39,10.0,3600000.0,34148
8452091,1,1,1,10,2025,2,23,4.0,250000.0,37918
8465628,1,1,1,10,2025,2,25,11.0,3000000.0,47977
8463787,1,2,1,10,2025,2,47,5.0,1000000.0,44102
8467723,1,1,1,10,2025,2,45,11.0,3200000.0,52886
8439174,1,2,1,10,2025,2,35,8.0,1450000.0,7671
8437834,1,1,1,10,2025,2,33,8.0,1623500.0,4659
8442659,1,1,1,10,2025,2,59,5.0,1000000.0,15609
8436656,1,3,1,10,2025,2,29,10.0,2950000.0,1726
8469594,1,1,1,10,2025,1,64,3.0,550000.0,57612
8464803,1,3,1,10,2025,2,42,4.0,800000.0,46297
8451336,1,1,1,10,2025,2,48,3.0,224000.0,35993
8462102,1,1,1,10,2025,1,51,3.0,1000000.0,40240
8446063,1,3,1,10,2025,2,33,8.0,400000.0,23688
8441965,1,1,1,10,2025,1,44,3.0,1200000.0,13970
8444332,1,1,1,10,2025,1,31,10.0,2000000.0,19859
8465231,1,1,1,10,2025,1,27,6.0,2500000.0,47273
8437820,1,1,1,10,2025,2,70,1.0,200000.0,4627
8442313,1,2,1,10,2025,1,60,5.0,480000.0,14815
8470279,1,2,1,10,2025,2,19,5.0,1995500.0,59350
8447365,1,1,1,10,2025,1,27,5.0,1000000.0,26795
8443057,1,2,1,10,2025,2,43,11.0,6000000.0,16612
8473357,1,2,1,10,2025,2,51,9.0,1800000.0,65743
8472520,1,2,1,10,2025,1,44,5.0,4400000.0,64178
8465880,1,2,1,10,2025,2,30,5.0,1400000.0,48546
8446279,1,1,1,10,2025,2,38,5.0,1423500.0,24288
8473797,1,1,1,10,2025,2,58,1.0,950000.0,66253
8451084,1,2,1,10,2025,2,24,10.0,500000.0,35333
8440017,1,2,1,10,2025,2,61,5.0,1700000.0,9600
8452224,1,1,1,10,2025,2,26,5.0,800000.0,38269
8462507,1,1,1,10,2025,1,32,5.0,800000.0,41141
8466083,1,3,1,10,2025,2,9,3.0,,48926
8465915,1,2,1,10,2025,1,41,5.0,2200000.0,48616
8451313,1,2,1,10,2025,1,62,3.0,540000.0,35936
8451456,1,1,1,10,2025,1,49,5.0,2000000.0,36299
8436595,1,2,1,10,2025,2,41,11.0,7200000.0,1560
8439117,1,1,1,10,2025,2,66,1.0,1000000.0,7545
8451178,1,1,1,10,2025,2,46,3.0,1160000.0,35574
8437208,1,1,1,10,2025,1,42,8.0,1423000.0,3176
8464266,1,1,1,10,2025,2,55,3.0,300000.0,45043
8471562,1,1,1,10,2025,1,42,6.0,1700000.0,62226
8447419,1,3,1,10,2025,2,21,5.0,1800000.0,26948
8468743,1,1,1,10,2025,1,61,5.0,1000000.0,55388
8471618,1,4,1,10,2025,2,36,5.0,800000.0,62356
8444958,1,2,1,10,2025,2,21,10.0,2000000.0,21487
8447414,1,1,1,10,2025,2,35,10.0,2000000.0,26933
8466755,1,1,1,10,2025,2,46,10.0,4700000.0,50510
8440188,1,1,1,10,2025,2,32,8.0,1400000.0,9965
8472227,1,3,1,10,2025,2,31,10.0,2600000.0,63579
8445669,1,2,1,10,2025,1,45,5.0,1923500.0,22804
8472039,1,2,1,10,2025,2,49,12.0,1423500.0,63149
8462677,1,1,1,10,2025,2,63,12.0,4270500.0,41516
8439688,1,2,1,10,2025,1,48,11.0,0.0,8911
8448188,1,1,1,10,2025,2,29,5.0,1000000.0,28660
8437957,1,2,1,10,2025,1,68,3.0,1400000.0,4902
8437324,2,4,2,10,2025,2,21,6.0,1300000.0,3537
8469686,1,1,1,10,2025,1,43,1.0,400000.0,57872
8465377,1,1,1,10,2025,1,47,13.0,8000000.0,47509
8446760,1,1,1,10,2025,2,33,4.0,300000.0,25435
8444972,1,3,1,10,2025,1,24,10.0,2800000.0,21523
8444300,1,1,1,10,2025,1,48,5.0,800000.0,19770
8463220,1,4,1,10,2025,1,28,4.0,1873000.0,42677
8469445,1,2,1,10,2025,2,19,5.0,1423500.0,57202
8470578,1,1,1,10,2025,2,42,5.0,1423500.0,60067
8472236,1,1,1,10,2025,1,46,10.0,800000.0,63606
8437055,1,1,1,10,2025,1,39,10.0,3000000.0,2834
8471415,1,1,1,10,2025,2,42,3.0,560000.0,61935
8467040,1,2,1,10,2025,1,62,1.0,800000.0,51174
8449968,2,1,2,10,2025,2,37,5.0,1200000.0,32575
8451687,1,1,1,10,2025,2,63,5.0,250000.0,36868
8470035,1,1,1,10,2025,1,25,3.0,537000.0,58762
8441233,1,1,1,10,2025,2,42,8.0,1423500.0,12363
8448076,1,2,1,10,2025,2,75,3.0,2000000.0,28434
8465409,1,1,1,10,2025,1,61,4.0,1500000.0,47562
8472857,1,2,1,10,2025,2,53,3.0,5000000.0,64843
8467770,1,2,1,10,2025,2,48,5.0,1423500.0,53005
8462862,1,1,1,10,2025,2,56,4.0,150000.0,41904
8443880,1,1,1,10,2025,2,38,5.0,2000000.0,18736
8444505,1,1,1,10,2025,2,20,5.0,1000000.0,20323
8444397,1,4,1,10,2025,2,43,5.0,1600000.0,20029
8462835,1,2,1,10,2025,1,32,4.0,1923500.0,41867
8442202,1,2,1,10,2025,1,46,3.0,3000000.0,14543
8440558,1,1,1,10,2025,2,53,5.0,3800000.0,10814
8470426,1,1,1,10,2025,1,60,1.0,150000.0,59710
8462101,1,1,1,10,2025,1,25,5.0,600000.0,40238
8468041,1,1,1,10,2025,2,24,8.0,1423500.0,53711
8436696,1,3,1,10,2025,2,34,9.0,3000000.0,1830
8442880,1,1,1,10,2025,2,43,5.0,300000.0,16156
8463836,1,1,1,10,2025,1,44,8.0,1500000.0,44238
8441830,1,1,1,10,2025,2,55,5.0,3800000.0,13546
8451687,1,2,1,10,2025,2,40,10.0,1500000.0,36869
8445365,1,3,1,10,2025,2,25,10.0,800000.0,22090
8445506,1,2,1,10,2025,1,31,5.0,750000.0,22416
8436615,1,1,1,10,2025,1,38,5.0,1500000.0,1616
8449113,1,1,1,10,2025,1,30,5.0,1300000.0,30461
8448527,1,4,1,10,2025,1,19,4.0,1200000.0,29331
8467617,1,2,1,10,2025,1,24,10.0,700000.0,52651
8447766,1,1,1,10,2025,1,48,4.0,1200000.0,27644
8469960,1,4,1,10,2025,1,19,5.0,1423500.0,58578
8440296,1,2,1,10,2025,2,42,5.0,1400000.0,10228
8445821,1,4,1,10,2025,2,29,8.0,250000.0,23127
8442197,1,3,1,10,2025,2,18,5.0,1423500.0,14524
8436012,1,1,1,10,2025,2,52,3.0,150000.0,166
8470729,1,1,1,10,2025,1,60,5.0,1200000.0,60418
8462710,1,3,1,10,2025,1,22,6.0,0.0,41608
8468922,1,1,1,10,2025,1,32,5.0,640000.0,55851
8437174,1,1,1,10,2025,1,33,10.0,2000000.0,3096
8469006,1,1,1,10,2025,2,49,3.0,150000.0,56029
8463934,1,1,1,10,2025,2,35,11.0,4000000.0,44418
8437754,1,2,1,10,2025,1,63,3.0,800000.0,4497
8464870,1,1,1,10,2025,2,31,3.0,2200000.0,46434
8446105,1,2,1,10,2025,2,30,9.0,1500000.0,23790
8440151,1,1,1,10,2025,1,42,10.0,3880000.0,9890
8466143,1,4,1,10,2025,1,28,4.0,1423500.0,49055
8469729,1,1,1,10,2025,1,47,3.0,800000.0,57994
8442137,1,2,1,10,2025,2,50,3.0,600000.0,14355
8472668,1,2,1,10,2025,2,51,5.0,1800000.0,64460
8447899,1,1,1,10,2025,1,34,10.0,1500000.0,27982
8470551,1,2,1,10,2025,2,26,4.0,1400000.0,59996
8465668,1,1,1,10,2025,2,42,5.0,2000000.0,48078
8447680,1,2,1,10,2025,2,33,3.0,850000.0,27498
8438452,1,1,1,10,2025,2,46,5.0,1000000.0,6035
8436163,1,2,1,10,2025,2,38,3.0,150000.0,528
8466856,1,2,1,10,2025,1,30,5.0,700000.0,50747
8448045,1,3,1,10,2025,2,28,6.0,1423500.0,28349
8470164,1,1,1,10,2025,2,43,4.0,300000.0,59084
8463884,1,2,1,10,2025,1,39,3.0,1600000.0,44320
8438564,1,1,1,10,2025,2,34,4.0,1423500.0,6309
8441508,1,3,1,10,2025,2,34,8.0,2100000.0,12900
8439530,1,2,1,10,2025,1,35,3.0,1200000.0,8480
8437089,1,3,1,10,2025,1,60,5.0,1500000.0,2906
8444630,1,1,1,10,2025,2,23,10.0,1423500.0,20642
8448558,1,2,1,10,2025,1,63,4.0,1423500.0,29397
8448518,1,2,1,10,2025,1,17,5.0,700000.0,29308
8451695,1,1,1,10,2025,1,38,11.0,7000000.0,36895
8440543,1,4,1,10,2025,2,53,3.0,2423500.0,10777
8439669,1,1,1,10,2025,1,44,5.0,2100000.0,8842
8468495,1,2,1,10,2025,2,37,8.0,1623000.0,54765
8470487,1,1,1,10,2025,2,52,8.0,2000000.0,59856
8439664,1,3,1,10,2025,2,20,9.0,600000.0,8829
8462502,1,2,1,10,2025,1,62,4.0,600000.0,41127
8437590,1,2,1,10,2025,2,35,9.0,2423500.0,4150
8440615,1,1,1,10,2025,1,33,6.0,1423500.0,10994
8437376,1,1,1,10,2025,1,33,5.0,1400000.0,3678
8446129,1,1,1,10,2025,2,46,10.0,5000000.0,23854
8464425,1,6,1,10,2025,1,65,4.0,600000.0,45415
8462759,1,2,1,10,2025,2,62,10.0,5600000.0,41697
8469246,1,1,1,10,2025,2,34,10.0,1500000.0,56680
8466143,1,5,1,10,2025,2,26,4.0,720000.0,49056
8469962,1,1,1,10,2025,1,30,9.0,3000000.0,58579
8444968,1,2,1,10,2025,2,43,11.0,7000000.0,21508
8465068,1,1,1,10,2025,2,76,3.0,380000.0,46913
8469240,1,2,1,10,2025,1,28,5.0,2300000.0,56666
8443010,1,3,1,10,2025,2,26,5.0,740000.0,16474
8443884,1,2,1,10,2025,2,42,10.0,1900000.0,18748
8452111,1,3,1,10,2025,2,20,8.0,3600000.0,37982
8446362,1,4,1,10,2025,2,60,10.0,3000000.0,24526
8464190,1,1,1,10,2025,2,27,10.0,1900000.0,44928
8437860,1,2,1,10,2025,1,20,5.0,1500000.0,4729
8450733,1,1,1,10,2025,1,27,4.0,900000.0,34470
8472784,1,1,1,10,2025,1,36,10.0,2500000.0,64705
8448065,1,1,1,10,2025,1,70,3.0,800000.0,28416
8472721,1,1,1,10,2025,2,59,4.0,300000.0,64583
8452511,1,1,1,10,2025,1,38,4.0,2200000.0,39015
8462319,1,1,1,10,2025,1,72,3.0,1000000.0,40725
8445291,1,1,1,10,2025,2,36,5.0,860000.0,21894
8452601,1,2,1,10,2025,2,30,5.0,1400000.0,39249
8465788,1,1,1,10,2025,2,48,5.0,1900000.0,48316
8441880,1,1,1,10,2025,1,44,3.0,600000.0,13717
8467742,1,1,1,10,2025,2,62,3.0,1500000.0,52932
8439299,1,1,1,10,2025,2,32,10.0,1423500.0,7957
8439368,1,3,1,10,2025,2,20,8.0,1423500.0,8125
8467909,1,1,1,10,2025,1,54,5.0,1423500.0,53366
8464581,1,2,1,10,2025,2,61,3.0,600000.0,45802
8469829,1,1,1,10,2025,1,61,8.0,192000.0,58247
8466483,1,4,1,10,2025,1,23,3.0,1600000.0,49857
8463356,1,3,1,10,2025,1,20,5.0,500000.0,43046
8452105,1,2,1,10,2025,2,44,3.0,500000.0,37961
8449194,1,2,1,10,2025,2,18,5.0,1000000.0,30590
8445293,1,3,1,10,2025,1,19,5.0,1000000.0,21902
8451733,1,2,1,10,2025,2,33,4.0,1300000.0,36997
8448581,1,3,1,10,2025,2,33,5.0,1800000.0,29454
8448407,1,1,1,10,2025,2,34,5.0,1623000.0,29079
8466530,1,1,1,10,2025,1,63,3.0,800000.0,49996
8462742,1,3,1,10,2025,2,31,8.0,2700000.0,41668
8444506,1,1,1,10,2025,1,61,5.0,1000000.0,20326
8450308,1,2,1,10,2025,2,32,5.0,1500000.0,33436
8436355,1,1,1,10,2025,1,50,3.0,1200000.0,971
8447301,1,1,1,10,2025,1,33,5.0,1600000.0,26648
8461848,1,1,1,10,2025,2,42,5.0,1700000.0,39565
8465198,1,4,1,10,2025,1,24,9.0,1850000.0,47190
8463527,1,1,1,10,2025,1,44,10.0,5000000.0,43510
8444806,1,2,1,10,2025,1,49,3.0,0.0,21122
8467780,1,1,1,10,2025,2,35,9.0,3700000.0,53027
8467831,1,1,1,10,2025,2,45,9.0,0.0,53166
8444003,1,2,1,10,2025,1,32,5.0,1420000.0,19044
8438582,1,1,1,10,2025,1,41,10.0,2400000.0,6355
8451191,1,2,1,10,2025,2,57,1.0,0.0,35624
8447891,1,3,1,10,2025,1,19,5.0,1600000.0,27967
8442026,1,1,1,10,2025,1,69,3.0,500000.0,14120
8472118,1,1,1,10,2025,2,29,5.0,1170000.0,63325
8449120,1,1,1,10,2025,1,43,5.0,2500000.0,30470
8437094,1,3,1,10,2025,2,50,10.0,1000000.0,2922
8451642,1,2,1,10,2025,2,49,5.0,720000.0,36743
8469601,1,4,1,10,2025,2,40,8.0,2000000.0,57636
8467894,1,3,1,10,2025,1,33,10.0,3000000.0,53336
8437287,1,2,1,10,2025,2,54,10.0,3500000.0,3417
8442049,1,1,1,10,2025,1,49,3.0,1500000.0,14150
8444953,1,1,1,10,2025,1,24,5.0,1400000.0,21480
8436815,1,2,1,10,2025,2,45,10.0,1900000.0,2092
8472130,1,1,1,10,2025,2,24,5.0,1400000.0,63362
8442499,1,2,1,10,2025,1,69,1.0,1300000.0,15278
8436543,1,1,1,10,2025,1,42,8.0,4000000.0,1434
8447923,1,1,1,10,2025,1,28,4.0,780000.0,28055
8443498,1,2,1,10,2025,2,32,5.0,1360000.0,17744
8468134,1,1,1,10,2025,1,32,5.0,5000000.0,53900
8447334,1,1,1,10,2025,2,30,11.0,2847000.0,26730
8464516,1,1,1,10,2025,1,46,8.0,1423500.0,45654
8468831,1,1,1,10,2025,2,32,10.0,5000000.0,55615
8437949,1,2,1,10,2025,2,37,5.0,150000.0,4892
8440735,1,3,1,10,2025,1,38,5.0,1423500.0,11292
8439657,1,2,1,10,2025,2,40,5.0,1423500.0,8814
8444629,1,3,1,10,2025,1,24,6.0,1423500.0,20640
8441313,1,1,1,10,2025,2,34,11.0,4000000.0,12493
8466570,1,4,1,10,2025,1,18,5.0,350000.0,50079
8445308,1,2,1,10,2025,2,27,4.0,240000.0,21951
8468127,1,1,1,10,2025,2,32,4.0,1200000.0,53890
8437515,1,1,1,10,2025,2,26,8.0,1100000.0,4036
8443268,1,6,1,10,2025,1,33,3.0,1100000.0,17107
8450377,1,3,1,10,2025,2,23,10.0,1423000.0,33611
8471315,1,2,1,10,2025,1,35,1.0,1423500.0,61749
8439551,1,1,1,10,2025,1,36,10.0,1500000.0,8550
8437490,1,1,1,10,2025,1,58,10.0,10000000.0,3971
8442464,1,1,1,10,2025,2,34,10.0,5600000.0,15189
8466102,1,1,1,10,2025,2,21,5.0,1423500.0,48966
8437029,1,2,1,10,2025,2,30,8.0,1423500.0,2778
8436747,1,1,1,10,2025,1,26,10.0,1800000.0,1960
8437759,1,1,1,10,2025,2,82,9.0,2000000.0,4509
8470796,1,1,1,10,2025,1,57,5.0,1423500.0,60660
8443933,1,1,1,10,2025,2,51,4.0,280000.0,18863
8442697,1,1,1,10,2025,1,31,5.0,1423500.0,15711
8452343,1,1,1,10,2025,1,60,3.0,2200000.0,38553
8452177,1,1,1,10,2025,1,30,5.0,1000000.0,38139
8440190,1,2,1,10,2025,2,23,8.0,1423000.0,9970
8470261,1,1,1,10,2025,1,36,5.0,1423500.0,59297
8450541,1,2,1,10,2025,1,30,6.0,1423500.0,33985
8444384,1,2,1,10,2025,2,54,5.0,1400000.0,19994
8450208,1,3,1,10,2025,1,19,5.0,1200000.0,33176
8447604,1,2,1,10,2025,1,40,10.0,4000000.0,27323
8437095,1,1,1,10,2025,2,49,10.0,1000000.0,2924
8451515,1,1,1,10,2025,2,44,3.0,400000.0,36453
8468982,1,1,1,10,2025,1,61,3.0,400000.0,55969
8469817,1,1,1,10,2025,1,49,4.0,1300000.0,58228
8438503,1,1,1,10,2025,2,55,3.0,740000.0,6169
8437383,1,2,1,10,2025,2,39,11.0,5500000.0,3692
8443412,1,2,1,10,2025,1,36,9.0,5990000.0,17517
8443047,1,2,1,10,2025,2,48,10.0,5000000.0,16594
8439714,1,1,1,10,2025,1,61,5.0,500000.0,8975
8441237,1,1,1,10,2025,2,56,5.0,2460000.0,12371
8468088,1,2,1,10,2025,2,55,5.0,1800000.0,53826
8445937,1,1,1,10,2025,1,53,5.0,280000.0,23366
8464441,1,5,1,10,2025,1,39,3.0,500000.0,45464
8472458,1,1,1,10,2025,1,69,3.0,1200000.0,64068
8467787,1,2,1,10,2025,2,65,3.0,280000.0,53043
8466036,1,2,1,10,2025,2,38,5.0,300000.0,48853
8468343,1,1,1,10,2025,1,66,5.0,1800000.0,54355
8443523,1,1,1,10,2025,1,59,3.0,1900000.0,17814
8449568,1,1,1,10,2025,1,41,6.0,1200000.0,31558
8463032,1,3,1,10,2025,1,32,5.0,2820000.0,42272
8451851,1,1,1,10,2025,2,35,11.0,2500000.0,37307
8451564,1,1,1,10,2025,2,28,5.0,2000000.0,36552
8441356,1,2,1,10,2025,2,44,4.0,1200000.0,12583
8473587,1,2,1,10,2025,2,41,5.0,1623500.0,65891
8462205,1,4,1,10,2025,1,21,5.0,1423500.0,40492
8445487,1,1,1,10,2025,1,45,5.0,2300000.0,22372
8472104,1,1,1,10,2025,2,41,8.0,1423000.0,63290
8437185,1,2,1,10,2025,2,32,10.0,2800000.0,3130
8443934,1,1,1,10,2025,2,25,9.0,1200000.0,18864
8442401,1,1,1,10,2025,1,80,1.0,100000.0,15046
8438923,1,1,1,10,2025,2,57,10.0,2000000.0,7109
8448042,1,2,1,10,2025,1,34,10.0,1500000.0,28338
8451458,1,1,1,10,2025,1,37,3.0,1500000.0,36307
8469264,1,2,1,10,2025,1,30,8.0,1950000.0,56723
8467281,1,1,1,10,2025,2,36,4.0,1070000.0,51813
8449030,1,2,1,10,2025,2,42,5.0,1423500.0,30283
8469821,1,2,1,10,2025,2,33,5.0,500000.0,58233
8461892,1,2,1,10,2025,2,25,8.0,1423500.0,39680
8471161,1,1,1,10,2025,1,50,11.0,5000000.0,61461
8452130,1,1,1,10,2025,2,23,5.0,1423500.0,38028
8443300,1,1,1,10,2025,2,41,5.0,230000.0,17215
8469679,1,1,1,10,2025,1,60,5.0,1500000.0,57859
8444648,1,4,1,10,2025,1,17,5.0,900000.0,20694
8444614,1,2,1,10,2025,2,49,4.0,250000.0,20602
8464885,1,4,1,10,2025,2,50,4.0,2950000.0,46474
8437138,1,3,1,10,2025,2,30,5.0,1423500.0,3030
8468624,1,3,1,10,2025,2,31,10.0,8000000.0,55054
8463226,1,1,1,10,2025,2,43,8.0,1900000.0,42684
8446259,1,2,1,10,2025,2,23,5.0,1423500.0,24245
8437037,1,3,1,10,2025,2,27,10.0,1423500.0,2796
8436940,1,1,1,10,2025,2,39,5.0,1600000.0,2550
8445387,1,1,1,10,2025,1,24,5.0,1800000.0,22127
8442277,1,1,1,10,2025,1,45,4.0,2500000.0,14718
8448439,1,1,1,10,2025,1,50,5.0,1500000.0,29153
8466091,1,1,1,10,2025,2,59,5.0,2480000.0,48938
8442884,1,1,1,10,2025,1,44,4.0,2000000.0,16168
8449774,1,2,1,10,2025,1,20,5.0,2500000.0,32086
8442625,1,2,1,10,2025,1,25,10.0,2500000.0,15530
8469282,1,1,1,10,2025,2,64,1.0,340000.0,56779
8465899,1,2,1,10,2025,2,27,5.0,900000.0,48582
8440666,1,1,1,10,2025,1,45,10.0,1423500.0,11141
8465981,1,2,1,10,2025,1,66,3.0,2200000.0,48750
8447938,1,1,1,10,2025,2,32,8.0,1423500.0,28093
8470022,1,1,1,10,2025,2,56,4.0,325000.0,58739
8465525,1,2,1,10,2025,1,51,3.0,1500000.0,47803
8441562,1,2,1,10,2025,1,24,9.0,1423500.0,13040
8436583,1,1,1,10,2025,2,35,10.0,2500000.0,1525
8440451,1,1,1,10,2025,2,29,10.0,2600000.0,10553
8448846,1,1,1,10,2025,2,38,10.0,2500000.0,29959
8467843,1,1,1,10,2025,1,44,4.0,1800000.0,53203
8441860,1,6,1,10,2025,2,29,5.0,200000.0,13648
8469770,1,3,1,10,2025,1,39,3.0,500000.0,58112
8470971,1,2,1,10,2025,2,52,9.0,1000000.0,61066
8442483,1,2,1,10,2025,2,33,5.0,106000.0,15239
8451743,1,3,1,10,2025,1,23,10.0,3000000.0,37029
8465470,1,2,1,10,2025,2,29,9.0,1800000.0,47686
8470448,1,3,1,10,2025,2,25,8.0,1423500.0,59770
8449279,1,1,1,10,2025,1,57,1.0,720000.0,30813
8467529,1,4,1,10,2025,2,31,5.0,1050000.0,52414
8438042,2,2,2,10,2025,2,28,10.0,1300000.0,5099
8461765,1,1,1,10,2025,2,47,7.0,800000.0,39323
8445552,1,1,1,10,2025,2,45,5.0,800000.0,22532
8466275,1,1,1,10,2025,1,69,3.0,1200000.0,49296
8468415,1,1,1,10,2025,1,56,3.0,600000.0,54578
8466974,1,2,1,10,2025,1,56,3.0,1423500.0,51003
8443525,1,1,1,10,2025,2,40,9.0,1423500.0,17817
8467769,1,2,1,10,2025,1,52,5.0,1400000.0,53002
8449906,1,2,1,10,2025,2,31,10.0,1800000.0,32398
8446172,1,1,1,10,2025,1,55,4.0,2236000.0,23957
8465878,1,1,1,10,2025,2,48,5.0,1500000.0,48541
8438002,1,1,1,10,2025,2,29,5.0,1432000.0,4988
8443862,1,1,1,10,2025,1,29,5.0,1500000.0,18697
8449614,1,1,1,10,2025,2,41,3.0,1500000.0,31661
8452385,1,2,1,10,2025,2,40,11.0,5000000.0,38668
8446229,1,2,1,10,2025,2,27,8.0,1423500.0,24109
8470958,1,6,1,10,2025,1,21,8.0,1600000.0,61032
8470298,1,1,1,10,2025,1,67,6.0,2000000.0,59400
8471279,1,2,1,10,2025,2,46,10.0,3200000.0,61682
8450604,1,2,1,10,2025,2,31,11.0,4000000.0,34159
8440682,1,1,1,10,2025,1,61,11.0,6600000.0,11180
8464207,1,3,1,10,2025,1,23,9.0,1423500.0,44965
8449819,1,2,1,10,2025,2,40,5.0,900000.0,32180
8450346,1,2,1,10,2025,2,28,10.0,1600000.0,33537
8452252,1,1,1,10,2025,1,61,3.0,500000.0,38333
8472161,1,1,1,10,2025,2,39,5.0,1920000.0,63446
8443662,1,1,1,10,2025,2,53,12.0,12900000.0,18185
8437765,1,1,1,10,2025,2,35,5.0,1423500.0,4520
8443905,1,2,1,10,2025,1,44,3.0,2440000.0,18805
8472655,1,1,1,10,2025,2,65,3.0,1400000.0,64426
8440520,1,1,1,10,2025,1,41,9.0,2847000.0,10717
8437113,1,2,1,10,2025,2,56,3.0,2600000.0,2977
8452307,1,1,1,10,2025,2,26,10.0,4270500.0,38475
8449437,1,1,1,10,2025,1,63,1.0,800000.0,31253
8452593,1,1,1,10,2025,1,22,5.0,3700000.0,39239
8436766,1,1,1,10,2025,2,40,5.0,245000.0,2003
8443672,1,2,1,10,2025,1,33,11.0,5000000.0,18217
8465960,1,4,1,10,2025,2,25,5.0,100000.0,48684
8447708,1,1,1,10,2025,1,39,8.0,1500000.0,27543
8447183,1,1,1,10,2025,2,19,5.0,1250000.0,26309
8451528,1,1,1,10,2025,2,42,5.0,650000.0,36495
8461770,1,2,1,10,2025,2,39,8.0,1770000.0,39335
8451353,1,1,1,10,2025,1,71,3.0,375000.0,36040
8463656,1,1,1,10,2025,2,50,3.0,1863000.0,43793
8443277,1,3,1,10,2025,2,23,10.0,1423500.0,17139
8473907,1,1,1,10,2025,2,61,3.0,1400000.0,66555
8467586,1,1,1,10,2025,1,54,11.0,9000000.0,52550
8466048,1,1,1,10,2025,1,42,5.0,1423500.0,48880
8441143,1,1,1,10,2025,1,28,8.0,1900000.0,12177
8436680,1,1,1,10,2025,2,40,8.0,1500000.0,1785
8442066,1,1,1,10,2025,1,44,3.0,800000.0,14189
8437380,1,1,1,10,2025,2,71,10.0,7000000.0,3686
8442332,1,1,1,10,2025,1,41,5.0,3500000.0,14875
8451722,1,1,1,10,2025,1,28,3.0,1800000.0,36966
8446324,1,2,1,10,2025,2,45,4.0,1423500.0,24419
8463518,1,2,1,10,2025,2,26,5.0,2000000.0,43494
8472742,1,1,1,10,2025,2,32,4.0,1423000.0,64634
8451745,1,2,1,10,2025,1,30,11.0,3300000.0,37037
8446319,1,2,1,10,2025,1,51,5.0,2100000.0,24407
8448563,1,2,1,10,2025,2,27,9.0,1423500.0,29400
8442590,1,1,1,10,2025,2,48,5.0,1200000.0,15466
8449236,1,1,1,10,2025,1,53,3.0,800000.0,30687
8472057,1,1,1,10,2025,1,31,8.0,1200000.0,63206
8448020,1,3,1,10,2025,2,24,10.0,1500000.0,28279
8438220,1,2,1,10,2025,1,49,3.0,1400000.0,5426
8448195,1,3,1,10,2025,2,53,10.0,2000000.0,28677
8443950,1,3,1,10,2025,1,49,10.0,1500000.0,18900
8469146,1,2,1,10,2025,2,23,6.0,1400000.0,56426
8442284,1,2,1,10,2025,1,52,5.0,600000.0,14734
8451544,1,1,1,10,2025,1,53,5.0,1600000.0,36525
8472402,1,2,1,10,2025,2,39,3.0,200000.0,63891
8436147,1,1,1,10,2025,1,43,4.0,1450000.0,502
8469980,1,1,1,10,2025,1,28,5.0,1423000.0,58632
8465103,1,4,1,10,2025,2,48,5.0,240000.0,47016
8442459,1,2,1,10,2025,2,45,10.0,1423500.0,15178
8447874,1,2,1,10,2025,2,40,9.0,2000000.0,27918
8445483,1,2,1,10,2025,1,34,4.0,1423500.0,22360
8437281,1,1,1,10,2025,2,49,5.0,500000.0,3405
8445966,1,3,1,10,2025,2,23,8.0,1423000.0,23443
8444799,1,1,1,10,2025,2,62,3.0,1600000.0,21108
8469475,1,1,1,10,2025,1,22,8.0,1608000.0,57291
8450380,1,3,1,10,2025,2,27,10.0,800000.0,33621
8436736,1,1,1,10,2025,2,54,5.0,1423500.0,1937
8465022,1,1,1,10,2025,2,51,5.0,800000.0,46813
8441190,1,1,1,10,2025,1,35,4.0,1400000.0,12265
8466813,1,1,1,10,2025,1,69,5.0,1900000.0,50633
8438862,1,1,1,10,2025,1,22,4.0,1100000.0,6978
8443134,1,1,1,10,2025,2,31,8.0,2000000.0,16799
8468661,1,1,1,10,2025,1,57,3.0,11000000.0,55150
8464714,1,2,1,10,2025,2,51,10.0,5000000.0,46137
8451340,1,3,1,10,2025,2,28,9.0,400000.0,36007
8472660,1,3,1,10,2025,1,41,8.0,2000000.0,64440
8451235,1,2,1,10,2025,2,74,1.0,180000.0,35734
8465076,1,1,1,10,2025,1,31,6.0,3300000.0,46936
8443036,1,1,1,10,2025,2,48,5.0,960000.0,16567
8447024,1,1,1,10,2025,2,56,12.0,6250000.0,26036
8438573,1,4,1,10,2025,2,26,8.0,1800000.0,6340
8464612,1,1,1,10,2025,1,42,12.0,4500000.0,45886
8465326,1,2,1,10,2025,1,61,10.0,12000000.0,47412
8465853,1,3,1,10,2025,2,23,11.0,2000000.0,48471
8436330,1,2,1,10,2025,2,29,3.0,1423500.0,932
8449288,1,2,1,10,2025,1,41,4.0,1423500.0,30836
8469636,1,1,1,10,2025,2,52,5.0,350000.0,57749
8468513,1,2,1,10,2025,1,41,5.0,1000000.0,54811
8463866,1,3,1,10,2025,1,27,5.0,1423500.0,44269
8472136,1,2,1,10,2025,1,42,10.0,4500000.0,63380
8464320,1,1,1,10,2025,1,27,5.0,2400000.0,45163
8470138,1,1,1,10,2025,2,38,3.0,500000.0,59024
8464263,1,1,1,10,2025,2,20,8.0,1170000.0,45039
8447315,1,1,1,10,2025,1,67,3.0,1800000.0,26682
8451422,1,1,1,10,2025,1,68,5.0,2500000.0,36235
8471241,1,1,1,10,2025,2,44,11.0,4960000.0,61608
8472450,1,2,1,10,2025,2,35,11.0,1423500.0,64035
8442731,1,1,1,10,2025,2,45,4.0,1703500.0,15795
8437989,1,1,1,10,2025,2,60,3.0,1200000.0,4968
8469092,1,2,1,10,2025,2,56,10.0,1423000.0,56267
8471656,1,1,1,10,2025,1,67,4.0,2800000.0,62407
8437221,1,7,1,10,2025,1,26,5.0,1200000.0,3212
8472343,1,1,1,10,2025,1,66,11.0,6700000.0,63831
8463971,1,2,1,10,2025,2,41,11.0,2800000.0,44514
8449129,1,2,1,10,2025,2,31,11.0,3000000.0,30491
8436463,1,1,1,10,2025,2,39,3.0,1500000.0,1211
8443011,1,1,1,10,2025,1,34,5.0,940000.0,16477
8444126,1,2,1,10,2025,1,41,8.0,1800000.0,19375
8438343,1,2,1,10,2025,1,22,6.0,1300000.0,5780
8466495,1,1,1,10,2025,1,72,1.0,1423000.0,49892
8470441,1,1,1,10,2025,1,72,10.0,1500000.0,59761
8470563,1,2,1,10,2025,2,19,10.0,1280000.0,60027
8446409,1,3,1,10,2025,1,20,5.0,1623000.0,24639
8463383,1,1,1,10,2025,2,43,5.0,1850000.0,43126
8470211,1,1,1,10,2025,1,40,5.0,1800000.0,59176
8464463,1,2,1,10,2025,2,29,5.0,1500000.0,45539
8447074,1,1,1,10,2025,2,34,10.0,800000.0,26160
8437352,1,1,1,10,2025,1,29,10.0,2900000.0,3609
8441377,1,1,1,10,2025,1,64,5.0,2847000.0,12645
8472856,1,1,1,10,2025,1,43,10.0,6000000.0,64840
8440302,1,2,1,10,2025,2,25,10.0,1200000.0,10244
8472434,1,2,1,10,2025,1,20,6.0,1200000.0,63997
8442638,1,1,1,10,2025,1,64,3.0,750000.0,15557
8470007,1,1,1,10,2025,1,39,3.0,1900000.0,58695
8452160,1,3,1,10,2025,1,39,3.0,2000000.0,38099
8444227,1,1,1,10,2025,2,57,6.0,2000000.0,19579
8439980,1,1,1,10,2025,2,33,5.0,300000.0,9520
8448293,1,2,1,10,2025,2,18,5.0,810000.0,28852
8465832,1,1,1,10,2025,1,73,10.0,5500000.0,48417
8470305,1,3,1,10,2025,1,23,5.0,1200000.0,59419
8450077,1,1,1,10,2025,2,51,3.0,1120000.0,32850
8468371,1,1,1,10,2025,1,27,10.0,3500000.0,54444
8463459,1,2,1,10,2025,1,47,5.0,1600000.0,43342
8446660,1,2,1,10,2025,1,41,8.0,4000000.0,25278
8437029,1,1,1,10,2025,1,35,5.0,1423500.0,2777
8439481,1,1,1,10,2025,2,35,5.0,500000.0,8373
8445734,1,1,1,10,2025,1,58,5.0,410000.0,22937
8438468,1,1,1,10,2025,1,46,5.0,1423500.0,6085
8473610,1,1,1,10,2025,2,60,5.0,1000000.0,65947
8442666,1,1,1,10,2025,1,25,5.0,840000.0,15628
8437472,1,1,1,10,2025,2,33,8.0,1423500.0,3909
8464153,1,2,1,10,2025,1,37,5.0,1400000.0,44862
8464111,1,1,1,10,2025,1,21,5.0,1200000.0,44767
8463819,1,1,1,10,2025,2,65,3.0,150000.0,44191
8444635,1,4,1,10,2025,2,23,6.0,1500000.0,20659
8448151,1,1,1,10,2025,2,58,4.0,512000.0,28550
8470748,1,4,1,10,2025,1,44,5.0,1423500.0,60493
8463143,1,2,1,10,2025,2,60,4.0,500000.0,42484
8467274,1,1,1,10,2025,2,66,3.0,2240000.0,51799
8467052,1,3,1,10,2025,1,28,10.0,2200000.0,51201
8438221,1,1,1,10,2025,1,39,5.0,500000.0,5430
8469546,1,1,1,10,2025,2,36,8.0,1423500.0,57485
8462924,1,1,1,10,2025,1,45,4.0,2400000.0,42039
8471221,1,1,1,10,2025,1,45,9.0,1800000.0,61563
8450624,1,2,1,10,2025,1,33,8.0,2100000.0,34203
8440657,1,1,1,10,2025,2,24,5.0,1300000.0,11115
8446304,1,2,1,10,2025,2,31,10.0,150000.0,24364
8439157,1,1,1,10,2025,2,32,8.0,1423500.0,7626
8440811,1,3,1,10,2025,2,36,4.0,1200000.0,11499
8467942,1,1,1,10,2025,1,40,3.0,650000.0,53466
8462180,1,1,1,10,2025,1,63,10.0,2000000.0,40427
8442279,1,1,1,10,2025,2,50,8.0,800000.0,14722
8470454,1,3,1,10,2025,2,26,10.0,6500000.0,59782
8436186,1,2,1,10,2025,2,20,10.0,1100000.0,590
8465573,1,1,1,10,2025,2,69,10.0,0.0,47889
8440155,1,3,1,10,2025,2,42,4.0,1423500.0,9897
8472119,1,1,1,10,2025,1,45,5.0,2000000.0,63328
8441037,1,2,1,10,2025,2,22,5.0,1423500.0,11941
8441055,1,4,1,10,2025,2,27,5.0,1600000.0,11983
8449148,1,1,1,10,2025,2,45,10.0,3800000.0,30504
8445602,1,1,1,10,2025,2,41,8.0,1423500.0,22656
8449066,1,2,1,10,2025,2,51,10.0,3300000.0,30356
8448553,1,2,1,10,2025,2,56,9.0,1500000.0,29393
8464309,1,2,1,10,2025,1,44,8.0,800000.0,45122
8451650,1,2,1,10,2025,2,29,4.0,500000.0,36769
8442040,1,1,1,10,2025,1,63,3.0,800000.0,14133
8436333,1,2,1,10,2025,2,23,11.0,900000.0,940
8437974,1,1,1,10,2025,1,33,10.0,1623500.0,4937
8441700,1,1,1,10,2025,2,69,11.0,3500000.0,13332
8466196,1,1,1,10,2025,1,60,9.0,1423500.0,49184
8469136,1,1,1,10,2025,2,59,5.0,600000.0,56395
8464007,1,2,1,10,2025,1,39,5.0,1423500.0,44578
8449798,1,3,1,10,2025,2,17,5.0,1600000.0,32133
8438486,1,1,1,10,2025,1,33,8.0,1000000.0,6130
8446224,1,3,1,10,2025,2,38,10.0,3200000.0,24084
8466817,1,1,1,10,2025,1,44,3.0,1550000.0,50645
8449195,1,1,1,10,2025,1,59,10.0,6500000.0,30593
8463735,1,4,1,10,2025,1,75,3.0,1200000.0,43966
8449232,1,2,1,10,2025,1,68,1.0,1300000.0,30679
8465079,1,2,1,10,2025,1,61,3.0,720000.0,46950
8467374,1,1,1,10,2025,2,42,5.0,1600000.0,52053
8466359,1,1,1,10,2025,2,28,8.0,1800000.0,49495
8471210,1,2,1,10,2025,2,24,5.0,1600000.0,61543
8443098,1,1,1,10,2025,1,46,10.0,5000000.0,16716
8465753,1,1,1,10,2025,1,36,5.0,1000000.0,48224
8469953,1,2,1,10,2025,2,53,4.0,1423500.0,58557
8439564,1,2,1,10,2025,1,50,6.0,950000.0,8570
8463158,1,2,1,10,2025,2,25,9.0,2700000.0,42507
8436501,1,1,1,10,2025,1,34,5.0,2600000.0,1303
8443153,1,1,1,10,2025,1,31,8.0,1423500.0,16841
8462354,1,1,1,10,2025,1,32,4.0,1800000.0,40800
8466660,1,1,1,10,2025,1,75,3.0,1200000.0,50288
8437047,1,1,1,10,2025,1,54,8.0,1400000.0,2822
8469508,1,2,1,10,2025,2,40,10.0,2000000.0,57377
8462888,1,1,1,10,2025,1,57,5.0,1500000.0,41964
8468847,1,2,1,10,2025,2,27,9.0,1800000.0,55669
8440682,1,2,1,10,2025,2,61,10.0,1800000.0,11181
8470500,1,1,1,10,2025,1,32,9.0,2600000.0,59881
8445547,1,2,1,10,2025,2,19,6.0,720000.0,22514
8436450,1,1,1,10,2025,1,22,5.0,2745000.0,1176
8447422,1,1,1,10,2025,1,29,8.0,1500000.0,26951
8469157,1,2,1,10,2025,1,49,5.0,500000.0,56459
8471544,1,1,1,10,2025,1,74,10.0,3000000.0,62171
8465447,1,1,1,10,2025,1,72,3.0,300000.0,47637
8439348,1,1,1,10,2025,2,50,10.0,2500000.0,8076
8448334,1,1,1,10,2025,1,56,10.0,2000000.0,28918
8469116,1,1,1,10,2025,1,58,5.0,1423500.0,56333
8450968,1,3,1,10,2025,2,34,5.0,750000.0,35048
8467889,1,2,1,10,2025,1,18,5.0,1423500.0,53322
8467947,1,1,1,10,2025,2,40,3.0,1280000.0,53487
8437412,1,3,1,10,2025,1,45,12.0,1500000.0,3755
8464969,1,2,1,10,2025,1,45,10.0,4000000.0,46671
8444588,1,1,1,10,2025,1,44,8.0,1650000.0,20539
8444884,1,1,1,10,2025,1,50,4.0,2000000.0,21315
8469266,1,3,1,10,2025,1,29,5.0,1800000.0,56727
8449861,1,1,1,10,2025,2,44,11.0,4270000.0,32305
8467643,1,2,1,10,2025,1,52,3.0,2700000.0,52711
8442232,1,1,1,10,2025,1,41,10.0,7000000.0,14624
8468971,1,2,1,10,2025,2,26,10.0,1500000.0,55938
8449167,1,1,1,10,2025,1,50,3.0,1800000.0,30527
8447072,1,2,1,10,2025,1,62,5.0,3000000.0,26159
8461758,1,2,1,10,2025,2,32,10.0,3540000.0,39305
8447214,1,1,1,10,2025,2,45,4.0,600000.0,26379
8436881,1,1,1,10,2025,2,58,5.0,1663500.0,2341
8466713,1,2,1,10,2025,1,26,5.0,3000000.0,50421
8469004,1,2,1,10,2025,2,39,8.0,1423500.0,56026
8443348,1,1,1,10,2025,1,20,5.0,1500000.0,17341
8439065,1,1,1,10,2025,1,26,5.0,3000000.0,7415
8437104,1,1,1,10,2025,2,41,10.0,8000000.0,2951
8438085,1,1,1,10,2025,1,47,6.0,1700000.0,5166
8439499,1,1,1,10,2025,1,48,8.0,900000.0,8403
8436483,1,2,1,10,2025,2,42,10.0,2000000.0,1255
8471739,1,1,1,10,2025,2,35,5.0,1000000.0,62545
8446575,1,5,1,10,2025,1,26,9.0,2000000.0,25044
8463600,1,1,1,10,2025,2,44,9.0,1423500.0,43659
8463215,1,3,1,10,2025,2,30,8.0,1423500.0,42668
8451510,1,4,1,10,2025,2,26,5.0,600000.0,36442
8443457,1,1,1,10,2025,1,26,3.0,1423500.0,17623
8463732,1,2,1,10,2025,1,44,5.0,1800000.0,43956
8440551,1,1,1,10,2025,1,47,11.0,5000000.0,10793
8465351,1,2,1,10,2025,2,27,10.0,720000.0,47465
8443046,1,1,1,10,2025,2,60,3.0,460000.0,16590
8441887,1,1,1,10,2025,1,44,4.0,600000.0,13738
8452154,1,1,1,10,2025,1,55,5.0,2080000.0,38084
8468289,1,2,1,10,2025,2,35,5.0,400000.0,54237
8467729,1,1,1,10,2025,2,44,5.0,1423500.0,52898
8463007,1,2,1,10,2025,1,17,4.0,300000.0,42218
8439095,1,1,1,10,2025,2,30,8.0,400000.0,7504
8473369,1,1,1,10,2025,1,34,8.0,9200000.0,65764
8448568,1,1,1,10,2025,2,36,10.0,2500000.0,29413
8466400,1,1,1,10,2025,2,53,3.0,100000.0,49615
8449785,1,1,1,10,2025,1,34,5.0,2200000.0,32105
8466101,2,2,2,10,2025,2,53,5.0,220000.0,48964
8465555,1,1,1,10,2025,2,56,3.0,1600000.0,47861
8471030,1,2,1,10,2025,1,38,8.0,2000000.0,61199
8464681,1,4,1,10,2025,2,35,8.0,500000.0,46051
8469344,1,3,1,10,2025,2,46,5.0,1000000.0,56988
8468211,1,1,1,10,2025,1,63,3.0,500000.0,54072
8443791,1,4,1,10,2025,2,20,10.0,400000.0,18497
8466405,1,2,1,10,2025,1,27,6.0,3500000.0,49636
8446940,1,1,1,10,2025,2,32,8.0,1900000.0,25878
8450644,1,1,1,10,2025,2,52,3.0,500000.0,34261
8464984,1,3,1,10,2025,1,27,10.0,1423500.0,46706
8441448,1,1,1,10,2025,2,45,3.0,800000.0,12779
8466146,1,1,1,10,2025,1,54,3.0,600000.0,49064
8448992,1,1,1,10,2025,2,47,11.0,9620000.0,30207
8462834,1,1,1,10,2025,1,46,4.0,3000000.0,41863
8435999,1,1,1,10,2025,1,43,4.0,270000.0,99
8451663,1,2,1,10,2025,1,55,5.0,1425000.0,36810
8448584,1,1,1,10,2025,1,21,5.0,1500000.0,29460
8449861,1,2,1,10,2025,1,37,11.0,7200000.0,32306
8447204,1,1,1,10,2025,2,27,5.0,1450000.0,26349
8438485,1,1,1,10,2025,2,60,4.0,250000.0,6125
8443575,1,2,1,10,2025,1,50,3.0,1200000.0,17942
8436914,1,3,1,10,2025,2,25,10.0,700000.0,2471
8465996,1,1,1,10,2025,2,25,5.0,750000.0,48783
8469900,1,4,1,10,2025,1,41,9.0,3800000.0,58405
8437674,1,1,1,10,2025,2,23,10.0,1423500.0,4342
8450301,1,2,1,10,2025,2,41,5.0,560000.0,33417
8470780,1,1,1,10,2025,1,40,5.0,1423500.0,60608
8442371,1,3,1,10,2025,1,54,5.0,450000.0,14980
8441839,1,1,1,10,2025,1,48,8.0,1400000.0,13579
8451158,1,1,1,10,2025,2,30,8.0,1400000.0,35527
8436002,1,2,1,10,2025,1,60,10.0,6750000.0,115
8445636,1,1,1,10,2025,1,54,5.0,800000.0,22726
8444669,1,1,1,10,2025,1,58,6.0,1423500.0,20746
8441365,1,1,1,10,2025,2,38,8.0,1423500.0,12611
8466803,1,2,1,10,2025,1,33,8.0,1400000.0,50611
8447215,1,2,1,10,2025,1,63,5.0,1800000.0,26382
8450161,1,9,1,10,2025,1,52,5.0,1423500.0,33062
8451697,1,2,1,10,2025,2,46,11.0,4000000.0,36900
8444248,1,2,1,10,2025,2,41,3.0,500000.0,19641
8445593,1,1,1,10,2025,1,23,5.0,1800000.0,22632
8441706,1,1,1,10,2025,2,33,9.0,2000000.0,13341
8446530,1,1,1,10,2025,1,25,9.0,960000.0,24903
8447966,1,1,1,10,2025,1,39,5.0,3000000.0,28164
8469600,1,1,1,10,2025,1,51,5.0,1700000.0,57629
8445669,1,1,1,10,2025,2,34,5.0,800000.0,22803
8449384,1,1,1,10,2025,1,33,3.0,1200000.0,31103
8437237,1,1,1,10,2025,1,44,5.0,1423500.0,3263
8466788,1,3,1,10,2025,2,38,5.0,560000.0,50571
8438250,1,1,1,10,2025,2,26,10.0,2300000.0,5510
8443936,1,2,1,10,2025,2,48,10.0,5000000.0,18870
8446187,1,2,1,10,2025,2,58,10.0,5694000.0,23992
8468016,1,2,1,10,2025,2,32,5.0,1500000.0,53650
8471130,1,2,1,10,2025,2,21,8.0,800000.0,61447
8442535,1,1,1,10,2025,1,30,5.0,500000.0,15349
8450051,1,2,1,10,2025,1,33,10.0,1200000.0,32779
8463193,1,2,1,10,2025,2,27,10.0,3000000.0,42598
8464245,1,1,1,10,2025,2,32,4.0,480000.0,45031
8444295,1,2,1,10,2025,1,37,8.0,3000000.0,19762
8450474,1,3,1,10,2025,1,33,5.0,1000000.0,33823
8451185,1,1,1,10,2025,2,26,4.0,1200000.0,35597
8448816,1,1,1,10,2025,1,31,5.0,1000000.0,29936
8445638,1,1,1,10,2025,1,62,1.0,1000000.0,22731
8469195,1,1,1,10,2025,2,56,11.0,5060000.0,56560
8464551,1,1,1,10,2025,2,54,4.0,1423500.0,45723
8441566,1,3,1,10,2025,1,25,10.0,2900000.0,13045
8469062,1,2,1,10,2025,2,31,10.0,3000000.0,56179
8448511,1,1,1,10,2025,2,36,8.0,3000000.0,29293
8449601,1,2,1,10,2025,2,39,5.0,750000.0,31642
8465243,1,2,1,10,2025,1,40,1.0,800000.0,47304
8447392,1,1,1,10,2025,1,56,5.0,700000.0,26876
8441435,1,1,1,10,2025,2,52,3.0,1423500.0,12743
8463828,1,2,1,10,2025,2,32,5.0,1400000.0,44217
8442096,1,2,1,10,2025,2,59,3.0,350000.0,14271
8468018,1,2,1,10,2025,1,55,3.0,1200000.0,53657
8470367,1,4,1,10,2025,2,45,5.0,1200000.0,59543
8463716,1,1,1,10,2025,1,28,8.0,2200000.0,43936
8451318,1,1,1,10,2025,1,66,3.0,480000.0,35948
8470591,1,1,1,10,2025,2,33,5.0,1800000.0,60098
8452062,1,1,1,10,2025,1,40,12.0,6500000.0,37833
8471110,1,3,1,10,2025,1,40,8.0,2500000.0,61395
8471649,1,1,1,10,2025,1,47,9.0,1800000.0,62391
8441581,1,1,1,10,2025,2,51,4.0,800000.0,13074
8448519,1,1,1,10,2025,2,28,10.0,3600000.0,29313
8467672,1,1,1,10,2025,2,56,8.0,1423000.0,52776
8447820,1,2,1,10,2025,2,52,10.0,3800000.0,27804
8448434,1,4,1,10,2025,1,24,5.0,1000000.0,29144
8463413,1,1,1,10,2025,2,46,9.0,2000000.0,43216
8466874,1,1,1,10,2025,2,56,5.0,2100000.0,50797
8469768,1,1,1,10,2025,1,54,3.0,600000.0,58104
8470144,1,1,1,10,2025,2,26,5.0,900000.0,59039
8472550,1,1,1,10,2025,2,43,5.0,3200000.0,64208
8438121,1,2,1,10,2025,1,66,11.0,3800000.0,5243
8451884,1,5,1,10,2025,2,24,9.0,780000.0,37385
8441181,1,3,1,10,2025,2,33,5.0,1840000.0,12244
8451589,1,1,1,10,2025,1,40,11.0,8000000.0,36602
8438463,1,1,1,10,2025,2,34,5.0,500000.0,6067
8445254,1,1,1,10,2025,2,44,5.0,1423500.0,21779
8469965,1,2,1,10,2025,2,46,10.0,6000000.0,58586
8451812,1,1,1,10,2025,2,54,6.0,1623500.0,37213
8436623,1,1,1,10,2025,2,49,4.0,1500000.0,1636
8437068,1,2,1,10,2025,1,19,5.0,1423500.0,2865
8463972,1,1,1,10,2025,2,48,8.0,1423500.0,44515
8463163,1,1,1,10,2025,1,61,5.0,1800000.0,42516
8446225,1,3,1,10,2025,2,25,10.0,1500000.0,24088
8452166,1,3,1,10,2025,2,30,10.0,3000000.0,38116
8446243,1,1,1,10,2025,2,65,3.0,1650000.0,24186
8441452,1,3,1,10,2025,1,19,10.0,1423500.0,12793
8436387,1,1,1,10,2025,1,78,3.0,1500000.0,1048
8450161,1,6,1,10,2025,1,61,5.0,1900000.0,33059
8441535,1,1,1,10,2025,1,42,5.0,1800000.0,12971
8449521,1,1,1,10,2025,1,50,1.0,700000.0,31448
8463252,1,5,1,10,2025,2,53,10.0,1423000.0,42748
8463639,1,2,1,10,2025,2,70,3.0,550000.0,43749
8437900,1,1,1,10,2025,1,60,3.0,1000000.0,4804
8452193,1,1,1,10,2025,1,60,3.0,1000000.0,38169
8447995,1,1,1,10,2025,2,46,8.0,1400000.0,28203
8436374,1,2,1,10,2025,2,46,5.0,1400000.0,1020
8438429,1,2,1,10,2025,2,52,5.0,1380000.0,5982
8441455,1,1,1,10,2025,1,38,9.0,3600000.0,12801
8442839,1,3,1,10,2025,1,19,10.0,300000.0,16066
8439165,1,1,1,10,2025,1,48,12.0,7000000.0,7643
8438417,1,2,1,10,2025,2,43,11.0,5000000.0,5941
8443343,1,1,1,10,2025,2,25,5.0,400000.0,17321
8438907,1,2,1,10,2025,1,23,5.0,400000.0,7072
8467482,1,2,1,10,2025,2,41,10.0,2700000.0,52314
8447279,1,3,1,10,2025,1,31,5.0,1500000.0,26575
8469066,1,2,1,10,2025,2,35,4.0,1280000.0,56190
8440493,1,1,1,10,2025,2,54,5.0,920000.0,10653
8447475,1,1,1,10,2025,2,39,8.0,800000.0,27076
8468677,1,2,1,10,2025,2,33,5.0,1423500.0,55204
8470586,1,1,1,10,2025,2,75,3.0,200000.0,60087
8469279,1,7,1,10,2025,1,47,5.0,1423500.0,56774
8463372,1,1,1,10,2025,2,34,8.0,1553500.0,43089
8473784,1,1,1,10,2025,1,49,3.0,600000.0,66213
8447027,1,1,1,10,2025,2,50,5.0,720000.0,26046
8462261,1,1,1,10,2025,2,34,5.0,1800000.0,40602
8463545,1,2,1,10,2025,1,24,5.0,1500000.0,43549
8451390,1,1,1,10,2025,1,73,3.0,1650000.0,36148
8463382,1,4,1,10,2025,1,19,10.0,2930000.0,43125
8468431,1,2,1,10,2025,1,53,5.0,1400000.0,54625
8451858,1,1,1,10,2025,1,29,10.0,5000000.0,37325
8443249,1,1,1,10,2025,1,43,8.0,3400000.0,17052
8442648,1,1,1,10,2025,2,25,5.0,700000.0,15581
8452248,1,1,1,10,2025,1,46,5.0,1423500.0,38320
8439535,1,1,1,10,2025,2,45,3.0,900000.0,8501
8469801,1,2,1,10,2025,1,36,8.0,1500000.0,58195
8472089,1,1,1,10,2025,1,41,10.0,5000000.0,63270
8441587,1,2,1,10,2025,1,39,3.0,2100000.0,13094
8452111,1,1,1,10,2025,1,46,5.0,1800000.0,37980
8442730,1,2,1,10,2025,1,24,9.0,1823000.0,15793
8466066,1,3,1,10,2025,2,54,5.0,1800000.0,48900
8469291,1,1,1,10,2025,2,40,5.0,500000.0,56817
8445173,1,1,1,10,2025,1,45,5.0,700000.0,21541
8442851,1,2,1,10,2025,2,56,10.0,30000000.0,16088
8440447,1,2,1,10,2025,1,22,10.0,1423500.0,10545
8443604,1,1,1,10,2025,1,66,1.0,500000.0,18025
8450138,1,1,1,10,2025,1,47,5.0,1000000.0,32987
8439166,1,1,1,10,2025,1,54,5.0,900000.0,7645
8443858,1,2,1,10,2025,1,38,5.0,8000000.0,18687
8466486,1,1,1,10,2025,2,55,6.0,500000.0,49871
8463508,1,4,1,10,2025,2,65,5.0,1500000.0,43475
8470072,1,1,1,10,2025,1,47,6.0,1800000.0,58864
8437483,1,1,1,10,2025,2,40,5.0,1423500.0,3951
8449087,1,3,1,10,2025,1,33,5.0,1300000.0,30406
8446550,1,2,1,10,2025,1,60,4.0,500000.0,24956
8436978,1,2,1,10,2025,1,26,5.0,1800000.0,2658
8451246,1,2,1,10,2025,2,56,11.0,6000000.0,35767
8443889,1,1,1,10,2025,1,55,5.0,1423500.0,18758
8450315,1,1,1,10,2025,2,37,8.0,900000.0,33461
8465314,1,2,1,10,2025,1,31,3.0,1400000.0,47389
8470961,1,2,1,10,2025,1,55,5.0,2000000.0,61044
8469010,1,2,1,10,2025,1,37,5.0,1500000.0,56043
8451764,1,2,1,10,2025,1,30,10.0,2000000.0,37086
8440753,1,2,1,10,2025,2,34,9.0,150000.0,11341
8447835,1,1,1,10,2025,2,30,10.0,2847000.0,27841
8438925,1,1,1,10,2025,2,42,5.0,900000.0,7112
8442454,1,5,1,10,2025,1,2,,,15166
8437406,1,1,1,10,2025,2,29,6.0,850000.0,3730
8471563,1,1,1,10,2025,1,47,10.0,3000000.0,62228
8439164,1,2,1,10,2025,2,53,5.0,1623000.0,7642
8470267,1,2,1,10,2025,1,37,3.0,1700000.0,59314
8439363,1,2,1,10,2025,2,34,10.0,6000000.0,8112
8466207,1,2,1,10,2025,2,27,10.0,10000000.0,49209
8440084,1,1,1,10,2025,1,62,3.0,450000.0,9726
8463627,1,1,1,10,2025,2,52,10.0,10000000.0,43721
8444333,1,1,1,10,2025,2,22,5.0,1800000.0,19864
8452350,1,1,1,10,2025,1,22,5.0,1900000.0,38581
8451310,1,2,1,10,2025,2,42,10.0,1430000.0,35920
8465022,1,2,1,10,2025,2,30,9.0,2300000.0,46814
8437653,1,1,1,10,2025,1,30,11.0,4500000.0,4290
8469232,1,1,1,10,2025,1,24,5.0,2140000.0,56649
8450809,1,2,1,10,2025,1,33,5.0,1000000.0,34646
8470734,1,1,1,10,2025,1,46,5.0,2650000.0,60444
8467547,1,4,1,10,2025,2,42,11.0,1423500.0,52446
8470049,1,2,1,10,2025,1,62,3.0,250000.0,58787
8461920,1,1,1,10,2025,2,43,1.0,300000.0,39763
8444476,1,1,1,10,2025,1,31,5.0,1800000.0,20246
8436274,1,2,1,10,2025,2,72,3.0,1300000.0,790
8447495,1,1,1,10,2025,2,58,10.0,3600000.0,27130
8446348,1,1,1,10,2025,1,34,10.0,3400000.0,24493
8462961,1,1,1,10,2025,1,54,3.0,1500000.0,42110
8464205,1,1,1,10,2025,2,22,5.0,800000.0,44961
8466041,1,1,1,10,2025,2,31,10.0,3500000.0,48869
8437013,1,2,1,10,2025,2,19,4.0,1790000.0,2741
8442229,1,2,1,10,2025,1,22,10.0,1423000.0,14618
8469087,1,1,1,10,2025,1,35,10.0,1423500.0,56255
8469361,1,3,1,10,2025,1,50,9.0,1200000.0,57020
8469121,1,1,1,10,2025,1,44,5.0,1423500.0,56354
8444360,1,5,1,10,2025,2,19,10.0,1423500.0,19926
8438702,1,1,1,10,2025,2,26,10.0,1400000.0,6624
8439692,1,2,1,10,2025,2,49,5.0,1423000.0,8923
8463220,1,2,1,10,2025,2,58,3.0,120000.0,42675
8465626,1,1,1,10,2025,2,53,10.0,1423500.0,47973
8463470,1,1,1,10,2025,1,51,5.0,1700000.0,43373
8444398,2,2,2,10,2025,2,38,10.0,900000.0,20035
8470733,3,1,3,10,2025,1,62,5.0,1800000.0,60442
8439123,1,2,1,10,2025,1,43,4.0,1350000.0,7561
8471559,1,2,1,10,2025,1,22,5.0,1000000.0,62220
8446071,1,2,1,10,2025,2,30,5.0,3000000.0,23703
8466475,1,1,1,10,2025,1,60,4.0,1600000.0,49834
8471363,1,1,1,10,2025,2,54,5.0,300000.0,61832
8452550,1,2,1,10,2025,1,66,5.0,2200000.0,39125
8467456,1,1,1,10,2025,2,38,5.0,300000.0,52238
8451638,1,3,1,10,2025,1,22,5.0,2500000.0,36730
8466345,1,1,1,10,2025,1,54,1.0,1100000.0,49459
8450248,1,1,1,10,2025,2,54,5.0,1700000.0,33282
8446591,1,2,1,10,2025,2,26,4.0,200000.0,25095
8466460,1,1,1,10,2025,1,52,5.0,1500000.0,49795
8446553,1,2,1,10,2025,2,52,10.0,2800000.0,24963
8449296,1,3,1,10,2025,1,29,5.0,1400000.0,30861
8451381,1,2,1,10,2025,1,28,4.0,1400000.0,36124
8469958,1,1,1,10,2025,2,39,9.0,1523500.0,58570
8470571,1,2,1,10,2025,2,27,8.0,1423500.0,60049
8462732,1,1,1,10,2025,2,44,10.0,1509000.0,41652
8446445,1,1,1,10,2025,2,45,11.0,8200000.0,24706
8440412,1,1,1,10,2025,2,32,4.0,1600000.0,10481
8443597,1,1,1,10,2025,2,56,5.0,1423500.0,18001
8472661,1,3,1,10,2025,2,26,10.0,3000000.0,64444
8441176,1,1,1,10,2025,1,60,3.0,1700000.0,12233
8463580,1,1,1,10,2025,2,40,9.0,1800000.0,43628
8446790,1,2,1,10,2025,2,31,8.0,1500000.0,25515
8465552,1,1,1,10,2025,2,65,3.0,1623500.0,47853
8464915,1,1,1,10,2025,2,29,5.0,1200000.0,46543
8436522,1,2,1,10,2025,2,22,10.0,1200000.0,1385
8467106,1,1,1,10,2025,2,55,4.0,400000.0,51381
8471202,1,4,1,10,2025,2,30,8.0,2670000.0,61517
8472998,1,2,1,10,2025,2,29,8.0,1800000.0,65062
8439717,1,6,1,10,2025,2,58,1.0,692000.0,8985
8467594,1,4,1,10,2025,1,31,8.0,2000000.0,52579
8471272,1,1,1,10,2025,2,63,9.0,3000000.0,61667
8450292,1,3,1,10,2025,2,21,5.0,800000.0,33390
8436170,1,1,1,10,2025,2,35,5.0,1423500.0,544
8469197,1,2,1,10,2025,2,29,5.0,1423500.0,56565
8471093,1,2,1,10,2025,1,30,10.0,1423500.0,61347
8447951,1,4,1,10,2025,2,26,9.0,1423500.0,28125
8442975,1,1,1,10,2025,2,55,3.0,800000.0,16387
8437651,1,2,1,10,2025,2,35,10.0,3300000.0,4286
8465632,1,1,1,10,2025,1,36,6.0,5000000.0,47987
8443960,1,1,1,10,2025,1,34,8.0,1623500.0,18922
8469296,1,1,1,10,2025,1,67,3.0,280000.0,56831
8444956,1,1,1,10,2025,1,20,4.0,2000000.0,21484
8471978,1,2,1,10,2025,2,35,12.0,5200000.0,63025
8450961,1,1,1,10,2025,1,36,5.0,1423500.0,35041
8436261,1,1,1,10,2025,1,67,3.0,500000.0,761
8464053,1,2,1,10,2025,2,54,4.0,2000000.0,44680
8467385,1,1,1,10,2025,2,42,3.0,1000000.0,52082
8439047,1,1,1,10,2025,2,32,5.0,900000.0,7366
8464453,1,1,1,10,2025,1,42,5.0,4800000.0,45501
8439687,1,1,1,10,2025,2,27,5.0,2100000.0,8907
8441106,1,2,1,10,2025,2,47,8.0,1423500.0,12079
8470248,1,1,1,10,2025,2,54,3.0,1800000.0,59270
8448061,1,1,1,10,2025,1,40,5.0,2500000.0,28402
8439542,1,2,1,10,2025,1,44,5.0,1400000.0,8521
8440425,1,3,1,10,2025,1,26,4.0,1423500.0,10505
8446011,1,2,1,10,2025,1,51,5.0,3000000.0,23567
8473330,1,1,1,10,2025,1,34,8.0,2800000.0,65710
8440671,1,1,1,10,2025,2,55,10.0,4200000.0,11157
8468044,1,1,1,10,2025,2,21,6.0,800000.0,53716
8449555,1,4,1,10,2025,2,31,3.0,1600000.0,31533
8468317,2,1,2,10,2025,1,68,3.0,1200000.0,54302
8443519,1,1,1,10,2025,1,70,3.0,1000000.0,17808
8471576,1,3,1,10,2025,2,59,10.0,1423500.0,62259
8438236,1,1,1,10,2025,1,53,3.0,300000.0,5470
8438908,1,2,1,10,2025,2,38,12.0,4000000.0,7074
8449259,1,1,1,10,2025,1,24,5.0,500000.0,30743
8472190,1,1,1,10,2025,2,48,3.0,400000.0,63507
8450092,1,2,1,10,2025,1,58,5.0,1400000.0,32898
8437920,1,1,1,10,2025,1,59,3.0,1600000.0,4837
8464117,1,1,1,10,2025,2,43,5.0,200000.0,44777
8440707,1,1,1,10,2025,1,65,3.0,1850000.0,11206
8438816,1,1,1,10,2025,2,47,5.0,1400000.0,6884
8440413,1,1,1,10,2025,2,27,5.0,1800000.0,10483
8466574,1,1,1,10,2025,2,75,3.0,800000.0,50086
8438032,1,2,1,10,2025,2,50,5.0,1400000.0,5060
8441905,1,1,1,10,2025,1,27,10.0,1700000.0,13813
8443115,1,2,1,10,2025,1,62,5.0,0.0,16758
8440486,1,1,1,10,2025,1,47,9.0,2100000.0,10638
8452254,1,2,1,10,2025,2,66,3.0,100000.0,38336
8447371,1,2,1,10,2025,2,17,5.0,600000.0,26807
8468093,1,2,1,10,2025,2,72,3.0,300000.0,53838
8473835,1,2,1,10,2025,1,51,1.0,900000.0,66363
8446396,1,5,1,10,2025,1,19,4.0,1500000.0,24608
8447298,1,2,1,10,2025,1,50,5.0,1623500.0,26637
8436676,1,2,1,10,2025,2,23,10.0,1800000.0,1775
8473874,1,1,1,10,2025,2,26,5.0,1500000.0,66466
8437375,1,2,1,10,2025,1,43,5.0,1423500.0,3675
8472135,1,1,1,10,2025,2,54,4.0,800000.0,63376
8438851,1,2,1,10,2025,1,27,5.0,1500000.0,6963
8473827,1,2,1,10,2025,2,33,9.0,2080000.0,66338
8468844,1,1,1,10,2025,2,37,5.0,900000.0,55653
8470682,1,3,1,10,2025,2,27,5.0,1580000.0,60316
8465064,1,2,1,10,2025,2,43,11.0,3300000.0,46903
8473176,1,1,1,10,2025,1,68,10.0,4247000.0,65374
8438569,1,1,1,10,2025,2,58,3.0,0.0,6323
8437285,1,1,1,10,2025,2,50,10.0,700000.0,3414
8438066,1,2,1,10,2025,1,24,4.0,1700000.0,5135
8463895,1,1,1,10,2025,1,42,5.0,1423500.0,44339
8444077,1,2,1,10,2025,2,30,10.0,4000000.0,19273
8440631,1,2,1,10,2025,2,29,10.0,1500000.0,11045
8444408,1,1,1,10,2025,2,39,8.0,1423000.0,20056
8464781,1,2,1,10,2025,1,48,4.0,1200000.0,46265
8464066,1,2,1,10,2025,2,41,5.0,1423500.0,44695
8435981,1,1,1,10,2025,1,54,10.0,4300000.0,41
8437422,1,1,1,10,2025,1,48,10.0,1800000.0,3778
8438384,1,1,1,10,2025,1,55,10.0,3000000.0,5881
8472860,1,1,1,10,2025,2,63,11.0,7000000.0,64852
8439975,1,1,1,10,2025,1,70,8.0,1300000.0,9513
8443758,1,2,1,10,2025,1,31,5.0,1423500.0,18422
8449267,1,1,1,10,2025,2,47,4.0,150000.0,30776
8443705,1,1,1,10,2025,2,44,5.0,1423000.0,18286
8473832,1,2,1,10,2025,1,32,3.0,1200000.0,66353
8469052,1,3,1,10,2025,2,50,4.0,1100000.0,56156
8467335,1,1,1,10,2025,2,28,5.0,500000.0,51942
8444317,1,1,1,10,2025,2,52,5.0,400000.0,19818
8438219,1,1,1,10,2025,2,45,10.0,1200000.0,5423
8438906,1,2,1,10,2025,1,39,8.0,2500000.0,7068
8436822,1,3,1,10,2025,1,28,12.0,7120000.0,2109
8473142,1,2,1,10,2025,2,26,6.0,2500000.0,65325
8467725,1,1,1,10,2025,1,52,8.0,1423500.0,52890
8444392,1,1,1,10,2025,1,52,5.0,1515000.0,20013
8448640,1,3,1,10,2025,1,27,10.0,3000000.0,29517
8444851,1,2,1,10,2025,2,34,5.0,1900000.0,21240
8445511,1,4,1,10,2025,2,38,3.0,1200000.0,22431
8466926,1,1,1,10,2025,2,65,3.0,0.0,50878
8445250,1,1,1,10,2025,2,28,4.0,580000.0,21764
8444654,1,3,1,10,2025,1,64,10.0,1800000.0,20713
8442662,1,2,1,10,2025,1,40,5.0,1420000.0,15615
8451129,1,1,1,10,2025,2,40,5.0,5000000.0,35449
8441612,1,1,1,10,2025,2,26,5.0,600000.0,13135
8437268,1,1,1,10,2025,2,28,8.0,900000.0,3369
8449018,1,1,1,10,2025,2,36,10.0,2000000.0,30260
8465565,1,1,1,10,2025,2,42,4.0,1450000.0,47881
8440825,1,1,1,10,2025,1,54,5.0,900000.0,11524
8448171,1,2,1,10,2025,2,36,10.0,2600000.0,28609
8445755,1,2,1,10,2025,2,30,3.0,1200000.0,22974
8471281,1,1,1,10,2025,1,57,10.0,4500000.0,61687
8472847,1,1,1,10,2025,2,46,5.0,1400000.0,64818
8470300,1,1,1,10,2025,1,51,3.0,1900000.0,59406
8472289,1,1,1,10,2025,2,24,8.0,1423500.0,63715
8472452,1,3,1,10,2025,1,28,10.0,1800000.0,64042
8451919,1,2,1,10,2025,1,52,5.0,1700000.0,37474
8444927,1,1,1,10,2025,1,57,8.0,2000000.0,21435
8470347,1,1,1,10,2025,1,51,1.0,2433500.0,59514
8437403,1,1,1,10,2025,1,69,10.0,3000000.0,3719
8470215,1,1,1,10,2025,2,31,10.0,1600000.0,59186
8451787,1,1,1,10,2025,1,43,10.0,1907600.0,37155
8439925,1,1,1,10,2025,1,67,11.0,4000000.0,9478
8470973,1,2,1,10,2025,1,79,3.0,800000.0,61070
8440854,1,1,1,10,2025,1,57,10.0,4400000.0,11595
8443330,1,2,1,10,2025,1,25,1.0,500000.0,17285
8448769,1,2,1,10,2025,2,24,5.0,1600000.0,29847
8452019,1,2,1,10,2025,1,18,4.0,700000.0,37739
8445853,1,1,1,10,2025,1,54,10.0,10000000.0,23194
8469758,1,2,1,10,2025,2,35,5.0,1000000.0,58074
8450699,1,1,1,10,2025,2,29,10.0,2000000.0,34384
8449858,1,3,1,10,2025,2,28,5.0,1426000.0,32294
8448550,1,1,1,10,2025,2,61,4.0,1200000.0,29385
8437932,1,1,1,10,2025,1,22,11.0,3005600.0,4864
8441694,1,1,1,10,2025,1,35,3.0,500000.0,13316
8467908,1,1,1,10,2025,2,49,1.0,200000.0,53364
8468241,1,2,1,10,2025,2,52,5.0,1423500.0,54130
8439483,1,3,1,10,2025,2,29,4.0,900000.0,8379
8436405,1,1,1,10,2025,1,27,5.0,1423500.0,1081
8440301,1,1,1,10,2025,2,26,4.0,1700000.0,10239
8440821,1,3,1,10,2025,2,33,5.0,120000.0,11517
8467213,1,3,1,10,2025,2,33,10.0,150000.0,51663
8464772,1,3,1,10,2025,1,42,10.0,1423500.0,46246
8452152,1,2,1,10,2025,2,41,9.0,2500000.0,38080
8472954,1,2,1,10,2025,2,52,11.0,6000000.0,64998
8449153,1,1,1,10,2025,1,58,5.0,2000000.0,30518
8468190,1,1,1,10,2025,2,31,10.0,2000000.0,54037
8445366,1,1,1,10,2025,1,55,4.0,1100000.0,22091
8447667,1,2,1,10,2025,1,63,3.0,2000000.0,27476
8450327,1,2,1,10,2025,2,37,5.0,1423500.0,33490
8469363,1,2,1,10,2025,2,30,5.0,1423500.0,57024
8467592,1,2,1,10,2025,1,57,3.0,600000.0,52569
8465805,1,1,1,10,2025,1,27,8.0,1400000.0,48348
8439913,1,4,1,10,2025,1,34,5.0,1800000.0,9466
8452271,1,1,1,10,2025,2,33,6.0,300000.0,38386
8446147,1,2,1,10,2025,2,40,5.0,1623000.0,23893
8437708,1,2,1,10,2025,1,49,5.0,2000000.0,4413
8443014,1,5,1,10,2025,2,27,8.0,400000.0,16491
8467607,1,2,1,10,2025,2,31,9.0,1500000.0,52616
8450377,1,1,1,10,2025,1,42,5.0,3500000.0,33609
8466589,1,1,1,10,2025,2,29,4.0,1000000.0,50127
8443286,1,3,1,10,2025,2,56,3.0,350000.0,17168
8467057,1,1,1,10,2025,1,41,5.0,1400000.0,51209
8470746,1,2,1,10,2025,2,46,5.0,400000.0,60483
8473248,1,2,1,10,2025,2,38,10.0,2150000.0,65524
8435986,1,1,1,10,2025,1,76,1.0,400000.0,64
8437780,1,3,1,10,2025,2,44,8.0,800000.0,4554
8438779,1,1,1,10,2025,2,36,8.0,1423500.0,6791
8471475,1,2,1,10,2025,1,41,5.0,2000000.0,62059
8472360,1,1,1,10,2025,2,26,10.0,3600000.0,63868
8470724,1,4,1,10,2025,1,34,5.0,1500000.0,60408
8465325,1,1,1,10,2025,1,39,10.0,6000000.0,47410
8437594,1,2,1,10,2025,2,48,5.0,1423500.0,4157
8462030,1,2,1,10,2025,2,36,5.0,1423500.0,40083
8445405,1,1,1,10,2025,1,62,4.0,700000.0,22181
8450799,1,1,1,10,2025,2,57,5.0,1700000.0,34621
8467740,1,1,1,10,2025,2,61,4.0,1130000.0,52928
8472561,1,2,1,10,2025,1,21,5.0,1700000.0,64229
8450355,1,1,1,10,2025,1,38,10.0,1423000.0,33560
8472463,1,2,1,10,2025,1,36,5.0,1450000.0,64079
8440810,1,1,1,10,2025,1,62,4.0,1400000.0,11492
8463783,1,1,1,10,2025,2,26,4.0,1300000.0,44086
8450369,1,2,1,10,2025,2,40,10.0,3300000.0,33593
8436512,1,1,1,10,2025,2,56,5.0,1423500.0,1354
8437381,1,1,1,10,2025,2,59,11.0,8400000.0,3687
8447714,1,2,1,10,2025,1,39,10.0,2000000.0,27560
8450873,1,1,1,10,2025,2,38,5.0,2500000.0,34804
8445735,1,1,1,10,2025,1,57,5.0,1800000.0,22938
8447553,1,2,1,10,2025,2,39,11.0,400000.0,27226
8441467,1,2,1,10,2025,1,38,8.0,2000000.0,12816
8445352,1,1,1,10,2025,2,32,5.0,950000.0,22054
8436585,1,2,1,10,2025,2,43,10.0,10000000.0,1532
8441319,1,3,1,10,2025,1,23,5.0,1780000.0,12506
8470337,1,1,1,10,2025,1,51,5.0,3000000.0,59494
8464767,1,1,1,10,2025,1,25,10.0,1800000.0,46233
8463229,1,2,1,10,2025,2,62,5.0,1423500.0,42693
8473166,1,1,1,10,2025,2,37,10.0,2700000.0,65358
8438456,1,2,1,10,2025,2,27,5.0,1423500.0,6051
8449183,1,1,1,10,2025,2,43,4.0,1823500.0,30569
8449064,1,1,1,10,2025,2,43,8.0,2200000.0,30349
8468028,1,1,1,10,2025,1,34,12.0,5000000.0,53675
8439330,1,2,1,10,2025,1,22,5.0,800000.0,8043
8471677,1,4,1,10,2025,1,20,5.0,1000000.0,62442
8446348,1,2,1,10,2025,2,36,10.0,6000000.0,24494
8463023,1,5,1,10,2025,2,20,6.0,400000.0,42253
8444589,1,1,1,10,2025,2,44,5.0,900000.0,20540
8468668,1,2,1,10,2025,2,32,10.0,1423500.0,55172
8466884,1,2,1,10,2025,2,19,7.0,600000.0,50826
8445677,1,2,1,10,2025,1,26,5.0,1600000.0,22818
8441576,1,2,1,10,2025,2,24,5.0,1000000.0,13060
8448295,1,1,1,10,2025,1,39,5.0,1423000.0,28858
8449741,1,1,1,10,2025,1,45,3.0,650000.0,32004
8448055,1,2,1,10,2025,1,26,5.0,1510000.0,28384
8450623,1,1,1,10,2025,2,61,3.0,500000.0,34199
8437446,1,1,1,10,2025,2,41,5.0,450000.0,3840
8461862,1,2,1,10,2025,2,30,9.0,1423500.0,39605
8444081,1,1,1,10,2025,1,46,5.0,1300000.0,19282
8471316,1,2,1,10,2025,2,59,4.0,700000.0,61754
8465487,1,1,1,10,2025,2,54,5.0,1500000.0,47721
8464593,1,3,1,10,2025,1,31,5.0,600000.0,45837
8466163,1,2,1,10,2025,2,50,5.0,1500000.0,49102
8468429,1,3,1,10,2025,2,24,5.0,1423500.0,54619
8440071,1,1,1,10,2025,2,69,4.0,700000.0,9703
8463111,1,1,1,10,2025,1,53,3.0,1100000.0,42446
8447089,1,3,1,10,2025,2,29,10.0,600000.0,26194
8470904,1,1,1,10,2025,2,39,11.0,6000000.0,60907
8471020,1,1,1,10,2025,1,62,5.0,2000000.0,61175
8443137,1,2,1,10,2025,2,29,10.0,3800000.0,16808
8452269,1,2,1,10,2025,2,34,5.0,1200000.0,38381
8439406,1,2,1,10,2025,1,54,9.0,1423500.0,8207
8449207,1,1,1,10,2025,1,47,5.0,1100000.0,30618
8440105,1,1,1,10,2025,1,38,4.0,1500000.0,9775
8447068,1,1,1,10,2025,2,48,8.0,2100000.0,26151
8470087,1,1,1,10,2025,2,31,8.0,1650000.0,58900
8442091,1,4,1,10,2025,2,24,5.0,150000.0,14262
8464844,1,1,1,10,2025,1,61,3.0,3200000.0,46378
8444033,1,4,1,10,2025,1,44,4.0,2000000.0,19143
8471097,1,3,1,10,2025,2,31,10.0,2800000.0,61362
8470888,1,2,1,10,2025,1,44,9.0,1500000.0,60866
8466664,1,2,1,10,2025,1,28,5.0,1423500.0,50299
8449458,1,1,1,10,2025,2,59,10.0,4000000.0,31294
8468494,1,1,1,10,2025,2,64,5.0,1000000.0,54763
8451845,1,1,1,10,2025,1,58,3.0,700000.0,37292
8447884,1,2,1,10,2025,2,46,11.0,3000000.0,27938
8472582,1,2,1,10,2025,2,28,5.0,2500000.0,64271
8450864,1,7,1,10,2025,2,26,4.0,1800000.0,34783
8446239,1,8,1,10,2025,1,47,5.0,1500000.0,24161
8469115,1,1,1,10,2025,1,48,3.0,600000.0,56329
8473861,1,2,1,10,2025,2,57,5.0,0.0,66425
8469426,1,1,1,10,2025,1,39,6.0,5700000.0,57173
8442008,1,1,1,10,2025,2,38,10.0,1400000.0,14083
8445511,1,3,1,10,2025,1,49,3.0,500000.0,22430
8465716,1,1,1,10,2025,1,33,4.0,900000.0,48139
8439113,1,3,1,10,2025,2,39,8.0,1423000.0,7539
8445428,1,3,1,10,2025,1,16,3.0,800000.0,22237
8468404,1,3,1,10,2025,2,24,10.0,1800000.0,54550
8466674,1,3,1,10,2025,1,28,1.0,2000000.0,50335
8452005,1,2,1,10,2025,2,53,10.0,4600000.0,37714
8436906,1,2,1,10,2025,2,38,5.0,700000.0,2445
8439825,1,1,1,10,2025,2,40,8.0,4000000.0,9228
8439280,1,1,1,10,2025,1,63,3.0,1600000.0,7903
8449349,1,1,1,10,2025,2,43,5.0,800000.0,31009
8464496,1,2,1,10,2025,2,35,8.0,1630000.0,45603
8464107,1,1,1,10,2025,1,26,10.0,4000000.0,44765
8462742,1,2,1,10,2025,1,55,4.0,1350000.0,41667
8450348,1,1,1,10,2025,2,33,5.0,180000.0,33541
8465290,1,2,1,10,2025,2,64,5.0,320000.0,47385
8438836,1,1,1,10,2025,2,43,8.0,1500000.0,6918
8447850,1,1,1,10,2025,2,37,10.0,3000000.0,27882
8463815,1,1,1,10,2025,2,51,10.0,5000000.0,44176
8447801,1,2,1,10,2025,1,39,5.0,2000000.0,27740
8472407,1,2,1,10,2025,1,60,3.0,1623500.0,63916
8437196,1,1,1,10,2025,1,50,3.0,600000.0,3152
8471448,1,1,1,10,2025,2,29,10.0,1400000.0,62012
8448944,1,1,1,10,2025,2,32,8.0,1423500.0,30127
8438465,1,2,1,10,2025,2,33,5.0,1423500.0,6074
8443799,1,2,1,10,2025,1,41,6.0,1600000.0,18523
8436765,1,1,1,10,2025,2,34,5.0,1500000.0,1998
8447620,1,1,1,10,2025,1,57,5.0,1200000.0,27352
8473313,1,3,1,10,2025,1,34,5.0,2200000.0,65678
8446979,1,1,1,10,2025,1,36,4.0,800000.0,25958
8440914,1,1,1,10,2025,2,30,5.0,1450000.0,11720
8444781,1,1,1,10,2025,1,36,5.0,1423500.0,21060
8441261,1,1,1,10,2025,1,54,10.0,4500000.0,12421
8472006,1,2,1,10,2025,1,29,5.0,1400000.0,63080
8440494,1,2,1,10,2025,2,36,4.0,1000000.0,10656
8443554,1,1,1,10,2025,2,23,5.0,1700000.0,17891
8440185,1,1,1,10,2025,1,22,5.0,1450000.0,9955
8439529,1,9,1,10,2025,2,23,5.0,600000.0,8477
8441686,1,1,1,10,2025,2,37,9.0,1423500.0,13294
8448365,1,1,1,10,2025,1,63,3.0,1900000.0,28974
8466418,1,2,1,10,2025,1,20,5.0,500000.0,49673
8438200,1,2,1,10,2025,2,50,8.0,0.0,5397
8451167,1,1,1,10,2025,2,43,8.0,1423500.0,35544
8436928,1,1,1,10,2025,1,45,5.0,1400000.0,2517
8439729,1,1,1,10,2025,2,57,5.0,300000.0,9013
8446381,1,1,1,10,2025,1,49,12.0,4000000.0,24564
8441847,1,2,1,10,2025,1,19,5.0,500000.0,13599
8448416,2,2,2,10,2025,1,29,5.0,1400000.0,29105
8439502,1,1,1,10,2025,1,68,9.0,4100000.0,8406
8446568,1,1,1,10,2025,1,43,9.0,6800000.0,25011
8443689,1,1,1,10,2025,1,24,10.0,8000000.0,18250
8449177,1,1,1,10,2025,2,53,4.0,1900000.0,30548
8447208,1,2,1,10,2025,2,43,10.0,2000000.0,26364
8468602,1,1,1,10,2025,1,59,5.0,1800000.0,55021
8445903,1,2,1,10,2025,2,43,5.0,1000000.0,23294
8468829,1,1,1,10,2025,2,55,9.0,1420000.0,55611
8471468,1,1,1,10,2025,1,53,3.0,1500000.0,62045
8470586,1,4,1,10,2025,2,21,5.0,120000.0,60090
8463230,1,1,1,10,2025,2,39,8.0,2500000.0,42697
8465061,1,1,1,10,2025,2,55,6.0,100000.0,46885
8473697,1,1,1,10,2025,1,46,10.0,4700000.0,66112
8449643,1,2,1,10,2025,2,39,8.0,1700000.0,31729
8447178,1,3,1,10,2025,1,33,10.0,2800000.0,26299
8465227,1,3,1,10,2025,1,26,5.0,1200000.0,47262
8469262,1,3,1,10,2025,2,25,10.0,1423500.0,56721
8451398,1,1,1,10,2025,1,28,4.0,1620000.0,36167
8468956,1,2,1,10,2025,2,25,9.0,1423500.0,55906
8450317,1,2,1,10,2025,1,42,3.0,1080000.0,33469
8467962,1,1,1,10,2025,2,53,3.0,400000.0,53520
8462691,1,2,1,10,2025,2,30,5.0,1423500.0,41548
8443339,1,1,1,10,2025,2,35,5.0,1020000.0,17309
8444817,1,2,1,10,2025,1,25,8.0,1400000.0,21159
8447534,1,2,1,10,2025,2,25,5.0,1300000.0,27191
8463111,1,3,1,10,2025,2,27,9.0,1400000.0,42448
8441518,1,3,1,10,2025,1,35,5.0,3000000.0,12924
8448167,1,1,1,10,2025,2,44,10.0,1423500.0,28599
8443151,1,1,1,10,2025,2,61,9.0,4000000.0,16837
8463317,1,1,1,10,2025,1,30,5.0,2150000.0,42924
8451059,1,1,1,10,2025,1,75,3.0,1423500.0,35271
8462048,1,1,1,10,2025,1,61,1.0,800000.0,40126
8436074,1,1,1,10,2025,2,43,4.0,797000.0,333
8442226,1,1,1,10,2025,1,64,9.0,2500000.0,14606
8468732,1,2,1,10,2025,1,20,4.0,4000000.0,55352
8436994,1,1,1,10,2025,2,55,10.0,2500000.0,2693
8467779,1,2,1,10,2025,1,45,11.0,6500000.0,53025
8471547,1,1,1,10,2025,1,40,3.0,1200000.0,62179
8442291,1,1,1,10,2025,2,66,3.0,500000.0,14750
8464321,1,2,1,10,2025,1,34,5.0,500000.0,45167
8462988,1,3,1,10,2025,1,22,5.0,1450000.0,42168
8441153,1,1,1,10,2025,1,36,6.0,1495500.0,12200
8444556,1,1,1,10,2025,1,34,8.0,1423500.0,20462
8441953,1,1,1,10,2025,2,37,10.0,2100000.0,13942
8449323,1,1,1,10,2025,1,44,4.0,4000000.0,30944
8470629,1,1,1,10,2025,2,23,8.0,2320000.0,60192
8462512,1,2,1,10,2025,2,70,3.0,480000.0,41156
8468573,1,1,1,10,2025,1,38,10.0,6170000.0,54968
8462029,1,1,1,10,2025,1,55,3.0,1800000.0,40080
8438477,1,2,1,10,2025,2,29,5.0,600000.0,6104
8470877,1,2,1,10,2025,2,30,5.0,1600000.0,60843
8467405,1,2,1,10,2025,1,62,4.0,800000.0,52107
8466881,1,2,1,10,2025,1,59,3.0,550000.0,50813
8438555,1,1,1,10,2025,2,32,4.0,200000.0,6279
8444052,1,1,1,10,2025,1,43,4.0,900000.0,19197
8437703,1,1,1,10,2025,2,36,10.0,3800000.0,4402
8470922,1,2,1,10,2025,1,32,4.0,1800000.0,60942
8463363,1,1,1,10,2025,1,52,8.0,1423500.0,43064
8437411,1,1,1,10,2025,2,50,8.0,2000000.0,3752
8439658,1,1,1,10,2025,1,48,10.0,1000000.0,8816
8469449,1,2,1,10,2025,2,41,10.0,7000000.0,57214
8468034,1,1,1,10,2025,1,29,8.0,800000.0,53688
8446418,1,1,1,10,2025,2,49,9.0,1423500.0,24649
8467707,1,2,1,10,2025,1,24,9.0,1800000.0,52853
8466512,1,1,1,10,2025,1,33,4.0,1250000.0,49950
8449660,1,1,1,10,2025,1,51,3.0,800000.0,31794
8450972,1,2,1,10,2025,2,50,5.0,450000.0,35062
8471989,1,1,1,10,2025,2,53,3.0,200000.0,63047
8472227,1,4,1,10,2025,2,27,10.0,6000000.0,63580
8469427,1,1,1,10,2025,1,36,5.0,1200000.0,57177
8444445,1,5,1,10,2025,2,31,8.0,2368000.0,20162
8465384,1,2,1,10,2025,2,31,10.0,2200000.0,47522
8450366,1,2,1,10,2025,2,37,11.0,3200000.0,33587
8435980,1,2,1,10,2025,2,38,8.0,1423500.0,36
8448509,1,1,1,10,2025,2,54,4.0,1600000.0,29288
8440399,1,2,1,10,2025,2,28,11.0,2000000.0,10459
8463772,1,2,1,10,2025,2,42,4.0,840000.0,44059
8471337,1,1,1,10,2025,1,32,6.0,3000000.0,61774
8473128,1,3,1,10,2025,1,30,5.0,1400000.0,65295
8450318,1,2,1,10,2025,1,60,3.0,900000.0,33473
8437434,1,1,1,10,2025,2,40,5.0,1000000.0,3813
8467539,1,1,1,10,2025,2,47,4.0,1000000.0,52432
8469332,1,2,1,10,2025,2,54,3.0,100000.0,56953
8449470,1,2,1,10,2025,1,54,3.0,1100000.0,31320
8465637,1,1,1,10,2025,2,43,5.0,1600000.0,47994
8436767,1,1,1,10,2025,2,57,4.0,400000.0,2005
8468007,1,3,1,10,2025,1,28,10.0,1800000.0,53620
8437586,1,3,1,10,2025,2,22,8.0,1423500.0,4141
8440629,1,2,1,10,2025,1,30,5.0,1000000.0,11039
8439739,1,5,1,10,2025,1,35,3.0,700000.0,9038
8446602,1,2,1,10,2025,1,26,10.0,6000000.0,25123
8436191,1,2,1,10,2025,2,47,9.0,1423500.0,598
8463037,1,1,1,10,2025,1,69,3.0,400000.0,42282
8440659,1,1,1,10,2025,2,43,10.0,23200000.0,11122
8447564,1,3,1,10,2025,2,30,10.0,1640000.0,27248
8462131,1,1,1,10,2025,1,43,4.0,700000.0,40329
8463677,1,4,1,10,2025,2,55,5.0,1950000.0,43836
8463844,1,1,1,10,2025,1,19,8.0,1423500.0,44253
8451409,1,1,1,10,2025,1,75,3.0,1120000.0,36189
8472612,1,1,1,10,2025,2,30,5.0,1423500.0,64334
8444537,1,2,1,10,2025,2,29,8.0,1900000.0,20411
8436728,1,4,1,10,2025,2,63,3.0,1600000.0,1915
8436913,1,1,1,10,2025,2,32,5.0,580000.0,2466
8447731,1,1,1,10,2025,2,29,10.0,1600000.0,27596
8472829,1,2,1,10,2025,2,48,3.0,1260000.0,64771
8472143,1,1,1,10,2025,2,52,5.0,1423500.0,63400
8462216,1,2,1,10,2025,2,41,3.0,1100000.0,40517
8443454,1,1,1,10,2025,1,42,3.0,1100000.0,17613
8447007,1,1,1,10,2025,1,23,10.0,1900000.0,26007
8465967,1,6,1,10,2025,2,42,3.0,2040000.0,48707
8437412,1,4,1,10,2025,2,36,5.0,1423500.0,3756
8443110,1,1,1,10,2025,1,60,12.0,10000000.0,16750
8437167,1,3,1,10,2025,2,20,5.0,1423500.0,3076
8452579,1,3,1,10,2025,2,45,8.0,2700000.0,39209
8451330,1,2,1,10,2025,2,15,5.0,300000.0,35983
8447274,1,1,1,10,2025,1,31,5.0,2140000.0,26560
8469599,1,3,1,10,2025,1,27,5.0,1423500.0,57625
8437401,1,2,1,10,2025,1,34,10.0,1423500.0,3716
8452024,1,1,1,10,2025,1,31,3.0,1800000.0,37748
8446461,1,1,1,10,2025,1,53,5.0,1800000.0,24738
8448535,1,2,1,10,2025,2,54,4.0,1800000.0,29348
8439220,1,1,1,10,2025,1,54,5.0,3500000.0,7760
8441212,1,1,1,10,2025,1,32,3.0,1120000.0,12315
8471286,1,1,1,10,2025,1,23,9.0,1823500.0,61700
8448384,1,3,1,10,2025,2,37,5.0,1600000.0,29024
8451385,1,4,1,10,2025,1,25,3.0,1903500.0,36134
8470559,1,2,1,10,2025,2,35,10.0,2100000.0,60014
8437653,1,2,1,10,2025,2,27,10.0,4000000.0,4291
8442497,1,1,1,10,2025,2,46,5.0,1400000.0,15272
8444933,1,1,1,10,2025,1,53,5.0,1500000.0,21449
8469544,1,2,1,10,2025,2,43,5.0,0.0,57477
8436428,1,4,1,10,2025,1,32,9.0,1900000.0,1125
8467877,1,1,1,10,2025,2,45,10.0,5800000.0,53294
8462841,1,1,1,10,2025,1,39,5.0,1923500.0,41880
8468342,1,4,1,10,2025,2,19,5.0,1470000.0,54354
8452011,1,1,1,10,2025,2,48,4.0,1200000.0,37726
8473376,1,7,1,10,2025,1,39,5.0,400000.0,65773
8448030,1,1,1,10,2025,2,28,10.0,2600000.0,28302
8472772,1,1,1,10,2025,1,56,4.0,3000000.0,64686
8464316,1,3,1,10,2025,1,38,8.0,1500000.0,45148
8441949,1,1,1,10,2025,1,28,5.0,960000.0,13934
8444713,1,2,1,10,2025,2,47,10.0,1600000.0,20870
8436268,1,1,1,10,2025,2,38,5.0,950000.0,773
8448039,1,2,1,10,2025,2,32,6.0,600000.0,28328
8466504,1,1,1,10,2025,1,68,1.0,1200000.0,49926
8469863,1,1,1,10,2025,1,30,10.0,950000.0,58330
8452568,1,2,1,10,2025,2,39,10.0,2500000.0,39178
8440057,1,1,1,10,2025,1,24,5.0,1423500.0,9674
8446010,1,1,1,10,2025,2,38,8.0,1423500.0,23563
8447263,1,2,1,10,2025,1,65,4.0,900000.0,26527
8463375,1,2,1,10,2025,1,24,5.0,1500000.0,43098
8443061,1,1,1,10,2025,2,34,5.0,1200000.0,16618
8439085,1,1,1,10,2025,2,56,3.0,350000.0,7467
8462181,1,1,1,10,2025,1,48,5.0,500000.0,40430
8448416,1,1,1,10,2025,1,70,3.0,1600000.0,29101
8450036,1,1,1,10,2025,2,22,8.0,2945000.0,32741
8462140,1,1,1,10,2025,2,32,5.0,600000.0,40356
8464720,1,4,1,10,2025,2,49,10.0,3200000.0,46145
8446571,1,2,1,10,2025,1,38,8.0,1800000.0,25017
8451871,1,2,1,10,2025,1,22,10.0,2000000.0,37353
8468564,1,2,1,10,2025,1,39,10.0,1000000.0,54955
8468639,1,1,1,10,2025,2,28,5.0,840000.0,55080
8439414,1,3,1,10,2025,2,23,10.0,1423500.0,8222
8437008,1,3,1,10,2025,2,26,12.0,2661000.0,2726
8469411,1,1,1,10,2025,2,28,5.0,1423500.0,57138
8437494,1,2,1,10,2025,2,43,12.0,5500000.0,3981
8469445,1,1,1,10,2025,1,22,5.0,1423500.0,57201
8451543,1,1,1,10,2025,2,30,8.0,2000000.0,36524
8463990,1,2,1,10,2025,2,50,5.0,1423500.0,44550
8466209,1,2,1,10,2025,1,49,5.0,2000000.0,49211
8450429,1,1,1,10,2025,1,45,9.0,1600000.0,33735
8469044,1,3,1,10,2025,1,32,4.0,720000.0,56136
8440446,1,1,1,10,2025,2,49,3.0,1423500.0,10541
8445633,1,3,1,10,2025,2,28,6.0,1423500.0,22720
8472414,1,2,1,10,2025,1,52,5.0,1550000.0,63937
8450165,1,1,1,10,2025,1,58,5.0,2000000.0,33069
8467779,1,3,1,10,2025,2,47,11.0,6000000.0,53026
8446510,1,1,1,10,2025,1,40,12.0,16000000.0,24864
8442345,1,1,1,10,2025,1,34,10.0,2200000.0,14911
8436385,1,4,1,10,2025,2,18,8.0,600000.0,1044
8439215,1,1,1,10,2025,1,38,5.0,1423500.0,7749
8440666,1,2,1,10,2025,2,39,10.0,2500000.0,11142
8442356,1,2,1,10,2025,2,29,5.0,1700000.0,14946
8464138,1,1,1,10,2025,2,65,3.0,0.0,44827
8463804,1,1,1,10,2025,2,29,8.0,1423500.0,44145
8464989,1,2,1,10,2025,1,49,5.0,800000.0,46720
8436582,1,1,1,10,2025,1,34,11.0,9000000.0,1522
8466147,1,2,1,10,2025,1,22,8.0,1500000.0,49067
8437664,1,1,1,10,2025,1,52,5.0,1623500.0,4312
8444792,1,3,1,10,2025,2,50,5.0,1000000.0,21087
8442190,1,4,1,10,2025,1,45,5.0,1423500.0,14504
8469097,1,3,1,10,2025,2,29,5.0,1000000.0,56280
8466454,1,2,1,10,2025,2,36,5.0,1400000.0,49776
8462751,1,1,1,10,2025,2,50,3.0,1000000.0,41684
8467845,1,1,1,10,2025,1,50,3.0,1700000.0,53209
8447487,1,1,1,10,2025,2,41,8.0,550000.0,27117
8441126,1,1,1,10,2025,2,26,10.0,1320000.0,12135
8446518,1,1,1,10,2025,2,66,5.0,400000.0,24880
8443893,1,4,1,10,2025,2,66,5.0,600000.0,18775
8463948,1,1,1,10,2025,1,39,10.0,4200000.0,44454
8472367,1,7,1,10,2025,2,58,5.0,600000.0,63882
8473820,1,1,1,10,2025,2,59,3.0,120000.0,66321
8463637,1,3,1,10,2025,2,31,11.0,4200000.0,43745
8468530,1,2,1,10,2025,2,20,8.0,1800000.0,54868
8444513,1,1,1,10,2025,2,35,10.0,2200000.0,20345
8462767,1,1,1,10,2025,1,77,3.0,1800000.0,41724
8450633,1,2,1,10,2025,2,51,3.0,1423500.0,34229
8463246,1,3,1,10,2025,2,19,8.0,1623000.0,42733
8463523,1,1,1,10,2025,2,44,10.0,5200000.0,43503
8450581,1,1,1,10,2025,1,43,10.0,4400000.0,34098
8438605,1,2,1,10,2025,2,49,3.0,700000.0,6416
8465481,1,1,1,10,2025,2,45,5.0,1500000.0,47704
8467405,1,4,1,10,2025,1,29,5.0,1200000.0,52109
8451690,1,3,1,10,2025,2,24,10.0,1423500.0,36881
8463700,1,1,1,10,2025,1,42,3.0,2200000.0,43890
8450753,1,3,1,10,2025,1,32,5.0,1600000.0,34521
8462697,1,1,1,10,2025,2,63,5.0,1500000.0,41560
8443453,1,1,1,10,2025,1,41,4.0,2000000.0,17609
8467389,1,1,1,10,2025,1,46,8.0,1423500.0,52088
8446561,1,3,1,10,2025,1,56,5.0,1425000.0,24990
8447579,1,1,1,10,2025,2,50,3.0,400000.0,27274
8442279,1,2,1,10,2025,2,20,10.0,1100000.0,14723
8450625,1,2,1,10,2025,1,34,10.0,3800000.0,34206
8452216,1,2,1,10,2025,2,24,5.0,500000.0,38243
8450730,1,1,1,10,2025,2,40,4.0,1100000.0,34463
8447682,1,1,1,10,2025,2,34,4.0,600000.0,27500
8470686,1,2,1,10,2025,2,43,11.0,4500000.0,60326
8445187,1,2,1,10,2025,2,49,5.0,300000.0,21580
8467911,1,1,1,10,2025,2,42,4.0,220000.0,53375
8441376,1,2,1,10,2025,1,53,9.0,3000000.0,12643
8465575,1,1,1,10,2025,2,27,10.0,1450000.0,47891
8473286,1,1,1,10,2025,1,58,5.0,1800000.0,65608
8462093,1,1,1,10,2025,1,66,4.0,700000.0,40210
8448741,1,3,1,10,2025,2,26,9.0,1500000.0,29788
8437497,1,2,1,10,2025,1,23,5.0,400000.0,3989
8441672,1,1,1,10,2025,1,63,3.0,200000.0,13251
8462474,1,1,1,10,2025,2,30,5.0,1000000.0,41060
8445569,1,1,1,10,2025,2,39,5.0,720000.0,22566
8452231,1,1,1,10,2025,2,69,3.0,390000.0,38282
8466842,1,1,1,10,2025,1,69,3.0,1500000.0,50703
8470528,1,2,1,10,2025,2,49,5.0,0.0,59935
8440462,1,3,1,10,2025,1,33,8.0,1900000.0,10581
8473016,1,1,1,10,2025,2,53,3.0,1500000.0,65100
8443556,1,2,1,10,2025,2,44,3.0,711750.0,17897
8446879,1,1,1,10,2025,2,61,3.0,1200000.0,25717
8465850,1,2,1,10,2025,2,29,10.0,1623000.0,48462
8451781,1,2,1,10,2025,1,37,5.0,1623000.0,37135
8451195,1,1,1,10,2025,2,50,3.0,500000.0,35643
8469086,1,2,1,10,2025,2,50,3.0,700000.0,56250
8468541,1,1,1,10,2025,2,41,8.0,1500000.0,54891
8437479,1,1,1,10,2025,1,40,12.0,12000000.0,3937
8468895,1,2,1,10,2025,1,58,5.0,800000.0,55780
8445333,1,1,1,10,2025,1,50,3.0,1350000.0,22010
8461933,1,1,1,10,2025,2,33,3.0,200000.0,39801
8462818,1,3,1,10,2025,1,69,4.0,250000.0,41830
8444690,1,3,1,10,2025,2,25,5.0,1423500.0,20797
8444001,1,2,1,10,2025,1,61,3.0,300000.0,19040
8440518,1,2,1,10,2025,2,31,6.0,2800000.0,10711
8464436,1,4,1,10,2025,1,49,4.0,1200000.0,45443
8466269,1,2,1,10,2025,2,18,5.0,2100000.0,49282
8472689,1,3,1,10,2025,1,23,5.0,1720000.0,64508
8465135,1,2,1,10,2025,1,61,3.0,500000.0,47098
8471425,1,3,1,10,2025,2,34,5.0,570000.0,61959
8464489,1,2,1,10,2025,1,33,12.0,5000000.0,45584
8448084,1,1,1,10,2025,1,43,4.0,1680000.0,28453
8470711,1,2,1,10,2025,2,39,12.0,4270500.0,60389
8465316,1,1,1,10,2025,2,42,10.0,3500000.0,47392
8467076,2,1,2,10,2025,1,49,4.0,1423500.0,51272
8447823,1,3,1,10,2025,1,49,10.0,10500000.0,27817
8470766,1,2,1,10,2025,1,22,8.0,1500000.0,60561
8444341,1,1,1,10,2025,2,30,12.0,2500000.0,19884
8462328,1,1,1,10,2025,1,30,5.0,1423500.0,40745
8446045,1,1,1,10,2025,2,33,10.0,4300000.0,23655
8463413,1,5,1,10,2025,1,53,8.0,1450000.0,43220
8444400,1,3,1,10,2025,2,46,3.0,1440000.0,20043
8446603,1,2,1,10,2025,2,31,10.0,4000000.0,25125
8441234,1,1,1,10,2025,1,29,9.0,2200000.0,12365
8471205,1,1,1,10,2025,2,25,5.0,1423500.0,61522
8437429,1,2,1,10,2025,1,62,5.0,4500000.0,3798
8472444,1,1,1,10,2025,1,26,10.0,1000000.0,64021
8437762,1,1,1,10,2025,1,73,3.0,8000000.0,4513
8442620,1,1,1,10,2025,2,55,7.0,2000000.0,15520
8439169,1,1,1,10,2025,1,48,5.0,1423500.0,7649
8468056,1,1,1,10,2025,2,22,8.0,620000.0,53741
8436128,1,1,1,10,2025,2,36,4.0,150000.0,456
8445553,1,3,1,10,2025,1,38,3.0,1000000.0,22538
8449290,1,2,1,10,2025,2,47,4.0,200000.0,30842
8440987,1,1,1,10,2025,1,32,5.0,1800000.0,11864
8449361,1,1,1,10,2025,1,65,3.0,1000000.0,31041
8440734,1,1,1,10,2025,2,46,3.0,700000.0,11287
8444019,1,3,1,10,2025,2,31,11.0,3200000.0,19091
8447889,1,2,1,10,2025,2,28,9.0,2100000.0,27958
8448493,1,2,1,10,2025,1,25,5.0,1423500.0,29258
8465600,1,1,1,10,2025,1,42,5.0,1600000.0,47943
8440636,1,2,1,10,2025,2,56,5.0,650000.0,11059
8465285,1,1,1,10,2025,2,40,10.0,1423500.0,47380
8467940,1,1,1,10,2025,2,51,3.0,1100000.0,53461
8447028,1,1,1,10,2025,2,58,3.0,800000.0,26051
8463785,1,3,1,10,2025,1,30,11.0,1800000.0,44097
8462017,1,1,1,10,2025,2,57,3.0,500000.0,40052
8472617,1,1,1,10,2025,2,56,8.0,2300000.0,64344
8437106,1,1,1,10,2025,1,50,10.0,2847000.0,2956
8436399,1,3,1,10,2025,1,33,5.0,1423500.0,1064
8450433,1,2,1,10,2025,1,40,5.0,1300000.0,33748
8445909,1,3,1,10,2025,1,25,9.0,1800000.0,23311
8449147,1,1,1,10,2025,1,43,8.0,1800000.0,30500
8469190,1,1,1,10,2025,1,43,5.0,1800000.0,56546
8450681,1,3,1,10,2025,1,27,5.0,1200000.0,34362
8468483,1,1,1,10,2025,1,63,6.0,3000000.0,54739
8451119,1,1,1,10,2025,1,26,1.0,1200000.0,35410
8468294,1,1,1,10,2025,1,47,10.0,4200000.0,54245
8440989,1,2,1,10,2025,2,33,5.0,2800000.0,11866
8447405,1,1,1,10,2025,2,38,5.0,1000000.0,26920
8463433,1,1,1,10,2025,1,34,5.0,800000.0,43278
8467174,1,1,1,10,2025,2,45,10.0,1423500.0,51570
8473387,1,2,1,10,2025,1,32,8.0,2000000.0,65801
8447401,1,2,1,10,2025,2,32,8.0,1423500.0,26909
8462642,1,1,1,10,2025,1,56,3.0,750000.0,41446
8468394,1,1,1,10,2025,2,60,4.0,300000.0,54522
8441136,1,1,1,10,2025,2,47,4.0,1000000.0,12162
8463890,1,3,1,10,2025,2,35,10.0,2000000.0,44331
8443816,1,3,1,10,2025,1,29,5.0,1500000.0,18580
8466080,1,1,1,10,2025,2,43,11.0,1000000.0,48920
8436980,1,3,1,10,2025,1,25,6.0,1423500.0,2665
8449284,1,1,1,10,2025,1,46,5.0,2050000.0,30823
8437466,1,1,1,10,2025,1,25,5.0,1423500.0,3891
8437948,1,2,1,10,2025,1,35,10.0,4000000.0,4890
8472447,1,1,1,10,2025,1,41,10.0,0.0,64028
8447843,1,1,1,10,2025,2,30,8.0,2000000.0,27865
8451532,1,2,1,10,2025,1,48,4.0,1400000.0,36505
8450641,1,1,1,10,2025,1,53,1.0,800000.0,34247
8446175,1,1,1,10,2025,2,28,9.0,1423500.0,23963
8462269,1,2,1,10,2025,1,38,3.0,1400000.0,40620
8436507,1,3,1,10,2025,2,26,10.0,2400000.0,1331
8448661,1,3,1,10,2025,1,41,3.0,330000.0,29579
8447936,1,1,1,10,2025,2,37,5.0,1423500.0,28087
8473697,1,2,1,10,2025,2,44,12.0,5700000.0,66113
8445815,1,2,1,10,2025,2,51,5.0,800000.0,23115
8445762,1,1,1,10,2025,1,46,5.0,2000000.0,22990
8469743,1,2,1,10,2025,2,29,8.0,1565000.0,58039
8472616,1,2,1,10,2025,2,53,3.0,1700000.0,64340
8441015,1,1,1,10,2025,2,49,3.0,1000000.0,11905
8448753,1,2,1,10,2025,1,26,8.0,1400000.0,29814
8436520,1,2,1,10,2025,1,29,4.0,1400000.0,1376
8467230,1,4,1,10,2025,1,45,4.0,1000000.0,51700
8462894,1,1,1,10,2025,1,52,3.0,1500000.0,41979
8471193,1,1,1,10,2025,2,59,5.0,2000000.0,61499
8463009,1,2,1,10,2025,2,62,3.0,100000.0,42221
8470564,1,1,1,10,2025,2,62,3.0,720000.0,60028
8471557,1,2,1,10,2025,2,47,5.0,300000.0,62211
8469256,1,1,1,10,2025,2,40,9.0,1000000.0,56698
8447905,1,2,1,10,2025,1,28,5.0,1600000.0,27996
8467643,1,1,1,10,2025,2,72,3.0,1200000.0,52710
8465969,1,1,1,10,2025,2,45,10.0,6000000.0,48713
8452169,1,1,1,10,2025,2,45,5.0,200000.0,38121
8451583,1,2,1,10,2025,2,32,11.0,8500000.0,36589
8448434,1,2,1,10,2025,2,44,3.0,1000000.0,29142
8472787,1,2,1,10,2025,1,57,5.0,1600000.0,64712
8448595,1,1,1,10,2025,1,30,10.0,6500000.0,29482
8468773,1,2,1,10,2025,1,31,10.0,1423000.0,55458
8466428,1,3,1,10,2025,1,31,5.0,1500000.0,49715
8471389,1,2,1,10,2025,1,25,5.0,2000000.0,61889
8438929,1,2,1,10,2025,2,56,3.0,1500000.0,7118
8447792,1,1,1,10,2025,1,29,10.0,4200000.0,27702
8445583,1,3,1,10,2025,2,23,5.0,200000.0,22605
8451362,1,1,1,10,2025,1,58,3.0,1250000.0,36062
8441898,1,5,1,10,2025,2,24,9.0,1500000.0,13793
8441171,1,2,1,10,2025,2,40,5.0,500000.0,12224
8472911,1,1,1,10,2025,2,58,4.0,1500000.0,64942
8450169,1,1,1,10,2025,1,28,10.0,1100000.0,33080
8464436,1,6,1,10,2025,2,22,9.0,950000.0,45445
8443863,1,1,1,10,2025,2,49,3.0,1500000.0,18700
8448443,1,2,1,10,2025,1,24,10.0,1624500.0,29156
8442075,1,2,1,10,2025,2,19,8.0,390000.0,14218
8462341,1,1,1,10,2025,2,44,3.0,600000.0,40770
8440809,1,3,1,10,2025,2,37,5.0,1200000.0,11488
8449755,1,3,1,10,2025,1,17,5.0,875000.0,32038
8451708,1,1,1,10,2025,1,53,8.0,4000000.0,36928
8471890,1,1,1,10,2025,1,46,5.0,1423500.0,62884
8466005,1,2,1,10,2025,2,27,10.0,1500000.0,48802
8448319,1,1,1,10,2025,2,22,5.0,2000000.0,28894
8462678,1,2,1,10,2025,2,34,5.0,400000.0,41520
8445515,1,1,1,10,2025,1,58,1.0,720000.0,22439
8441903,1,3,1,10,2025,2,46,5.0,700000.0,13809
8466948,1,3,1,10,2025,2,48,10.0,800000.0,50936
8436019,1,2,1,10,2025,1,43,3.0,450000.0,194
8473122,1,4,1,10,2025,1,28,4.0,300000.0,65277
8449871,1,1,1,10,2025,1,43,8.0,6000000.0,32328
8464611,1,3,1,10,2025,2,47,5.0,2200000.0,45882
8473407,1,1,1,10,2025,1,56,3.0,2400000.0,65830
8436175,1,1,1,10,2025,2,30,5.0,900000.0,557
8442801,1,1,1,10,2025,1,35,5.0,650000.0,15956
8472087,1,2,1,10,2025,1,40,3.0,1000000.0,63266
8452471,1,1,1,10,2025,1,52,5.0,2100000.0,38917
8436826,1,1,1,10,2025,2,71,5.0,1423500.0,2123
8439650,1,1,1,10,2025,2,41,3.0,400000.0,8793
8446321,1,1,1,10,2025,1,62,5.0,1000000.0,24411
8444879,1,1,1,10,2025,2,24,10.0,3500000.0,21300
8446268,1,1,1,10,2025,2,30,3.0,1350000.0,24270
8451729,1,2,1,10,2025,2,39,5.0,1423500.0,36986
8472744,1,4,1,10,2025,2,42,5.0,1423500.0,64641
8439688,1,1,1,10,2025,2,41,11.0,7000000.0,8910
8436716,1,1,1,10,2025,2,24,9.0,1423000.0,1882
8470495,1,1,1,10,2025,2,69,3.0,140000.0,59871
8467709,1,1,1,10,2025,2,37,9.0,100000.0,52856
8437804,1,2,1,10,2025,1,31,4.0,1500000.0,4597
8464370,1,1,1,10,2025,1,30,6.0,1500000.0,45291
8471197,1,1,1,10,2025,1,65,10.0,7900000.0,61502
8470327,1,1,1,10,2025,2,28,8.0,1423500.0,59468
8443566,1,1,1,10,2025,2,41,5.0,1423500.0,17919
8443020,1,1,1,10,2025,1,28,5.0,1423500.0,16505
8440638,1,1,1,10,2025,2,29,5.0,712000.0,11067
8442800,1,1,1,10,2025,2,32,10.0,2000000.0,15954
8465232,1,1,1,10,2025,1,52,9.0,1100000.0,47277
8442145,1,2,1,10,2025,2,51,3.0,400000.0,14379
8448480,1,3,1,10,2025,1,65,4.0,800000.0,29229
8472710,1,1,1,10,2025,2,40,3.0,1600000.0,64571
8463444,1,3,1,10,2025,1,47,5.0,1423000.0,43309
8463158,1,1,1,10,2025,1,25,8.0,2200000.0,42506
8445465,1,1,1,10,2025,1,59,3.0,1000000.0,22319
8468593,1,1,1,10,2025,2,65,4.0,2800000.0,55001
8469600,1,2,1,10,2025,2,39,4.0,1160000.0,57630
8445683,1,1,1,10,2025,1,56,3.0,1423500.0,22831
8464557,1,5,1,10,2025,1,23,4.0,1580000.0,45745
8452387,1,3,1,10,2025,2,58,10.0,3000000.0,38674
8436217,1,2,1,10,2025,1,23,8.0,2300000.0,661
8436446,1,1,1,10,2025,1,44,1.0,1200000.0,1168
8461794,1,1,1,10,2025,2,58,8.0,1423500.0,39411
8471919,1,2,1,10,2025,2,60,13.0,21000000.0,62934
8465025,1,2,1,10,2025,1,35,8.0,1423500.0,46821
8447397,1,2,1,10,2025,2,48,3.0,600000.0,26893
8471360,1,2,1,10,2025,2,39,10.0,800000.0,61820
8450667,1,1,1,10,2025,1,76,4.0,600000.0,34328
8438258,1,3,1,10,2025,1,44,5.0,2000000.0,5524
8443945,1,3,1,10,2025,2,62,4.0,160000.0,18883
8439389,1,1,1,10,2025,2,40,10.0,3100000.0,8179
8471046,1,1,1,10,2025,1,61,10.0,3500000.0,61227
8440616,1,2,1,10,2025,1,50,3.0,1423000.0,11002
8465433,1,2,1,10,2025,2,40,6.0,1000000.0,47611
8473262,1,1,1,10,2025,2,45,10.0,1800000.0,65555
8469322,1,1,1,10,2025,1,27,4.0,800000.0,56906
8464073,1,1,1,10,2025,2,62,4.0,500000.0,44717
8440733,1,2,1,10,2025,2,43,10.0,4350000.0,11284
8440924,1,1,1,10,2025,1,44,5.0,1423000.0,11740
8464419,1,2,1,10,2025,2,24,8.0,1423500.0,45407
8436428,1,3,1,10,2025,1,33,10.0,2000000.0,1124
8468333,1,1,1,10,2025,1,37,5.0,2000000.0,54333
8468547,1,1,1,10,2025,2,48,10.0,1800000.0,54907
8445425,1,1,1,10,2025,1,42,3.0,1423500.0,22228
8464049,1,1,1,10,2025,2,38,5.0,1423500.0,44664
8446225,1,4,1,10,2025,2,29,8.0,1500000.0,24089
8469143,1,1,1,10,2025,2,42,5.0,1050000.0,56414
8439082,1,1,1,10,2025,2,37,4.0,500000.0,7463
8438911,1,1,1,10,2025,2,25,10.0,1800000.0,7081
8463164,3,3,3,10,2025,1,27,5.0,1600000.0,42527
8449351,1,1,1,10,2025,1,48,3.0,1500000.0,31014
8463327,1,3,1,10,2025,2,23,5.0,600000.0,42952
8443086,1,1,1,10,2025,2,67,3.0,0.0,16683
8449448,1,1,1,10,2025,1,57,4.0,1000000.0,31275
8469998,1,1,1,10,2025,1,49,5.0,1000000.0,58672
8451297,1,1,1,10,2025,2,47,3.0,1300000.0,35894
8466715,1,1,1,10,2025,1,28,4.0,1200000.0,50426
8466583,1,2,1,10,2025,1,52,3.0,1750000.0,50117
8471926,1,1,1,10,2025,1,47,3.0,400000.0,62952
8447198,1,2,1,10,2025,1,28,5.0,1200000.0,26335
8438677,1,1,1,10,2025,2,32,5.0,200000.0,6573
8442347,1,1,1,10,2025,1,52,5.0,2400000.0,14916
8437421,1,2,1,10,2025,2,45,5.0,900000.0,3774
8468939,1,3,1,10,2025,1,26,5.0,2000000.0,55873
8445451,1,1,1,10,2025,1,63,3.0,700000.0,22284
8446894,1,1,1,10,2025,2,43,10.0,1500000.0,25745
8466248,1,1,1,10,2025,2,38,4.0,1800000.0,49253
8464418,1,1,1,10,2025,1,47,9.0,1423500.0,45399
8438220,1,1,1,10,2025,2,46,5.0,400000.0,5425
8446185,1,1,1,10,2025,2,46,9.0,800000.0,23982
8465585,1,1,1,10,2025,2,32,5.0,1000000.0,47906
8446807,1,3,1,10,2025,2,24,9.0,1423500.0,25547
8449608,1,2,1,10,2025,2,39,8.0,1423500.0,31653
8439969,1,1,1,10,2025,1,59,3.0,1423500.0,9498
8439518,1,1,1,10,2025,2,58,3.0,400000.0,8442
8464664,1,1,1,10,2025,2,40,10.0,1900000.0,46019
8451909,1,2,1,10,2025,2,26,10.0,2500000.0,37448
8470362,1,2,1,10,2025,2,57,3.0,400000.0,59536
8467250,1,1,1,10,2025,2,48,5.0,750000.0,51737
8466142,1,2,1,10,2025,2,28,5.0,600000.0,49050
8471110,1,1,1,10,2025,1,62,3.0,2500000.0,61393
8472823,1,3,1,10,2025,2,38,5.0,800000.0,64752
8452098,1,1,1,10,2025,1,25,3.0,2500000.0,37940
8447060,1,3,1,10,2025,2,19,9.0,300000.0,26133
8449392,1,2,1,10,2025,2,29,10.0,1500000.0,31125
8449258,1,2,1,10,2025,2,28,5.0,200000.0,30740
8449922,1,1,1,10,2025,2,27,10.0,4500000.0,32429
8466762,1,3,1,10,2025,2,34,11.0,6500000.0,50527
8437747,1,2,1,10,2025,2,43,5.0,1423500.0,4486
8438447,1,2,1,10,2025,1,32,10.0,2600000.0,6023
8470307,1,2,1,10,2025,1,20,5.0,1500000.0,59426
8438427,1,1,1,10,2025,2,29,10.0,2200000.0,5974
8450791,1,1,1,10,2025,1,42,5.0,2400000.0,34606
8450833,1,2,1,10,2025,1,59,3.0,700000.0,34700
8439593,1,1,1,10,2025,1,29,3.0,300000.0,8647
8472295,1,2,1,10,2025,2,69,3.0,200000.0,63728
8445605,1,2,1,10,2025,1,32,5.0,1423500.0,22661
8444471,1,2,1,10,2025,2,56,3.0,100000.0,20228
8439629,1,1,1,10,2025,2,43,4.0,200000.0,8738
8467246,1,1,1,10,2025,2,61,3.0,350000.0,51729
8449509,1,1,1,10,2025,2,46,10.0,1000000.0,31421
8447386,1,1,1,10,2025,2,49,5.0,1423500.0,26861
8448721,1,1,1,10,2025,2,23,9.0,2500000.0,29734
8469140,1,3,1,10,2025,1,30,5.0,850000.0,56409
8465554,1,5,1,10,2025,1,22,5.0,1423500.0,47860
8441390,1,1,1,10,2025,1,44,11.0,14000000.0,12674
8473199,1,3,1,10,2025,2,33,10.0,3250000.0,65419
8463604,1,3,1,10,2025,1,36,10.0,3800000.0,43669
8464444,1,1,1,10,2025,2,59,3.0,550000.0,45479
8443944,1,2,1,10,2025,2,43,4.0,260000.0,18879
8449946,1,1,1,10,2025,2,69,3.0,600000.0,32504
8450555,1,3,1,10,2025,2,45,3.0,1700000.0,34024
8436139,1,2,1,10,2025,2,43,3.0,500000.0,486
8465717,1,1,1,10,2025,1,54,4.0,1050000.0,48143
8436499,1,2,1,10,2025,2,32,5.0,1000000.0,1299
8467003,1,3,1,10,2025,1,40,5.0,200000.0,51103
8447518,1,2,1,10,2025,2,24,8.0,1423500.0,27161
8441778,1,2,1,10,2025,2,47,5.0,1600000.0,13479
8465909,1,2,1,10,2025,1,23,10.0,1423000.0,48599
8437087,1,3,1,10,2025,2,24,5.0,1423500.0,2899
8466787,1,1,1,10,2025,1,66,5.0,720000.0,50567
8463628,1,3,1,10,2025,2,37,5.0,1423500.0,43725
8462400,1,1,1,10,2025,1,35,5.0,1600000.0,40900
8470756,1,1,1,10,2025,2,35,8.0,400000.0,60520
8437524,1,2,1,10,2025,2,59,11.0,5200000.0,4054
8468008,1,1,1,10,2025,2,30,5.0,1520000.0,53621
8448508,1,3,1,10,2025,1,77,3.0,200000.0,29287
8447737,1,2,1,10,2025,2,31,10.0,2500000.0,27604
8464957,1,3,1,10,2025,1,32,10.0,3500000.0,46648
8473902,1,1,1,10,2025,1,51,3.0,1200000.0,66544
8452290,1,1,1,10,2025,1,62,3.0,1000000.0,38436
8452043,1,1,1,10,2025,2,46,4.0,1500000.0,37784
8463043,1,1,1,10,2025,2,25,10.0,1423500.0,42290
8470082,1,1,1,10,2025,1,16,3.0,1600000.0,58887
8446949,1,1,1,10,2025,1,46,5.0,1423500.0,25898
8465856,1,1,1,10,2025,2,28,4.0,650000.0,48482
8448445,1,1,1,10,2025,1,22,3.0,1423500.0,29162
8462862,1,2,1,10,2025,2,25,9.0,1423500.0,41905
8444951,1,1,1,10,2025,1,51,4.0,1800000.0,21476
8437388,1,1,1,10,2025,2,77,10.0,4000000.0,3701
8451099,1,1,1,10,2025,2,28,10.0,480000.0,35362
8444512,1,2,1,10,2025,2,46,4.0,1423500.0,20340
8446664,1,1,1,10,2025,2,28,12.0,3000000.0,25289
8463951,1,4,1,10,2025,2,22,4.0,1300000.0,44466
8472809,1,1,1,10,2025,1,22,9.0,2000000.0,64745
8462911,1,1,1,10,2025,1,45,3.0,2000000.0,42009
8441370,1,3,1,10,2025,2,23,6.0,1300000.0,12629
8466323,1,3,1,10,2025,2,20,5.0,800000.0,49375
8470819,1,3,1,10,2025,2,28,11.0,3900000.0,60720
8449345,1,1,1,10,2025,2,26,5.0,1423500.0,30995
8438164,3,1,3,10,2025,2,54,3.0,800000.0,5328
8472636,1,1,1,10,2025,1,56,4.0,1000000.0,64387
8473868,1,3,1,10,2025,2,30,10.0,4000000.0,66448
8462386,1,1,1,10,2025,1,29,5.0,1000000.0,40868
8471886,1,1,1,10,2025,2,39,8.0,1423500.0,62870
8444363,1,2,1,10,2025,2,29,6.0,2147000.0,19931
8436569,1,2,1,10,2025,2,27,8.0,3000000.0,1490
8446994,1,2,1,10,2025,2,23,5.0,900000.0,25986
8452538,1,1,1,10,2025,1,47,8.0,1423500.0,39092
8441372,1,1,1,10,2025,2,28,4.0,900000.0,12633
8464089,1,1,1,10,2025,1,59,10.0,3000000.0,44742
8463801,1,1,1,10,2025,1,30,8.0,2500000.0,44139
8439638,1,2,1,10,2025,1,40,11.0,1423000.0,8758
8451999,1,1,1,10,2025,2,40,10.0,3500000.0,37695
8441232,1,3,1,10,2025,2,27,8.0,1423500.0,12362
8436485,1,1,1,10,2025,1,52,3.0,2200000.0,1261
8471936,1,1,1,10,2025,1,31,12.0,4400000.0,62961
8442112,1,3,1,10,2025,2,34,10.0,2700000.0,14299
8463473,1,2,1,10,2025,2,50,12.0,3200000.0,43382
8446741,1,1,1,10,2025,1,39,5.0,1423500.0,25383
8463659,1,2,1,10,2025,2,30,10.0,2800000.0,43801
8436982,1,1,1,10,2025,1,31,10.0,3700000.0,2668
8444056,1,2,1,10,2025,2,38,10.0,3000000.0,19212
8451754,1,1,1,10,2025,2,52,8.0,1423500.0,37059
8446143,1,1,1,10,2025,1,48,9.0,2000000.0,23885
8467996,1,2,1,10,2025,2,47,8.0,0.0,53590
8443470,1,2,1,10,2025,1,57,3.0,1500000.0,17664
8472773,1,2,1,10,2025,2,40,5.0,1423500.0,64688
8465589,1,1,1,10,2025,2,37,5.0,1400000.0,47910
8445492,1,2,1,10,2025,1,26,5.0,1400000.0,22382
8471034,1,1,1,10,2025,1,40,5.0,900000.0,61211
8445666,1,1,1,10,2025,2,56,9.0,2400000.0,22796
8468699,1,2,1,10,2025,1,45,10.0,4000000.0,55269
8451403,1,1,1,10,2025,1,40,3.0,2200000.0,36179
8465175,1,1,1,10,2025,2,35,8.0,1050000.0,47121
8450862,1,1,1,10,2025,1,60,10.0,3500000.0,34773
8462939,1,1,1,10,2025,1,31,5.0,1900000.0,42061
8450568,1,1,1,10,2025,1,24,5.0,1423500.0,34061
8446380,1,1,1,10,2025,1,66,4.0,1423500.0,24563
8451386,1,2,1,10,2025,1,30,3.0,1673500.0,36137
8462301,1,2,1,10,2025,1,32,4.0,1000000.0,40685
8449966,1,1,1,10,2025,2,40,5.0,600000.0,32560
8441573,1,2,1,10,2025,1,29,5.0,1600000.0,13053
8447890,1,3,1,10,2025,1,25,5.0,1623500.0,27964
8442549,1,1,1,10,2025,2,55,5.0,1423500.0,15386
8444584,1,1,1,10,2025,2,35,10.0,2900000.0,20531
8452437,1,1,1,10,2025,2,65,3.0,1400000.0,38806
8467521,1,1,1,10,2025,2,44,8.0,400000.0,52393
8436211,1,2,1,10,2025,2,46,3.0,600000.0,642
8450469,1,1,1,10,2025,1,62,11.0,7000000.0,33808
8449767,1,1,1,10,2025,2,24,5.0,800000.0,32067
8469343,1,3,1,10,2025,2,28,10.0,1423000.0,56985
8450978,1,1,1,10,2025,2,65,5.0,1800000.0,35087
8446244,1,1,1,10,2025,1,52,8.0,0.0,24189
8472973,1,3,1,10,2025,2,48,5.0,1200000.0,65013
8472187,1,1,1,10,2025,2,70,5.0,2100000.0,63495
8462157,1,1,1,10,2025,1,53,1.0,1800000.0,40398
8448703,1,2,1,10,2025,2,37,5.0,500000.0,29687
8449150,1,2,1,10,2025,1,49,5.0,4500000.0,30509
8468183,1,3,1,10,2025,2,27,8.0,3200000.0,54028
8436613,1,1,1,10,2025,1,51,10.0,2500000.0,1610
8442114,1,3,1,10,2025,1,36,5.0,1000000.0,14303
8445535,1,2,1,10,2025,1,54,4.0,1600000.0,22497
8464415,1,2,1,10,2025,2,59,3.0,400000.0,45393
8442936,1,6,1,10,2025,1,57,3.0,1500000.0,16298
8471689,1,1,1,10,2025,1,46,5.0,150000.0,62475
8435964,1,1,1,10,2025,1,75,1.0,2000000.0,4
8462120,1,6,1,10,2025,2,40,5.0,1350000.0,40289
8445395,1,1,1,10,2025,1,34,9.0,1423500.0,22156
8465643,1,2,1,10,2025,1,36,3.0,3000000.0,48011
8441532,1,1,1,10,2025,1,55,4.0,1800000.0,12962
8446157,1,1,1,10,2025,2,48,5.0,3000000.0,23916
8440066,1,3,1,10,2025,1,48,3.0,1000000.0,9693
8444886,1,1,1,10,2025,2,51,4.0,700000.0,21321
8438270,1,1,1,10,2025,1,42,5.0,1400000.0,5565
8441577,1,2,1,10,2025,2,51,3.0,1000000.0,13063
8470928,1,5,1,10,2025,1,39,5.0,1423500.0,60958
8441047,1,1,1,10,2025,1,53,10.0,1500000.0,11962
8443806,1,3,1,10,2025,1,18,5.0,500000.0,18548
8452339,1,1,1,10,2025,1,50,1.0,1000000.0,38545
8436846,1,2,1,10,2025,2,45,4.0,1200000.0,2203
8469513,1,2,1,10,2025,2,40,10.0,2000000.0,57387
8449226,1,2,1,10,2025,1,52,3.0,400000.0,30666
8463047,1,2,1,10,2025,1,48,4.0,1800000.0,42302
8436124,1,1,1,10,2025,1,40,5.0,1300000.0,446
8471829,1,1,1,10,2025,2,48,5.0,800000.0,62748
8468911,1,1,1,10,2025,2,31,5.0,1680000.0,55823
8451918,1,1,1,10,2025,2,26,6.0,1300000.0,37471
8440916,1,2,1,10,2025,2,32,10.0,1423500.0,11725
8472610,1,1,1,10,2025,1,39,5.0,1423500.0,64328
8437279,1,1,1,10,2025,1,65,11.0,4000000.0,3399
8452465,1,3,1,10,2025,1,24,6.0,1423500.0,38904
8438136,1,1,1,10,2025,2,44,10.0,3800000.0,5265
8469919,1,1,1,10,2025,2,26,5.0,1423000.0,58455
8441506,1,1,1,10,2025,2,67,5.0,1500000.0,12894
8472164,1,2,1,10,2025,1,51,10.0,900000.0,63454
8466444,1,1,1,10,2025,2,61,3.0,400000.0,49751
8445216,1,2,1,10,2025,1,33,4.0,1000000.0,21654
8465874,1,1,1,10,2025,1,32,5.0,2500000.0,48534
8436610,1,1,1,10,2025,2,24,4.0,1423500.0,1600
8449460,1,1,1,10,2025,2,53,5.0,2200000.0,31299
8452275,1,2,1,10,2025,2,35,5.0,1400000.0,38401
8452456,1,2,1,10,2025,1,47,3.0,200000.0,38875
8464989,1,1,1,10,2025,2,47,5.0,700000.0,46719
8442869,1,2,1,10,2025,2,24,10.0,820000.0,16128
8451526,1,2,1,10,2025,1,46,5.0,1000000.0,36489
8442865,1,2,1,10,2025,2,56,11.0,3000000.0,16119
8443385,1,1,1,10,2025,2,40,3.0,1150000.0,17455
8470466,1,1,1,10,2025,2,56,4.0,800000.0,59802
8441850,1,1,1,10,2025,2,64,3.0,300000.0,13609
8446841,1,1,1,10,2025,2,44,9.0,6000000.0,25630
8471648,1,1,1,10,2025,1,36,9.0,2300000.0,62388
8451616,1,1,1,10,2025,1,42,4.0,1400000.0,36666
8436621,1,2,1,10,2025,1,56,5.0,3000000.0,1631
8438466,1,2,1,10,2025,1,58,5.0,650000.0,6079
8465532,1,1,1,10,2025,1,46,3.0,640000.0,47816
8467347,1,3,1,10,2025,2,36,5.0,3200000.0,51978
8440792,1,4,1,10,2025,2,66,4.0,1562000.0,11436
8441736,1,1,1,10,2025,2,31,5.0,1200000.0,13409
8442353,1,2,1,10,2025,2,60,10.0,600000.0,14934
8468781,1,1,1,10,2025,2,32,10.0,3500000.0,55475
8463000,1,1,1,10,2025,1,61,3.0,1100000.0,42197
8462665,1,2,1,10,2025,1,36,9.0,3400000.0,41496
8468862,1,2,1,10,2025,1,18,3.0,480000.0,55708
8440221,1,2,1,10,2025,1,59,3.0,1500000.0,10036
8441679,1,1,1,10,2025,1,41,6.0,1800000.0,13273
8466575,1,3,1,10,2025,1,19,5.0,1400000.0,50090
8464008,1,1,1,10,2025,1,22,5.0,1423500.0,44579
8473809,1,2,1,10,2025,1,33,5.0,1200000.0,66289
8443620,1,1,1,10,2025,1,31,5.0,2500000.0,18072
8469071,1,4,1,10,2025,1,27,5.0,800000.0,56207
8443929,1,5,1,10,2025,2,52,3.0,600000.0,18856
8449685,1,2,1,10,2025,1,55,5.0,470000.0,31854
8437135,1,2,1,10,2025,1,30,5.0,1200000.0,3021
8452066,1,3,1,10,2025,2,51,10.0,4000000.0,37848
8449454,1,2,1,10,2025,2,54,3.0,0.0,31283
8469571,1,3,1,10,2025,1,22,5.0,500000.0,57555
8449523,1,1,1,10,2025,2,48,4.0,600000.0,31454
8445490,1,1,1,10,2025,1,62,3.0,1400000.0,22376
8464966,1,2,1,10,2025,2,46,11.0,3500000.0,46663
8451193,1,1,1,10,2025,2,39,3.0,0.0,35635
8439383,1,1,1,10,2025,2,50,10.0,1600000.0,8161
8443059,1,1,1,10,2025,2,33,10.0,8300000.0,16616
8448909,1,1,1,10,2025,2,48,5.0,600000.0,30066
8445631,1,1,1,10,2025,1,30,4.0,1200000.0,22714
8449920,1,3,1,10,2025,2,31,10.0,1423500.0,32427
8435968,1,1,1,10,2025,1,59,4.0,1650000.0,8
8448209,1,2,1,10,2025,2,24,10.0,1650000.0,28711
8436318,1,3,1,10,2025,2,47,3.0,0.0,903
8473665,1,2,1,10,2025,2,49,10.0,3000000.0,66064
8440652,1,2,1,10,2025,1,48,3.0,1400000.0,11103
8465110,1,2,1,10,2025,2,41,3.0,500000.0,47037
8436949,1,1,1,10,2025,2,59,5.0,450000.0,2582
8443839,1,1,1,10,2025,2,40,3.0,800000.0,18647
8442405,1,1,1,10,2025,2,37,8.0,2200000.0,15053
8467657,1,1,1,10,2025,2,24,5.0,1423500.0,52746
8438025,1,2,1,10,2025,2,37,10.0,4700000.0,5039
8439582,1,3,1,10,2025,2,25,5.0,1423500.0,8627
8439079,1,2,1,10,2025,2,48,5.0,600000.0,7450
8446017,1,1,1,10,2025,2,51,5.0,400000.0,23578
8465655,1,4,1,10,2025,2,68,1.0,4000000.0,48051
8470569,1,6,1,10,2025,2,32,8.0,1423000.0,60043
8470712,1,1,1,10,2025,1,58,10.0,5694000.0,60391
8449971,1,3,1,10,2025,2,28,9.0,1623500.0,32594
8465429,1,1,1,10,2025,2,38,9.0,1423500.0,47598
8469902,1,2,1,10,2025,1,34,5.0,1900000.0,58408
8451909,1,1,1,10,2025,1,31,8.0,1500000.0,37447
8468051,1,5,1,10,2025,1,30,10.0,900000.0,53733
8441623,1,3,1,10,2025,1,21,4.0,800000.0,13144
8438050,1,2,1,10,2025,1,46,10.0,3800000.0,5107
8467231,1,1,1,10,2025,2,40,3.0,1000000.0,51702
8436919,1,1,1,10,2025,2,44,11.0,2847000.0,2486
8443362,1,1,1,10,2025,1,40,1.0,1150000.0,17397
8464072,1,1,1,10,2025,1,33,5.0,2000000.0,44714
8469317,1,1,1,10,2025,1,28,5.0,1423500.0,56893
8439127,1,1,1,10,2025,1,73,5.0,1600000.0,7573
8451992,1,2,1,10,2025,2,28,10.0,1600000.0,37675
8437708,1,3,1,10,2025,2,26,10.0,1423500.0,4414
8473229,1,3,1,10,2025,2,22,8.0,2000000.0,65497
8444343,1,2,1,10,2025,1,46,5.0,700000.0,19888
8444063,1,1,1,10,2025,2,47,5.0,250000.0,19230
8464647,1,5,1,10,2025,1,30,3.0,1000000.0,45966
8467761,1,3,1,10,2025,1,18,8.0,1423500.0,52984
8461767,1,1,1,10,2025,1,43,5.0,1100000.0,39329
8471546,1,1,1,10,2025,1,40,10.0,1500000.0,62176
8447834,1,1,1,10,2025,2,42,9.0,1423500.0,27839
8440334,1,1,1,10,2025,2,47,5.0,1600000.0,10300
8437729,1,1,1,10,2025,2,44,12.0,7000000.0,4457
8461782,1,1,1,10,2025,1,58,5.0,1450000.0,39371
8473125,1,4,1,10,2025,2,23,5.0,400000.0,65288
8466989,1,2,1,10,2025,1,24,5.0,200000.0,51053
8451306,1,1,1,10,2025,2,39,5.0,5200000.0,35914
8463208,1,7,1,10,2025,2,22,5.0,800000.0,42652
8449308,1,1,1,10,2025,1,60,3.0,700000.0,30900
8439667,1,1,1,10,2025,2,43,11.0,5350000.0,8837
8472559,1,1,1,10,2025,1,35,5.0,1423000.0,64223
8443939,1,1,1,10,2025,2,55,5.0,1600000.0,18875
8447910,1,1,1,10,2025,2,40,5.0,1423500.0,28006
8443367,1,1,1,10,2025,1,41,10.0,3500000.0,17410
8451046,1,3,1,10,2025,2,45,5.0,1423500.0,35243
8437153,1,3,1,10,2025,2,49,10.0,2000000.0,3059
8441200,1,1,1,10,2025,2,33,5.0,320000.0,12295
8449854,1,3,1,10,2025,1,24,10.0,3200000.0,32282
8446156,1,2,1,10,2025,1,53,5.0,4000000.0,23914
8447500,1,1,1,10,2025,2,30,10.0,1100000.0,27136
8440956,1,1,1,10,2025,1,54,5.0,2000000.0,11804
8471744,1,2,1,10,2025,1,45,5.0,240000.0,62555
8464024,1,1,1,10,2025,2,42,9.0,2000000.0,44612
8442525,1,1,1,10,2025,2,54,3.0,200000.0,15335
8446266,1,2,1,10,2025,1,33,5.0,1423500.0,24265
8442653,1,1,1,10,2025,1,71,3.0,1000000.0,15591
8446319,1,1,1,10,2025,2,51,8.0,1423500.0,24406
8438519,1,2,1,10,2025,2,24,10.0,1800000.0,6213
8465425,1,1,1,10,2025,2,35,5.0,1200000.0,47586
8470675,1,1,1,10,2025,1,38,8.0,2000000.0,60296
8440261,1,1,1,10,2025,2,55,10.0,1550000.0,10131
8436427,1,1,1,10,2025,1,48,10.0,22300000.0,1119
8467584,1,1,1,10,2025,1,78,3.0,300000.0,52546
8441633,1,4,1,10,2025,2,30,5.0,1500000.0,13171
8471468,1,2,1,10,2025,2,66,3.0,1500000.0,62046
8441355,1,1,1,10,2025,2,23,10.0,2700000.0,12580
8448478,1,1,1,10,2025,2,62,3.0,400000.0,29221
8445364,1,2,1,10,2025,2,26,5.0,400000.0,22086
8452077,1,1,1,10,2025,2,52,3.0,3200000.0,37878
8450594,1,4,1,10,2025,1,29,5.0,820000.0,34136
8470395,1,1,1,10,2025,2,41,5.0,2350000.0,59624
8466326,1,1,1,10,2025,1,32,4.0,1400000.0,49389
8472565,1,1,1,10,2025,2,51,3.0,1640000.0,64236
8464515,1,2,1,10,2025,1,29,13.0,4000000.0,45652
8462129,1,1,1,10,2025,1,38,4.0,1200000.0,40321
8471280,1,1,1,10,2025,1,54,10.0,4500000.0,61684
8436835,1,3,1,10,2025,1,25,4.0,1100000.0,2150
8468296,1,2,1,10,2025,1,49,5.0,1900000.0,54249
8441339,1,4,1,10,2025,2,55,3.0,3460000.0,12552
8471131,1,1,1,10,2025,1,68,10.0,4000000.0,61449
8438909,1,2,1,10,2025,2,25,10.0,1400000.0,7078
8468979,1,1,1,10,2025,2,28,10.0,900000.0,55960
8470855,1,2,1,10,2025,2,24,8.0,1900000.0,60786
8448418,1,3,1,10,2025,1,21,5.0,2400000.0,29112
8465432,1,3,1,10,2025,1,24,10.0,1400000.0,47608
8463427,1,2,1,10,2025,1,43,5.0,800000.0,43266
8447059,1,1,1,10,2025,2,60,5.0,3000000.0,26128
8468469,1,1,1,10,2025,1,40,10.0,4000000.0,54717
8450320,1,1,1,10,2025,1,32,5.0,800000.0,33474
8439896,1,2,1,10,2025,2,34,9.0,3200000.0,9441
8470284,1,1,1,10,2025,2,42,3.0,1800000.0,59364
8445660,1,2,1,10,2025,2,58,10.0,8200000.0,22787
8471050,1,1,1,10,2025,2,62,3.0,240000.0,61237
8449435,1,1,1,10,2025,1,60,3.0,2100000.0,31246
8442387,1,1,1,10,2025,2,33,10.0,3000000.0,15016
8447341,1,1,1,10,2025,1,53,5.0,1700000.0,26740
8442236,1,3,1,10,2025,2,23,5.0,1423000.0,14637
8443590,1,1,1,10,2025,2,34,4.0,180000.0,17982
8448898,1,1,1,10,2025,1,52,5.0,1500000.0,30040
8469693,1,1,1,10,2025,1,66,1.0,500000.0,57883
8443531,1,1,1,10,2025,1,32,8.0,1200000.0,17831
8467912,1,2,1,10,2025,1,33,3.0,900000.0,53380
8448380,1,1,1,10,2025,2,45,5.0,1200000.0,29014
8464552,1,1,1,10,2025,1,76,11.0,6000000.0,45726
8472480,1,1,1,10,2025,2,45,5.0,1423500.0,64128
8445899,1,3,1,10,2025,1,25,10.0,2500000.0,23286
8439266,1,1,1,10,2025,1,67,6.0,1000000.0,7861
8467543,1,1,1,10,2025,2,35,10.0,3000000.0,52439
8465660,1,2,1,10,2025,2,48,9.0,2600000.0,48060
8450049,1,1,1,10,2025,1,48,10.0,2526000.0,32775
8471599,1,1,1,10,2025,1,30,3.0,3000000.0,62333
8446166,1,1,1,10,2025,2,60,11.0,2550000.0,23944
8439187,1,1,1,10,2025,1,29,5.0,1600000.0,7694
8449643,1,1,1,10,2025,1,43,8.0,1300000.0,31728
8450871,1,1,1,10,2025,2,23,8.0,1300000.0,34797
8473129,1,1,1,10,2025,1,55,10.0,1400000.0,65296
8473277,1,1,1,10,2025,1,30,5.0,1000000.0,65585
8441930,1,1,1,10,2025,1,57,3.0,1100000.0,13873
8443027,1,2,1,10,2025,2,35,11.0,2400000.0,16536
8447958,1,1,1,10,2025,2,34,11.0,4695000.0,28144
8449294,1,2,1,10,2025,1,45,5.0,900000.0,30853
8439034,1,1,1,10,2025,1,42,12.0,6000000.0,7339
8444611,1,1,1,10,2025,2,44,4.0,1000000.0,20595
8472859,1,1,1,10,2025,2,51,11.0,6000000.0,64851
8439640,1,1,1,10,2025,2,63,3.0,240000.0,8761
8436967,1,3,1,10,2025,2,15,4.0,240000.0,2629
8444475,1,1,1,10,2025,2,41,8.0,1423500.0,20240
8462757,1,1,1,10,2025,1,31,12.0,5900000.0,41691
8466457,1,1,1,10,2025,2,62,4.0,800000.0,49783
8440622,1,1,1,10,2025,2,59,3.0,440000.0,11017
8467929,1,2,1,10,2025,2,33,7.0,400000.0,53427
8443659,1,1,1,10,2025,1,59,10.0,5000000.0,18178
8438458,1,3,1,10,2025,2,40,5.0,800000.0,6057
8436083,1,2,1,10,2025,1,32,9.0,1500000.0,352
8444699,1,2,1,10,2025,1,63,12.0,7800000.0,20825
8469596,1,1,1,10,2025,1,35,5.0,1750000.0,57617
8449699,1,1,1,10,2025,2,35,8.0,800000.0,31891
8464422,1,1,1,10,2025,1,34,5.0,1500000.0,45408
8465078,1,4,1,10,2025,1,24,10.0,1000000.0,46946
8471407,1,1,1,10,2025,2,41,8.0,2000000.0,61922
8467885,1,1,1,10,2025,1,48,10.0,2500000.0,53312
8440362,1,2,1,10,2025,1,41,5.0,1700000.0,10375
8451191,1,1,1,10,2025,1,63,3.0,1100000.0,35623
8463401,1,1,1,10,2025,2,40,10.0,2847000.0,43183
8471784,1,2,1,10,2025,2,60,5.0,600000.0,62659
8470060,1,1,1,10,2025,2,62,3.0,200000.0,58826
8443187,1,2,1,10,2025,1,31,8.0,5000000.0,16914
8451634,1,1,1,10,2025,2,37,5.0,1400000.0,36718
8446912,1,3,1,10,2025,1,52,1.0,1400000.0,25795
8463373,1,1,1,10,2025,2,33,8.0,1450000.0,43093
8440152,1,2,1,10,2025,2,51,9.0,100000.0,9892
8445532,1,2,1,10,2025,2,44,8.0,2800000.0,22490
8468475,1,2,1,10,2025,2,43,11.0,2800000.0,54725
8441905,2,1,2,10,2025,2,49,11.0,6300000.0,13816
8444892,1,1,1,10,2025,1,53,3.0,500000.0,21332
8470875,1,1,1,10,2025,1,42,5.0,2040000.0,60834
8443627,1,1,1,10,2025,2,46,5.0,600000.0,18093
8468988,1,1,1,10,2025,1,24,5.0,2200000.0,55987
8462613,1,1,1,10,2025,2,45,10.0,2400000.0,41395
8440920,1,1,1,10,2025,2,57,4.0,320000.0,11730
8437467,1,2,1,10,2025,2,53,10.0,3100000.0,3894
8446540,1,2,1,10,2025,2,39,8.0,2200000.0,24927
8468698,1,4,1,10,2025,2,63,5.0,800000.0,55267
8451012,1,1,1,10,2025,2,74,4.0,500000.0,35172
8451219,1,2,1,10,2025,2,48,9.0,1423000.0,35701
8447700,1,1,1,10,2025,2,35,5.0,1000000.0,27527
8464147,1,1,1,10,2025,2,60,10.0,5000000.0,44850
8442324,1,1,1,10,2025,2,33,9.0,1423500.0,14856
8450607,1,3,1,10,2025,2,35,5.0,1423000.0,34169
8446063,1,2,1,10,2025,1,55,5.0,700000.0,23687
8448170,1,1,1,10,2025,1,47,10.0,3200000.0,28607
8446938,1,1,1,10,2025,1,33,5.0,1800000.0,25873
8467116,1,2,1,10,2025,2,31,5.0,1423500.0,51427
8436421,1,2,1,10,2025,1,42,5.0,2000000.0,1107
8449241,1,1,1,10,2025,2,39,5.0,200000.0,30696
8436609,1,2,1,10,2025,1,25,5.0,1423500.0,1597
8472027,1,2,1,10,2025,2,31,11.0,2000000.0,63127
8438576,1,1,1,10,2025,1,41,5.0,1000000.0,6346
8468848,1,1,1,10,2025,1,41,5.0,1560000.0,55671
8463388,1,2,1,10,2025,2,19,5.0,2000000.0,43152
8440544,1,1,1,10,2025,2,40,9.0,1800000.0,10778
8462660,1,2,1,10,2025,1,42,9.0,1800000.0,41485
8470038,1,1,1,10,2025,2,67,1.0,300000.0,58766
8473580,1,2,1,10,2025,2,64,10.0,3600000.0,65875
8437487,1,1,1,10,2025,1,62,12.0,34000000.0,3962
8436289,1,1,1,10,2025,1,57,3.0,1400000.0,826
8471076,1,1,1,10,2025,2,34,4.0,200000.0,61308
8446743,1,2,1,10,2025,2,40,5.0,1423500.0,25391
8450774,1,1,1,10,2025,2,55,8.0,2500000.0,34564
8436941,1,1,1,10,2025,1,24,10.0,1450000.0,2556
8443107,1,1,1,10,2025,1,35,6.0,1000000.0,16744
8438588,1,1,1,10,2025,2,36,4.0,1428500.0,6372
8442238,1,1,1,10,2025,1,69,4.0,2120000.0,14641
8461919,1,7,1,10,2025,1,50,4.0,1000000.0,39761
8440523,1,2,1,10,2025,2,37,10.0,1000000.0,10726
8467988,1,2,1,10,2025,2,59,5.0,600000.0,53577
8438054,1,1,1,10,2025,1,75,4.0,800000.0,5114
8446035,1,1,1,10,2025,2,64,3.0,960000.0,23629
8445184,1,2,1,10,2025,2,47,4.0,1500000.0,21569
8470985,1,2,1,10,2025,2,48,11.0,4146000.0,61094
8438452,1,2,1,10,2025,1,47,3.0,1200000.0,6036
8451374,1,3,1,10,2025,1,45,5.0,1300000.0,36094
8436849,1,1,1,10,2025,2,36,5.0,720000.0,2211
8439787,1,2,1,10,2025,2,55,3.0,1200000.0,9114
8446545,1,2,1,10,2025,1,26,10.0,1500000.0,24953
8452137,1,2,1,10,2025,2,22,10.0,1300000.0,38042
8442457,1,3,1,10,2025,1,38,10.0,1500000.0,15172
8440568,1,1,1,10,2025,2,56,5.0,2700000.0,10845
8445730,1,2,1,10,2025,2,32,3.0,900000.0,22925
8473282,1,3,1,10,2025,2,19,5.0,400000.0,65597
8471102,1,2,1,10,2025,2,34,10.0,1925000.0,61377
8449389,1,1,1,10,2025,2,38,3.0,1300000.0,31117
8444928,1,1,1,10,2025,2,65,3.0,1800000.0,21440
8469835,1,1,1,10,2025,1,52,3.0,1400000.0,58262
8445691,1,3,1,10,2025,2,26,5.0,1423500.0,22866
8451012,1,4,1,10,2025,1,39,5.0,300000.0,35175
8440857,1,1,1,10,2025,1,45,9.0,3600000.0,11605
8441944,1,3,1,10,2025,2,30,5.0,1120000.0,13921
8442092,1,2,1,10,2025,2,60,11.0,6400000.0,14265
8447997,1,2,1,10,2025,2,65,3.0,700000.0,28214
8445818,1,1,1,10,2025,1,81,3.0,300000.0,23120
8443813,1,1,1,10,2025,2,30,5.0,400000.0,18568
8467328,1,1,1,10,2025,1,67,3.0,1000000.0,51922
8436255,1,2,1,10,2025,1,48,3.0,1200000.0,747
8441140,1,1,1,10,2025,1,57,4.0,1800000.0,12171
8463250,1,2,1,10,2025,1,31,9.0,1090000.0,42737
8436203,1,1,1,10,2025,1,55,4.0,1000000.0,624
8465183,1,1,1,10,2025,1,38,5.0,1600000.0,47142
8439678,1,2,1,10,2025,1,35,3.0,700000.0,8885
8446072,1,1,1,10,2025,1,64,5.0,1600000.0,23705
8446583,1,3,1,10,2025,1,48,4.0,1500000.0,25060
8452586,1,2,1,10,2025,1,45,3.0,1600000.0,39221
8469410,1,2,1,10,2025,2,25,5.0,840000.0,57136
8468318,1,3,1,10,2025,2,18,4.0,283000.0,54306
8442087,1,1,1,10,2025,1,74,3.0,1700000.0,14247
8438268,1,2,1,10,2025,1,41,10.0,8500000.0,5557
8437251,1,2,1,10,2025,2,35,8.0,2800000.0,3301
8437055,1,2,1,10,2025,2,42,10.0,3500000.0,2835
8467081,1,1,1,10,2025,2,68,3.0,150000.0,51292
8438485,1,4,1,10,2025,2,29,5.0,540000.0,6128
8447026,1,1,1,10,2025,2,53,5.0,1423500.0,26044
8451115,1,1,1,10,2025,1,43,1.0,600000.0,35407
8452572,1,3,1,10,2025,2,42,5.0,1423500.0,39194
8461808,1,3,1,10,2025,2,23,5.0,340000.0,39453
8441978,1,1,1,10,2025,1,40,4.0,1200000.0,14010
8448059,1,1,1,10,2025,1,48,6.0,800000.0,28395
8450475,1,3,1,10,2025,1,21,5.0,1600000.0,33826
8442679,1,5,1,10,2025,2,31,11.0,2700000.0,15671
8462859,1,1,1,10,2025,1,47,3.0,1000000.0,41897
8450588,1,2,1,10,2025,2,66,4.0,400000.0,34119
8470042,1,3,1,10,2025,1,20,5.0,1500000.0,58771
8467128,1,1,1,10,2025,2,25,5.0,1000000.0,51462
8463252,1,3,1,10,2025,2,54,9.0,1200000.0,42746
8439076,1,1,1,10,2025,2,40,5.0,1450000.0,7442
8442729,1,2,1,10,2025,2,23,5.0,1000000.0,15791
8470763,1,1,1,10,2025,2,48,5.0,1050000.0,60548
8436008,1,3,1,10,2025,2,26,10.0,2770000.0,156
8439475,1,1,1,10,2025,1,27,5.0,1500000.0,8363
8461936,1,1,1,10,2025,2,40,8.0,700000.0,39816
8437047,1,4,1,10,2025,2,41,10.0,1920000.0,2825
8437136,1,1,1,10,2025,1,39,12.0,8000000.0,3024
8450823,1,1,1,10,2025,2,63,3.0,1423500.0,34676
8465965,1,4,1,10,2025,2,20,5.0,700000.0,48698
8470545,1,1,1,10,2025,1,59,4.0,2000000.0,59975
8442672,1,1,1,10,2025,2,64,4.0,250000.0,15648
8451753,1,2,1,10,2025,2,54,5.0,400000.0,37056
8462622,1,1,1,10,2025,1,52,3.0,700000.0,41404
8450161,1,3,1,10,2025,2,32,5.0,1423500.0,33056
8440220,1,3,1,10,2025,2,36,5.0,1420000.0,10033
8469542,1,1,1,10,2025,2,60,5.0,0.0,57468
8469412,1,2,1,10,2025,2,67,3.0,600000.0,57144
8463739,1,3,1,10,2025,1,19,5.0,1423500.0,43981
8471783,1,2,1,10,2025,1,45,3.0,1000000.0,62655
8469752,1,4,1,10,2025,2,39,5.0,1120000.0,58061
8465900,1,2,1,10,2025,1,21,5.0,1400000.0,48584
8441996,1,2,1,10,2025,2,45,3.0,0.0,14054
8471315,1,1,1,10,2025,2,42,1.0,1423500.0,61748
8467113,1,1,1,10,2025,1,23,5.0,1423000.0,51412
8442862,1,1,1,10,2025,2,22,5.0,400000.0,16115
8466143,1,1,1,10,2025,2,34,5.0,240000.0,49052
8442230,1,1,1,10,2025,2,50,10.0,3000000.0,14620
8445836,1,1,1,10,2025,1,82,4.0,1600000.0,23161
8470130,1,1,1,10,2025,1,44,3.0,1500000.0,59005
8466446,1,1,1,10,2025,1,56,1.0,1000000.0,49756
8438986,1,1,1,10,2025,1,41,11.0,18000000.0,7241
8439322,1,1,1,10,2025,1,21,5.0,3000000.0,8026
8469250,1,1,1,10,2025,1,63,5.0,1500000.0,56688
8463403,1,3,1,10,2025,2,33,10.0,3000000.0,43190
8439725,1,2,1,10,2025,2,40,9.0,1300000.0,9003
8445882,1,1,1,10,2025,1,22,5.0,1300000.0,23247
8445336,1,1,1,10,2025,2,38,4.0,1300000.0,22018
8438502,1,1,1,10,2025,1,37,5.0,1423500.0,6166
8468422,1,1,1,10,2025,2,67,3.0,1000000.0,54602
8440556,1,2,1,10,2025,2,51,11.0,1000000.0,10808
8438421,1,1,1,10,2025,1,49,10.0,3000000.0,5952
8443149,1,1,1,10,2025,1,38,9.0,4000000.0,16831
8438932,1,1,1,10,2025,2,59,3.0,2000000.0,7120
8451848,1,1,1,10,2025,2,33,3.0,1190000.0,37299
8450624,1,1,1,10,2025,2,27,10.0,2800000.0,34202
8436540,1,2,1,10,2025,1,26,10.0,2800000.0,1427
8470605,1,1,1,10,2025,1,32,4.0,2200000.0,60145
8445915,1,2,1,10,2025,2,39,8.0,1400000.0,23328
8469279,1,3,1,10,2025,1,43,1.0,700000.0,56770
8468343,1,3,1,10,2025,2,28,10.0,3300000.0,54357
8437514,1,3,1,10,2025,1,28,10.0,2700000.0,4034
8444061,1,1,1,10,2025,2,29,4.0,1000000.0,19223
8452414,1,2,1,10,2025,2,46,5.0,750000.0,38751
8439412,1,1,1,10,2025,2,61,5.0,1423500.0,8214
8463469,1,1,1,10,2025,1,46,11.0,28000000.0,43370
8442007,1,1,1,10,2025,1,61,8.0,1200000.0,14080
8471401,1,2,1,10,2025,1,27,10.0,1800000.0,61914
8465129,1,1,1,10,2025,2,46,5.0,0.0,47083
8448020,1,1,1,10,2025,2,55,10.0,1423500.0,28277
8464490,1,1,1,10,2025,1,63,3.0,900000.0,45585
8436521,1,2,1,10,2025,1,32,5.0,1800000.0,1380
8443921,1,1,1,10,2025,2,25,5.0,200000.0,18839
8466004,1,2,1,10,2025,2,34,8.0,400000.0,48797
8463439,1,1,1,10,2025,1,42,5.0,1800000.0,43292
8465741,1,1,1,10,2025,1,54,10.0,3400000.0,48200
8468040,1,3,1,10,2025,1,55,5.0,1500000.0,53710
8465644,1,2,1,10,2025,1,50,3.0,1600000.0,48015
8471797,1,1,1,10,2025,2,34,10.0,1650000.0,62685
8449354,1,1,1,10,2025,1,51,3.0,1400000.0,31024
8463188,1,1,1,10,2025,2,49,5.0,1423500.0,42581
8446559,1,3,1,10,2025,1,55,6.0,2000000.0,24977
8469535,1,2,1,10,2025,2,52,5.0,600000.0,57453
8438865,1,2,1,10,2025,1,41,3.0,1000000.0,6984
8465174,1,1,1,10,2025,2,27,5.0,800000.0,47119
8467844,1,1,1,10,2025,2,22,5.0,1400000.0,53207
8473177,1,1,1,10,2025,2,45,5.0,1873500.0,65375
8437539,1,1,1,10,2025,1,52,5.0,10000000.0,4083
8443506,1,4,1,10,2025,1,35,5.0,480000.0,17770
8446401,1,2,1,10,2025,2,59,5.0,1400000.0,24621
8437908,1,1,1,10,2025,2,30,10.0,1000000.0,4824
8465662,1,2,1,10,2025,2,46,10.0,353000.0,48063
8471358,1,2,1,10,2025,2,29,10.0,2500000.0,61816
8447271,1,1,1,10,2025,1,52,10.0,3000000.0,26551
8447220,1,2,1,10,2025,2,30,10.0,1423000.0,26398
8465063,1,4,1,10,2025,2,32,10.0,1423500.0,46900
8466325,2,1,2,10,2025,2,35,4.0,100000.0,49386
8452472,1,1,1,10,2025,1,36,5.0,1423500.0,38920
8445977,1,1,1,10,2025,2,43,5.0,1000000.0,23470
8464030,1,1,1,10,2025,1,69,3.0,2000000.0,44628
8466344,1,1,1,10,2025,2,38,4.0,400000.0,49453
8444746,1,2,1,10,2025,2,68,11.0,7000000.0,20963
8473659,1,1,1,10,2025,2,33,11.0,2900000.0,66055
8471875,1,1,1,10,2025,2,45,5.0,1623500.0,62841
8438569,1,2,1,10,2025,1,37,4.0,1423500.0,6324
8439893,1,1,1,10,2025,2,38,10.0,400000.0,9433
8446819,1,1,1,10,2025,2,44,5.0,700000.0,25574
8440303,1,3,1,10,2025,2,38,5.0,1450000.0,10247
8436855,1,1,1,10,2025,2,62,3.0,1600000.0,2230
8443774,1,2,1,10,2025,2,61,8.0,400000.0,18454
8447439,1,2,1,10,2025,2,47,10.0,0.0,26988
8441189,1,2,1,10,2025,2,60,3.0,1860000.0,12264
8465537,2,1,2,10,2025,1,40,9.0,1800000.0,47828
8451596,1,1,1,10,2025,1,28,9.0,3200000.0,36612
8442795,1,2,1,10,2025,1,47,3.0,300000.0,15944
8442735,1,1,1,10,2025,2,35,11.0,8000000.0,15806
8449413,1,2,1,10,2025,2,43,3.0,360000.0,31176
8446969,1,1,1,10,2025,2,34,8.0,1200000.0,25942
8439156,1,1,1,10,2025,1,45,5.0,1423500.0,7624
8452249,1,2,1,10,2025,1,41,5.0,1200000.0,38322
8450323,1,1,1,10,2025,2,69,5.0,1500000.0,33480
8441557,1,1,1,10,2025,1,31,5.0,1700000.0,13024
8469536,1,3,1,10,2025,2,40,9.0,1400000.0,57456
8438799,1,1,1,10,2025,2,56,12.0,4000000.0,6849
8473304,1,3,1,10,2025,1,21,5.0,2300000.0,65655
8445821,1,3,1,10,2025,1,35,10.0,2100000.0,23126
8442520,1,1,1,10,2025,2,42,5.0,900000.0,15326
8469289,1,2,1,10,2025,2,46,5.0,250000.0,56811
8472834,1,1,1,10,2025,2,34,5.0,1300000.0,64787
8467827,1,2,1,10,2025,1,21,9.0,630000.0,53149
8446111,1,3,1,10,2025,1,28,10.0,1800000.0,23803
8473891,1,2,1,10,2025,1,47,8.0,6000000.0,66516
8440742,1,2,1,10,2025,2,45,10.0,500000.0,11311
8443181,1,1,1,10,2025,1,59,3.0,800000.0,16904
8441434,1,1,1,10,2025,2,48,5.0,1423500.0,12741
8451098,1,4,1,10,2025,2,22,8.0,600000.0,35360
8447229,1,2,1,10,2025,1,38,10.0,4000000.0,26415
8470561,1,3,1,10,2025,1,18,5.0,500000.0,60022
8446685,1,1,1,10,2025,2,56,12.0,18000000.0,25325
8469209,1,2,1,10,2025,2,21,4.0,1423500.0,56587
8451027,1,2,1,10,2025,1,40,3.0,1423500.0,35197
8465051,1,2,1,10,2025,2,43,10.0,1200000.0,46878
8471111,1,1,1,10,2025,2,48,9.0,3200000.0,61397
8470018,1,1,1,10,2025,1,39,6.0,2300000.0,58730
8469292,1,2,1,10,2025,1,24,10.0,5000000.0,56821
8440196,1,1,1,10,2025,1,25,8.0,1423000.0,9980
8452113,1,1,1,10,2025,2,55,3.0,400000.0,37987
8450381,1,2,1,10,2025,1,33,9.0,1423500.0,33623
8469455,1,3,1,10,2025,2,18,4.0,1400000.0,57231
8468842,1,1,1,10,2025,1,40,5.0,2000000.0,55646
8449968,1,1,1,10,2025,2,40,3.0,500000.0,32569
8448152,1,2,1,10,2025,2,35,5.0,1423500.0,28554
8463172,1,2,1,10,2025,2,48,11.0,10390000.0,42551
8463739,1,4,1,10,2025,1,24,5.0,1423500.0,43982
8471743,1,1,1,10,2025,2,23,10.0,1320000.0,62552
8443122,1,2,1,10,2025,1,47,8.0,2000000.0,16773
8438504,1,1,1,10,2025,1,51,5.0,1423500.0,6172
8473845,1,2,1,10,2025,1,50,1.0,2000000.0,66389
8467294,1,1,1,10,2025,2,44,3.0,600000.0,51842
8447373,1,2,1,10,2025,2,20,5.0,1423500.0,26816
8463361,1,2,1,10,2025,2,17,5.0,300000.0,43058
8442055,1,1,1,10,2025,2,59,3.0,600000.0,14167
8443744,1,1,1,10,2025,1,30,8.0,1700000.0,18391
8470520,1,2,1,10,2025,1,34,5.0,3150000.0,59910
8449755,1,1,1,10,2025,2,51,4.0,1500000.0,32036
8470064,1,1,1,10,2025,2,50,5.0,700000.0,58842
8448488,1,2,1,10,2025,2,35,5.0,1423500.0,29247
8462969,1,1,1,10,2025,1,36,3.0,1400000.0,42123
8470423,1,2,1,10,2025,1,57,3.0,1200000.0,59698
8469251,1,1,1,10,2025,1,24,5.0,1423500.0,56689
8471401,1,1,1,10,2025,2,22,10.0,1400000.0,61913
8468009,1,1,1,10,2025,2,47,8.0,1423500.0,53623
8469093,1,2,1,10,2025,2,35,10.0,3000000.0,56269
8437383,1,1,1,10,2025,1,42,10.0,5600000.0,3691
8445450,1,3,1,10,2025,2,19,9.0,400000.0,22283
8461989,1,1,1,10,2025,1,70,3.0,800000.0,39965
8463646,1,2,1,10,2025,2,29,5.0,2000000.0,43769
8445920,1,1,1,10,2025,1,40,5.0,1500000.0,23338
8472192,1,1,1,10,2025,1,50,5.0,3400000.0,63513
8436835,1,2,1,10,2025,1,41,4.0,1450000.0,2149
8444909,1,1,1,10,2025,1,31,8.0,4000000.0,21378
8444339,1,1,1,10,2025,1,51,5.0,1900000.0,19880
8444840,1,1,1,10,2025,2,38,10.0,2500000.0,21220
8468518,1,2,1,10,2025,2,46,8.0,1650000.0,54833
8444402,1,1,1,10,2025,1,34,5.0,1300000.0,20047
8438556,1,3,1,10,2025,1,41,5.0,750000.0,6287
8448360,1,1,1,10,2025,1,72,4.0,700000.0,28962
8440112,1,2,1,10,2025,2,66,5.0,1500000.0,9792
8471379,1,1,1,10,2025,2,46,3.0,300000.0,61862
8446695,1,2,1,10,2025,1,37,10.0,4000000.0,25352
8450619,1,1,1,10,2025,2,43,5.0,800000.0,34192
8440013,1,2,1,10,2025,2,24,5.0,200000.0,9591
8438086,1,1,1,10,2025,1,39,5.0,1200000.0,5170
8465177,1,5,1,10,2025,1,73,4.0,100000.0,47130
8437594,1,1,1,10,2025,1,55,5.0,1550000.0,4156
8445850,1,1,1,10,2025,1,52,10.0,12000000.0,23186
8444304,1,3,1,10,2025,1,39,5.0,1623500.0,19781
8464733,1,2,1,10,2025,2,27,10.0,2500000.0,46176
8463928,1,1,1,10,2025,1,29,10.0,2200000.0,44400
8445514,1,1,1,10,2025,2,35,8.0,2100000.0,22435
8466683,1,2,1,10,2025,2,65,4.0,550000.0,50350
8437687,1,1,1,10,2025,2,24,10.0,1000000.0,4369
8448387,1,1,1,10,2025,2,75,3.0,1300000.0,29032
8452347,1,5,1,10,2025,2,44,8.0,3000000.0,38572
8447971,1,2,1,10,2025,2,29,10.0,1623500.0,28175
8468379,1,3,1,10,2025,1,20,5.0,1423500.0,54476
8465743,1,3,1,10,2025,2,28,10.0,1250000.0,48211
8470890,1,1,1,10,2025,2,52,5.0,200000.0,60872
8442457,1,2,1,10,2025,2,47,10.0,2300000.0,15171
8449809,1,1,1,10,2025,2,59,4.0,300000.0,32159
8438920,1,1,1,10,2025,1,55,3.0,1200000.0,7104
8469929,1,2,1,10,2025,2,20,8.0,1423500.0,58483
8473083,1,1,1,10,2025,2,38,5.0,1400000.0,65218
8451068,1,3,1,10,2025,2,24,9.0,2250000.0,35297
8463387,1,4,1,10,2025,1,50,6.0,1800000.0,43146
8468808,1,1,1,10,2025,2,22,9.0,1423500.0,55545
8463890,1,2,1,10,2025,2,56,8.0,2150000.0,44330
8471386,1,2,1,10,2025,1,53,3.0,500000.0,61882
8462761,1,2,1,10,2025,2,37,8.0,430000.0,41704
8442447,1,1,1,10,2025,1,58,9.0,1800000.0,15143
8438374,1,1,1,10,2025,2,51,4.0,800000.0,5847
8444094,1,2,1,10,2025,2,24,8.0,2500000.0,19316
8469773,1,1,1,10,2025,1,47,3.0,800000.0,58117
8452276,1,2,1,10,2025,1,37,8.0,1423500.0,38406
8465625,1,1,1,10,2025,2,60,8.0,1423500.0,47971
8471101,1,1,1,10,2025,2,51,5.0,1430000.0,61373
8442073,1,2,1,10,2025,2,63,3.0,150000.0,14210
8446462,1,1,1,10,2025,2,39,13.0,12811500.0,24742
8468017,1,1,1,10,2025,1,65,3.0,2200000.0,53653
8466862,1,2,1,10,2025,2,45,3.0,400000.0,50769
8446409,1,1,1,10,2025,2,45,5.0,1423500.0,24637
8451984,1,1,1,10,2025,2,34,10.0,112000.0,37652
8448044,1,2,1,10,2025,1,58,5.0,1600000.0,28344
8442466,1,1,1,10,2025,2,25,5.0,400000.0,15192
8465763,1,1,1,10,2025,1,73,3.0,200000.0,48256
8465326,1,1,1,10,2025,2,55,11.0,9000000.0,47411
8436859,1,1,1,10,2025,2,58,8.0,200000.0,2259
8473847,1,3,1,10,2025,1,28,10.0,4700000.0,66393
8466875,1,1,1,10,2025,2,66,3.0,200000.0,50798
8438624,1,1,1,10,2025,2,31,10.0,300000.0,6451
8440007,1,1,1,10,2025,1,33,5.0,1613500.0,9580
8470242,1,1,1,10,2025,1,67,3.0,600000.0,59262
8446233,1,4,1,10,2025,1,30,6.0,1300000.0,24127
8449994,1,2,1,10,2025,2,43,12.0,3900000.0,32654
8440302,1,1,1,10,2025,2,32,10.0,1200000.0,10243
8451160,1,2,1,10,2025,2,18,9.0,424000.0,35536
8464710,1,1,1,10,2025,2,43,9.0,600000.0,46123
8472603,1,2,1,10,2025,2,62,11.0,7000000.0,64308
8437808,1,1,1,10,2025,2,42,8.0,2000000.0,4601
8446285,1,2,1,10,2025,1,65,5.0,1500000.0,24308
8465432,1,2,1,10,2025,2,43,8.0,850000.0,47607
8442474,1,2,1,10,2025,1,40,3.0,400000.0,15217
8466258,1,1,1,10,2025,1,37,5.0,1700000.0,49276
8440596,1,2,1,10,2025,2,44,5.0,1723500.0,10943
8441252,1,1,1,10,2025,2,43,10.0,3200000.0,12404
8463521,1,3,1,10,2025,1,44,12.0,5200000.0,43502
8452160,1,2,1,10,2025,2,55,3.0,2000000.0,38098
8468875,1,1,1,10,2025,2,33,5.0,1560000.0,55737
8445188,1,1,1,10,2025,1,60,5.0,550000.0,21590
8445827,1,3,1,10,2025,1,42,4.0,1420000.0,23142
8452249,1,3,1,10,2025,1,16,6.0,0.0,38323
8469470,1,1,1,10,2025,2,27,12.0,2500000.0,57272
8446637,1,2,1,10,2025,2,51,10.0,3500000.0,25217
8436495,1,1,1,10,2025,1,50,5.0,1423000.0,1288
8473331,1,1,1,10,2025,2,45,5.0,600000.0,65711
8468379,1,2,1,10,2025,2,39,4.0,300000.0,54475
8462229,1,1,1,10,2025,1,51,3.0,1500000.0,40543
8449968,3,2,3,10,2025,2,42,10.0,1050000.0,32580
8466520,1,1,1,10,2025,2,20,5.0,1350000.0,49975
8439608,1,2,1,10,2025,2,20,8.0,1400000.0,8683
8450165,1,2,1,10,2025,2,56,11.0,5694000.0,33070
8450570,1,3,1,10,2025,2,26,5.0,1423500.0,34071
8436504,1,3,1,10,2025,2,28,11.0,4300000.0,1318
8444777,1,1,1,10,2025,2,30,6.0,1300000.0,21047
8440517,1,1,1,10,2025,1,35,5.0,4500000.0,10707
8445276,1,3,1,10,2025,1,34,10.0,1270000.0,21849
8445819,1,2,1,10,2025,1,58,3.0,1100000.0,23122
8467929,1,1,1,10,2025,1,34,5.0,550000.0,53426
8442054,1,1,1,10,2025,2,23,8.0,250000.0,14163
8450476,1,1,1,10,2025,2,29,5.0,1000000.0,33827
8451737,1,2,1,10,2025,1,53,5.0,1423500.0,37008
8438350,1,1,1,10,2025,1,57,3.0,800000.0,5796
8439931,1,1,1,10,2025,2,49,5.0,600000.0,9480
8464597,1,1,1,10,2025,2,33,5.0,950000.0,45852
8451181,1,1,1,10,2025,1,55,3.0,400000.0,35588
8472197,1,2,1,10,2025,2,46,8.0,2235000.0,63526
8437896,1,1,1,10,2025,2,35,4.0,640000.0,4798
8467091,1,1,1,10,2025,2,23,5.0,1200000.0,51328
8463256,1,1,1,10,2025,1,68,5.0,2200000.0,42758
8472609,1,2,1,10,2025,2,51,5.0,1623500.0,64326
8464176,1,2,1,10,2025,2,37,10.0,3800000.0,44903
8468939,1,2,1,10,2025,1,52,5.0,1300000.0,55872
8472084,1,1,1,10,2025,2,42,11.0,2500000.0,63258
8468896,1,2,1,10,2025,2,35,5.0,1423500.0,55787
8465813,1,4,1,10,2025,2,30,5.0,1423500.0,48370
8436604,1,1,1,10,2025,2,20,5.0,500000.0,1586
8446468,1,1,1,10,2025,2,55,5.0,1500000.0,24758
8439805,1,2,1,10,2025,2,70,4.0,120000.0,9175
8462262,1,1,1,10,2025,2,29,4.0,1400000.0,40605
8469090,1,1,1,10,2025,2,47,3.0,1400000.0,56261
8471769,1,3,1,10,2025,2,30,10.0,1423000.0,62613
8451111,1,1,1,10,2025,2,48,1.0,600000.0,35391
8463810,1,1,1,10,2025,2,60,10.0,1423500.0,44163
8448779,1,1,1,10,2025,1,65,4.0,600000.0,29866
8438330,1,1,1,10,2025,2,41,5.0,700000.0,5734
8473896,1,2,1,10,2025,2,19,5.0,1423500.0,66535
8462969,1,2,1,10,2025,2,34,3.0,1350000.0,42124
8467538,1,1,1,10,2025,2,43,5.0,1500000.0,52429
8447299,1,1,1,10,2025,1,50,5.0,2000000.0,26640
8471649,1,2,1,10,2025,2,42,5.0,1423500.0,62392
8437169,1,1,1,10,2025,1,54,3.0,1423500.0,3084
8450748,1,1,1,10,2025,2,54,5.0,450000.0,34502
8463189,1,2,1,10,2025,1,24,4.0,1623000.0,42584
8442301,1,2,1,10,2025,1,50,8.0,3000000.0,14770
8467051,1,1,1,10,2025,1,37,10.0,2000000.0,51195
8469473,1,1,1,10,2025,2,39,8.0,800000.0,57283
8465869,1,1,1,10,2025,1,33,8.0,2000000.0,48525
8467999,1,4,1,10,2025,1,26,5.0,2326000.0,53599
8447757,1,1,1,10,2025,2,42,10.0,2500000.0,27628
8452208,1,2,1,10,2025,1,38,10.0,0.0,38219
8471642,1,1,1,10,2025,1,29,4.0,2090000.0,62377
8438582,1,2,1,10,2025,2,41,8.0,2529400.0,6356
8436933,1,2,1,10,2025,2,33,5.0,450000.0,2532
8447204,1,6,1,10,2025,2,29,5.0,1300000.0,26354
8450407,1,2,1,10,2025,1,56,3.0,1200000.0,33676
8448473,1,2,1,10,2025,1,35,9.0,1700000.0,29214
8470120,1,1,1,10,2025,2,58,3.0,0.0,58976
8452574,1,2,1,10,2025,2,23,5.0,1800000.0,39199
8436978,1,1,1,10,2025,2,43,5.0,720000.0,2657
8444275,1,3,1,10,2025,2,22,5.0,650000.0,19706
8466865,1,1,1,10,2025,1,24,3.0,1200000.0,50775
8473313,1,1,1,10,2025,1,42,9.0,1423500.0,65676
8439698,1,2,1,10,2025,2,31,10.0,1423500.0,8939
8439153,1,2,1,10,2025,2,37,10.0,4000000.0,7618
8471183,1,1,1,10,2025,2,52,10.0,1500000.0,61479
8446573,5,1,5,10,2025,1,59,5.0,3000000.0,25036
8473142,1,1,1,10,2025,1,25,6.0,2400000.0,65324
8468280,1,2,1,10,2025,1,35,3.0,450000.0,54222
8443466,1,3,1,10,2025,2,67,1.0,400000.0,17654
8442813,1,1,1,10,2025,2,57,8.0,800000.0,15988
8440371,1,2,1,10,2025,2,43,10.0,4000000.0,10402
8442142,1,3,1,10,2025,2,55,3.0,600000.0,14370
8444756,1,2,1,10,2025,1,62,3.0,500000.0,20988
8463532,1,2,1,10,2025,2,55,10.0,3000000.0,43521
8467927,1,1,1,10,2025,2,21,5.0,500000.0,53418
8447415,1,1,1,10,2025,1,43,3.0,300000.0,26935
8447303,1,1,1,10,2025,2,51,6.0,800000.0,26650
8469465,1,1,1,10,2025,2,34,10.0,1600000.0,57253
8452498,1,1,1,10,2025,1,35,12.0,5977000.0,38972
8470161,1,1,1,10,2025,1,27,5.0,1423500.0,59076
8448231,1,4,1,10,2025,1,49,5.0,800000.0,28790
8442313,1,3,1,10,2025,1,25,5.0,1420000.0,14816
8447712,1,1,1,10,2025,2,35,4.0,1000000.0,27556
8464305,1,1,1,10,2025,1,37,5.0,1600000.0,45109
8462875,1,1,1,10,2025,1,34,3.0,2000000.0,41938
8437410,1,4,1,10,2025,1,25,5.0,900000.0,3750
8468191,1,1,1,10,2025,2,29,8.0,480000.0,54039
8465672,1,2,1,10,2025,2,58,3.0,1440000.0,48091
8462122,1,3,1,10,2025,2,33,9.0,720000.0,40296
8437887,1,1,1,10,2025,2,58,8.0,3500000.0,4781
8450567,1,1,1,10,2025,1,48,3.0,900000.0,34056
8464290,1,1,1,10,2025,1,38,10.0,1800000.0,45074
8441630,1,1,1,10,2025,1,45,5.0,1200000.0,13157
8438465,1,4,1,10,2025,2,26,5.0,1200000.0,6076
8450531,1,1,1,10,2025,2,33,5.0,300000.0,33954
8452039,1,1,1,10,2025,2,41,5.0,1600000.0,37775
8450907,1,2,1,10,2025,2,19,5.0,120000.0,34867
8450247,1,4,1,10,2025,2,41,4.0,1600000.0,33281
8452336,1,4,1,10,2025,1,34,5.0,800000.0,38534
8463818,1,1,1,10,2025,1,36,8.0,1423500.0,44188
8463553,1,1,1,10,2025,1,57,3.0,1423500.0,43569
8467106,1,3,1,10,2025,2,28,8.0,450000.0,51383
8442467,1,1,1,10,2025,1,52,5.0,800000.0,15193
8471075,1,2,1,10,2025,1,53,4.0,150000.0,61307
8468847,1,1,1,10,2025,2,64,3.0,700000.0,55668
8472849,1,2,1,10,2025,2,51,13.0,9000000.0,64824
8461824,1,1,1,10,2025,1,63,1.0,800000.0,39514
8443790,1,1,1,10,2025,2,55,5.0,150000.0,18491
8468055,1,1,1,10,2025,2,65,3.0,240000.0,53740
8470869,1,1,1,10,2025,2,26,11.0,3400000.0,60821
8438697,1,2,1,10,2025,2,26,4.0,1400000.0,6616
8436083,1,1,1,10,2025,2,56,9.0,1423500.0,351
8439684,1,1,1,10,2025,2,21,10.0,2000000.0,8902
8461925,1,1,1,10,2025,2,33,8.0,120000.0,39778
8449216,1,1,1,10,2025,1,54,3.0,3600000.0,30638
8463002,1,2,1,10,2025,1,31,5.0,900000.0,42203
8473386,1,2,1,10,2025,1,44,4.0,2000000.0,65796
8436992,1,2,1,10,2025,2,40,10.0,14000000.0,2689
8442658,1,1,1,10,2025,2,43,10.0,1500000.0,15606
8443462,1,2,1,10,2025,2,44,3.0,420000.0,17641
8437842,1,2,1,10,2025,2,47,5.0,1735500.0,4682
8442612,1,1,1,10,2025,1,51,5.0,1423500.0,15504
8464210,1,2,1,10,2025,2,29,4.0,860000.0,44975
8444474,1,3,1,10,2025,1,17,5.0,600000.0,20239
8440075,1,1,1,10,2025,1,32,10.0,3000000.0,9713
8466424,1,1,1,10,2025,1,51,3.0,1500000.0,49701
8466181,1,2,1,10,2025,1,46,10.0,3800000.0,49153
8466328,1,2,1,10,2025,1,69,3.0,1800000.0,49398
8437627,1,1,1,10,2025,1,60,11.0,6000000.0,4228
8468572,1,4,1,10,2025,1,33,11.0,4000000.0,54966
8450620,1,2,1,10,2025,1,58,11.0,4270500.0,34196
8466700,1,1,1,10,2025,1,34,3.0,1000000.0,50386
8449663,1,1,1,10,2025,2,51,1.0,300000.0,31799
8449033,1,1,1,10,2025,1,50,5.0,1903500.0,30291
8444149,1,2,1,10,2025,1,66,3.0,2500000.0,19420
8462330,1,1,1,10,2025,1,44,10.0,2600000.0,40748
8470801,1,1,1,10,2025,2,67,4.0,200000.0,60672
8464973,1,1,1,10,2025,1,50,5.0,1900000.0,46674
8468898,1,1,1,10,2025,2,58,8.0,1600000.0,55796
8452509,1,1,1,10,2025,1,46,4.0,1423500.0,39007
8446046,1,1,1,10,2025,2,26,9.0,2000000.0,23656
8473207,1,1,1,10,2025,1,28,5.0,3000000.0,65439
8472706,1,2,1,10,2025,2,46,5.0,1423500.0,64565
8448644,1,1,1,10,2025,2,38,5.0,1423500.0,29524
8463513,1,1,1,10,2025,2,25,8.0,1723500.0,43485
8450314,1,3,1,10,2025,2,53,5.0,500000.0,33458
8469537,1,2,1,10,2025,2,39,11.0,5360000.0,57459
8444221,1,1,1,10,2025,1,61,3.0,1500000.0,19566
8448147,2,2,2,10,2025,2,25,5.0,480000.0,28536
8473806,1,1,1,10,2025,1,55,11.0,2800000.0,66273
8473027,1,1,1,10,2025,2,37,5.0,1590000.0,65127
8463010,1,1,1,10,2025,1,48,3.0,1200000.0,42222
8440018,1,1,1,10,2025,2,32,5.0,1250000.0,9602
8469001,1,1,1,10,2025,2,23,11.0,3800000.0,56018
8466020,1,1,1,10,2025,2,50,11.0,8000000.0,48837
8439830,1,3,1,10,2025,1,28,5.0,1000000.0,9252
8468723,1,1,1,10,2025,1,43,5.0,1800000.0,55335
8437506,1,2,1,10,2025,1,40,9.0,1500000.0,4011
8451159,1,1,1,10,2025,2,29,5.0,300000.0,35530
8451585,1,4,1,10,2025,2,69,3.0,400000.0,36595
8463762,1,1,1,10,2025,1,24,10.0,1420000.0,44036
8472442,1,2,1,10,2025,2,65,11.0,7500000.0,64015
8465132,1,2,1,10,2025,2,62,5.0,300000.0,47090
8443688,1,1,1,10,2025,1,64,3.0,200000.0,18248
8448163,1,1,1,10,2025,1,51,4.0,3000000.0,28586
8436828,1,4,1,10,2025,2,23,4.0,2200000.0,2127
8448576,1,2,1,10,2025,2,59,11.0,8000000.0,29441
8437802,1,1,1,10,2025,1,55,8.0,2200000.0,4591
8468545,1,2,1,10,2025,1,41,1.0,1400000.0,54897
8445335,1,1,1,10,2025,2,46,5.0,1623500.0,22015
8447055,1,2,1,10,2025,1,30,5.0,2200000.0,26120
8444053,1,1,1,10,2025,2,45,3.0,300000.0,19200
8469039,1,3,1,10,2025,1,39,5.0,1423500.0,56117
8468453,1,1,1,10,2025,2,40,5.0,960000.0,54679
8465499,1,1,1,10,2025,2,41,8.0,1600000.0,47741
8444950,1,2,1,10,2025,1,19,10.0,900000.0,21474
8463407,1,1,1,10,2025,2,66,10.0,2000000.0,43201
8450411,1,1,1,10,2025,1,50,4.0,1400000.0,33687
8445887,1,1,1,10,2025,1,80,3.0,1000000.0,23253
8471062,1,1,1,10,2025,1,57,5.0,1000000.0,61265
8444412,1,2,1,10,2025,2,26,10.0,700000.0,20068
8437018,1,2,1,10,2025,2,45,11.0,10000000.0,2754
8467251,1,1,1,10,2025,1,63,4.0,650000.0,51739
8437872,1,1,1,10,2025,2,33,5.0,100000.0,4755
8468852,1,1,1,10,2025,2,53,3.0,1500000.0,55681
8441817,1,3,1,10,2025,2,25,6.0,200000.0,13516
8472796,1,1,1,10,2025,2,49,4.0,1400000.0,64730
8466868,1,2,1,10,2025,2,21,3.0,100000.0,50785
8451970,1,2,1,10,2025,1,39,10.0,3000000.0,37618
8443140,1,1,1,10,2025,2,59,3.0,1423500.0,16814
8451750,1,1,1,10,2025,1,41,9.0,1423500.0,37049
8442365,1,1,1,10,2025,2,72,3.0,600000.0,14967
8443999,1,2,1,10,2025,2,63,1.0,800000.0,19032
8437987,1,2,1,10,2025,2,30,10.0,800000.0,4963
8469060,1,1,1,10,2025,2,46,5.0,1070000.0,56174
8472275,1,2,1,10,2025,1,43,5.0,1400000.0,63683
8446663,1,1,1,10,2025,1,52,5.0,1200000.0,25288
8452544,1,1,1,10,2025,2,23,5.0,800000.0,39106
8439868,1,1,1,10,2025,1,37,5.0,600000.0,9361
8448770,1,1,1,10,2025,2,25,5.0,1400000.0,29848
8437479,1,2,1,10,2025,2,45,13.0,12600000.0,3938
8464577,1,1,1,10,2025,2,39,5.0,300000.0,45789
8440677,1,1,1,10,2025,2,28,10.0,1423500.0,11171
8439898,1,1,1,10,2025,2,56,5.0,550000.0,9449
8461907,1,1,1,10,2025,1,21,5.0,1000000.0,39717
8442716,1,1,1,10,2025,2,23,5.0,1423500.0,15757
8443314,1,1,1,10,2025,1,34,3.0,1400000.0,17260
8461855,1,1,1,10,2025,2,46,8.0,1423500.0,39586
8451201,1,1,1,10,2025,1,45,3.0,400000.0,35660
8470733,1,1,1,10,2025,2,54,3.0,600000.0,60435
8469506,1,2,1,10,2025,1,44,10.0,9000000.0,57371
8436208,1,2,1,10,2025,1,59,3.0,1423500.0,634
8449898,1,1,1,10,2025,1,33,8.0,1500000.0,32380
8472356,1,2,1,10,2025,1,59,5.0,800000.0,63863
8444836,1,3,1,10,2025,1,39,5.0,1600000.0,21214
8448593,1,2,1,10,2025,2,24,10.0,1600000.0,29479
8469582,1,1,1,10,2025,1,61,4.0,800000.0,57588
8465061,1,5,1,10,2025,2,23,7.0,1423500.0,46889
8465853,1,1,1,10,2025,2,65,10.0,3000000.0,48469
8439051,1,2,1,10,2025,2,51,7.0,2500000.0,7380
8472068,1,1,1,10,2025,1,67,9.0,400000.0,63223
8467577,1,1,1,10,2025,2,35,3.0,1000000.0,52524
8441891,1,1,1,10,2025,1,43,5.0,500000.0,13755
8443411,1,1,1,10,2025,2,60,5.0,1652000.0,17515
8444351,1,2,1,10,2025,2,58,5.0,1400000.0,19905
8467288,1,1,1,10,2025,1,61,3.0,800000.0,51829
8452021,1,1,1,10,2025,2,34,8.0,1400000.0,37742
8468926,1,1,1,10,2025,2,45,6.0,2800000.0,55854
8441507,1,1,1,10,2025,1,66,9.0,1500000.0,12897
8470120,1,4,1,10,2025,1,62,1.0,450000.0,58979
8436050,1,1,1,10,2025,2,23,5.0,550000.0,270
8442625,1,1,1,10,2025,2,19,8.0,1700000.0,15529
8469111,1,1,1,10,2025,2,57,4.0,300000.0,56318
8436899,1,4,1,10,2025,2,41,5.0,1450000.0,2417
8448168,1,1,1,10,2025,1,40,5.0,4000000.0,28600
8469352,1,2,1,10,2025,2,27,10.0,3300000.0,57006
8450532,3,1,3,10,2025,1,57,5.0,900000.0,33963
8466098,1,1,1,10,2025,1,42,8.0,4000000.0,48953
8467126,1,1,1,10,2025,1,58,3.0,1420000.0,51454
8462096,1,1,1,10,2025,1,54,3.0,900000.0,40220
8464914,1,2,1,10,2025,1,27,4.0,1000000.0,46540
8467654,1,1,1,10,2025,1,51,3.0,1423500.0,52737
8464812,1,1,1,10,2025,2,38,11.0,4000000.0,46313
8447464,1,2,1,10,2025,2,42,10.0,5000000.0,27044
8441421,1,1,1,10,2025,2,56,5.0,900000.0,12708
8473868,1,1,1,10,2025,1,65,10.0,3500000.0,66446
8447846,1,1,1,10,2025,1,33,5.0,1423500.0,27874
8463871,1,3,1,10,2025,1,34,10.0,2700000.0,44278
8451352,1,2,1,10,2025,2,54,5.0,1500000.0,36039
8447385,1,2,1,10,2025,2,37,8.0,240000.0,26859
8472691,1,6,1,10,2025,1,28,5.0,1000000.0,64518
8472081,1,1,1,10,2025,1,25,8.0,1500000.0,63250
8443319,1,1,1,10,2025,1,57,5.0,1423500.0,17270
8439919,1,1,1,10,2025,2,49,5.0,3000000.0,9468
8447549,1,4,1,10,2025,2,50,3.0,880000.0,27216
8440171,1,1,1,10,2025,2,42,5.0,580000.0,9923
8444388,1,1,1,10,2025,2,39,5.0,1600000.0,20003
8447223,1,3,1,10,2025,1,25,8.0,1423500.0,26405
8442240,1,2,1,10,2025,2,54,10.0,2850000.0,14645
8450970,1,7,1,10,2025,1,42,3.0,500000.0,35059
8473200,1,3,1,10,2025,1,36,4.0,1300000.0,65423
8436901,1,3,1,10,2025,2,18,8.0,500000.0,2426
8467902,1,1,1,10,2025,1,61,5.0,550000.0,53353
8470477,1,7,1,10,2025,1,32,9.0,1423500.0,59837
8446490,1,1,1,10,2025,1,31,6.0,1750000.0,24825
8468902,1,2,1,10,2025,2,54,5.0,720000.0,55807
8443463,1,3,1,10,2025,2,24,3.0,800000.0,17646
8463760,1,1,1,10,2025,1,38,10.0,1425000.0,44029
8463996,1,1,1,10,2025,1,33,10.0,2000000.0,44562
8468397,1,1,1,10,2025,1,42,5.0,1700000.0,54529
8464115,1,2,1,10,2025,2,62,11.0,6000000.0,44775
8450908,1,2,1,10,2025,2,71,3.0,220000.0,34871
8469466,1,2,1,10,2025,2,53,3.0,600000.0,57257
8451491,1,1,1,10,2025,2,41,4.0,600000.0,36388
8442565,1,1,1,10,2025,1,50,3.0,500000.0,15423
8445894,1,1,1,10,2025,2,63,3.0,1000000.0,23271
8442281,1,1,1,10,2025,2,43,5.0,0.0,14725
8464953,1,1,1,10,2025,1,44,10.0,4000000.0,46633
8468365,1,1,1,10,2025,2,41,8.0,1425000.0,54421
8450930,1,1,1,10,2025,1,55,1.0,100000.0,34956
8447832,1,1,1,10,2025,1,37,5.0,2500000.0,27835
8436725,1,1,1,10,2025,2,31,8.0,600000.0,1906
8447832,1,2,1,10,2025,2,33,9.0,2000000.0,27836
8440411,1,1,1,10,2025,2,29,9.0,2800000.0,10480
8449667,1,1,1,10,2025,1,61,3.0,400000.0,31808
8451922,1,1,1,10,2025,1,57,8.0,300000.0,37481
8446150,1,2,1,10,2025,2,56,5.0,1623500.0,23898
8469227,1,1,1,10,2025,2,41,10.0,3800000.0,56636
8438060,1,1,1,10,2025,2,43,10.0,1420000.0,5127
8449411,1,3,1,10,2025,1,28,5.0,1000000.0,31173
8443910,2,2,2,10,2025,2,17,4.0,800000.0,18822
8449762,1,1,1,10,2025,1,49,3.0,500000.0,32057
8440527,1,2,1,10,2025,1,70,10.0,2600000.0,10735
8465123,1,1,1,10,2025,1,40,11.0,3500000.0,47067
8470412,1,1,1,10,2025,1,59,3.0,1600000.0,59659
8436740,1,2,1,10,2025,2,32,5.0,2500000.0,1942
8465213,1,1,1,10,2025,1,54,3.0,0.0,47227
8445383,1,1,1,10,2025,2,33,5.0,600000.0,22121
8439562,1,1,1,10,2025,1,37,5.0,700000.0,8565
8464323,1,1,1,10,2025,1,50,3.0,1500000.0,45169
8437679,1,1,1,10,2025,1,35,5.0,1623500.0,4351
8467044,1,1,1,10,2025,2,55,5.0,600000.0,51179
8470051,1,1,1,10,2025,1,28,4.0,1423500.0,58794
8471484,1,1,1,10,2025,1,42,5.0,1500000.0,62076
8469995,1,1,1,10,2025,1,68,4.0,800000.0,58664
8465624,1,1,1,10,2025,2,31,10.0,1500000.0,47967
8463438,1,1,1,10,2025,2,32,8.0,700000.0,43290
8446188,1,1,1,10,2025,1,49,10.0,3000000.0,23994
8440477,1,1,1,10,2025,1,60,4.0,3000000.0,10612
8441122,1,1,1,10,2025,1,46,6.0,1400000.0,12128
8467921,1,2,1,10,2025,1,40,5.0,950000.0,53405
8465049,1,1,1,10,2025,2,33,5.0,1500000.0,46874
8463195,1,1,1,10,2025,2,46,5.0,150000.0,42607
8436446,1,2,1,10,2025,2,42,3.0,320000.0,1169
8450266,1,1,1,10,2025,2,55,3.0,600000.0,33323
8442819,1,2,1,10,2025,2,47,5.0,1423500.0,16014
8468484,1,3,1,10,2025,2,24,9.0,1423500.0,54743
8440250,1,1,1,10,2025,2,48,5.0,1823500.0,10102
8465820,1,1,1,10,2025,1,78,3.0,800000.0,48387
8468836,1,2,1,10,2025,2,22,8.0,1200000.0,55628
8436561,1,2,1,10,2025,2,27,5.0,120000.0,1479
8450107,1,2,1,10,2025,1,47,1.0,600000.0,32927
8451009,1,1,1,10,2025,1,53,4.0,1423500.0,35167
8440597,1,1,1,10,2025,1,49,3.0,1423500.0,10946
8469655,1,1,1,10,2025,2,71,5.0,700000.0,57807
8437641,1,1,1,10,2025,2,51,8.0,1600000.0,4264
8441343,1,1,1,10,2025,2,54,3.0,1560000.0,12562
8472071,1,1,1,10,2025,2,38,8.0,1423500.0,63232
8470593,1,1,1,10,2025,2,31,5.0,1600000.0,60107
8470771,1,1,1,10,2025,1,33,8.0,1500000.0,60580
8444366,1,1,1,10,2025,1,57,3.0,1423500.0,19940
8465010,1,2,1,10,2025,2,60,1.0,360000.0,46771
8447554,1,1,1,10,2025,2,32,5.0,1423500.0,27227
8468499,1,2,1,10,2025,2,22,5.0,1500000.0,54776
8451585,1,1,1,10,2025,2,31,10.0,3800000.0,36592
8438557,1,1,1,10,2025,2,45,5.0,1423500.0,6288
8449955,1,3,1,10,2025,2,23,9.0,1423500.0,32539
8446242,1,1,1,10,2025,2,64,3.0,1180000.0,24183
8466714,1,2,1,10,2025,1,55,3.0,3500000.0,50423
8446681,1,1,1,10,2025,1,40,3.0,1000000.0,25315
8438963,1,1,1,10,2025,2,37,5.0,1600000.0,7187
8437684,1,1,1,10,2025,2,49,5.0,1400000.0,4363
8463950,1,1,1,10,2025,2,30,5.0,1700000.0,44461
8450099,1,2,1,10,2025,2,27,10.0,1500000.0,32913
8462981,1,2,1,10,2025,2,26,5.0,1000000.0,42151
8450890,1,1,1,10,2025,1,35,5.0,2000000.0,34830
8465193,1,2,1,10,2025,1,48,5.0,1300000.0,47171
8463637,1,2,1,10,2025,2,68,4.0,1000000.0,43744
8450326,1,3,1,10,2025,1,30,10.0,1800000.0,33488
8436722,1,2,1,10,2025,1,34,5.0,1200000.0,1899
8469926,1,2,1,10,2025,2,44,10.0,4000000.0,58475
8468379,1,1,1,10,2025,1,47,3.0,700000.0,54474
8441431,1,2,1,10,2025,2,55,3.0,1423500.0,12733
8443114,1,1,1,10,2025,2,26,4.0,800000.0,16755
8439089,1,1,1,10,2025,2,26,5.0,240000.0,7483
8446032,1,2,1,10,2025,1,57,3.0,2200000.0,23620
8443267,1,1,1,10,2025,1,74,3.0,400000.0,17099
8446159,1,1,1,10,2025,1,49,6.0,4700000.0,23922
8463253,1,3,1,10,2025,2,30,10.0,1423000.0,42752
8466410,1,3,1,10,2025,1,29,4.0,600000.0,49651
8467206,1,2,1,10,2025,2,36,8.0,1423500.0,51644
8449493,1,4,1,10,2025,2,33,5.0,1500000.0,31380
8465102,1,2,1,10,2025,2,40,5.0,1423500.0,47010
8469287,1,1,1,10,2025,1,34,5.0,600000.0,56804
8443801,1,2,1,10,2025,1,74,11.0,10000000.0,18533
8466824,1,1,1,10,2025,2,30,10.0,2700000.0,50661
8473872,1,3,1,10,2025,2,39,10.0,3800000.0,66460
8451576,1,1,1,10,2025,1,38,9.0,2100000.0,36573
8468815,1,2,1,10,2025,1,52,1.0,1400000.0,55572
8464490,1,2,1,10,2025,1,31,4.0,700000.0,45586
8451066,1,3,1,10,2025,2,27,10.0,1423500.0,35289
8452384,1,3,1,10,2025,1,39,3.0,300000.0,38664
8468806,1,1,1,10,2025,2,32,8.0,1600000.0,55543
8438251,1,1,1,10,2025,1,59,10.0,3000000.0,5512
8469992,1,2,1,10,2025,1,63,1.0,600000.0,58659
8451857,1,1,1,10,2025,2,62,3.0,2000000.0,37322
8452588,1,4,1,10,2025,1,73,3.0,100000.0,39231
8451291,1,2,1,10,2025,2,52,5.0,2400000.0,35882
8447249,1,1,1,10,2025,1,38,6.0,4500000.0,26474
8449676,1,2,1,10,2025,1,26,5.0,900000.0,31832
8451012,1,3,1,10,2025,1,43,3.0,200000.0,35174
8470392,1,1,1,10,2025,2,37,5.0,1423500.0,59614
8451734,1,1,1,10,2025,2,60,10.0,4800000.0,37000
8452475,1,2,1,10,2025,2,47,5.0,1800000.0,38927
8462939,1,2,1,10,2025,2,32,8.0,1000000.0,42062
8452299,1,1,1,10,2025,1,67,3.0,500000.0,38459
8466935,1,2,1,10,2025,1,53,3.0,700000.0,50897
8471001,1,1,1,10,2025,1,54,8.0,1900000.0,61131
8464516,1,3,1,10,2025,2,21,10.0,2000000.0,45656
8440613,2,1,2,10,2025,2,36,10.0,960000.0,10990
8471880,1,3,1,10,2025,1,26,5.0,1200000.0,62859
8444857,1,1,1,10,2025,1,53,6.0,3100000.0,21255
8447518,1,3,1,10,2025,2,31,10.0,3750000.0,27162
8444523,1,2,1,10,2025,1,47,5.0,1423500.0,20368
8450017,1,1,1,10,2025,1,50,3.0,700000.0,32695
8444487,1,1,1,10,2025,1,42,10.0,2000000.0,20270
8472577,1,2,1,10,2025,2,24,8.0,1423500.0,64256
8446262,1,3,1,10,2025,1,25,5.0,2500000.0,24253
8441611,1,1,1,10,2025,2,59,5.0,500000.0,13132
8463342,1,1,1,10,2025,1,59,3.0,100000.0,43002
8451796,1,1,1,10,2025,2,44,8.0,1200000.0,37174
8440500,1,1,1,10,2025,2,28,5.0,1200000.0,10671
8461756,1,2,1,10,2025,1,40,5.0,2340000.0,39297
8451531,1,1,1,10,2025,2,68,5.0,200000.0,36502
8464556,1,2,1,10,2025,1,33,5.0,1400000.0,45737
8469987,1,1,1,10,2025,1,71,3.0,1500000.0,58647
8446064,1,2,1,10,2025,1,33,5.0,2350000.0,23690
8473302,1,1,1,10,2025,1,34,5.0,1300000.0,65649
8470418,1,1,1,10,2025,2,34,3.0,700000.0,59676
8473801,1,3,1,10,2025,2,26,10.0,1000000.0,66266
8441186,1,1,1,10,2025,2,40,8.0,1423500.0,12257
8450602,1,5,1,10,2025,1,17,5.0,1600000.0,34153
8451941,1,4,1,10,2025,2,35,10.0,2400000.0,37528
8462018,1,2,1,10,2025,2,17,3.0,270000.0,40057
8438220,1,3,1,10,2025,1,22,10.0,300000.0,5427
8452453,1,1,1,10,2025,2,37,4.0,400000.0,38861
8464409,1,2,1,10,2025,1,44,9.0,600000.0,45385
8448449,1,3,1,10,2025,2,31,10.0,1700000.0,29174
8450045,1,2,1,10,2025,2,28,5.0,900000.0,32762
8465404,1,1,1,10,2025,1,34,10.0,1423500.0,47555
8436179,1,2,1,10,2025,2,52,5.0,200000.0,568
8449468,1,1,1,10,2025,1,59,3.0,1300000.0,31314
8449686,1,1,1,10,2025,1,48,1.0,900000.0,31856
8464979,1,3,1,10,2025,2,19,3.0,1440000.0,46689
8438966,1,1,1,10,2025,1,46,5.0,3600000.0,7196
8468840,1,2,1,10,2025,1,55,3.0,1500000.0,55641
8468578,1,2,1,10,2025,2,63,3.0,800000.0,54975
8473789,1,3,1,10,2025,1,32,8.0,600000.0,66228
8465262,1,2,1,10,2025,1,51,1.0,900000.0,47352
8463089,1,1,1,10,2025,1,52,3.0,200000.0,42392
8465881,1,2,1,10,2025,2,43,9.0,1423000.0,48552
8448213,1,2,1,10,2025,1,27,5.0,1700000.0,28724
8446333,1,1,1,10,2025,2,33,4.0,500000.0,24447
8441424,1,1,1,10,2025,2,52,5.0,1000000.0,12715
8462139,1,1,1,10,2025,1,45,3.0,1000000.0,40352
8442165,1,1,1,10,2025,2,56,4.0,400000.0,14424
8471069,1,1,1,10,2025,1,24,9.0,2000000.0,61283
8467408,1,1,1,10,2025,2,34,8.0,1200000.0,52117
8450035,1,1,1,10,2025,1,26,10.0,600000.0,32739
8466605,1,1,1,10,2025,1,19,5.0,1450000.0,50160
8471240,1,1,1,10,2025,1,31,12.0,7600000.0,61607
8446816,1,1,1,10,2025,2,59,3.0,200000.0,25571
8446069,1,2,1,10,2025,2,39,10.0,3300000.0,23700
8462595,1,1,1,10,2025,2,51,3.0,1500000.0,41369
8469999,1,1,1,10,2025,1,36,8.0,2000000.0,58675
8462710,1,2,1,10,2025,1,25,4.0,200000.0,41607
8445277,1,2,1,10,2025,1,37,4.0,360000.0,21852
8448666,1,1,1,10,2025,2,63,1.0,1423500.0,29587
8469846,1,2,1,10,2025,2,38,4.0,150000.0,58286
8441449,1,2,1,10,2025,2,36,5.0,1600000.0,12786
8448401,1,2,1,10,2025,2,60,3.0,1800000.0,29067
8436030,1,1,1,10,2025,1,69,4.0,500000.0,234
8467824,1,2,1,10,2025,2,56,6.0,1423500.0,53137
8463436,1,2,1,10,2025,2,44,1.0,2000000.0,43287
8471924,1,1,1,10,2025,2,28,12.0,2850000.0,62948
8449875,1,2,1,10,2025,2,65,3.0,1000000.0,32336
8464648,1,2,1,10,2025,2,47,10.0,2500000.0,45970
8464583,1,1,1,10,2025,2,32,9.0,711000.0,45810
8441528,1,5,1,10,2025,2,32,5.0,1700000.0,12951
8465905,1,1,1,10,2025,2,57,5.0,1400000.0,48588
8438505,1,1,1,10,2025,1,38,5.0,4000000.0,6177
8470055,1,1,1,10,2025,1,32,3.0,1000000.0,58807
8441383,1,1,1,10,2025,2,36,6.0,1500000.0,12661
8445851,1,1,1,10,2025,2,41,10.0,4000000.0,23189
8464275,1,1,1,10,2025,2,36,5.0,1400000.0,45052
8437399,1,1,1,10,2025,1,30,10.0,600000.0,3712
8436676,1,3,1,10,2025,2,31,9.0,0.0,1776
8463026,1,1,1,10,2025,1,30,4.0,1200000.0,42259
8473814,1,2,1,10,2025,1,20,5.0,1600000.0,66305
8445653,1,2,1,10,2025,2,40,8.0,1900000.0,22770
8443122,1,1,1,10,2025,2,46,10.0,3600000.0,16772
8466402,1,2,1,10,2025,1,49,6.0,1600000.0,49625
8441968,1,2,1,10,2025,2,56,3.0,400000.0,13980
8442832,1,2,1,10,2025,2,27,11.0,6400000.0,16044
8469081,1,3,1,10,2025,2,23,6.0,1600000.0,56238
8464428,1,1,1,10,2025,2,56,5.0,200000.0,45416
8436833,1,1,1,10,2025,1,36,4.0,1200000.0,2139
8469104,1,1,1,10,2025,2,54,10.0,1000000.0,56298
8436958,1,2,1,10,2025,1,27,10.0,2500000.0,2613
8441035,1,3,1,10,2025,2,26,9.0,750000.0,11938
8438510,1,1,1,10,2025,2,41,5.0,1423500.0,6194
8443420,1,1,1,10,2025,1,23,5.0,1550000.0,17538
8463800,1,4,1,10,2025,2,19,5.0,1423500.0,44138
8448751,1,3,1,10,2025,1,62,5.0,1000000.0,29810
8471861,1,1,1,10,2025,2,41,8.0,1800000.0,62812
8444640,1,1,1,10,2025,1,63,3.0,500000.0,20670
8452354,1,1,1,10,2025,1,22,5.0,1423500.0,38593
8437014,1,4,1,10,2025,2,53,10.0,5900000.0,2745
8441894,1,1,1,10,2025,2,44,3.0,240000.0,13766
8436254,1,1,1,10,2025,1,37,5.0,800000.0,742
8438494,1,2,1,10,2025,2,28,7.0,1125000.0,6152
8465752,1,1,1,10,2025,1,64,5.0,200000.0,48221
8440944,1,2,1,10,2025,2,32,5.0,1423500.0,11784
8439558,1,2,1,10,2025,1,53,5.0,2600000.0,8556
8445258,1,1,1,10,2025,2,43,10.0,3200000.0,21792
8441157,1,1,1,10,2025,2,31,5.0,1423500.0,12205
8469806,1,2,1,10,2025,1,80,1.0,800000.0,58207
8464094,1,2,1,10,2025,2,28,10.0,1800000.0,44747
8471887,1,1,1,10,2025,2,57,3.0,1423500.0,62874
8443622,1,1,1,10,2025,1,69,4.0,2400000.0,18079
8448151,1,2,1,10,2025,1,37,3.0,1400000.0,28551
8436617,1,1,1,10,2025,2,67,10.0,12000000.0,1623
8443798,1,2,1,10,2025,2,23,10.0,200000.0,18520
8452350,1,2,1,10,2025,1,17,4.0,1423500.0,38582
8439462,1,1,1,10,2025,1,26,10.0,1800000.0,8336
8447926,1,1,1,10,2025,2,51,3.0,1200000.0,28064
8447034,1,2,1,10,2025,2,45,9.0,1400000.0,26065
8467489,1,1,1,10,2025,2,32,6.0,1000000.0,52331
8443881,1,2,1,10,2025,2,47,8.0,1423500.0,18740
8465097,1,3,1,10,2025,1,22,10.0,1100000.0,47001
8468997,1,1,1,10,2025,2,49,11.0,5300000.0,56009
8442620,1,2,1,10,2025,1,54,3.0,600000.0,15521
8467699,1,1,1,10,2025,1,58,5.0,1000000.0,52836
8447018,1,2,1,10,2025,2,43,12.0,2500000.0,26028
8437288,1,2,1,10,2025,2,38,8.0,1425000.0,3420
8444251,1,3,1,10,2025,2,32,8.0,1423500.0,19650
8450796,1,1,1,10,2025,2,32,5.0,1600000.0,34615
8441585,1,2,1,10,2025,1,43,10.0,3100000.0,13087
8449556,1,2,1,10,2025,2,38,3.0,200000.0,31536
8464263,1,2,1,10,2025,1,24,5.0,1600000.0,45040
8447493,1,1,1,10,2025,2,51,10.0,800000.0,27128
8437417,1,2,1,10,2025,2,44,5.0,400000.0,3765
8449285,1,1,1,10,2025,1,52,3.0,1423500.0,30824
8449206,1,2,1,10,2025,1,50,3.0,1400000.0,30617
8468231,1,2,1,10,2025,2,39,6.0,580000.0,54108
8437531,1,1,1,10,2025,2,21,10.0,800000.0,4067
8472614,1,2,1,10,2025,2,43,5.0,1200000.0,64336
8449942,1,1,1,10,2025,2,39,5.0,360000.0,32489
8463203,1,1,1,10,2025,2,47,5.0,800000.0,42630
8473281,1,2,1,10,2025,1,43,5.0,1800000.0,65594
8446307,1,2,1,10,2025,2,24,8.0,1680000.0,24378
8469181,1,1,1,10,2025,2,62,3.0,200000.0,56529
8438887,1,3,1,10,2025,1,24,4.0,750000.0,7031
8452064,1,2,1,10,2025,1,35,5.0,1423500.0,37840
8442670,1,3,1,10,2025,2,35,5.0,750000.0,15641
8451615,1,2,1,10,2025,2,18,5.0,300000.0,36665
8437007,1,1,1,10,2025,2,69,10.0,3000000.0,2720
8463006,1,2,1,10,2025,2,65,3.0,480000.0,42215
8448033,1,2,1,10,2025,2,28,10.0,5200000.0,28310
8447203,1,1,1,10,2025,2,60,3.0,800000.0,26341
8462810,1,1,1,10,2025,2,55,3.0,760000.0,41812
8469011,1,1,1,10,2025,1,40,10.0,2060000.0,56045
8446369,1,3,1,10,2025,2,30,8.0,1423500.0,24538
8461787,1,5,1,10,2025,1,62,3.0,1200000.0,39396
8469278,1,1,1,10,2025,2,66,3.0,560000.0,56760
8469398,1,3,1,10,2025,1,21,4.0,1423500.0,57105
8451007,1,2,1,10,2025,2,41,5.0,1900000.0,35161
8439594,1,1,1,10,2025,2,47,5.0,1400000.0,8648
8470189,1,1,1,10,2025,1,60,3.0,2000000.0,59135
8444018,1,1,1,10,2025,2,35,5.0,1400000.0,19085
8447028,1,2,1,10,2025,1,30,4.0,1200000.0,26052
8464681,1,2,1,10,2025,1,62,3.0,1000000.0,46049
8450251,1,1,1,10,2025,1,58,5.0,1423500.0,33291
8452465,1,1,1,10,2025,1,48,6.0,1423500.0,38902
8437036,1,1,1,10,2025,2,69,4.0,400000.0,2792
8441198,1,2,1,10,2025,1,52,3.0,450000.0,12289
8450993,1,1,1,10,2025,1,39,5.0,200000.0,35143
8450522,1,1,1,10,2025,1,34,5.0,600000.0,33931
8472087,1,3,1,10,2025,1,21,4.0,700000.0,63267
8443601,1,1,1,10,2025,1,50,1.0,600000.0,18021
8466112,1,1,1,10,2025,1,38,9.0,1423500.0,48980
8471698,1,1,1,10,2025,2,47,5.0,900000.0,62488
8472916,1,1,1,10,2025,2,33,8.0,1423500.0,64948
8436093,1,1,1,10,2025,2,23,11.0,1423500.0,371
8448563,1,4,1,10,2025,1,35,6.0,2400000.0,29402
8436460,1,2,1,10,2025,1,46,4.0,900000.0,1200
8472146,1,1,1,10,2025,2,23,8.0,780000.0,63413
8468676,1,2,1,10,2025,1,57,3.0,5000000.0,55199
8436984,1,1,1,10,2025,2,29,12.0,4400000.0,2670
8471452,1,2,1,10,2025,1,20,4.0,1200000.0,62018
8449406,1,2,1,10,2025,1,39,3.0,1500000.0,31158
8436769,1,1,1,10,2025,2,43,10.0,1200000.0,2010
8447401,1,1,1,10,2025,1,38,5.0,1880000.0,26908
8444413,1,1,1,10,2025,1,41,11.0,5692000.0,20069
8467123,1,2,1,10,2025,1,43,5.0,1425000.0,51443
8469439,1,2,1,10,2025,1,23,5.0,1600000.0,57189
8446252,1,4,1,10,2025,1,32,5.0,1450000.0,24216
8439322,1,3,1,10,2025,1,40,10.0,4000000.0,8028
8449009,1,1,1,10,2025,2,48,10.0,3200000.0,30239
8448381,1,2,1,10,2025,1,52,3.0,1200000.0,29016
8439432,1,1,1,10,2025,1,44,3.0,1200000.0,8261
8470908,1,1,1,10,2025,1,47,5.0,1400000.0,60914
8465119,1,1,1,10,2025,2,59,1.0,600000.0,47057
8439439,1,2,1,10,2025,1,36,5.0,1800000.0,8270
8439372,1,3,1,10,2025,1,34,5.0,1440000.0,8136
8445719,1,1,1,10,2025,1,32,6.0,1200000.0,22906
8463098,1,3,1,10,2025,2,23,10.0,800000.0,42418
8470837,1,1,1,10,2025,2,60,5.0,3000000.0,60761
8446340,1,1,1,10,2025,2,43,8.0,1900000.0,24473
8437085,1,3,1,10,2025,1,28,10.0,2000000.0,2892
8450667,1,2,1,10,2025,2,66,5.0,400000.0,34329
8449992,1,1,1,10,2025,2,58,3.0,250000.0,32648
8467659,1,2,1,10,2025,2,46,5.0,1000000.0,52750
8469278,1,3,1,10,2025,1,37,5.0,1600000.0,56762
8469297,1,2,1,10,2025,2,31,10.0,2800000.0,56833
8439485,1,1,1,10,2025,2,45,8.0,1200000.0,8382
8446286,1,1,1,10,2025,1,41,5.0,1700000.0,24309
8439702,1,1,1,10,2025,1,51,3.0,500000.0,8944
8473130,1,2,1,10,2025,2,51,5.0,550000.0,65299
8448709,1,2,1,10,2025,2,57,11.0,6000000.0,29707
8446521,1,1,1,10,2025,1,56,10.0,0.0,24882
8441112,1,2,1,10,2025,2,42,12.0,7076500.0,12098
8472995,1,1,1,10,2025,1,44,5.0,1423500.0,65047
8446508,1,1,1,10,2025,1,37,6.0,1600000.0,24855
8439416,1,3,1,10,2025,2,20,10.0,1423500.0,8230
8452582,1,1,1,10,2025,1,28,8.0,2700000.0,39214
8466800,1,1,1,10,2025,2,33,6.0,800000.0,50601
8437688,1,4,1,10,2025,1,25,8.0,2000000.0,4375
8450977,1,2,1,10,2025,1,38,5.0,1300000.0,35086
8466177,1,1,1,10,2025,2,29,5.0,1800000.0,49141
8466370,1,2,1,10,2025,1,32,5.0,1423000.0,49534
8466697,1,1,1,10,2025,2,42,13.0,5400000.0,50379
8465967,1,3,1,10,2025,1,30,10.0,3200000.0,48704
8452592,1,1,1,10,2025,2,60,5.0,2300000.0,39237
8446453,1,1,1,10,2025,2,58,5.0,1500000.0,24725
8464509,1,2,1,10,2025,2,60,5.0,1400000.0,45637
8461896,1,1,1,10,2025,1,55,5.0,1630000.0,39693
8465136,1,1,1,10,2025,2,28,6.0,1300000.0,47100
8436115,1,2,1,10,2025,2,52,3.0,364000.0,422
8462314,1,1,1,10,2025,1,61,3.0,1500000.0,40713
8462558,1,1,1,10,2025,1,49,5.0,1500000.0,41282
8447379,1,2,1,10,2025,1,56,1.0,1400000.0,26836
8469804,1,1,1,10,2025,1,59,1.0,423000.0,58201
8436942,1,3,1,10,2025,2,25,5.0,1423000.0,2561
8464870,1,2,1,10,2025,1,57,3.0,1200000.0,46435
8436525,1,1,1,10,2025,1,75,3.0,600000.0,1388
8437882,1,1,1,10,2025,2,45,3.0,1000000.0,4772
8467861,1,1,1,10,2025,2,83,4.0,450000.0,53251
8461956,1,3,1,10,2025,1,19,5.0,1423500.0,39880
8448980,1,1,1,10,2025,2,46,10.0,2500000.0,30181
8467957,1,1,1,10,2025,2,62,8.0,2500000.0,53508
8469400,1,1,1,10,2025,2,28,11.0,4800000.0,57111
8444135,1,1,1,10,2025,2,56,4.0,100000.0,19403
8445999,1,2,1,10,2025,2,29,5.0,600000.0,23537
8447943,1,2,1,10,2025,1,37,8.0,1423500.0,28102
8462432,1,1,1,10,2025,2,44,4.0,1200000.0,40974
8452152,1,1,1,10,2025,1,47,5.0,5000000.0,38079
8436174,1,1,1,10,2025,2,35,10.0,1800000.0,554
8437194,1,1,1,10,2025,1,51,11.0,10000000.0,3147
8440065,1,2,1,10,2025,2,35,5.0,900000.0,9688
8443214,1,2,1,10,2025,1,23,5.0,1300000.0,16956
8438428,1,2,1,10,2025,1,42,5.0,1423500.0,5976
8444864,1,1,1,10,2025,1,22,10.0,2500000.0,21272
8447632,1,1,1,10,2025,2,39,5.0,200000.0,27386
8462138,1,1,1,10,2025,1,31,5.0,400000.0,40351
8472868,1,1,1,10,2025,1,64,5.0,1300000.0,64871
8468878,1,3,1,10,2025,2,22,10.0,2700000.0,55744
8437850,1,1,1,10,2025,1,32,10.0,14000000.0,4708
8448571,1,4,1,10,2025,2,33,5.0,800000.0,29426
8449220,1,1,1,10,2025,2,30,5.0,300000.0,30649
8440613,1,2,1,10,2025,1,30,5.0,2500000.0,10988
8463586,1,1,1,10,2025,2,43,8.0,1500000.0,43637
8440595,1,1,1,10,2025,1,56,4.0,500000.0,10941
8449637,1,1,1,10,2025,2,41,5.0,1200000.0,31710
8473414,1,2,1,10,2025,2,25,5.0,1080000.0,65835
8469533,1,4,1,10,2025,1,39,5.0,800000.0,57449
8439770,1,2,1,10,2025,2,57,5.0,700000.0,9067
8436153,1,1,1,10,2025,1,64,12.0,7000000.0,510
8468925,1,1,1,10,2025,1,49,5.0,2000000.0,55852
8442840,1,1,1,10,2025,2,68,4.0,300000.0,16067
8450507,1,1,1,10,2025,1,40,3.0,600000.0,33882
8469355,1,1,1,10,2025,2,62,10.0,4400000.0,57010
8445833,1,1,1,10,2025,2,58,4.0,520000.0,23155
8464277,1,1,1,10,2025,2,47,4.0,400000.0,45056
8447960,1,1,1,10,2025,2,63,3.0,600000.0,28145
8440799,1,2,1,10,2025,1,36,5.0,1400000.0,11458
8467269,1,2,1,10,2025,2,46,3.0,600000.0,51781
8439784,1,1,1,10,2025,2,35,5.0,600000.0,9105
8465032,1,2,1,10,2025,2,38,8.0,1000000.0,46834
8473172,1,2,1,10,2025,2,58,10.0,2190000.0,65366
8473285,1,1,1,10,2025,2,51,10.0,3000000.0,65605
8451629,1,2,1,10,2025,2,59,3.0,150000.0,36710
8446647,1,1,1,10,2025,2,39,5.0,1423500.0,25241
8465103,1,3,1,10,2025,2,62,5.0,1423500.0,47015
8465452,1,1,1,10,2025,1,36,8.0,1600000.0,47647
8451421,1,3,1,10,2025,2,44,5.0,1423500.0,36233
8439624,1,1,1,10,2025,1,40,5.0,1423500.0,8730
8466962,1,1,1,10,2025,2,26,5.0,140000.0,50967
8465232,1,2,1,10,2025,2,42,8.0,1000000.0,47278
8462910,1,2,1,10,2025,2,48,3.0,1250000.0,42008
8467532,1,1,1,10,2025,2,52,8.0,1630000.0,52420
8470906,1,2,1,10,2025,2,27,5.0,420000.0,60912
8473309,1,1,1,10,2025,1,28,10.0,1500000.0,65667
8450739,1,2,1,10,2025,2,60,12.0,8500000.0,34484
8447429,1,2,1,10,2025,2,34,12.0,2000000.0,26968
8461778,1,4,1,10,2025,1,50,3.0,600000.0,39363
8464121,1,1,1,10,2025,2,51,3.0,600000.0,44785
8468770,1,1,1,10,2025,2,33,10.0,3500000.0,55447
8446888,1,2,1,10,2025,1,55,11.0,3500000.0,25737
8451038,1,1,1,10,2025,1,41,5.0,600000.0,35224
8467841,1,1,1,10,2025,1,55,3.0,1500000.0,53195
8466398,1,1,1,10,2025,2,45,1.0,350000.0,49600
8449203,1,4,1,10,2025,1,35,8.0,1200000.0,30612
8442255,1,1,1,10,2025,2,45,10.0,2600000.0,14670
8442385,1,1,1,10,2025,1,31,5.0,1423500.0,15010
8473729,1,3,1,10,2025,1,19,5.0,1800000.0,66199
8440033,1,1,1,10,2025,2,41,4.0,1300000.0,9623
8445909,1,1,1,10,2025,1,51,3.0,2600000.0,23309
8446307,1,1,1,10,2025,2,49,5.0,140000.0,24377
8436821,1,2,1,10,2025,2,62,10.0,1400000.0,2106
8438272,1,1,1,10,2025,2,47,5.0,700000.0,5571
8465827,1,1,1,10,2025,1,52,8.0,2200000.0,48408
8443393,1,2,1,10,2025,1,69,3.0,1290000.0,17474
8444532,1,2,1,10,2025,1,89,3.0,500000.0,20393
8452296,1,2,1,10,2025,2,55,10.0,6000000.0,38452
8437453,1,1,1,10,2025,1,28,10.0,800000.0,3860
8469702,1,2,1,10,2025,1,70,1.0,200000.0,57908
8446881,1,2,1,10,2025,2,25,10.0,2500000.0,25725
8466181,1,1,1,10,2025,2,43,10.0,2500000.0,49152
8438481,1,2,1,10,2025,2,40,10.0,1800000.0,6118
8441427,1,1,1,10,2025,2,34,10.0,2700000.0,12722
8437231,1,2,1,10,2025,1,32,3.0,1420000.0,3239
8468463,1,1,1,10,2025,1,59,4.0,500000.0,54703
8442348,1,1,1,10,2025,2,37,5.0,500000.0,14922
8464868,1,3,1,10,2025,2,22,4.0,500000.0,46431
8449557,1,2,1,10,2025,1,64,3.0,1300000.0,31538
8447404,1,1,1,10,2025,2,38,10.0,900000.0,26917
8440564,1,1,1,10,2025,1,34,6.0,1800000.0,10831
8451560,1,1,1,10,2025,1,21,5.0,1700000.0,36547
8468823,1,2,1,10,2025,1,37,5.0,1100000.0,55588
8439709,1,2,1,10,2025,1,49,5.0,700000.0,8967
8461753,1,3,1,10,2025,1,19,4.0,1000000.0,39282
8438919,1,2,1,10,2025,1,26,5.0,1623500.0,7100
8472883,1,1,1,10,2025,2,28,5.0,250000.0,64920
8442311,1,1,1,10,2025,2,35,9.0,1425000.0,14806
8439575,2,1,2,10,2025,2,30,5.0,950000.0,8605
8448585,1,1,1,10,2025,1,33,10.0,3000000.0,29462
8443539,1,2,1,10,2025,1,34,5.0,1423000.0,17853
8436773,1,2,1,10,2025,2,30,5.0,1623500.0,2016
8466731,1,2,1,10,2025,2,26,5.0,1650000.0,50458
8469221,1,3,1,10,2025,1,46,5.0,1423500.0,56626
8437767,1,1,1,10,2025,1,37,4.0,1423500.0,4529
8443136,1,1,1,10,2025,1,52,8.0,2500000.0,16804
8468369,1,2,1,10,2025,1,36,3.0,9000000.0,54437
8439230,1,2,1,10,2025,1,40,4.0,850000.0,7785
8436560,1,4,1,10,2025,1,33,10.0,5500000.0,1476
8442884,1,3,1,10,2025,1,26,9.0,1900000.0,16170
8436077,1,2,1,10,2025,2,56,12.0,6000000.0,340
8447607,1,1,1,10,2025,2,47,5.0,1423500.0,27327
8436975,1,3,1,10,2025,1,22,10.0,2600000.0,2651
8438609,1,1,1,10,2025,2,56,3.0,1300000.0,6424
8462551,1,2,1,10,2025,2,46,8.0,400000.0,41257
8472869,1,1,1,10,2025,1,52,6.0,1500000.0,64873
8451553,1,1,1,10,2025,1,34,8.0,2250000.0,36535
8471878,1,2,1,10,2025,1,50,5.0,1000000.0,62853
8439608,1,1,1,10,2025,2,36,5.0,800000.0,8682
8465190,1,3,1,10,2025,1,25,10.0,1650000.0,47162
8438841,1,1,1,10,2025,2,32,5.0,900000.0,6932
8464992,1,7,1,10,2025,2,41,10.0,4800000.0,46737
8467314,1,1,1,10,2025,1,56,3.0,1550000.0,51885
8436280,1,1,1,10,2025,1,51,3.0,800000.0,811
8464471,1,1,1,10,2025,2,42,10.0,1423500.0,45544
8438697,1,1,1,10,2025,2,45,5.0,1500000.0,6615
8447004,1,1,1,10,2025,2,65,3.0,600000.0,26001
8449858,1,2,1,10,2025,2,33,10.0,1700000.0,32293
8446871,1,1,1,10,2025,1,20,10.0,1623500.0,25700
8441522,1,2,1,10,2025,1,37,5.0,2000000.0,12931
8446100,1,1,1,10,2025,2,55,5.0,1900000.0,23772
8448517,1,3,1,10,2025,2,40,10.0,3500000.0,29306
8461878,1,2,1,10,2025,1,31,5.0,800000.0,39641
8441813,1,1,1,10,2025,2,48,5.0,700000.0,13505
8449310,1,1,1,10,2025,1,63,4.0,100000.0,30910
8439647,1,1,1,10,2025,1,40,3.0,1000000.0,8786
8444843,1,2,1,10,2025,2,39,8.0,1800000.0,21224
8448984,1,1,1,10,2025,2,30,5.0,2000000.0,30192
8469588,1,1,1,10,2025,1,55,5.0,1800000.0,57594
8441578,1,2,1,10,2025,2,40,5.0,1000000.0,13065
8443892,1,2,1,10,2025,1,45,5.0,1500000.0,18768
8468479,1,3,1,10,2025,1,36,8.0,1600000.0,54732
8440129,1,4,1,10,2025,2,31,10.0,1800000.0,9840
8469274,1,2,1,10,2025,1,36,3.0,1600000.0,56747
8443167,1,2,1,10,2025,1,45,4.0,600000.0,16863
8462053,1,3,1,10,2025,2,22,9.0,900000.0,40135
8451227,1,2,1,10,2025,1,20,8.0,880000.0,35709
8466638,1,1,1,10,2025,1,46,3.0,2050000.0,50240
8469280,1,1,1,10,2025,2,45,4.0,700000.0,56775
8471064,1,3,1,10,2025,1,45,10.0,500000.0,61273
8437174,1,2,1,10,2025,2,33,9.0,1423500.0,3097
8445648,1,2,1,10,2025,1,65,3.0,800000.0,22750
8462760,1,1,1,10,2025,2,52,11.0,4000000.0,41700
8442637,1,1,1,10,2025,1,33,5.0,1600000.0,15554
8438812,1,2,1,10,2025,1,56,10.0,1800000.0,6875
8447774,1,1,1,10,2025,2,45,3.0,1000000.0,27672
8451816,1,1,1,10,2025,2,38,9.0,1623000.0,37219
8448913,1,1,1,10,2025,2,31,5.0,1000000.0,30076
8471829,1,2,1,10,2025,1,53,5.0,1500000.0,62749
8445820,1,1,1,10,2025,1,62,3.0,1500000.0,23123
8445963,1,1,1,10,2025,1,64,5.0,400000.0,23431
8448143,1,2,1,10,2025,2,58,3.0,450000.0,28526
8466988,1,1,1,10,2025,2,41,4.0,250000.0,51050
8451911,1,5,1,10,2025,1,23,5.0,300000.0,37457
8436220,1,1,1,10,2025,2,34,8.0,1423500.0,665
8463576,1,2,1,10,2025,2,52,4.0,600000.0,43617
8471600,1,1,1,10,2025,1,75,4.0,1500000.0,62334
8444306,1,1,1,10,2025,2,23,5.0,1623500.0,19788
8443989,1,5,1,10,2025,1,36,9.0,2210000.0,19001
8442224,1,2,1,10,2025,1,27,10.0,4000000.0,14603
8442855,1,2,1,10,2025,1,62,10.0,600000.0,16099
8445814,1,2,1,10,2025,1,52,3.0,1600000.0,23112
8462003,1,1,1,10,2025,2,51,7.0,1800000.0,40011
8467955,1,2,1,10,2025,2,46,4.0,300000.0,53505
8436613,1,2,1,10,2025,2,38,10.0,2000000.0,1611
8443716,1,3,1,10,2025,2,25,8.0,1600000.0,18315
8449890,1,2,1,10,2025,2,24,8.0,2000000.0,32362
8451681,1,1,1,10,2025,2,73,4.0,800000.0,36858
8448675,1,3,1,10,2025,1,21,10.0,300000.0,29613
8448549,1,2,1,10,2025,2,33,6.0,1800000.0,29383
8436705,1,2,1,10,2025,1,25,4.0,2356000.0,1858
8443739,1,2,1,10,2025,1,44,5.0,1650000.0,18372
8437022,1,2,1,10,2025,2,56,5.0,2000000.0,2765
8463890,1,1,1,10,2025,2,87,3.0,3200000.0,44329
8440103,1,2,1,10,2025,2,26,5.0,1423500.0,9772
8465118,1,1,1,10,2025,2,31,11.0,1423500.0,47055
8444321,1,2,1,10,2025,2,37,5.0,1000000.0,19829
8468878,1,4,1,10,2025,2,19,5.0,1400000.0,55745
8463058,1,1,1,10,2025,1,63,3.0,1900000.0,42323
8470612,1,1,1,10,2025,2,28,8.0,2247000.0,60158
8439055,1,1,1,10,2025,1,43,10.0,2000000.0,7396
8463367,1,2,1,10,2025,2,18,5.0,230000.0,43080
8443750,1,1,1,10,2025,1,70,11.0,10000000.0,18403
8471987,1,1,1,10,2025,2,28,8.0,700000.0,63039
8466418,1,1,1,10,2025,2,45,5.0,150000.0,49672
8440469,1,1,1,10,2025,2,52,8.0,1423500.0,10592
8437486,1,1,1,10,2025,1,43,11.0,5000000.0,3959
8448705,1,4,1,10,2025,1,46,8.0,700000.0,29697
8437309,1,1,1,10,2025,1,28,10.0,5650000.0,3482
8466464,1,1,1,10,2025,1,29,4.0,1400000.0,49810
8463970,1,2,1,10,2025,2,25,10.0,4500000.0,44512
8436461,1,2,1,10,2025,2,57,3.0,480000.0,1202
8465228,1,2,1,10,2025,2,34,8.0,2000000.0,47266
8436495,1,3,1,10,2025,1,24,5.0,1423000.0,1290
8450442,1,3,1,10,2025,1,31,10.0,3900000.0,33765
8462247,1,1,1,10,2025,2,41,8.0,1400000.0,40585
8449472,1,2,1,10,2025,1,25,5.0,300000.0,31323
8463619,1,2,1,10,2025,2,29,5.0,1000000.0,43697
8447410,1,1,1,10,2025,2,31,5.0,1423500.0,26927
8447357,1,4,1,10,2025,2,26,5.0,1423500.0,26772
8437765,1,6,1,10,2025,1,56,3.0,1600000.0,4525
8441513,1,2,1,10,2025,2,52,1.0,1423500.0,12913
8469340,1,1,1,10,2025,2,36,10.0,800000.0,56979
8437478,1,3,1,10,2025,2,32,5.0,1423500.0,3933
8466580,1,2,1,10,2025,1,67,5.0,1000000.0,50110
8462428,1,2,1,10,2025,2,22,5.0,200000.0,40967
8446139,1,1,1,10,2025,1,52,3.0,700000.0,23872
8448717,1,2,1,10,2025,2,25,5.0,700000.0,29731
8448201,1,1,1,10,2025,1,33,5.0,2400000.0,28688
8466964,1,1,1,10,2025,2,66,1.0,156000.0,50972
8448429,1,3,1,10,2025,2,46,8.0,1200000.0,29135
8436910,1,4,1,10,2025,1,23,5.0,1423500.0,2462
8441215,1,2,1,10,2025,2,36,8.0,1423500.0,12326
8444935,1,1,1,10,2025,2,64,8.0,3500000.0,21455
8445393,1,2,1,10,2025,2,55,10.0,2500000.0,22150
8447564,1,4,1,10,2025,1,22,5.0,1200000.0,27249
8449813,1,2,1,10,2025,2,61,10.0,4800000.0,32167
8446805,1,3,1,10,2025,1,28,10.0,2800000.0,25540
8441017,1,2,1,10,2025,1,39,8.0,2900000.0,11910
8448206,1,1,1,10,2025,2,35,5.0,1200000.0,28701
8464682,1,1,1,10,2025,1,57,3.0,1423500.0,46053
8470749,1,3,1,10,2025,2,34,8.0,1623000.0,60496
8465734,1,1,1,10,2025,1,46,11.0,3500000.0,48185
8461952,1,2,1,10,2025,1,40,1.0,1000000.0,39858
8447840,1,3,1,10,2025,1,38,10.0,3000000.0,27853
8465247,1,3,1,10,2025,2,24,8.0,1500000.0,47318
8441511,1,1,1,10,2025,1,60,5.0,1800000.0,12906
8442268,1,2,1,10,2025,1,42,13.0,9500000.0,14704
8441059,1,1,1,10,2025,2,60,3.0,0.0,11991
8436391,1,1,1,10,2025,1,47,3.0,1440000.0,1052
8440571,1,2,1,10,2025,1,28,10.0,2000000.0,10854
8444422,1,2,1,10,2025,1,37,4.0,800000.0,20091
8452083,1,1,1,10,2025,1,57,10.0,4600000.0,37894
8446992,1,1,1,10,2025,1,32,5.0,800000.0,25981
8450147,1,2,1,10,2025,2,56,3.0,100000.0,33009
8451905,1,3,1,10,2025,2,45,10.0,300000.0,37437
8464159,1,2,1,10,2025,2,47,5.0,400000.0,44875
8451693,1,1,1,10,2025,1,50,9.0,2500000.0,36887
8473908,1,1,1,10,2025,1,58,13.0,3000000.0,66556
8450841,1,1,1,10,2025,1,54,10.0,9400000.0,34728
8443860,1,2,1,10,2025,1,35,5.0,4000000.0,18693
8443817,1,2,1,10,2025,1,58,5.0,850000.0,18583
8465534,1,1,1,10,2025,2,40,3.0,1750000.0,47819
8464896,1,1,1,10,2025,2,33,8.0,1423500.0,46488
8472127,2,2,2,10,2025,2,28,5.0,1420000.0,63353
8465638,1,2,1,10,2025,2,44,10.0,2500000.0,47997
8451981,1,2,1,10,2025,2,44,3.0,640000.0,37646
8473123,1,1,1,10,2025,2,44,8.0,1600000.0,65279
8470586,1,2,1,10,2025,2,45,10.0,2100000.0,60088
8441351,1,1,1,10,2025,2,31,10.0,3050000.0,12577
8444634,2,3,2,10,2025,1,17,4.0,550000.0,20655
8450413,1,1,1,10,2025,2,61,3.0,2500000.0,33694
8444387,1,1,1,10,2025,2,50,11.0,5000000.0,20001
8449030,1,3,1,10,2025,2,23,8.0,1600000.0,30284
8468768,1,1,1,10,2025,2,43,8.0,1423500.0,55442
8450192,1,4,1,10,2025,2,27,10.0,1600000.0,33137
8451505,1,2,1,10,2025,2,29,3.0,400000.0,36421
8468528,1,2,1,10,2025,2,47,10.0,2200000.0,54862
8449497,1,3,1,10,2025,2,27,10.0,1423500.0,31388
8470664,1,3,1,10,2025,2,46,5.0,1000000.0,60274
8470737,1,1,1,10,2025,1,21,4.0,600000.0,60455
8444909,1,2,1,10,2025,2,26,5.0,3000000.0,21379
8439604,1,2,1,10,2025,1,26,10.0,150000.0,8672
8441258,1,3,1,10,2025,1,43,3.0,1623500.0,12412
8450925,1,1,1,10,2025,1,37,1.0,400000.0,34926
8462307,1,1,1,10,2025,1,48,1.0,800000.0,40697
8441989,1,2,1,10,2025,1,22,5.0,800000.0,14040
8461856,1,1,1,10,2025,2,44,9.0,1800000.0,39588
8439615,1,1,1,10,2025,2,35,8.0,1500000.0,8705
8448444,1,1,1,10,2025,1,68,3.0,500000.0,29158
8440577,1,3,1,10,2025,2,26,8.0,1831500.0,10879
8450194,1,1,1,10,2025,2,30,10.0,250000.0,33141
8462576,1,1,1,10,2025,1,46,3.0,960000.0,41326
8473390,1,1,1,10,2025,1,29,10.0,5200000.0,65812
8465497,1,2,1,10,2025,1,22,5.0,1400000.0,47737
8468825,1,2,1,10,2025,1,37,5.0,1400000.0,55598
8446220,1,1,1,10,2025,2,36,10.0,5000000.0,24073
8442696,1,1,1,10,2025,1,67,3.0,1200000.0,15710
8465478,1,1,1,10,2025,2,23,10.0,2000000.0,47693
8467290,1,1,1,10,2025,2,32,5.0,900000.0,51834
8437672,1,1,1,10,2025,1,46,8.0,350000.0,4336
8436862,1,2,1,10,2025,1,25,4.0,1300000.0,2272
8443240,1,1,1,10,2025,1,70,1.0,300000.0,17025
8440928,1,3,1,10,2025,2,23,9.0,1500000.0,11748
8443971,1,1,1,10,2025,1,40,9.0,800000.0,18951
8467487,1,2,1,10,2025,2,47,4.0,1423500.0,52325
8439176,1,1,1,10,2025,1,50,10.0,7100000.0,7675
8436569,1,1,1,10,2025,2,65,3.0,1900000.0,1489
8469867,1,1,1,10,2025,2,42,12.0,8000000.0,58336
8470313,1,2,1,10,2025,2,52,5.0,1423500.0,59441
8473388,1,2,1,10,2025,2,30,10.0,1800000.0,65805
8462286,1,1,1,10,2025,1,73,3.0,1700000.0,40651
8436333,1,1,1,10,2025,2,59,10.0,750000.0,939
8461941,1,2,1,10,2025,1,35,5.0,800000.0,39829
8464685,1,2,1,10,2025,1,25,5.0,1423500.0,46063
8444423,1,3,1,10,2025,1,29,3.0,400000.0,20097
8464292,1,1,1,10,2025,2,37,10.0,4600000.0,45075
8452347,1,4,1,10,2025,1,37,5.0,3400000.0,38571
8467177,1,1,1,10,2025,1,55,3.0,1500000.0,51576
8463177,1,2,1,10,2025,1,51,10.0,1423500.0,42559
8469524,1,3,1,10,2025,1,36,5.0,1600000.0,57415
8469704,1,1,1,10,2025,1,67,8.0,1500000.0,57915
8466763,1,1,1,10,2025,1,65,3.0,4000000.0,50528
8463394,1,2,1,10,2025,2,28,9.0,1600000.0,43162
8463252,1,1,1,10,2025,2,75,8.0,500000.0,42744
8466330,1,5,1,10,2025,1,22,5.0,1600000.0,49409
8470204,1,2,1,10,2025,1,74,3.0,1300000.0,59162
8468339,1,1,1,10,2025,2,31,10.0,3000000.0,54345
8448211,1,2,1,10,2025,1,29,9.0,1500000.0,28720
8464806,1,1,1,10,2025,1,33,9.0,2100000.0,46302
8444971,1,1,1,10,2025,2,48,10.0,2800000.0,21518
8452112,1,1,1,10,2025,2,36,9.0,1500000.0,37985
8440142,1,1,1,10,2025,1,57,11.0,3000000.0,9862
8470047,1,4,1,10,2025,1,73,3.0,1500000.0,58784
8442851,1,3,1,10,2025,1,33,11.0,2190000.0,16089
8438674,1,1,1,10,2025,1,74,4.0,150000.0,6566
8447982,1,3,1,10,2025,2,64,3.0,1423500.0,28189
8465248,1,2,1,10,2025,1,43,3.0,1200000.0,47320
8465383,1,1,1,10,2025,1,54,3.0,2000000.0,47517
8469084,1,2,1,10,2025,2,29,10.0,1423000.0,56248
8461990,1,1,1,10,2025,2,22,4.0,450000.0,39968
8440732,1,4,1,10,2025,2,37,8.0,1423500.0,11280
8445529,1,2,1,10,2025,2,39,10.0,1800000.0,22482
8452274,1,1,1,10,2025,2,30,3.0,1300000.0,38396
8463208,1,4,1,10,2025,2,27,5.0,1200000.0,42649
8439488,1,1,1,10,2025,1,43,4.0,2000000.0,8388
8439449,1,1,1,10,2025,2,32,4.0,600000.0,8311
8442726,1,1,1,10,2025,1,54,3.0,1600000.0,15785
8440826,1,3,1,10,2025,1,38,3.0,1170000.0,11528
8439192,1,1,1,10,2025,2,36,4.0,280000.0,7705
8449470,1,3,1,10,2025,1,29,4.0,1300000.0,31321
8443658,1,3,1,10,2025,1,37,5.0,1900000.0,18177
8436939,1,3,1,10,2025,2,19,10.0,300000.0,2547
8442738,1,1,1,10,2025,1,50,10.0,4700000.0,15815
8464385,1,1,1,10,2025,1,57,6.0,1300000.0,45329
8473363,1,3,1,10,2025,2,24,5.0,1900000.0,65759
8461917,1,1,1,10,2025,2,48,1.0,220000.0,39747
8438953,1,1,1,10,2025,2,46,8.0,1423500.0,7160
8452323,1,1,1,10,2025,1,70,5.0,300000.0,38508
8471844,1,1,1,10,2025,1,27,4.0,1000000.0,62776
8446506,1,1,1,10,2025,2,60,8.0,650000.0,24854
8448229,1,1,1,10,2025,2,37,3.0,920000.0,28778
8446330,1,2,1,10,2025,2,41,4.0,380000.0,24438
8449306,1,1,1,10,2025,2,48,3.0,350000.0,30893
8451339,1,2,1,10,2025,2,32,8.0,500000.0,36003
8470250,1,3,1,10,2025,2,47,4.0,1423500.0,59283
8443480,1,1,1,10,2025,1,57,3.0,1300000.0,17690
8440670,1,1,1,10,2025,2,46,8.0,1423500.0,11154
8441960,1,3,1,10,2025,2,34,5.0,400000.0,13955
8446442,1,1,1,10,2025,2,53,5.0,1423500.0,24694
8439800,1,3,1,10,2025,1,43,6.0,1000000.0,9159
8448525,1,2,1,10,2025,2,26,10.0,400000.0,29327
8469081,1,4,1,10,2025,2,45,3.0,1500000.0,56239
8447968,1,2,1,10,2025,2,23,6.0,1423500.0,28170
8439150,1,1,1,10,2025,2,40,8.0,150000.0,7611
8439723,1,2,1,10,2025,1,18,5.0,600000.0,8997
8439066,1,1,1,10,2025,2,63,8.0,520000.0,7419
8438276,1,1,1,10,2025,1,41,10.0,2200000.0,5583
8437153,1,1,1,10,2025,2,69,3.0,900000.0,3057
8470957,1,1,1,10,2025,1,48,5.0,1423500.0,61024
8467902,1,2,1,10,2025,2,50,8.0,1423500.0,53354
8451279,1,1,1,10,2025,1,33,5.0,1500000.0,35833
8468883,1,1,1,10,2025,1,54,5.0,3000000.0,55754
8436601,1,1,1,10,2025,2,20,8.0,1800000.0,1579
8435970,1,1,1,10,2025,1,44,5.0,1800000.0,10
8438829,1,1,1,10,2025,1,55,5.0,2000000.0,6905
8471747,1,1,1,10,2025,1,69,3.0,130000.0,62563
8470654,1,1,1,10,2025,2,56,3.0,900000.0,60246
8463879,1,3,1,10,2025,2,44,10.0,2800000.0,44305
8450676,1,1,1,10,2025,1,60,5.0,820000.0,34347
8468628,1,1,1,10,2025,1,44,5.0,2400000.0,55064
8473002,1,1,1,10,2025,1,49,5.0,1500000.0,65072
8439645,1,3,1,10,2025,2,29,4.0,100000.0,8782
8443778,1,1,1,10,2025,2,35,4.0,1500000.0,18459
8445647,1,1,1,10,2025,2,49,3.0,950000.0,22747
8448514,1,1,1,10,2025,1,32,8.0,1423500.0,29298
8462021,1,1,1,10,2025,1,35,3.0,1760000.0,40066
8469384,1,1,1,10,2025,2,69,3.0,500000.0,57062
8451754,1,2,1,10,2025,2,26,12.0,500000.0,37060
8467033,1,1,1,10,2025,2,53,3.0,300000.0,51159
8472739,1,4,1,10,2025,2,44,5.0,1200000.0,64625
8446034,1,2,1,10,2025,2,39,9.0,2600000.0,23625
8463534,1,2,1,10,2025,2,58,3.0,810000.0,43524
8440363,1,1,1,10,2025,2,33,5.0,1300000.0,10380
8440649,1,3,1,10,2025,1,33,8.0,1473000.0,11096
8464666,1,2,1,10,2025,1,56,3.0,800000.0,46026
8438547,1,1,1,10,2025,2,60,5.0,1423500.0,6274
8447941,1,1,1,10,2025,2,37,3.0,600000.0,28097
8440306,1,2,1,10,2025,2,52,5.0,2000000.0,10258
8436745,1,1,1,10,2025,1,25,5.0,1500000.0,1957
8452234,1,1,1,10,2025,2,59,3.0,420000.0,38288
8469726,1,3,1,10,2025,2,57,10.0,2000000.0,57985
8469867,1,2,1,10,2025,1,44,12.0,8000000.0,58337
8448029,1,1,1,10,2025,2,58,11.0,7000000.0,28299
8472665,1,1,1,10,2025,1,43,5.0,800000.0,64452
8468428,1,2,1,10,2025,2,45,5.0,450000.0,54612
8452497,1,1,1,10,2025,1,45,12.0,12000000.0,38971
8441263,1,1,1,10,2025,2,37,5.0,1623500.0,12425
8464337,1,1,1,10,2025,1,38,3.0,1200000.0,45211
8472231,1,6,1,10,2025,1,18,5.0,1000000.0,63593
8464723,1,1,1,10,2025,1,42,5.0,2600000.0,46152
8464990,1,1,1,10,2025,2,44,8.0,1423500.0,46724
8465510,1,1,1,10,2025,2,37,5.0,1800000.0,47760
8439132,1,1,1,10,2025,2,23,10.0,2000000.0,7583
8463953,1,1,1,10,2025,1,54,10.0,4000000.0,44468
8441076,1,1,1,10,2025,1,41,10.0,2500000.0,12022
8449947,1,1,1,10,2025,2,40,5.0,500000.0,32510
8439191,1,3,1,10,2025,1,28,4.0,600000.0,7703
8462756,1,1,1,10,2025,1,36,5.0,3000000.0,41690
8449159,1,1,1,10,2025,1,29,5.0,2000000.0,30519
8473096,1,3,1,10,2025,2,21,6.0,1625300.0,65235
8467388,1,1,1,10,2025,2,27,5.0,4000000.0,52086
8452295,1,1,1,10,2025,2,47,10.0,8000000.0,38449
8467053,1,1,1,10,2025,2,34,9.0,2000000.0,51202
8437814,1,2,1,10,2025,2,56,5.0,500000.0,4610
8444062,1,1,1,10,2025,2,38,4.0,662000.0,19226
8442272,1,2,1,10,2025,2,51,12.0,2500000.0,14711
8443928,1,1,1,10,2025,2,30,10.0,3000000.0,18849
8471048,1,1,1,10,2025,2,38,5.0,450000.0,61230
8448920,1,1,1,10,2025,2,44,8.0,840000.0,30099
8442181,1,1,1,10,2025,2,38,8.0,480000.0,14477
8463081,1,1,1,10,2025,1,58,4.0,1400000.0,42377
8440465,1,3,1,10,2025,2,39,6.0,300000.0,10585
8466175,1,2,1,10,2025,1,51,8.0,1600000.0,49138
8469338,1,1,1,10,2025,2,49,10.0,1423500.0,56974
8467509,1,1,1,10,2025,1,23,10.0,1423500.0,52369
8452008,1,1,1,10,2025,2,63,5.0,900000.0,37718
8469567,1,1,1,10,2025,2,68,3.0,150000.0,57543
8451296,1,1,1,10,2025,2,19,5.0,1650000.0,35892
8447669,1,1,1,10,2025,1,38,11.0,2800000.0,27479
8436694,1,1,1,10,2025,1,34,10.0,2200000.0,1823
8447778,1,2,1,10,2025,2,27,5.0,500000.0,27682
8441723,1,2,1,10,2025,1,51,3.0,2500000.0,13379
8470450,1,1,1,10,2025,1,38,5.0,2500000.0,59773
8443382,1,1,1,10,2025,1,68,3.0,1400000.0,17449
8473241,1,1,1,10,2025,2,30,8.0,1623500.0,65511
8452378,1,1,1,10,2025,2,21,5.0,1500000.0,38648
8447881,1,1,1,10,2025,2,29,11.0,18000000.0,27930
8447674,1,1,1,10,2025,2,48,10.0,1000000.0,27483
8445185,1,3,1,10,2025,1,23,3.0,360000.0,21572
8449995,1,2,1,10,2025,2,41,12.0,6700000.0,32657
8437618,1,3,1,10,2025,1,26,5.0,1623500.0,4208
8451884,1,3,1,10,2025,2,50,5.0,1600000.0,37383
8437269,1,1,1,10,2025,1,39,9.0,500000.0,3371
8469165,1,2,1,10,2025,2,39,5.0,800000.0,56487
8437094,1,4,1,10,2025,1,29,12.0,3500000.0,2923
8461893,1,1,1,10,2025,1,49,8.0,2300000.0,39682
8472879,1,1,1,10,2025,1,28,5.0,1423500.0,64902
8473233,1,1,1,10,2025,2,36,5.0,8650000.0,65504
8444410,1,2,1,10,2025,2,47,3.0,220000.0,20061
8466399,1,1,1,10,2025,1,59,3.0,1000000.0,49611
8463085,1,2,1,10,2025,1,23,5.0,800000.0,42387
8443729,1,2,1,10,2025,2,56,5.0,1000000.0,18345
8468406,1,1,1,10,2025,2,48,5.0,1423500.0,54554
8447441,1,1,1,10,2025,2,42,5.0,1600000.0,26991
8437074,1,1,1,10,2025,2,35,10.0,2500000.0,2872
8443723,1,1,1,10,2025,2,39,3.0,1800000.0,18329
8466079,1,2,1,10,2025,2,49,4.0,400000.0,48919
8449307,1,2,1,10,2025,2,35,3.0,120000.0,30897
8451103,1,2,1,10,2025,2,25,4.0,640000.0,35375
8444732,1,1,1,10,2025,1,57,10.0,1423500.0,20922
8468144,1,1,1,10,2025,2,31,5.0,2300000.0,53928
8450718,2,1,2,10,2025,1,50,5.0,1583500.0,34440
8439276,1,2,1,10,2025,2,31,5.0,1423500.0,7889
8440406,1,1,1,10,2025,2,36,10.0,4000000.0,10469
8437318,1,1,1,10,2025,2,36,8.0,2000000.0,3510
8443868,1,1,1,10,2025,1,49,8.0,4300000.0,18712
8468775,1,2,1,10,2025,2,32,4.0,1200000.0,55464
8436662,1,1,1,10,2025,2,45,5.0,1000000.0,1741
8464432,1,1,1,10,2025,2,33,8.0,1122000.0,45424
8443769,1,1,1,10,2025,2,37,10.0,6000000.0,18449
8444314,1,2,1,10,2025,2,41,3.0,400000.0,19809
8449434,1,1,1,10,2025,1,48,9.0,400000.0,31245
8472225,1,1,1,10,2025,1,55,4.0,1200000.0,63572
8438603,1,2,1,10,2025,1,18,4.0,1400000.0,6413
8446209,1,2,1,10,2025,1,40,10.0,6000000.0,24057
8462186,1,1,1,10,2025,2,46,8.0,1423500.0,40443
8444007,1,1,1,10,2025,2,65,1.0,800000.0,19056
8441281,1,1,1,10,2025,2,43,3.0,1200000.0,12446
8441628,1,1,1,10,2025,1,32,4.0,1100000.0,13154
8439541,1,1,1,10,2025,2,37,4.0,600000.0,8516
8451206,1,1,1,10,2025,1,68,1.0,300000.0,35666
8437111,1,1,1,10,2025,1,45,5.0,2000000.0,2971
8440101,1,2,1,10,2025,2,29,5.0,1423500.0,9768
8448547,1,1,1,10,2025,1,60,4.0,1700000.0,29378
8450250,1,1,1,10,2025,1,47,5.0,1600000.0,33287
8439152,1,1,1,10,2025,1,23,5.0,2250000.0,7615
8473866,1,1,1,10,2025,2,37,8.0,1900000.0,66440
8439797,1,1,1,10,2025,2,36,3.0,1300000.0,9146
8439375,1,2,1,10,2025,1,23,5.0,800000.0,8141
8446327,1,4,1,10,2025,1,46,5.0,600000.0,24431
8436395,1,1,1,10,2025,1,39,3.0,1400000.0,1054
8440400,1,2,1,10,2025,1,58,5.0,2500000.0,10462
8446476,1,2,1,10,2025,2,33,5.0,1500000.0,24792
8470369,1,5,1,10,2025,2,46,5.0,1700000.0,59552
8447570,1,2,1,10,2025,1,26,5.0,1423500.0,27261
8463050,1,2,1,10,2025,2,53,5.0,1400000.0,42310
8446940,1,3,1,10,2025,1,63,4.0,1700000.0,25880
8436979,1,3,1,10,2025,1,27,12.0,5000000.0,2662
8465819,1,2,1,10,2025,1,41,5.0,1500000.0,48386
8445287,1,2,1,10,2025,1,43,5.0,1423500.0,21878
8470005,1,2,1,10,2025,2,23,5.0,200000.0,58691
8448574,1,2,1,10,2025,2,30,10.0,1600000.0,29435
8437469,1,6,1,10,2025,2,18,4.0,250000.0,3904
8467127,1,1,1,10,2025,1,60,4.0,1420000.0,51459
8465624,1,2,1,10,2025,1,29,6.0,2100000.0,47968
8468846,1,2,1,10,2025,1,33,5.0,1423500.0,55663
8437648,1,4,1,10,2025,1,44,5.0,1423500.0,4278
8447829,1,2,1,10,2025,1,27,10.0,7117500.0,27830
8447279,1,2,1,10,2025,2,51,3.0,700000.0,26574
8469959,1,2,1,10,2025,1,29,9.0,3500000.0,58574
8448369,1,1,1,10,2025,2,24,5.0,1600000.0,28986
8440108,1,1,1,10,2025,1,40,5.0,1423500.0,9782
8451063,1,1,1,10,2025,1,46,9.0,2600000.0,35278
8441881,1,1,1,10,2025,2,55,3.0,1000000.0,13720
8444037,1,2,1,10,2025,2,36,5.0,1400000.0,19162
8441933,1,2,1,10,2025,2,28,6.0,250000.0,13884
8436892,1,1,1,10,2025,1,75,5.0,200000.0,2379
8468048,1,1,1,10,2025,1,34,6.0,2500000.0,53723
8442752,1,2,1,10,2025,2,23,5.0,2650000.0,15853
8469086,1,1,1,10,2025,1,64,4.0,800000.0,56249
8469986,1,1,1,10,2025,1,56,3.0,1500000.0,58643
8471022,1,1,1,10,2025,2,43,8.0,1425000.0,61179
8449531,1,1,1,10,2025,1,21,8.0,1423500.0,31475
8443366,1,1,1,10,2025,1,49,4.0,1700000.0,17407
8470794,1,1,1,10,2025,2,66,10.0,500000.0,60653
8443676,1,1,1,10,2025,2,39,10.0,6720000.0,18225
8463853,1,2,1,10,2025,1,38,4.0,1423500.0,44257
8470640,1,1,1,10,2025,2,52,3.0,900000.0,60222
8469022,1,1,1,10,2025,2,23,10.0,2223500.0,56074
8442980,1,1,1,10,2025,1,30,5.0,2000000.0,16402
8472313,1,2,1,10,2025,1,24,3.0,1100000.0,63755
8436652,1,2,1,10,2025,2,52,3.0,1600000.0,1716
8440036,1,2,1,10,2025,1,64,3.0,1000000.0,9635
8445444,1,2,1,10,2025,2,19,8.0,950000.0,22268
8462507,1,2,1,10,2025,2,30,5.0,1423500.0,41142
8465772,1,2,1,10,2025,2,50,5.0,1423500.0,48271
8439208,1,1,1,10,2025,2,37,10.0,3600000.0,7733
8445408,1,1,1,10,2025,1,53,3.0,800000.0,22186
8449308,1,4,1,10,2025,1,19,5.0,550000.0,30903
8466551,1,2,1,10,2025,1,43,4.0,1200000.0,50031
8472455,1,10,1,10,2025,2,24,3.0,1500000.0,64060
8473188,1,1,1,10,2025,2,71,9.0,750000.0,65391
8441625,1,1,1,10,2025,2,31,5.0,1600000.0,13150
8451291,1,1,1,10,2025,1,60,3.0,600000.0,35881
8439790,1,4,1,10,2025,1,30,4.0,1600000.0,9125
8471459,1,2,1,10,2025,2,50,10.0,2100000.0,62031
8443649,1,4,1,10,2025,2,21,5.0,1423000.0,18154
8446825,1,2,1,10,2025,2,28,8.0,1423500.0,25587
8437585,1,1,1,10,2025,2,64,4.0,1423500.0,4135
8469448,1,1,1,10,2025,1,36,5.0,1715000.0,57210
8451805,1,1,1,10,2025,1,70,4.0,1400000.0,37192
8463457,1,2,1,10,2025,2,56,9.0,2000000.0,43339
8444559,1,2,1,10,2025,2,58,10.0,1423500.0,20473
8451025,1,1,1,10,2025,1,59,3.0,300000.0,35193
8441867,1,1,1,10,2025,2,49,3.0,530000.0,13672
8468399,1,1,1,10,2025,2,21,6.0,1000000.0,54535
8438555,1,2,1,10,2025,1,29,5.0,1100000.0,6280
8443414,1,4,1,10,2025,1,35,5.0,1423500.0,17525
8448754,1,2,1,10,2025,2,53,4.0,1500000.0,29817
8470485,1,1,1,10,2025,2,39,10.0,3000000.0,59852
8444531,1,3,1,10,2025,1,40,8.0,1200000.0,20391
8450731,1,3,1,10,2025,2,23,9.0,2120000.0,34466
8445358,1,1,1,10,2025,1,60,3.0,1200000.0,22073
8438277,1,3,1,10,2025,2,25,5.0,800000.0,5589
8436057,1,2,1,10,2025,2,42,3.0,1423500.0,292
8465667,1,2,1,10,2025,1,52,5.0,1400000.0,48075
8464984,1,2,1,10,2025,1,32,10.0,3300000.0,46705
8450634,1,2,1,10,2025,2,27,5.0,1423000.0,34232
8436864,1,3,1,10,2025,2,45,5.0,1200000.0,2280
8463629,1,1,1,10,2025,1,39,8.0,2300000.0,43728
8438010,1,1,1,10,2025,2,35,10.0,4200000.0,5004
8444515,1,1,1,10,2025,2,46,1.0,1750000.0,20351
8436473,1,3,1,10,2025,2,17,5.0,1623000.0,1234
8471914,1,2,1,10,2025,2,49,10.0,1423500.0,62928
8472776,1,1,1,10,2025,2,22,5.0,2050000.0,64696
8436776,1,1,1,10,2025,1,24,9.0,1600000.0,2021
8465360,1,1,1,10,2025,2,30,12.0,5200000.0,47483
8442853,1,1,1,10,2025,2,51,5.0,600000.0,16092
8465522,1,4,1,10,2025,1,22,5.0,1600000.0,47798
8439051,1,1,1,10,2025,1,61,10.0,5200000.0,7379
8446220,1,5,1,10,2025,2,44,4.0,2280000.0,24077
8444650,1,2,1,10,2025,2,24,5.0,1423500.0,20700
8450311,1,1,1,10,2025,1,39,10.0,850000.0,33448
8445770,1,1,1,10,2025,1,53,3.0,1200000.0,23007
8445727,1,2,1,10,2025,1,26,8.0,2000000.0,22921
8462947,1,1,1,10,2025,1,65,1.0,950000.0,42076
8436205,1,1,1,10,2025,2,45,3.0,1200000.0,627
8444908,1,2,1,10,2025,1,35,5.0,1700000.0,21377
8438616,1,2,1,10,2025,1,51,3.0,1300000.0,6437
8450434,1,1,1,10,2025,2,28,8.0,2000000.0,33750
8447326,1,1,1,10,2025,2,32,8.0,1600000.0,26710
8443310,1,3,1,10,2025,2,22,5.0,1800000.0,17256
8451884,1,4,1,10,2025,1,34,10.0,2000000.0,37384
8465008,1,3,1,10,2025,2,23,10.0,1423500.0,46769
8463687,1,3,1,10,2025,2,23,8.0,1800000.0,43864
8440672,1,1,1,10,2025,2,45,10.0,3000000.0,11159
8452204,1,2,1,10,2025,1,45,11.0,4500000.0,38206
8470776,1,2,1,10,2025,2,28,8.0,2000000.0,60597
8441308,1,1,1,10,2025,2,63,5.0,350000.0,12487
8443883,1,3,1,10,2025,1,28,5.0,1423500.0,18745
8443874,1,1,1,10,2025,2,34,10.0,5000000.0,18723
8451640,1,5,1,10,2025,2,61,3.0,2923000.0,36737
8448518,1,5,1,10,2025,2,24,4.0,1423500.0,29311
8449917,1,1,1,10,2025,2,29,10.0,1400000.0,32417
8449035,1,2,1,10,2025,2,32,9.0,2555000.0,30297
8439321,1,2,1,10,2025,1,63,5.0,1423500.0,8021
8464558,1,1,1,10,2025,2,36,3.0,1300000.0,45747
8467332,1,1,1,10,2025,2,58,6.0,3000000.0,51932
8466876,1,2,1,10,2025,2,22,5.0,1300000.0,50803
8447383,1,3,1,10,2025,1,41,10.0,4000000.0,26850
8452359,1,2,1,10,2025,1,49,5.0,1800000.0,38605
8471198,1,1,1,10,2025,1,43,10.0,3500000.0,61503
8451056,1,1,1,10,2025,2,33,10.0,2720000.0,35267
8442335,1,1,1,10,2025,2,58,8.0,550000.0,14885
8472411,1,1,1,10,2025,1,42,10.0,3571284.0,63928
8439399,1,1,1,10,2025,1,46,9.0,5000000.0,8192
8441730,1,1,1,10,2025,2,44,5.0,1500000.0,13392
8449319,1,1,1,10,2025,1,59,5.0,1600000.0,30937
8464311,1,2,1,10,2025,1,36,6.0,1700000.0,45130
8441330,1,1,1,10,2025,2,27,8.0,1423500.0,12533
8468662,1,5,1,10,2025,2,46,10.0,3000000.0,55159
8442214,1,1,1,10,2025,2,28,9.0,4000000.0,14577
8464199,1,2,1,10,2025,2,53,10.0,3850000.0,44947
8436910,1,1,1,10,2025,2,47,8.0,3000000.0,2459
8467179,1,2,1,10,2025,2,47,3.0,900000.0,51582
8468500,1,2,1,10,2025,2,35,11.0,2900000.0,54779
8468869,1,3,1,10,2025,2,24,8.0,2400000.0,55723
8472048,1,2,1,10,2025,1,26,10.0,900000.0,63178
8441529,1,1,1,10,2025,1,35,8.0,3000000.0,12953
8471465,1,3,1,10,2025,2,32,8.0,800000.0,62044
8448573,1,1,1,10,2025,2,59,13.0,19000000.0,29432
8443279,1,2,1,10,2025,1,31,5.0,600000.0,17144
8469910,1,3,1,10,2025,2,21,10.0,800000.0,58436
8440882,1,1,1,10,2025,2,58,5.0,2000000.0,11688
8440136,1,2,1,10,2025,2,55,10.0,5200000.0,9849
8469503,1,2,1,10,2025,1,53,10.0,2000000.0,57365
8438839,1,2,1,10,2025,1,52,3.0,1800000.0,6926
8444209,1,1,1,10,2025,2,50,6.0,1423500.0,19535
8463645,1,2,1,10,2025,1,37,5.0,1723500.0,43767
8451416,1,4,1,10,2025,1,20,10.0,300000.0,36210
8473851,1,1,1,10,2025,1,25,10.0,2500000.0,66405
8449457,1,3,1,10,2025,1,24,5.0,1200000.0,31292
8469769,1,2,1,10,2025,2,49,3.0,180000.0,58109
8440919,1,2,1,10,2025,2,37,5.0,1800000.0,11729
8443346,1,2,1,10,2025,1,22,1.0,800000.0,17331
8452476,1,1,1,10,2025,2,50,10.0,500000.0,38929
8471423,1,1,1,10,2025,2,46,5.0,2500000.0,61950
8445280,1,1,1,10,2025,2,60,5.0,710000.0,21864
8463113,1,2,1,10,2025,2,54,1.0,400000.0,42454
8471897,1,1,1,10,2025,2,44,3.0,1200000.0,62894
8461874,1,2,1,10,2025,2,37,9.0,1600000.0,39631
8468925,1,2,1,10,2025,1,41,10.0,3000000.0,55853
8451241,1,1,1,10,2025,1,23,4.0,600000.0,35750
8472993,1,1,1,10,2025,1,54,3.0,1423500.0,65039
8469892,1,1,1,10,2025,1,32,12.0,3590000.0,58386
8467151,1,2,1,10,2025,1,33,5.0,1423500.0,51526
8472234,1,1,1,10,2025,2,59,3.0,320000.0,63600
8441656,1,1,1,10,2025,1,25,5.0,1000000.0,13222
8469196,1,1,1,10,2025,2,41,5.0,1450000.0,56562
8462696,1,1,1,10,2025,2,50,10.0,2000000.0,41557
8470191,1,1,1,10,2025,1,22,4.0,2000000.0,59140
8448950,1,2,1,10,2025,2,38,5.0,2350000.0,30136
8470978,1,2,1,10,2025,2,57,10.0,250000.0,61082
8438528,1,1,1,10,2025,1,34,5.0,2500000.0,6231
8437131,1,1,1,10,2025,1,54,3.0,4000000.0,3011
8467180,1,2,1,10,2025,2,59,8.0,1423500.0,51584
8471094,1,1,1,10,2025,1,76,3.0,500000.0,61351
8439990,1,3,1,10,2025,1,38,8.0,1900000.0,9545
8464569,1,1,1,10,2025,2,42,8.0,1423500.0,45775
8467210,1,1,1,10,2025,1,50,8.0,2500000.0,51652
8442794,1,2,1,10,2025,1,54,8.0,700000.0,15940
8445655,1,2,1,10,2025,1,71,1.0,1000000.0,22774
8450592,1,1,1,10,2025,1,39,6.0,4500000.0,34130
8470149,1,4,1,10,2025,1,33,5.0,4200000.0,59051
8450391,1,1,1,10,2025,2,48,3.0,800000.0,33643
8441149,1,1,1,10,2025,1,21,4.0,1400000.0,12187
8469115,1,2,1,10,2025,2,50,8.0,1423500.0,56330
8442178,1,1,1,10,2025,1,63,3.0,600000.0,14465
8450525,1,1,1,10,2025,2,43,5.0,350000.0,33938
8467316,1,5,1,10,2025,2,20,4.0,500000.0,51893
8463166,1,1,1,10,2025,2,73,4.0,1000000.0,42532
8448208,1,1,1,10,2025,1,34,3.0,1500000.0,28707
8436623,1,3,1,10,2025,2,29,5.0,1500000.0,1638
8446906,1,1,1,10,2025,2,24,12.0,2500000.0,25771
8439890,1,1,1,10,2025,2,39,10.0,6000000.0,9425
8444605,1,1,1,10,2025,1,55,8.0,1504500.0,20579
8471618,1,1,1,10,2025,2,62,4.0,300000.0,62353
8439666,1,1,1,10,2025,2,28,8.0,1500000.0,8835
8452170,1,3,1,10,2025,1,21,10.0,1423500.0,38128
8436428,1,1,1,10,2025,2,68,10.0,1000000.0,1122
8448026,1,1,1,10,2025,2,31,10.0,1400000.0,28294
8465040,1,2,1,10,2025,1,59,1.0,1300000.0,46852
8446985,1,1,1,10,2025,2,41,5.0,600000.0,25971
8446210,1,1,1,10,2025,1,70,10.0,5000000.0,24060
8445373,1,1,1,10,2025,1,28,5.0,500000.0,22103
8445781,1,1,1,10,2025,1,36,5.0,1800000.0,23029
8465021,1,1,1,10,2025,1,41,5.0,1423500.0,46809
8461957,1,2,1,10,2025,1,41,4.0,1000000.0,39883
8462864,1,1,1,10,2025,1,38,3.0,2000000.0,41910
8473278,1,1,1,10,2025,1,36,5.0,2500000.0,65589
8441422,1,1,1,10,2025,1,42,9.0,3000000.0,12710
8436383,1,1,1,10,2025,1,29,5.0,1500000.0,1036
8450499,1,1,1,10,2025,1,40,10.0,3300000.0,33865
8467111,1,2,1,10,2025,1,34,5.0,1400000.0,51403
8445345,1,2,1,10,2025,1,56,3.0,1400000.0,22034
8438984,1,2,1,10,2025,2,42,10.0,2800000.0,7238
8438657,1,2,1,10,2025,1,61,10.0,4000000.0,6539
8473612,1,7,1,10,2025,1,47,3.0,1400000.0,65962
8441578,1,1,1,10,2025,1,60,5.0,3500000.0,13064
8465716,1,4,1,10,2025,1,28,4.0,280000.0,48142
8446131,1,1,1,10,2025,2,50,5.0,1300000.0,23857
8445601,1,1,1,10,2025,2,34,8.0,1423500.0,22654
8469516,1,1,1,10,2025,1,32,5.0,2500000.0,57394
8439005,1,3,1,10,2025,2,24,10.0,2200000.0,7286
8439972,1,1,1,10,2025,1,34,3.0,1200000.0,9505
8463362,1,1,1,10,2025,1,47,3.0,1458000.0,43060
8465761,1,1,1,10,2025,1,63,5.0,1320000.0,48248
8437037,1,4,1,10,2025,1,22,8.0,1423500.0,2797
8438880,1,4,1,10,2025,1,30,5.0,1800000.0,7019
8465087,1,4,1,10,2025,1,20,5.0,1530000.0,46974
8468671,1,1,1,10,2025,2,51,5.0,5000000.0,55183
8443141,1,1,1,10,2025,2,60,9.0,1800000.0,16818
8462529,1,2,1,10,2025,2,29,8.0,640000.0,41199
8445674,1,1,1,10,2025,1,26,5.0,1633500.0,22814
8450332,1,1,1,10,2025,2,56,5.0,250000.0,33503
8471595,1,1,1,10,2025,1,22,3.0,1250000.0,62322
8441183,1,3,1,10,2025,1,52,3.0,1880000.0,12249
8469498,1,1,1,10,2025,2,35,5.0,1800000.0,57350
8467935,1,4,1,10,2025,2,34,4.0,270000.0,53447
8439361,1,3,1,10,2025,2,23,8.0,1423500.0,8108
8448041,1,2,1,10,2025,2,36,10.0,2000000.0,28335
8451885,1,1,1,10,2025,2,61,3.0,1623500.0,37386
8463334,1,4,1,10,2025,1,33,3.0,400000.0,42981
8451897,1,1,1,10,2025,1,45,8.0,1500000.0,37412
8464093,1,1,1,10,2025,2,54,8.0,1423500.0,44744
8471054,1,1,1,10,2025,2,41,5.0,1700000.0,61250
8471752,1,2,1,10,2025,2,43,5.0,1500000.0,62580
8463344,1,1,1,10,2025,1,54,5.0,1100000.0,43007
8441909,1,1,1,10,2025,2,46,4.0,1500000.0,13826
8452586,1,1,1,10,2025,2,35,3.0,1160000.0,39220
8437707,1,1,1,10,2025,1,75,3.0,1423500.0,4411
8447678,1,2,1,10,2025,1,18,5.0,600000.0,27491
8451695,1,2,1,10,2025,2,35,10.0,6000000.0,36896
8464908,1,1,1,10,2025,1,20,8.0,950000.0,46523
8464700,1,1,1,10,2025,2,37,10.0,1500000.0,46097
8452046,1,1,1,10,2025,2,44,8.0,1850000.0,37792
8448792,1,3,1,10,2025,2,54,8.0,1423000.0,29900
8462685,1,2,1,10,2025,2,49,11.0,4270500.0,41536
8472877,1,3,1,10,2025,1,28,9.0,2000000.0,64901
8448077,1,3,1,10,2025,1,35,8.0,120000.0,28437
8442491,1,4,1,10,2025,1,21,8.0,1423500.0,15261
8443351,1,4,1,10,2025,2,16,5.0,180000.0,17357
8472687,1,2,1,10,2025,2,19,5.0,600000.0,64501
8465653,1,2,1,10,2025,2,24,8.0,1423500.0,48043
8451875,1,2,1,10,2025,2,37,5.0,1000000.0,37360
8448467,1,2,1,10,2025,2,36,5.0,1200000.0,29202
8446474,1,2,1,10,2025,2,20,5.0,1000000.0,24788
8448847,1,1,1,10,2025,1,25,11.0,3000000.0,29962
8462787,1,1,1,10,2025,1,35,3.0,1200000.0,41761
8444911,1,2,1,10,2025,2,24,5.0,700000.0,21385
8466545,1,1,1,10,2025,2,41,5.0,1800000.0,50018
8467071,1,3,1,10,2025,2,28,8.0,1700000.0,51255
8444581,1,2,1,10,2025,2,25,10.0,750000.0,20525
8439877,1,1,1,10,2025,2,27,5.0,200000.0,9384
8451824,1,1,1,10,2025,1,30,5.0,1623500.0,37236
8463520,1,1,1,10,2025,1,32,5.0,1423500.0,43497
8441511,1,3,1,10,2025,2,31,8.0,1600000.0,12908
8473701,1,2,1,10,2025,2,37,10.0,2382000.0,66119
8437106,1,2,1,10,2025,2,45,10.0,4500000.0,2957
8461894,1,2,1,10,2025,1,41,3.0,600000.0,39687
8462098,1,1,1,10,2025,2,54,3.0,200000.0,40228
8439068,1,1,1,10,2025,2,28,5.0,200000.0,7427
8465208,1,1,1,10,2025,2,26,4.0,1200000.0,47220
8442565,1,2,1,10,2025,2,50,3.0,400000.0,15424
8436503,1,3,1,10,2025,2,19,5.0,500000.0,1315
8469367,1,1,1,10,2025,2,55,3.0,1094000.0,57027
8462154,1,1,1,10,2025,1,72,1.0,1300000.0,40393
8469234,1,2,1,10,2025,2,30,10.0,2000000.0,56655
8463210,1,1,1,10,2025,1,42,5.0,1754200.0,42656
8441615,1,1,1,10,2025,2,37,4.0,1000000.0,13140
8464528,1,1,1,10,2025,2,33,5.0,120000.0,45690
8451898,1,1,1,10,2025,2,35,5.0,1600000.0,37413
8449078,1,1,1,10,2025,2,55,3.0,1000000.0,30379
8451628,1,1,1,10,2025,2,53,4.0,1684000.0,36707
8444967,1,2,1,10,2025,2,41,10.0,3900000.0,21505
8443203,1,6,1,10,2025,2,25,5.0,900000.0,16930
8452464,1,1,1,10,2025,2,32,9.0,2500000.0,38899
8436824,1,3,1,10,2025,1,37,10.0,2700000.0,2115
8473893,1,2,1,10,2025,2,29,5.0,800000.0,66522
8444596,1,1,1,10,2025,2,35,10.0,1800000.0,20553
8436388,1,1,1,10,2025,2,45,5.0,3000000.0,1049
8468685,1,3,1,10,2025,1,31,10.0,3280000.0,55227
8473081,1,1,1,10,2025,1,25,5.0,1800000.0,65209
8440552,1,3,1,10,2025,1,30,12.0,1423500.0,10797
8446515,1,1,1,10,2025,2,70,1.0,300000.0,24875
8465203,1,2,1,10,2025,1,34,8.0,1423500.0,47202
8462009,1,2,1,10,2025,2,46,5.0,1200000.0,40032
8443229,1,1,1,10,2025,1,58,11.0,6000000.0,16999
8446450,1,2,1,10,2025,2,25,6.0,800000.0,24720
8470292,1,2,1,10,2025,1,63,3.0,500000.0,59383
8451487,1,1,1,10,2025,1,53,5.0,1423500.0,36376
8464755,1,1,1,10,2025,1,48,10.0,1500000.0,46222
8451286,1,1,1,10,2025,1,41,3.0,1200000.0,35860
8451712,1,2,1,10,2025,1,49,5.0,1000000.0,36939
8472125,1,1,1,10,2025,1,28,10.0,3000000.0,63344
8450838,1,1,1,10,2025,1,58,8.0,4600000.0,34722
8466279,1,1,1,10,2025,1,31,5.0,700000.0,49302
8466515,1,1,1,10,2025,1,48,5.0,2500000.0,49959
8468319,1,1,1,10,2025,1,30,3.0,1623000.0,54309
8440175,1,2,1,10,2025,2,61,10.0,700000.0,9931
8439596,1,2,1,10,2025,2,38,5.0,1423500.0,8653
8463607,1,1,1,10,2025,1,60,5.0,1000000.0,43675
8470682,1,2,1,10,2025,1,63,3.0,1400000.0,60315
8448704,1,2,1,10,2025,1,33,10.0,1423500.0,29692
8471889,1,1,1,10,2025,2,49,11.0,2500000.0,62881
8438877,1,2,1,10,2025,1,33,10.0,1623500.0,7011
8466516,1,2,1,10,2025,1,29,4.0,855000.0,49964
8463603,1,1,1,10,2025,1,55,5.0,1800000.0,43664
8444720,1,2,1,10,2025,2,46,3.0,1000000.0,20885
8437010,1,1,1,10,2025,2,39,8.0,3500000.0,2731
8446748,1,1,1,10,2025,1,50,13.0,5000000.0,25407
8468105,1,1,1,10,2025,1,34,8.0,3000000.0,53852
8443380,1,2,1,10,2025,2,42,4.0,1360000.0,17443
8438572,1,1,1,10,2025,2,64,4.0,840000.0,6332
8471982,1,1,1,10,2025,2,34,11.0,2400000.0,63028
8448916,1,1,1,10,2025,1,33,4.0,1800000.0,30091
8445633,1,1,1,10,2025,1,67,1.0,1440000.0,22718
8473714,1,2,1,10,2025,2,47,9.0,2487000.0,66150
8447174,1,5,1,10,2025,2,55,4.0,800000.0,26296
8452525,1,1,1,10,2025,2,47,12.0,4450000.0,39050
8440148,1,4,1,10,2025,2,24,8.0,1400000.0,9882
8470876,1,4,1,10,2025,1,39,5.0,1423500.0,60841
8443357,1,1,1,10,2025,1,56,1.0,400000.0,17382
8438437,1,3,1,10,2025,2,40,8.0,200000.0,5999
8470902,1,2,1,10,2025,2,36,10.0,4000000.0,60903
8439111,1,1,1,10,2025,1,49,8.0,2700000.0,7530
8452157,1,2,1,10,2025,1,25,4.0,1423500.0,38091
8452124,1,1,1,10,2025,1,42,5.0,1700000.0,38011
8462106,1,1,1,10,2025,2,34,3.0,428000.0,40254
8446179,1,1,1,10,2025,1,35,3.0,1750000.0,23968
8445614,1,2,1,10,2025,2,19,5.0,264000.0,22679
8450034,1,2,1,10,2025,2,32,12.0,3000000.0,32738
8446266,1,1,1,10,2025,2,30,4.0,1600000.0,24264
8466751,1,2,1,10,2025,1,30,11.0,2700000.0,50501
8451597,1,2,1,10,2025,2,25,5.0,1423500.0,36615
8442429,1,1,1,10,2025,2,38,8.0,300000.0,15100
8448550,1,2,1,10,2025,2,37,8.0,800000.0,29386
8473347,1,1,1,10,2025,2,45,5.0,1000000.0,65731
8443973,1,1,1,10,2025,1,33,5.0,1000000.0,18957
8472846,2,1,2,10,2025,1,25,10.0,2000000.0,64817
8452555,1,1,1,10,2025,1,38,5.0,1500000.0,39137
8442227,1,1,1,10,2025,1,30,10.0,6950000.0,14608
8467148,1,1,1,10,2025,1,37,5.0,3000000.0,51517
8473825,1,1,1,10,2025,1,31,12.0,3000000.0,66332
8448528,1,3,1,10,2025,1,35,3.0,1700000.0,29338
8467366,1,1,1,10,2025,1,58,4.0,1700000.0,52028
8441875,1,1,1,10,2025,1,59,3.0,350000.0,13700
8444495,1,2,1,10,2025,2,35,10.0,3500000.0,20294
8463550,1,1,1,10,2025,1,31,5.0,1200000.0,43558
8439896,1,1,1,10,2025,2,32,12.0,14000000.0,9440
8463094,1,1,1,10,2025,1,57,4.0,1200000.0,42403
8449508,1,2,1,10,2025,1,31,5.0,600000.0,31420
8472889,1,1,1,10,2025,1,41,10.0,4000000.0,64935
8451748,1,1,1,10,2025,2,29,8.0,500000.0,37042
8465066,1,2,1,10,2025,1,46,3.0,1423000.0,46908
8463677,1,1,1,10,2025,1,36,11.0,5500000.0,43833
8472778,1,1,1,10,2025,2,23,5.0,1543500.0,64699
8449135,1,3,1,10,2025,2,32,10.0,1623500.0,30497
8446054,1,5,1,10,2025,1,33,6.0,1423000.0,23674
8439098,1,2,1,10,2025,2,41,5.0,650000.0,7511
8452380,1,1,1,10,2025,1,44,3.0,1300000.0,38652
8441923,1,1,1,10,2025,2,43,11.0,3900000.0,13854
8463340,1,1,1,10,2025,1,50,3.0,400000.0,42994
8445304,1,3,1,10,2025,1,24,5.0,320000.0,21936
8466637,1,2,1,10,2025,1,42,5.0,1750000.0,50238
8463282,1,2,1,10,2025,2,54,5.0,1423500.0,42847
8445688,1,1,1,10,2025,1,65,8.0,2700000.0,22854
8464125,1,3,1,10,2025,1,20,10.0,400000.0,44800
8463673,1,1,1,10,2025,1,28,6.0,2780000.0,43828
8470977,1,2,1,10,2025,2,52,1.0,1000000.0,61080
8440350,1,3,1,10,2025,2,42,5.0,1800000.0,10350
8444885,1,2,1,10,2025,2,41,4.0,750000.0,21318
8471763,1,1,1,10,2025,2,43,8.0,200000.0,62600
8470813,1,1,1,10,2025,1,43,5.0,2100000.0,60699
8447218,1,2,1,10,2025,1,40,5.0,1050000.0,26390
8465913,1,1,1,10,2025,2,39,5.0,400000.0,48610
8470975,1,1,1,10,2025,2,49,5.0,1400000.0,61073
8448958,1,1,1,10,2025,2,28,10.0,1900000.0,30150
8441245,1,1,1,10,2025,2,42,5.0,1140000.0,12388
8436669,1,2,1,10,2025,2,23,5.0,1600000.0,1763
8468585,1,1,1,10,2025,1,67,3.0,2500000.0,54986
8437660,1,1,1,10,2025,2,38,5.0,800000.0,4304
8464144,1,1,1,10,2025,2,40,8.0,2500000.0,44843
8449371,1,1,1,10,2025,1,43,10.0,6500000.0,31069
8441150,1,2,1,10,2025,2,42,4.0,450000.0,12191
8436578,1,2,1,10,2025,2,37,5.0,1423500.0,1516
8464400,1,2,1,10,2025,2,35,10.0,2847000.0,45367
8444326,1,1,1,10,2025,2,55,9.0,1423500.0,19841
8472487,1,1,1,10,2025,1,64,3.0,800000.0,64158
8448320,1,1,1,10,2025,2,34,10.0,5200000.0,28895
8437831,1,3,1,10,2025,1,21,8.0,2223500.0,4651
8463025,1,2,1,10,2025,1,32,3.0,940000.0,42256
8442481,1,1,1,10,2025,1,39,7.0,1000000.0,15230
8440632,1,1,1,10,2025,2,41,5.0,150000.0,11046
8439612,1,1,1,10,2025,2,62,5.0,300000.0,8695
8439611,1,2,1,10,2025,2,70,10.0,300000.0,8693
8447350,1,2,1,10,2025,2,63,5.0,450000.0,26764
8448423,1,2,1,10,2025,1,33,5.0,800000.0,29126
8462750,1,2,1,10,2025,1,57,10.0,2000000.0,41683
8472228,1,1,1,10,2025,1,36,11.0,2500000.0,63581
8445406,1,2,1,10,2025,2,18,10.0,500000.0,22183
8444587,1,1,1,10,2025,2,60,3.0,1450000.0,20536
8450765,1,2,1,10,2025,1,62,3.0,800000.0,34549
8441359,1,3,1,10,2025,1,27,5.0,2500000.0,12593
8469602,1,2,1,10,2025,2,49,5.0,130000.0,57639
8463752,1,2,1,10,2025,2,35,10.0,2100000.0,44003
8452234,1,2,1,10,2025,2,27,5.0,1000000.0,38289
8442420,1,1,1,10,2025,2,26,10.0,1500000.0,15086
8436833,1,2,1,10,2025,2,33,5.0,1000000.0,2140
8447038,1,3,1,10,2025,1,28,5.0,1400000.0,26076
8436402,1,3,1,10,2025,2,40,3.0,960000.0,1074
8442915,1,3,1,10,2025,2,24,4.0,1723500.0,16231
8467843,1,2,1,10,2025,2,29,5.0,200000.0,53204
8438823,1,5,1,10,2025,2,24,5.0,1423500.0,6897
8437369,1,3,1,10,2025,2,45,10.0,3000000.0,3665
8438741,1,2,1,10,2025,1,46,5.0,1400000.0,6709
8473025,1,2,1,10,2025,2,44,9.0,1623500.0,65122
8449013,1,1,1,10,2025,2,36,8.0,1623500.0,30251
8469806,1,3,1,10,2025,1,29,4.0,900000.0,58208
8464019,1,3,1,10,2025,1,32,8.0,850000.0,44597
8470136,1,1,1,10,2025,1,26,10.0,4000000.0,59022
8441678,1,2,1,10,2025,2,25,9.0,990000.0,13271
8462963,1,2,1,10,2025,2,38,5.0,1200000.0,42117
8449204,1,2,1,10,2025,1,49,3.0,1100000.0,30614
8437925,1,2,1,10,2025,2,38,5.0,1950000.0,4849
8473638,1,1,1,10,2025,2,69,4.0,600000.0,66032
8462907,1,1,1,10,2025,1,28,5.0,1600000.0,42000
8441115,1,2,1,10,2025,2,48,10.0,2200000.0,12103
8466871,1,1,1,10,2025,1,33,5.0,2000000.0,50791
8443636,1,1,1,10,2025,1,63,10.0,10000000.0,18118
8468045,1,1,1,10,2025,2,43,5.0,1500000.0,53717
8447891,1,2,1,10,2025,1,43,5.0,1560000.0,27966
8473201,1,1,1,10,2025,1,22,4.0,1600000.0,65427
8441927,1,1,1,10,2025,1,23,5.0,1000000.0,13867
8465357,1,1,1,10,2025,2,51,10.0,2200000.0,47476
8438302,1,3,1,10,2025,2,47,5.0,300000.0,5656
8450926,1,2,1,10,2025,2,23,3.0,250000.0,34935
8444399,1,1,1,10,2025,1,72,3.0,500000.0,20036
8467267,1,1,1,10,2025,1,37,10.0,3000000.0,51776
8447254,1,1,1,10,2025,1,32,8.0,2500000.0,26491
8444703,1,1,1,10,2025,1,38,10.0,4500000.0,20832
8465224,1,2,1,10,2025,1,27,5.0,1600000.0,47253
8464730,1,1,1,10,2025,1,33,5.0,2000000.0,46167
8466723,1,1,1,10,2025,2,61,5.0,1200000.0,50439
8466641,1,1,1,10,2025,1,57,3.0,2300000.0,50248
8449967,1,1,1,10,2025,2,52,4.0,500000.0,32563
8471121,1,1,1,10,2025,1,24,10.0,1600000.0,61421
8439678,1,1,1,10,2025,2,43,4.0,450000.0,8884
8471905,1,1,1,10,2025,2,28,8.0,2300000.0,62910
8467099,1,1,1,10,2025,1,50,4.0,1500000.0,51355
8468241,1,3,1,10,2025,1,34,5.0,1423500.0,54131
8451402,1,1,1,10,2025,1,61,5.0,2000000.0,36174
8438289,1,2,1,10,2025,2,24,10.0,1200000.0,5619
8438128,1,3,1,10,2025,1,45,12.0,3000000.0,5252
8436054,1,2,1,10,2025,2,32,5.0,300000.0,283
8467824,1,4,1,10,2025,2,25,10.0,1423500.0,53139
8445802,1,1,1,10,2025,1,52,5.0,1800000.0,23086
8447264,1,2,1,10,2025,2,55,4.0,1400000.0,26532
8470764,1,1,1,10,2025,2,58,3.0,1000000.0,60554
8441112,1,1,1,10,2025,1,58,11.0,23000000.0,12097
8470472,1,2,1,10,2025,1,36,8.0,1300000.0,59822
8442208,1,3,1,10,2025,2,26,10.0,2200000.0,14564
8473565,1,2,1,10,2025,2,39,5.0,780000.0,65841
8452002,1,1,1,10,2025,1,51,9.0,2500000.0,37705
8462306,1,1,1,10,2025,1,35,8.0,1200000.0,40694
8440223,1,2,1,10,2025,1,84,1.0,150000.0,10042
8441433,1,1,1,10,2025,1,51,3.0,800000.0,12738
8436904,1,1,1,10,2025,1,32,5.0,2300000.0,2437
8447530,1,1,1,10,2025,1,42,5.0,1423500.0,27177
8463331,1,4,1,10,2025,1,33,9.0,1300000.0,42970
8439492,1,1,1,10,2025,1,35,8.0,7600000.0,8395
8436313,1,1,1,10,2025,2,37,5.0,1200000.0,890
8440562,1,1,1,10,2025,2,54,10.0,1650000.0,10825
8463345,1,2,1,10,2025,2,24,10.0,1800000.0,43011
8436644,1,1,1,10,2025,2,85,3.0,800000.0,1699
8441495,1,1,1,10,2025,2,48,5.0,950000.0,12875
8452537,1,4,1,10,2025,1,33,10.0,2500000.0,39090
8469207,1,1,1,10,2025,2,20,5.0,1423500.0,56582
8438268,1,1,1,10,2025,2,42,10.0,4500000.0,5556
8441289,1,1,1,10,2025,1,43,8.0,1800000.0,12456
8472367,1,3,1,10,2025,1,20,10.0,1423000.0,63878
8436275,1,2,1,10,2025,1,70,3.0,1000000.0,794
8466837,1,1,1,10,2025,1,55,3.0,750000.0,50686
8447416,1,1,1,10,2025,2,42,5.0,350000.0,26937
8449872,1,1,1,10,2025,2,26,10.0,4000000.0,32331
8473573,1,2,1,10,2025,2,24,5.0,1723000.0,65861
8450086,1,3,1,10,2025,1,60,4.0,1423000.0,32877
8445277,1,1,1,10,2025,2,39,5.0,1600000.0,21851
8471364,1,1,1,10,2025,1,55,3.0,0.0,61837
8443829,1,1,1,10,2025,1,36,5.0,1423500.0,18622
8465002,1,2,1,10,2025,2,39,9.0,2900000.0,46758
8440524,1,1,1,10,2025,2,31,10.0,4400000.0,10727
8438856,1,1,1,10,2025,1,48,5.0,800000.0,6968
8462450,1,2,1,10,2025,1,50,3.0,800000.0,41007
8471352,1,2,1,10,2025,2,37,3.0,1450000.0,61801
8445990,1,4,1,10,2025,2,18,5.0,800000.0,23520
8438600,1,2,1,10,2025,2,61,3.0,2023500.0,6407
8461834,1,1,1,10,2025,1,62,1.0,900000.0,39545
8440628,1,1,1,10,2025,1,50,3.0,1800000.0,11035
8451572,1,1,1,10,2025,1,34,10.0,3400000.0,36569
8442495,1,2,1,10,2025,1,69,3.0,800000.0,15268
8442780,1,2,1,10,2025,1,19,5.0,1423500.0,15917
8443247,1,3,1,10,2025,2,33,8.0,500000.0,17047
8439994,1,1,1,10,2025,2,41,9.0,4000000.0,9551
8446717,1,1,1,10,2025,1,63,9.0,500000.0,25359
8448122,1,2,1,10,2025,1,33,5.0,0.0,28516
8469936,1,3,1,10,2025,2,29,5.0,1500000.0,58508
8471429,1,1,1,10,2025,2,33,5.0,1560000.0,61965
8448888,1,2,1,10,2025,2,24,4.0,1000000.0,30010
8447211,1,2,1,10,2025,1,31,5.0,1623500.0,26372
8447998,1,4,1,10,2025,2,32,10.0,2800000.0,28218
8451493,1,3,1,10,2025,2,21,8.0,500000.0,36394
8439780,1,1,1,10,2025,1,61,8.0,1200000.0,9094
8451626,1,2,1,10,2025,2,43,12.0,7500000.0,36700
8437278,1,3,1,10,2025,2,24,10.0,1000000.0,3396
8446396,1,4,1,10,2025,2,21,8.0,1800000.0,24607
8463696,1,2,1,10,2025,1,31,5.0,800000.0,43883
8452170,1,1,1,10,2025,2,65,8.0,1423500.0,38126
8449584,1,2,1,10,2025,1,39,4.0,800000.0,31593
8465611,1,1,1,10,2025,2,43,8.0,150000.0,47950
8462413,1,3,1,10,2025,1,33,4.0,1500000.0,40928
8446619,1,2,1,10,2025,2,37,11.0,2500000.0,25171
8462270,1,1,1,10,2025,2,35,4.0,1400000.0,40621
8470019,1,1,1,10,2025,1,31,4.0,2000000.0,58732
8446961,1,1,1,10,2025,2,31,8.0,800000.0,25921
8447438,1,1,1,10,2025,1,63,5.0,4040000.0,26985
8449831,1,2,1,10,2025,1,22,5.0,7500000.0,32217
8449098,1,1,1,10,2025,2,29,5.0,1423500.0,30428
8468138,1,1,1,10,2025,1,36,11.0,5000000.0,53911
8463479,1,2,1,10,2025,2,48,10.0,3500000.0,43402
8447462,1,2,1,10,2025,1,41,8.0,1600000.0,27033
8441812,1,1,1,10,2025,2,40,4.0,600000.0,13500
8436784,1,1,1,10,2025,1,37,8.0,2000000.0,2035
8467344,1,2,1,10,2025,1,62,10.0,2500000.0,51967
8438075,1,2,1,10,2025,2,35,9.0,2000000.0,5149
8469556,1,2,1,10,2025,2,40,3.0,700000.0,57510
8439382,1,1,1,10,2025,1,52,5.0,1423500.0,8159
8446633,1,1,1,10,2025,1,36,11.0,1423500.0,25202
8443174,1,2,1,10,2025,1,35,11.0,4500000.0,16881
8468498,1,4,1,10,2025,1,48,3.0,500000.0,54774
8450855,1,1,1,10,2025,1,26,8.0,1627000.0,34760
8451083,1,2,1,10,2025,2,31,5.0,300000.0,35330
8473365,1,1,1,10,2025,2,24,9.0,1900000.0,65761
8444734,1,2,1,10,2025,2,43,5.0,1423500.0,20929
8448114,1,1,1,10,2025,2,58,12.0,9000000.0,28512
8443045,1,3,1,10,2025,1,50,5.0,1500000.0,16589
8446842,1,2,1,10,2025,2,33,10.0,8000000.0,25633
8473617,1,1,1,10,2025,2,55,3.0,1400000.0,65973
8472041,1,4,1,10,2025,1,17,4.0,480000.0,63156
8451507,1,2,1,10,2025,2,45,3.0,400000.0,36429
8443503,1,3,1,10,2025,1,35,3.0,1900000.0,17760
8448405,1,1,1,10,2025,2,27,9.0,1423000.0,29075
8447298,1,3,1,10,2025,1,23,8.0,1000000.0,26638
8450043,1,2,1,10,2025,2,23,5.0,200000.0,32754
8468432,1,2,1,10,2025,2,50,10.0,5839000.0,54628
8451434,1,1,1,10,2025,2,45,10.0,3500000.0,36257
8443846,1,1,1,10,2025,2,55,5.0,1100000.0,18662
8438603,1,1,1,10,2025,1,45,4.0,600000.0,6412
8443095,1,2,1,10,2025,2,60,10.0,1120000.0,16706
8463625,1,1,1,10,2025,2,66,5.0,500000.0,43716
8445958,1,1,1,10,2025,1,34,5.0,1000000.0,23421
8470845,1,1,1,10,2025,1,52,4.0,1423500.0,60770
8463368,1,1,1,10,2025,2,37,5.0,3000000.0,43081
8470068,1,1,1,10,2025,1,41,3.0,1500000.0,58852
8448866,1,3,1,10,2025,2,45,8.0,800000.0,29989
8463760,1,2,1,10,2025,2,40,10.0,2000000.0,44030
8447773,1,1,1,10,2025,2,32,5.0,900000.0,27670
8440800,1,1,1,10,2025,2,55,5.0,180000.0,11462
8444382,1,2,1,10,2025,1,58,5.0,1200000.0,19987
8440937,1,1,1,10,2025,1,35,5.0,1423500.0,11768
8469953,1,3,1,10,2025,1,30,10.0,1423500.0,58558
8469698,1,1,1,10,2025,2,70,1.0,300000.0,57896
8465236,1,2,1,10,2025,1,68,10.0,2700000.0,47289
8467595,1,2,1,10,2025,2,31,5.0,1450000.0,52582
8450847,1,1,1,10,2025,2,58,10.0,2200000.0,34741
8436135,1,1,1,10,2025,2,61,3.0,990000.0,471
8469413,1,1,1,10,2025,1,24,5.0,3423500.0,57146
8436598,2,1,2,10,2025,1,27,8.0,1423000.0,1569
8468004,1,1,1,10,2025,1,62,6.0,1500000.0,53610
8466435,1,2,1,10,2025,1,71,4.0,1000000.0,49726
8466201,1,1,1,10,2025,1,44,5.0,1900000.0,49197
8450748,1,2,1,10,2025,2,38,5.0,700000.0,34503
8451203,1,1,1,10,2025,1,57,3.0,1000000.0,35663
8467576,1,2,1,10,2025,1,38,5.0,800000.0,52521
8451524,1,1,1,10,2025,2,29,5.0,500000.0,36480
8448647,1,8,1,10,2025,1,29,8.0,300000.0,29534
8463507,1,2,1,10,2025,2,21,10.0,2500000.0,43471
8446736,1,1,1,10,2025,1,77,10.0,500000.0,25372
8443080,1,1,1,10,2025,2,34,12.0,2700000.0,16672
8472684,1,1,1,10,2025,2,24,5.0,1450000.0,64496
8446915,1,1,1,10,2025,1,25,8.0,1623500.0,25802
8439575,1,1,1,10,2025,2,49,3.0,1200000.0,8601
8439131,1,2,1,10,2025,1,28,10.0,480000.0,7582
8449275,1,3,1,10,2025,2,27,10.0,3000000.0,30806
8447044,1,1,1,10,2025,1,37,5.0,4000000.0,26097
8447093,1,1,1,10,2025,2,43,5.0,1000000.0,26201
8443264,1,2,1,10,2025,2,31,5.0,1500000.0,17090
8448182,1,1,1,10,2025,2,57,6.0,1000000.0,28643
8447478,1,3,1,10,2025,1,25,10.0,1800000.0,27089
8436463,1,3,1,10,2025,1,21,4.0,420000.0,1213
8472858,1,1,1,10,2025,1,50,10.0,6000000.0,64847
8443381,1,1,1,10,2025,1,66,3.0,900000.0,17446
8450183,1,1,1,10,2025,2,34,4.0,1423500.0,33115
8451764,1,3,1,10,2025,2,28,5.0,1423500.0,37087
8468783,1,1,1,10,2025,1,42,5.0,1400000.0,55480
8441374,1,1,1,10,2025,1,56,3.0,3750000.0,12640
8461967,1,1,1,10,2025,1,61,3.0,600000.0,39913
8449754,1,1,1,10,2025,2,72,3.0,250000.0,32035
8439162,1,2,1,10,2025,2,26,10.0,1623000.0,7635
8465277,1,2,1,10,2025,1,32,5.0,880000.0,47376
8451642,1,1,1,10,2025,1,49,5.0,1600000.0,36742
8468789,1,1,1,10,2025,2,34,4.0,1500000.0,55488
8444973,1,2,1,10,2025,2,26,8.0,3400000.0,21525
8447187,1,2,1,10,2025,1,39,3.0,700000.0,26318
8471236,1,1,1,10,2025,2,43,8.0,1623500.0,61597
8448891,1,3,1,10,2025,2,36,5.0,1923500.0,30019
8464459,1,1,1,10,2025,1,29,5.0,2900000.0,45528
8462933,1,1,1,10,2025,2,25,5.0,1400000.0,42056
8452038,1,2,1,10,2025,1,44,4.0,500000.0,37774
8440893,1,1,1,10,2025,2,48,3.0,800000.0,11699
8467146,1,1,1,10,2025,2,44,5.0,200000.0,51512
8452270,1,1,1,10,2025,1,60,4.0,1500000.0,38385
8472037,1,1,1,10,2025,2,65,3.0,700000.0,63143
8436647,1,1,1,10,2025,2,44,12.0,5600000.0,1706
8447241,1,2,1,10,2025,2,20,9.0,500000.0,26457
8447331,1,2,1,10,2025,2,30,10.0,2100000.0,26725
8442680,1,1,1,10,2025,1,85,6.0,600000.0,15672
8440601,1,1,1,10,2025,2,58,3.0,520000.0,10961
8449668,1,1,1,10,2025,1,29,5.0,600000.0,31809
8472968,1,2,1,10,2025,2,61,4.0,125000.0,65007
8445187,1,5,1,10,2025,1,22,3.0,600000.0,21583
8442702,1,1,1,10,2025,2,55,4.0,450000.0,15729
8466647,1,1,1,10,2025,1,57,3.0,1400000.0,50261
8472338,1,4,1,10,2025,2,29,10.0,1423500.0,63818
8464461,1,3,1,10,2025,2,21,5.0,900000.0,45537
8468921,1,2,1,10,2025,2,37,5.0,1423500.0,55847
8451741,1,1,1,10,2025,1,33,8.0,1423500.0,37021
8439569,1,1,1,10,2025,1,55,10.0,1500000.0,8586
8439014,1,4,1,10,2025,1,31,5.0,1600000.0,7304
8451194,1,2,1,10,2025,1,29,3.0,1000000.0,35640
8436160,1,1,1,10,2025,2,39,9.0,1400000.0,521
8442288,1,1,1,10,2025,2,41,5.0,1423500.0,14743
8449853,1,4,1,10,2025,1,28,5.0,1400000.0,32273
8439427,1,3,1,10,2025,1,22,5.0,1400000.0,8252
8464087,1,1,1,10,2025,1,46,10.0,4000000.0,44736
8437493,1,1,1,10,2025,1,28,10.0,5000000.0,3978
8468974,1,3,1,10,2025,1,57,5.0,900000.0,55944
8443479,1,1,1,10,2025,1,33,5.0,2000000.0,17687
8470084,1,1,1,10,2025,1,46,5.0,1830000.0,58890
8436539,1,3,1,10,2025,2,39,10.0,3600000.0,1425
8449490,1,1,1,10,2025,2,22,5.0,250000.0,31369
8444923,1,3,1,10,2025,2,23,5.0,1600000.0,21421
8446521,1,2,1,10,2025,2,53,10.0,0.0,24883
8463314,1,1,1,10,2025,1,35,5.0,1850000.0,42913
8465020,1,2,1,10,2025,1,26,10.0,900000.0,46804
8438230,1,3,1,10,2025,2,30,5.0,1600000.0,5455
8439313,1,1,1,10,2025,1,38,3.0,1200000.0,7996
8472258,1,1,1,10,2025,1,51,4.0,800000.0,63649
8438399,1,1,1,10,2025,1,42,10.0,20000000.0,5909
8471834,1,2,1,10,2025,1,50,4.0,1300000.0,62762
8461919,1,4,1,10,2025,1,55,5.0,800000.0,39758
8465028,1,1,1,10,2025,2,27,5.0,900000.0,46830
8463035,1,2,1,10,2025,1,22,5.0,1650000.0,42277
8465739,1,2,1,10,2025,2,70,11.0,7000000.0,48197
8444353,1,1,1,10,2025,2,32,9.0,1560000.0,19908
8464295,1,2,1,10,2025,2,52,12.0,9940000.0,45081
8467982,1,2,1,10,2025,2,31,10.0,4000000.0,53564
8440703,1,1,1,10,2025,1,62,3.0,480000.0,11192
8447246,1,1,1,10,2025,2,68,4.0,800000.0,26468
8452310,1,1,1,10,2025,2,45,5.0,800000.0,38481
8443954,1,1,1,10,2025,1,46,3.0,600000.0,18908
8465494,1,1,1,10,2025,1,70,4.0,1400000.0,47728
8466526,1,1,1,10,2025,1,45,5.0,540000.0,49986
8437095,1,3,1,10,2025,2,54,8.0,2000000.0,2926
8463830,1,2,1,10,2025,1,33,5.0,200000.0,44222
8465250,1,2,1,10,2025,2,17,5.0,500000.0,47326
8465723,1,3,1,10,2025,1,21,5.0,440000.0,48159
8446913,1,2,1,10,2025,2,52,10.0,1423500.0,25799
8436029,1,1,1,10,2025,2,61,3.0,1180000.0,231
8440476,1,1,1,10,2025,2,29,5.0,1510000.0,10609
8464376,1,1,1,10,2025,1,46,3.0,1000000.0,45309
8465318,1,3,1,10,2025,2,61,11.0,2500000.0,47400
8439560,1,3,1,10,2025,1,38,5.0,380000.0,8562
8463356,1,1,1,10,2025,2,44,5.0,250000.0,43044
8437440,1,2,1,10,2025,1,58,3.0,1423500.0,3826
8443599,1,1,1,10,2025,2,25,5.0,1423500.0,18011
8447158,1,1,1,10,2025,2,71,4.0,240000.0,26274
8468110,1,1,1,10,2025,2,39,10.0,4500000.0,53860
8463183,1,3,1,10,2025,1,32,4.0,1650000.0,42575
8466896,1,1,1,10,2025,2,36,5.0,1623500.0,50838
8443955,1,1,1,10,2025,2,33,8.0,1200000.0,18911
8436376,1,1,1,10,2025,1,53,1.0,1400000.0,1025
8440781,1,3,1,10,2025,2,50,5.0,350000.0,11408
8466240,1,1,1,10,2025,1,39,8.0,3000000.0,49245
8470071,1,2,1,10,2025,1,19,8.0,1423500.0,58862
8470839,1,1,1,10,2025,2,55,3.0,1423500.0,60764
8444365,1,1,1,10,2025,2,60,4.0,2100000.0,19935
8443499,1,2,1,10,2025,1,24,5.0,1600000.0,17746
8436597,1,2,1,10,2025,1,61,4.0,250000.0,1565
8462611,1,2,1,10,2025,2,23,5.0,500000.0,41390
8463488,1,1,1,10,2025,2,32,11.0,3400000.0,43427
8466249,1,1,1,10,2025,1,58,5.0,2000000.0,49259
8439840,1,1,1,10,2025,2,29,8.0,800000.0,9277
8445392,1,2,1,10,2025,2,42,9.0,1423500.0,22147
8468106,1,1,1,10,2025,1,37,8.0,1700000.0,53854
8442838,1,1,1,10,2025,1,52,11.0,6040000.0,16058
8451657,1,1,1,10,2025,1,31,5.0,1000000.0,36792
8464058,1,1,1,10,2025,2,40,9.0,1423500.0,44688
8437870,1,1,1,10,2025,2,36,5.0,600000.0,4753
8470146,1,1,1,10,2025,2,19,6.0,600000.0,59043
8437793,1,1,1,10,2025,2,50,4.0,1509600.0,4575
8461789,1,2,1,10,2025,2,58,4.0,450000.0,39398
8450341,1,2,1,10,2025,2,60,5.0,700000.0,33521
8471851,1,4,1,10,2025,1,36,11.0,1400000.0,62793
8441082,1,2,1,10,2025,1,38,5.0,2600000.0,12039
8446299,1,1,1,10,2025,1,33,5.0,1500000.0,24351
8465464,1,1,1,10,2025,1,69,3.0,1600000.0,47670
8463055,1,3,1,10,2025,1,54,3.0,1120000.0,42317
8446194,1,1,1,10,2025,1,69,5.0,900000.0,24013
8441785,1,2,1,10,2025,2,29,8.0,1580000.0,13487
8437624,1,1,1,10,2025,1,53,5.0,1800000.0,4222
8450776,1,1,1,10,2025,2,33,11.0,3800000.0,34568
8470047,1,1,1,10,2025,2,55,5.0,600000.0,58781
8450130,1,1,1,10,2025,1,54,5.0,2200000.0,32964
8443577,1,1,1,10,2025,2,36,4.0,900000.0,17947
8445951,1,1,1,10,2025,2,64,1.0,720000.0,23404
8467371,1,2,1,10,2025,2,47,5.0,1300000.0,52043
8441646,1,3,1,10,2025,2,28,10.0,4800000.0,13205
8445480,1,1,1,10,2025,2,63,4.0,1100000.0,22350
8440038,1,1,1,10,2025,1,75,3.0,500000.0,9637
8437227,1,1,1,10,2025,1,61,3.0,650000.0,3229
8440835,1,1,1,10,2025,2,35,5.0,400000.0,11560
8439154,1,2,1,10,2025,2,29,10.0,1423500.0,7622
8470549,1,4,1,10,2025,1,33,5.0,2400000.0,59989
8448227,1,1,1,10,2025,2,27,5.0,600000.0,28769
8452073,1,1,1,10,2025,2,56,3.0,600000.0,37866
8471878,1,1,1,10,2025,2,40,5.0,800000.0,62852
8451961,1,1,1,10,2025,2,41,3.0,900000.0,37589
8468314,1,3,1,10,2025,1,33,5.0,1600000.0,54294
8449517,1,2,1,10,2025,1,47,3.0,1650000.0,31437
8471828,1,2,1,10,2025,2,40,8.0,1423500.0,62745
8470454,1,1,1,10,2025,2,35,12.0,4400000.0,59780
8466731,1,1,1,10,2025,1,30,4.0,1650000.0,50457
8436903,1,1,1,10,2025,1,30,8.0,1200000.0,2433
8468949,1,1,1,10,2025,2,30,5.0,700000.0,55890
8466972,1,3,1,10,2025,2,39,10.0,300000.0,50997
8473602,1,2,1,10,2025,1,22,5.0,900000.0,65923
8446600,1,1,1,10,2025,2,49,11.0,20000000.0,25114
8441561,1,2,1,10,2025,2,53,9.0,3000000.0,13038
8436177,1,2,1,10,2025,2,20,5.0,460000.0,563
8468697,1,2,1,10,2025,2,24,11.0,5263000.0,55262
8446752,1,1,1,10,2025,2,70,3.0,1000000.0,25417
8468687,1,2,1,10,2025,2,52,5.0,1423500.0,55232
8464315,1,1,1,10,2025,2,24,5.0,800000.0,45143
8443010,1,2,1,10,2025,1,53,1.0,300000.0,16473
8444653,1,1,1,10,2025,2,58,6.0,1800000.0,20706
8468599,1,1,1,10,2025,2,46,3.0,500000.0,55017
8450181,1,1,1,10,2025,2,35,5.0,1423500.0,33109
8450285,1,3,1,10,2025,2,39,5.0,1423500.0,33369
8437649,1,1,1,10,2025,2,51,10.0,1623000.0,4280
8436706,1,1,1,10,2025,1,39,8.0,2000000.0,1863
8467876,1,2,1,10,2025,2,45,11.0,4500000.0,53293
8440809,1,4,1,10,2025,1,34,3.0,1500000.0,11489
8472181,1,2,1,10,2025,2,32,5.0,600000.0,63482
8442783,1,1,1,10,2025,2,25,10.0,2000000.0,15922
8464913,1,1,1,10,2025,2,42,5.0,800000.0,46533
8441623,1,2,1,10,2025,1,56,5.0,800000.0,13143
8445816,1,2,1,10,2025,1,57,10.0,800000.0,23117
8447257,1,2,1,10,2025,2,66,1.0,250000.0,26505
8446482,1,1,1,10,2025,2,31,10.0,1940000.0,24804
8450714,1,1,1,10,2025,1,64,5.0,5500000.0,34427
8447472,1,1,1,10,2025,2,49,11.0,4500000.0,27073
8465114,1,2,1,10,2025,1,60,5.0,1423500.0,47043
8438041,1,1,1,10,2025,2,62,10.0,0.0,5094
8452242,1,1,1,10,2025,1,64,10.0,600000.0,38305
8438288,1,1,1,10,2025,1,49,10.0,2000000.0,5615
8437311,1,1,1,10,2025,2,65,3.0,400000.0,3486
8449457,1,1,1,10,2025,1,55,3.0,2000000.0,31290
8439483,1,1,1,10,2025,2,61,4.0,500000.0,8377
8451857,1,3,1,10,2025,2,25,10.0,1800000.0,37324
8442194,1,4,1,10,2025,2,35,5.0,1423500.0,14513
8444479,1,1,1,10,2025,2,29,5.0,600000.0,20253
8468069,1,2,1,10,2025,1,49,3.0,1800000.0,53771
8467249,1,1,1,10,2025,2,53,8.0,2500000.0,51736
8444032,1,2,1,10,2025,1,41,5.0,1600000.0,19138
8447417,1,2,1,10,2025,1,35,5.0,1400000.0,26940
8446595,1,4,1,10,2025,2,23,10.0,710000.0,25107
8448548,1,1,1,10,2025,1,37,8.0,1800000.0,29381
8441548,1,1,1,10,2025,2,68,5.0,1400000.0,12997
8470898,1,2,1,10,2025,1,46,3.0,2000000.0,60891
8468225,1,3,1,10,2025,2,21,4.0,500000.0,54097
8441444,1,1,1,10,2025,2,22,6.0,1680000.0,12773
8445431,1,1,1,10,2025,2,52,10.0,6000000.0,22245
8464603,1,1,1,10,2025,2,62,3.0,1000000.0,45866
8450960,1,2,1,10,2025,1,27,5.0,500000.0,35040
8444854,1,1,1,10,2025,1,55,8.0,1423500.0,21247
8466096,1,1,1,10,2025,2,35,8.0,3500000.0,48948
8436980,1,1,1,10,2025,2,46,5.0,1423500.0,2663
8437321,1,1,1,10,2025,1,46,5.0,1200000.0,3519
8470413,1,1,1,10,2025,2,54,5.0,1800000.0,59664
8447025,1,1,1,10,2025,2,24,5.0,950000.0,26042
8444924,1,4,1,10,2025,2,32,5.0,1700000.0,21427
8439042,1,2,1,10,2025,1,45,5.0,1800000.0,7353
8468325,1,1,1,10,2025,2,69,5.0,1600000.0,54321
8442203,1,4,1,10,2025,2,32,5.0,1423500.0,14551
8473314,1,3,1,10,2025,1,20,9.0,1800000.0,65684
8451827,1,2,1,10,2025,1,41,6.0,3000000.0,37243
8436864,1,1,1,10,2025,2,71,5.0,280000.0,2278
8465364,1,2,1,10,2025,1,60,4.0,800000.0,47491
8466742,1,1,1,10,2025,2,43,5.0,400000.0,50473
8465448,1,2,1,10,2025,1,29,5.0,1500000.0,47640
8438077,1,2,1,10,2025,2,47,12.0,4800000.0,5156
8471235,1,1,1,10,2025,1,33,8.0,3200000.0,61593
8463004,1,1,1,10,2025,1,65,3.0,600000.0,42209
8465074,1,1,1,10,2025,2,45,10.0,2000000.0,46931
8466342,1,1,1,10,2025,1,32,3.0,580000.0,49445
8441867,1,2,1,10,2025,1,32,4.0,300000.0,13673
8469737,1,1,1,10,2025,1,68,5.0,800000.0,58011
8438235,1,1,1,10,2025,1,29,1.0,560000.0,5467
8463347,1,3,1,10,2025,2,36,10.0,1600000.0,43015
8443959,1,1,1,10,2025,2,40,8.0,1623500.0,18920
8462872,1,3,1,10,2025,2,34,10.0,711750.0,41933
8443052,1,2,1,10,2025,1,55,10.0,1423000.0,16603
8436126,1,1,1,10,2025,2,52,3.0,600000.0,452
8447214,1,2,1,10,2025,2,28,8.0,1200000.0,26380
8462227,1,2,1,10,2025,1,52,5.0,500000.0,40536
8447147,1,1,1,10,2025,2,47,12.0,9000000.0,26259
8466967,1,2,1,10,2025,1,34,5.0,800000.0,50978
8472839,1,1,1,10,2025,1,33,5.0,1423500.0,64801
8466455,1,2,1,10,2025,2,24,6.0,650000.0,49780
8465760,1,2,1,10,2025,2,37,5.0,280000.0,48245
8441103,1,1,1,10,2025,1,54,8.0,2200000.0,12077
8471392,1,2,1,10,2025,1,25,8.0,3023000.0,61895
8441558,1,2,1,10,2025,1,21,5.0,1500000.0,13029
8469765,1,1,1,10,2025,1,41,3.0,800000.0,58097
8442698,1,2,1,10,2025,1,40,10.0,2500000.0,15716
8439273,1,1,1,10,2025,1,44,10.0,3200000.0,7880
8465778,1,3,1,10,2025,1,23,11.0,1500000.0,48293
8437065,1,1,1,10,2025,1,40,10.0,15000000.0,2858
8449575,1,1,1,10,2025,1,68,3.0,900000.0,31570
8468518,1,1,1,10,2025,1,48,10.0,3000000.0,54832
8437454,1,1,1,10,2025,1,43,10.0,1423500.0,3862
8468465,1,1,1,10,2025,1,45,11.0,5000000.0,54709
8436012,1,3,1,10,2025,2,29,3.0,750000.0,168
8466110,1,1,1,10,2025,2,51,4.0,1700000.0,48975
8462800,1,1,1,10,2025,1,46,5.0,500000.0,41802
8442550,1,2,1,10,2025,2,58,10.0,4500000.0,15391
8464293,1,1,1,10,2025,2,57,12.0,8550000.0,45077
8473345,1,1,1,10,2025,2,35,5.0,1250000.0,65728
8467209,1,2,1,10,2025,2,21,8.0,1423500.0,51650
8469932,1,1,1,10,2025,1,65,11.0,5000000.0,58491
8451625,1,3,1,10,2025,1,60,4.0,1300000.0,36695
8446739,1,2,1,10,2025,2,26,10.0,1423500.0,25378
8471797,1,2,1,10,2025,1,24,8.0,3000000.0,62686
8466083,1,2,1,10,2025,2,40,5.0,1423500.0,48925
8462373,1,1,1,10,2025,1,70,3.0,1760000.0,40836
8452276,1,1,1,10,2025,2,31,10.0,700000.0,38405
8438744,1,4,1,10,2025,2,58,4.0,1423000.0,6723
8445814,1,3,1,10,2025,2,27,9.0,1900000.0,23113
8472312,1,1,1,10,2025,2,60,3.0,600000.0,63752
8448303,1,1,1,10,2025,2,30,5.0,600000.0,28871
8442001,1,1,1,10,2025,1,59,3.0,400000.0,14067
8472198,1,2,1,10,2025,2,37,10.0,1423500.0,63528
8436059,1,1,1,10,2025,1,56,3.0,1650000.0,296
8470266,1,1,1,10,2025,1,31,5.0,1423500.0,59309
8449252,1,1,1,10,2025,1,40,3.0,600000.0,30722
8437988,1,2,1,10,2025,2,66,11.0,4850000.0,4967
8438980,1,1,1,10,2025,1,19,5.0,1423500.0,7224
8451503,1,1,1,10,2025,1,60,8.0,4600000.0,36414
8449449,1,1,1,10,2025,2,45,11.0,4000000.0,31277
8467102,1,1,1,10,2025,2,36,8.0,800000.0,51370
8450834,1,1,1,10,2025,1,30,4.0,1400000.0,34705
8468977,1,3,1,10,2025,1,23,9.0,1750000.0,55954
8472777,1,1,1,10,2025,1,34,6.0,2000000.0,64698
8446908,1,2,1,10,2025,2,53,10.0,3500000.0,25781
8438141,1,1,1,10,2025,2,27,8.0,1423500.0,5272
8443301,1,2,1,10,2025,2,51,5.0,100000.0,17220
8448087,1,3,1,10,2025,1,54,10.0,2500000.0,28462
8450590,1,3,1,10,2025,2,23,4.0,1200000.0,34127
8472609,1,1,1,10,2025,1,46,3.0,1423500.0,64325
8463518,1,1,1,10,2025,1,21,5.0,2000000.0,43493
8449739,1,1,1,10,2025,1,48,1.0,1200000.0,32002
8468372,1,1,1,10,2025,2,32,5.0,300000.0,54446
8451476,1,1,1,10,2025,1,49,5.0,2400000.0,36348
8447897,1,1,1,10,2025,1,54,3.0,1400000.0,27975
8441596,1,1,1,10,2025,1,51,4.0,1000000.0,13111
8441318,1,1,1,10,2025,1,64,3.0,2000000.0,12503
8466495,1,3,1,10,2025,2,25,5.0,800000.0,49894
8440879,1,2,1,10,2025,2,51,10.0,2600000.0,11679
8463759,1,1,1,10,2025,2,40,3.0,800000.0,44024
8462989,1,2,1,10,2025,2,53,3.0,300000.0,42170
8466367,1,1,1,10,2025,2,54,4.0,800000.0,49523
8469996,1,2,1,10,2025,2,22,5.0,700000.0,58667
8448160,1,3,1,10,2025,1,19,10.0,1423500.0,28579
8470947,1,1,1,10,2025,1,26,9.0,2710000.0,61002
8466271,1,1,1,10,2025,1,24,5.0,1600000.0,49286
8446206,1,5,1,10,2025,2,61,5.0,3620000.0,24050
8439798,1,3,1,10,2025,1,33,5.0,1600000.0,9152
8437377,1,2,1,10,2025,1,25,5.0,1423500.0,3682
8436574,1,1,1,10,2025,1,43,10.0,1000000.0,1505
8471683,1,1,1,10,2025,2,60,10.0,4000000.0,62457
8447564,1,5,1,10,2025,1,24,10.0,1500000.0,27250
8464255,1,1,1,10,2025,2,39,10.0,1600000.0,45035
8446805,1,4,1,10,2025,1,57,10.0,3000000.0,25541
8469839,1,2,1,10,2025,2,34,9.0,2000000.0,58268
8462875,1,2,1,10,2025,2,43,5.0,1423500.0,41939
8438559,1,1,1,10,2025,1,56,5.0,1900000.0,6294
8469561,1,3,1,10,2025,2,30,5.0,750000.0,57525
8446873,1,1,1,10,2025,1,24,11.0,2200000.0,25701
8444524,1,3,1,10,2025,2,29,10.0,700000.0,20372
8464457,1,3,1,10,2025,1,40,4.0,900000.0,45516
8472011,1,2,1,10,2025,2,69,5.0,600000.0,63092
8450757,1,2,1,10,2025,1,34,3.0,1423500.0,34533
8470492,1,1,1,10,2025,2,31,5.0,2800000.0,59863
8445256,1,1,1,10,2025,1,39,5.0,590000.0,21787
8462571,1,1,1,10,2025,1,52,3.0,1538000.0,41312
8450170,1,1,1,10,2025,2,50,5.0,1200000.0,33082
8436804,1,1,1,10,2025,1,31,10.0,3000000.0,2071
8444400,1,1,1,10,2025,1,37,8.0,1600000.0,20041
8469549,1,2,1,10,2025,1,46,5.0,1200000.0,57490
8472882,1,1,1,10,2025,2,44,3.0,1500000.0,64914
8469118,1,4,1,10,2025,1,40,3.0,800000.0,56343
8442548,1,2,1,10,2025,1,45,8.0,1400000.0,15384
8440473,1,1,1,10,2025,1,29,4.0,700000.0,10599
8440674,1,1,1,10,2025,2,47,11.0,2500000.0,11162
8472140,1,5,1,10,2025,1,46,5.0,1600000.0,63394
8451780,1,1,1,10,2025,2,22,5.0,1400000.0,37132
8444823,1,1,1,10,2025,1,64,5.0,1800000.0,21177
8464451,1,2,1,10,2025,1,28,8.0,1000000.0,45497
8438675,1,1,1,10,2025,1,48,4.0,500000.0,6569
8447271,1,2,1,10,2025,2,26,5.0,2000000.0,26552
8473894,1,3,1,10,2025,2,25,8.0,1600000.0,66527
8473898,1,1,1,10,2025,2,30,10.0,3800000.0,66538
8451596,1,2,1,10,2025,2,27,10.0,2800000.0,36613
8451428,1,1,1,10,2025,1,62,3.0,600000.0,36246
8473314,1,2,1,10,2025,2,43,5.0,1623000.0,65683
8451048,1,1,1,10,2025,1,43,5.0,1423500.0,35247
8462895,1,1,1,10,2025,1,53,3.0,1620000.0,41980
8442389,1,3,1,10,2025,2,41,10.0,2500000.0,15024
8444599,1,3,1,10,2025,1,28,5.0,1300000.0,20565
8472555,1,2,1,10,2025,2,26,5.0,1423500.0,64216
8449853,1,6,1,10,2025,2,23,9.0,800000.0,32275
8443444,1,1,1,10,2025,2,49,3.0,2000000.0,17590
8469278,1,2,1,10,2025,1,60,3.0,1423500.0,56761
8469808,1,3,1,10,2025,2,25,4.0,170000.0,58214
8436876,1,1,1,10,2025,1,49,5.0,750000.0,2324
8464179,1,1,1,10,2025,2,23,5.0,200000.0,44908
8451096,1,1,1,10,2025,1,50,10.0,3520000.0,35352
8445254,1,3,1,10,2025,2,18,8.0,300000.0,21781
8439987,1,1,1,10,2025,1,79,3.0,1300000.0,9534
8446350,1,1,1,10,2025,1,34,10.0,4000000.0,24497
8442924,1,1,1,10,2025,2,29,8.0,280000.0,16252
8437689,1,1,1,10,2025,2,43,10.0,2600000.0,4377
8450734,1,1,1,10,2025,2,40,4.0,1400000.0,34471
8470059,1,1,1,10,2025,1,50,3.0,2000000.0,58822
8445188,1,3,1,10,2025,1,21,5.0,350000.0,21592
8449112,1,1,1,10,2025,2,41,11.0,3500000.0,30459
8462629,1,2,1,10,2025,1,53,5.0,1820000.0,41422
8450289,1,1,1,10,2025,1,47,5.0,1623000.0,33380
8465116,1,1,1,10,2025,1,68,3.0,300000.0,47048
8448417,1,2,1,10,2025,1,23,5.0,1400000.0,29109
8442380,1,1,1,10,2025,2,41,8.0,1423500.0,14999
8451790,1,2,1,10,2025,2,33,5.0,1500000.0,37161
8462553,1,2,1,10,2025,1,29,5.0,1900000.0,41267
8447424,1,3,1,10,2025,1,25,5.0,500000.0,26955
8450778,1,2,1,10,2025,1,36,5.0,2500000.0,34573
8440325,1,1,1,10,2025,1,55,5.0,1600000.0,10289
8473306,1,2,1,10,2025,2,19,5.0,1400000.0,65661
8446550,1,3,1,10,2025,2,32,4.0,1000000.0,24957
8472113,1,2,1,10,2025,2,39,5.0,1723500.0,63315
8470208,1,2,1,10,2025,2,35,5.0,1500000.0,59169
8461768,1,1,1,10,2025,2,59,5.0,1350000.0,39330
8437587,1,2,1,10,2025,2,27,10.0,2600000.0,4145
8439471,1,1,1,10,2025,2,61,3.0,800000.0,8352
8466993,1,1,1,10,2025,2,44,1.0,214000.0,51068
8462471,1,2,1,10,2025,2,30,11.0,3000000.0,41054
8436853,1,1,1,10,2025,2,55,8.0,1600000.0,2227
8463204,1,1,1,10,2025,2,31,10.0,2000000.0,42635
8436807,1,2,1,10,2025,2,36,10.0,2600000.0,2075
8436884,1,1,1,10,2025,2,56,5.0,100000.0,2354
8441364,1,1,1,10,2025,2,34,5.0,1440000.0,12608
8473283,1,2,1,10,2025,2,23,5.0,900000.0,65599
8472881,1,1,1,10,2025,2,40,3.0,2000000.0,64910
8465731,1,2,1,10,2025,1,35,10.0,1400000.0,48179
8442494,1,1,1,10,2025,1,70,4.0,100000.0,15264
8462458,1,2,1,10,2025,1,57,4.0,500000.0,41025
8463624,1,2,1,10,2025,1,35,5.0,1800000.0,43713
8445350,1,1,1,10,2025,1,41,1.0,1200000.0,22048
8468378,1,2,1,10,2025,2,35,10.0,1423500.0,54471
8471235,1,2,1,10,2025,2,33,10.0,3392000.0,61594
8466709,1,2,1,10,2025,1,25,5.0,800000.0,50408
8436427,1,2,1,10,2025,2,45,10.0,3500000.0,1120
8449277,1,2,1,10,2025,2,27,3.0,500000.0,30810
8437021,1,2,1,10,2025,2,36,10.0,5500000.0,2763
8471757,1,1,1,10,2025,2,39,10.0,3000000.0,62588
8438462,1,1,1,10,2025,2,36,5.0,900000.0,6063
8464382,1,1,1,10,2025,2,25,4.0,400000.0,45323
8467467,1,3,1,10,2025,2,40,11.0,1423500.0,52275
8451250,1,1,1,10,2025,1,37,5.0,1423000.0,35774
8443211,1,1,1,10,2025,1,46,1.0,800000.0,16950
8468959,1,1,1,10,2025,2,45,3.0,1423500.0,55908
8443675,1,2,1,10,2025,2,70,5.0,2000000.0,18224
8470521,1,5,1,10,2025,1,27,5.0,2300000.0,59915
8467996,1,1,1,10,2025,1,50,10.0,1423500.0,53589
8442958,1,1,1,10,2025,2,49,9.0,2600000.0,16345
8469545,1,2,1,10,2025,2,44,10.0,2045000.0,57483
8463756,1,4,1,10,2025,1,22,5.0,1000000.0,44016
8468906,1,2,1,10,2025,1,19,10.0,1423500.0,55814
8436898,1,2,1,10,2025,2,30,8.0,1200000.0,2409
8448922,1,2,1,10,2025,2,30,8.0,2000000.0,30105
8463911,1,3,1,10,2025,1,31,5.0,2000000.0,44376
8473864,1,3,1,10,2025,1,37,10.0,3000000.0,66436
8440456,1,1,1,10,2025,1,42,6.0,1423500.0,10563
8468950,1,2,1,10,2025,2,40,3.0,1500000.0,55894
8469789,1,2,1,10,2025,1,40,5.0,1200000.0,58164
8449304,1,1,1,10,2025,1,46,1.0,700000.0,30887
8452190,1,2,1,10,2025,1,29,4.0,1200000.0,38161
8440925,1,1,1,10,2025,2,31,10.0,1400000.0,11744
8443986,1,1,1,10,2025,2,41,5.0,900000.0,18987
8448337,1,3,1,10,2025,1,46,5.0,900000.0,28927
8442317,1,2,1,10,2025,1,59,3.0,500000.0,14835
8461937,1,2,1,10,2025,1,36,4.0,960000.0,39818
8448594,1,1,1,10,2025,2,39,6.0,1800000.0,29480
8436157,1,2,1,10,2025,2,58,3.0,500000.0,518
8436509,1,10,1,10,2025,2,23,5.0,1423500.0,1344
8472129,1,2,1,10,2025,1,29,3.0,400000.0,63358
8462703,1,1,1,10,2025,2,47,5.0,300000.0,41573
8443945,1,5,1,10,2025,1,51,8.0,1400000.0,18885
8437124,1,3,1,10,2025,2,32,5.0,2040000.0,2996
8450538,1,1,1,10,2025,1,60,3.0,1800000.0,33976
8442713,1,1,1,10,2025,1,38,10.0,1700000.0,15751
8449295,1,1,1,10,2025,1,43,3.0,400000.0,30854
8445432,1,2,1,10,2025,2,32,5.0,1120000.0,22248
8441364,1,2,1,10,2025,1,37,5.0,1423500.0,12609
8444349,1,1,1,10,2025,2,32,5.0,1423500.0,19899
8471353,1,2,1,10,2025,2,57,3.0,800000.0,61805
8447602,1,1,1,10,2025,2,26,5.0,1200000.0,27315
8463381,1,1,1,10,2025,2,57,9.0,1423500.0,43120
8437708,1,1,1,10,2025,2,56,11.0,6300000.0,4412
8442096,1,1,1,10,2025,1,66,3.0,1723500.0,14270
8443612,1,2,1,10,2025,2,45,9.0,2300000.0,18046
8446207,1,1,1,10,2025,1,34,11.0,11388000.0,24051
8437042,1,3,1,10,2025,1,41,8.0,2000000.0,2805
8436502,1,1,1,10,2025,2,60,3.0,1423500.0,1309
8473620,1,1,1,10,2025,2,54,5.0,660000.0,65984
8439862,1,1,1,10,2025,1,68,3.0,600000.0,9347
8439372,1,1,1,10,2025,1,64,3.0,1680000.0,8134
8468373,1,1,1,10,2025,1,30,5.0,800000.0,54450
8444735,1,2,1,10,2025,2,28,10.0,3800000.0,20932
8462490,1,1,1,10,2025,2,71,3.0,500000.0,41094
8446918,1,3,1,10,2025,1,45,12.0,2847000.0,25815
8465113,1,1,1,10,2025,2,68,4.0,968000.0,47040
8463995,1,3,1,10,2025,1,34,9.0,4000000.0,44561
8443302,1,2,1,10,2025,2,57,5.0,300000.0,17225
8472202,2,1,2,10,2025,1,18,5.0,1680000.0,63538
8472142,1,3,1,10,2025,1,60,5.0,700000.0,63399
8467282,1,2,1,10,2025,2,27,5.0,140000.0,51817
8467927,1,2,1,10,2025,1,24,9.0,1000000.0,53419
8444191,1,1,1,10,2025,2,37,5.0,500000.0,19500
8467576,1,1,1,10,2025,2,30,8.0,1800000.0,52520
8438264,1,1,1,10,2025,1,38,10.0,4000000.0,5543
8463493,1,1,1,10,2025,2,37,9.0,3000000.0,43440
8441492,1,1,1,10,2025,2,35,5.0,2300000.0,12867
8445285,1,3,1,10,2025,2,41,5.0,1423500.0,21874
8440389,1,1,1,10,2025,2,49,5.0,1500000.0,10441
8463432,1,1,1,10,2025,1,51,4.0,800000.0,43276
8450026,1,2,1,10,2025,1,31,5.0,1600000.0,32718
8442629,1,1,1,10,2025,2,78,5.0,1200000.0,15540
8469912,1,4,1,10,2025,1,26,4.0,1423000.0,58445
8441641,1,2,1,10,2025,1,31,4.0,1300000.0,13196
8438532,1,1,1,10,2025,2,41,5.0,1423500.0,6245
8448705,1,5,1,10,2025,1,24,5.0,380000.0,29698
8447704,1,1,1,10,2025,1,29,10.0,2860000.0,27538
8470448,1,5,1,10,2025,2,31,9.0,1800000.0,59772
8471902,1,1,1,10,2025,1,39,5.0,1800000.0,62903
8445724,1,1,1,10,2025,2,59,4.0,1200000.0,22913
8443621,1,4,1,10,2025,2,22,5.0,300000.0,18078
8466620,1,2,1,10,2025,1,16,3.0,1000000.0,50196
8448666,1,3,1,10,2025,1,29,5.0,950000.0,29589
8437512,1,2,1,10,2025,2,25,10.0,1423500.0,4030
8445257,1,1,1,10,2025,1,23,5.0,1930000.0,21791
8463192,1,6,1,10,2025,1,24,5.0,2418000.0,42596
8463165,1,2,1,10,2025,2,27,10.0,3500000.0,42531
8463706,1,1,1,10,2025,1,48,3.0,1600000.0,43906
8469155,1,1,1,10,2025,1,62,3.0,1500000.0,56452
8448354,1,2,1,10,2025,2,58,8.0,2500000.0,28950
8471060,1,1,1,10,2025,2,29,9.0,1400000.0,61258
8446089,1,2,1,10,2025,1,57,5.0,200000.0,23742
8437058,1,1,1,10,2025,2,47,8.0,1000000.0,2841
8466411,1,1,1,10,2025,2,22,4.0,350000.0,49652
8447856,1,2,1,10,2025,1,57,4.0,1200000.0,27898
8440203,1,4,1,10,2025,1,18,4.0,1600000.0,9993
8443455,1,2,1,10,2025,1,27,5.0,1800000.0,17617
8470262,1,1,1,10,2025,1,70,3.0,500000.0,59298
8467867,1,2,1,10,2025,1,32,5.0,2000000.0,53266
8447798,1,1,1,10,2025,2,27,9.0,1423500.0,27727
8470757,1,1,1,10,2025,1,31,5.0,2000000.0,60526
8467499,1,1,1,10,2025,2,23,10.0,3000000.0,52349
8451864,1,1,1,10,2025,2,47,5.0,1800000.0,37342
8436707,1,1,1,10,2025,2,63,10.0,1000000.0,1865
8444259,1,4,1,10,2025,2,19,5.0,1200000.0,19675
8451079,1,2,1,10,2025,2,55,4.0,500000.0,35322
8469885,1,1,1,10,2025,2,57,3.0,1423500.0,58377
8443627,1,3,1,10,2025,1,20,10.0,600000.0,18095
8469428,1,1,1,10,2025,1,63,3.0,1200000.0,57180
8450569,1,1,1,10,2025,1,67,3.0,250000.0,34065
8441264,1,2,1,10,2025,2,25,10.0,2300000.0,12428
8466735,1,1,1,10,2025,2,32,10.0,1150000.0,50468
8471527,1,1,1,10,2025,2,45,5.0,1300000.0,62115
8462070,1,1,1,10,2025,1,29,5.0,1500000.0,40168
8444443,1,2,1,10,2025,2,44,11.0,5200000.0,20153
8462104,1,1,1,10,2025,2,25,8.0,1300000.0,40247
8448464,1,1,1,10,2025,1,43,10.0,5000000.0,29197
8462150,1,1,1,10,2025,2,48,4.0,200000.0,40385
8443544,1,1,1,10,2025,2,59,8.0,1423500.0,17862
8447914,1,2,1,10,2025,1,44,5.0,3000000.0,28027
8440460,1,1,1,10,2025,2,49,6.0,1423500.0,10571
8437135,1,3,1,10,2025,2,19,5.0,400000.0,3022
8441247,1,2,1,10,2025,2,34,12.0,3800000.0,12394
8464210,1,1,1,10,2025,2,56,4.0,600000.0,44974
8467353,1,2,1,10,2025,2,47,10.0,2400000.0,51995
8470838,1,2,1,10,2025,2,22,10.0,1600000.0,60763
8451781,1,1,1,10,2025,2,37,5.0,1550000.0,37134
8469525,1,1,1,10,2025,2,30,10.0,3000000.0,57419
8437348,1,1,1,10,2025,2,48,8.0,800000.0,3599
8440571,1,1,1,10,2025,2,50,5.0,2000000.0,10853
8472318,1,1,1,10,2025,2,37,5.0,900000.0,63781
8437634,1,1,1,10,2025,2,23,10.0,300000.0,4244
8462011,1,3,1,10,2025,2,20,5.0,120000.0,40041
8462442,1,2,1,10,2025,2,57,4.0,200000.0,40993
8445362,1,1,1,10,2025,2,40,4.0,1000000.0,22080
8467447,1,2,1,10,2025,1,24,3.0,600000.0,52212
8447477,1,1,1,10,2025,2,44,10.0,3500000.0,27082
8469755,1,1,1,10,2025,2,60,4.0,1400000.0,58064
8466526,1,2,1,10,2025,2,43,3.0,600000.0,49987
8440342,1,2,1,10,2025,2,36,4.0,1500000.0,10325
8448379,1,1,1,10,2025,2,46,8.0,1200000.0,29010
8471216,1,1,1,10,2025,1,41,12.0,7000000.0,61552
8470855,1,1,1,10,2025,2,31,5.0,1700000.0,60785
8446141,1,2,1,10,2025,1,54,3.0,1423500.0,23880
8462912,1,2,1,10,2025,1,43,10.0,1600000.0,42013
8446354,1,1,1,10,2025,2,30,10.0,2600000.0,24506
8471308,1,1,1,10,2025,1,44,4.0,2800000.0,61734
8465814,1,1,1,10,2025,2,51,3.0,800000.0,48378
8446128,1,1,1,10,2025,2,45,4.0,1423500.0,23852
8449932,1,2,1,10,2025,2,21,9.0,1923500.0,32460
8447546,1,1,1,10,2025,2,42,10.0,5000000.0,27208
8451903,1,1,1,10,2025,2,51,4.0,1600000.0,37427
8462199,1,1,1,10,2025,1,67,3.0,600000.0,40469
8446785,1,1,1,10,2025,2,30,5.0,1500000.0,25496
8436468,1,1,1,10,2025,2,37,5.0,1600000.0,1221
8437019,1,1,1,10,2025,2,30,11.0,9900000.0,2758
8452394,1,1,1,10,2025,2,31,9.0,4100000.0,38695
8446028,1,1,1,10,2025,1,36,5.0,2500000.0,23608
8467736,1,2,1,10,2025,1,19,5.0,1400000.0,52917
8443578,1,3,1,10,2025,2,29,5.0,1400000.0,17953
8466768,1,3,1,10,2025,1,56,3.0,1000000.0,50545
8471228,1,1,1,10,2025,2,59,3.0,300000.0,61578
8438580,1,1,1,10,2025,2,69,4.0,600000.0,6354
8451139,1,4,1,10,2025,2,35,10.0,8000000.0,35476
8438508,1,2,1,10,2025,1,35,5.0,5000000.0,6189
8448172,1,1,1,10,2025,1,32,10.0,6000000.0,28611
8447258,1,1,1,10,2025,1,71,4.0,750000.0,26510
8435978,1,2,1,10,2025,1,28,1.0,500000.0,28
8465645,1,2,1,10,2025,1,52,3.0,1680000.0,48018
8450095,1,2,1,10,2025,2,57,3.0,4300000.0,32904
8438397,1,3,1,10,2025,2,47,12.0,2600000.0,5908
8440618,1,2,1,10,2025,2,28,5.0,8000000.0,11006
8470098,1,1,1,10,2025,1,40,5.0,1500000.0,58928
8442948,1,2,1,10,2025,2,48,9.0,1423500.0,16327
8469310,1,3,1,10,2025,2,32,5.0,720000.0,56868
8473294,1,1,1,10,2025,2,39,8.0,1700000.0,65622
8444227,1,2,1,10,2025,1,62,10.0,4700000.0,19580
8471904,1,2,1,10,2025,2,22,5.0,1600000.0,62908
8450374,1,1,1,10,2025,1,45,5.0,2423000.0,33602
8466555,1,1,1,10,2025,2,25,8.0,500000.0,50035
8438269,1,3,1,10,2025,2,30,5.0,580000.0,5562
8436063,1,1,1,10,2025,2,33,5.0,400000.0,302
8449497,1,2,1,10,2025,1,53,3.0,1423500.0,31387
8440325,1,2,1,10,2025,2,53,8.0,1800000.0,10290
8436979,1,2,1,10,2025,2,61,11.0,6000000.0,2661
8443838,1,1,1,10,2025,2,21,10.0,700000.0,18645
8448055,1,3,1,10,2025,1,23,5.0,1400000.0,28385
8448888,1,1,1,10,2025,2,46,4.0,1000000.0,30009
8452162,1,1,1,10,2025,2,36,6.0,5000000.0,38103
8446397,1,2,1,10,2025,2,39,10.0,14955000.0,24610
8472538,1,3,1,10,2025,2,22,4.0,800000.0,64183
8465865,1,4,1,10,2025,1,22,4.0,1300000.0,48511
8445848,1,3,1,10,2025,2,24,9.0,500000.0,23182
8438164,2,1,2,10,2025,2,43,3.0,480000.0,5324
8450122,1,1,1,10,2025,2,45,10.0,3000000.0,32953
8467271,3,1,3,10,2025,2,33,4.0,300000.0,51788
8445771,1,2,1,10,2025,2,37,5.0,350000.0,23010
8451568,1,3,1,10,2025,2,25,11.0,4500000.0,36565
8439737,1,1,1,10,2025,2,34,8.0,1600000.0,9028
8436838,1,4,1,10,2025,1,82,4.0,1400000.0,2171
8465125,1,3,1,10,2025,1,18,5.0,1000000.0,47076
8446615,1,2,1,10,2025,2,26,4.0,600000.0,25163
8436906,1,1,1,10,2025,2,62,4.0,200000.0,2444
8439114,1,2,1,10,2025,1,29,10.0,3700000.0,7542
8471892,1,1,1,10,2025,2,39,10.0,1423500.0,62889
8470573,1,2,1,10,2025,1,29,5.0,3700000.0,60052
8466484,1,1,1,10,2025,1,37,5.0,1500000.0,49861
8464474,1,1,1,10,2025,1,42,5.0,4000000.0,45552
8446954,1,1,1,10,2025,2,31,5.0,1423500.0,25903
8449174,1,3,1,10,2025,1,17,4.0,2400000.0,30539
8451446,1,1,1,10,2025,2,73,3.0,500000.0,36279
8443434,1,2,1,10,2025,1,58,3.0,2155000.0,17574
8472485,1,2,1,10,2025,2,20,8.0,800000.0,64143
8443149,1,2,1,10,2025,2,39,10.0,2500000.0,16832
8462658,1,4,1,10,2025,2,36,6.0,1423500.0,41483
8467067,1,1,1,10,2025,1,62,5.0,200000.0,51239
8451217,1,1,1,10,2025,1,53,3.0,400000.0,35694
8448681,1,1,1,10,2025,1,36,1.0,500000.0,29640
8442388,1,1,1,10,2025,2,41,11.0,4800000.0,15020
8473230,1,2,1,10,2025,2,34,4.0,840000.0,65502
8472867,1,2,1,10,2025,2,38,10.0,1000000.0,64868
8467624,1,1,1,10,2025,1,38,5.0,1423500.0,52663
8442160,1,2,1,10,2025,1,25,4.0,1400000.0,14414
8451640,1,2,1,10,2025,2,44,11.0,13000000.0,36734
8473604,1,1,1,10,2025,2,46,3.0,800000.0,65928
8468077,1,1,1,10,2025,1,24,4.0,2000000.0,53795
8467703,1,3,1,10,2025,1,63,5.0,1800000.0,52845
8462203,1,2,1,10,2025,2,25,10.0,1800000.0,40484
8466674,1,2,1,10,2025,1,84,1.0,1700000.0,50334
8468978,1,2,1,10,2025,2,45,5.0,1423500.0,55957
8463512,1,2,1,10,2025,1,31,10.0,6000000.0,43482
8442361,1,3,1,10,2025,2,29,5.0,1423500.0,14960
8436751,1,5,1,10,2025,1,21,5.0,1450000.0,1969
8442254,1,2,1,10,2025,1,26,5.0,2000000.0,14666
8465583,1,1,1,10,2025,2,54,3.0,1200000.0,47903
8469014,1,4,1,10,2025,2,74,3.0,280000.0,56056
8438623,1,1,1,10,2025,2,31,10.0,400000.0,6449
8447232,1,2,1,10,2025,1,74,3.0,1800000.0,26425
8463549,1,1,1,10,2025,1,59,10.0,3000000.0,43557
8438379,1,8,1,10,2025,2,21,8.0,1423000.0,5868
8446188,1,3,1,10,2025,1,24,10.0,3000000.0,23996
8450436,1,1,1,10,2025,1,37,9.0,3000000.0,33753
8469348,1,2,1,10,2025,2,47,11.0,3500000.0,56998
8448365,1,3,1,10,2025,2,32,8.0,1423500.0,28976
8449821,1,2,1,10,2025,1,37,4.0,1000000.0,32184
8437331,1,2,1,10,2025,1,29,8.0,1200000.0,3558
8435965,1,1,1,10,2025,1,68,3.0,1800000.0,5
8437998,1,1,1,10,2025,1,53,3.0,1200000.0,4986
8447866,1,3,1,10,2025,1,27,10.0,9200000.0,27907
8440331,1,3,1,10,2025,2,31,11.0,4800000.0,10297
8445569,1,4,1,10,2025,1,32,4.0,2500000.0,22569
8436923,1,2,1,10,2025,2,24,5.0,1400000.0,2503
8440980,1,3,1,10,2025,1,25,5.0,1423500.0,11852
8466761,1,1,1,10,2025,1,55,3.0,1400000.0,50522
8468083,1,1,1,10,2025,2,53,8.0,1600000.0,53815
8463201,1,1,1,10,2025,2,35,8.0,2490000.0,42624
8467632,1,3,1,10,2025,2,49,5.0,950000.0,52685
8445902,1,1,1,10,2025,2,24,8.0,2800000.0,23292
8467944,1,2,1,10,2025,2,21,5.0,120000.0,53476
8437251,1,7,1,10,2025,1,65,4.0,900000.0,3306
8462256,1,2,1,10,2025,2,56,8.0,2500000.0,40597
8445800,1,1,1,10,2025,1,38,10.0,1000000.0,23080
8468707,1,1,1,10,2025,2,57,11.0,3200000.0,55285
8450711,1,2,1,10,2025,2,32,7.0,1600000.0,34418
8448983,1,3,1,10,2025,1,35,8.0,2500000.0,30191
8451921,1,1,1,10,2025,1,52,4.0,1800000.0,37477
8448723,1,1,1,10,2025,2,57,3.0,560000.0,29739
8467449,1,1,1,10,2025,2,32,5.0,1400000.0,52216
8468040,1,2,1,10,2025,1,58,5.0,1000000.0,53709
8438307,1,2,1,10,2025,2,34,10.0,1000000.0,5674
8443847,1,1,1,10,2025,2,29,10.0,1423500.0,18665
8473175,1,2,1,10,2025,1,44,10.0,6000000.0,65372
8450371,1,1,1,10,2025,1,54,3.0,900000.0,33598
8446515,1,2,1,10,2025,1,39,3.0,3200000.0,24876
8446004,1,3,1,10,2025,1,23,5.0,1000000.0,23544
8466474,1,1,1,10,2025,1,20,4.0,1523000.0,49831
8450791,1,3,1,10,2025,1,22,5.0,2000000.0,34608
8470635,1,1,1,10,2025,2,38,4.0,1751000.0,60205
8468848,1,3,1,10,2025,2,22,10.0,1170000.0,55673
8447040,1,2,1,10,2025,2,35,5.0,500000.0,26081
8473677,1,1,1,10,2025,2,53,8.0,2500000.0,66090
8468512,1,2,1,10,2025,2,29,8.0,1500000.0,54806
8449346,1,1,1,10,2025,1,25,4.0,1500000.0,30998
8465965,1,2,1,10,2025,2,26,5.0,1423500.0,48696
8463758,1,1,1,10,2025,1,54,10.0,1420000.0,44021
8470617,1,1,1,10,2025,1,33,5.0,1423500.0,60169
8438513,1,1,1,10,2025,1,25,5.0,900000.0,6202
8451279,1,2,1,10,2025,2,30,5.0,300000.0,35834
8441772,1,1,1,10,2025,1,37,10.0,3560000.0,13459
8440566,1,1,1,10,2025,1,42,5.0,1900000.0,10837
8473293,1,1,1,10,2025,2,30,8.0,1700000.0,65618
8436057,1,3,1,10,2025,2,24,10.0,650000.0,293
8441605,1,1,1,10,2025,1,22,3.0,500000.0,13120
8470840,1,1,1,10,2025,1,42,9.0,1800000.0,60767
8437100,1,1,1,10,2025,1,32,5.0,1200000.0,2936
8443850,1,1,1,10,2025,2,26,10.0,1150000.0,18673
8438194,1,3,1,10,2025,1,48,5.0,1423500.0,5388
8441176,1,2,1,10,2025,2,52,3.0,1200000.0,12234
8446341,1,3,1,10,2025,1,32,10.0,4000000.0,24477
8450218,1,2,1,10,2025,2,71,10.0,5300000.0,33209
8449608,1,1,1,10,2025,1,34,5.0,1423500.0,31652
8447921,1,1,1,10,2025,2,38,5.0,1500000.0,28052
8468775,1,1,1,10,2025,1,40,4.0,1500000.0,55463
8463798,1,1,1,10,2025,2,53,5.0,1423500.0,44132
8449712,1,1,1,10,2025,2,43,5.0,900000.0,31934
8445937,1,4,1,10,2025,1,22,5.0,240000.0,23369
8436976,1,1,1,10,2025,2,37,5.0,2300000.0,2653
8465479,1,4,1,10,2025,1,66,3.0,2300000.0,47698
8468081,1,3,1,10,2025,1,61,8.0,1600000.0,53812
8462542,1,1,1,10,2025,2,52,3.0,520000.0,41235
8447760,1,5,1,10,2025,2,25,8.0,1300000.0,27639
8436233,1,1,1,10,2025,2,72,3.0,400000.0,695
8470786,1,1,1,10,2025,1,31,5.0,1600000.0,60626
8444673,1,1,1,10,2025,2,84,3.0,500000.0,20755
8472685,1,1,1,10,2025,2,42,10.0,2000000.0,64499
8437264,1,2,1,10,2025,1,40,8.0,2670000.0,3360
8446650,1,1,1,10,2025,1,51,11.0,10000000.0,25248
8436954,1,2,1,10,2025,2,52,10.0,7000000.0,2603
8448599,1,1,1,10,2025,1,34,10.0,2800000.0,29495
8470790,1,2,1,10,2025,2,45,5.0,1623500.0,60642
8444831,1,3,1,10,2025,2,46,8.0,2000000.0,21200
8452348,1,3,1,10,2025,1,46,5.0,1423500.0,38578
8444602,1,1,1,10,2025,1,60,3.0,700000.0,20573
8465097,1,1,1,10,2025,1,24,10.0,900000.0,46999
8464956,1,4,1,10,2025,2,27,10.0,2500000.0,46645
8439469,1,1,1,10,2025,2,21,10.0,1100000.0,8349
8446163,1,3,1,10,2025,1,18,5.0,370000.0,23936
8439515,1,1,1,10,2025,2,68,1.0,900000.0,8436
8436373,1,1,1,10,2025,2,25,10.0,2390000.0,1016
8452110,1,2,1,10,2025,2,41,13.0,5000000.0,37977
8444768,1,1,1,10,2025,1,35,5.0,900000.0,21016
8446862,1,2,1,10,2025,2,43,12.0,3200000.0,25684
8440921,1,2,1,10,2025,2,46,10.0,2500000.0,11732
8451686,1,1,1,10,2025,1,40,10.0,2500000.0,36867
8451245,1,1,1,10,2025,1,57,5.0,1300000.0,35765
8444113,1,2,1,10,2025,2,32,5.0,1423500.0,19354
8439793,1,1,1,10,2025,1,44,6.0,1423500.0,9134
8446234,1,1,1,10,2025,1,51,10.0,6000000.0,24130
8466912,1,2,1,10,2025,2,58,6.0,1800000.0,50875
8469097,1,1,1,10,2025,2,59,3.0,1000000.0,56278
8438113,1,1,1,10,2025,1,48,12.0,4750000.0,5233
8438544,1,1,1,10,2025,1,60,5.0,7000000.0,6269
8440010,1,2,1,10,2025,2,32,5.0,1000000.0,9585
8466257,1,1,1,10,2025,2,30,5.0,1400000.0,49275
8436731,1,1,1,10,2025,2,49,5.0,960000.0,1925
8463648,1,2,1,10,2025,2,42,5.0,1710000.0,43773
8447800,1,6,1,10,2025,2,19,5.0,1423500.0,27737
8451097,1,2,1,10,2025,2,51,3.0,1800000.0,35356
8470830,1,1,1,10,2025,2,31,10.0,7071000.0,60743
8440930,1,1,1,10,2025,1,58,5.0,1900000.0,11751
8472703,1,3,1,10,2025,2,28,10.0,3000000.0,64556
8436382,1,1,1,10,2025,2,41,3.0,500000.0,1033
8462132,1,2,1,10,2025,1,55,3.0,1860000.0,40335
8468718,1,1,1,10,2025,1,24,5.0,1400000.0,55320
8436996,1,2,1,10,2025,2,38,10.0,4000000.0,2698
8449425,1,2,1,10,2025,1,52,3.0,800000.0,31219
8466763,1,3,1,10,2025,1,21,4.0,700000.0,50530
8445613,1,2,1,10,2025,2,41,3.0,0.0,22675
8451179,1,2,1,10,2025,2,35,5.0,0.0,35578
8466811,1,2,1,10,2025,2,62,5.0,800000.0,50630
8468884,1,5,1,10,2025,1,24,4.0,1300000.0,55759
8472740,1,2,1,10,2025,2,54,4.0,1400000.0,64628
8464868,1,2,1,10,2025,2,49,4.0,1000000.0,46430
8437791,1,1,1,10,2025,2,65,12.0,4200000.0,4570
8463051,1,1,1,10,2025,2,18,5.0,1400000.0,42311
8470493,1,1,1,10,2025,2,27,5.0,1680000.0,59866
8438598,1,1,1,10,2025,1,31,8.0,3000000.0,6401
8473169,1,1,1,10,2025,1,59,10.0,4270000.0,65364
8470274,1,1,1,10,2025,1,39,4.0,600000.0,59338
8440754,1,3,1,10,2025,2,40,9.0,1623500.0,11346
8464057,1,1,1,10,2025,2,23,10.0,1823500.0,44687
8461755,1,1,1,10,2025,2,36,8.0,300000.0,39295
8443660,1,1,1,10,2025,2,35,12.0,4416000.0,18182
8466403,1,2,1,10,2025,1,23,9.0,1800000.0,49632
8461798,1,2,1,10,2025,1,32,5.0,1423500.0,39419
8449638,1,2,1,10,2025,1,39,1.0,500000.0,31713
8441826,1,2,1,10,2025,1,59,3.0,300000.0,13539
8436631,1,2,1,10,2025,1,65,4.0,850000.0,1657
8450528,1,1,1,10,2025,2,25,5.0,450000.0,33944
8439463,1,2,1,10,2025,1,23,10.0,1423500.0,8340
8451244,1,1,1,10,2025,1,44,5.0,1600000.0,35761
8469307,1,2,1,10,2025,2,45,5.0,1423500.0,56857
8436795,1,1,1,10,2025,2,46,10.0,4000000.0,2058
8452144,1,2,1,10,2025,2,45,12.0,4000000.0,38058
8444726,1,4,1,10,2025,1,22,3.0,2000000.0,20905
8450894,1,1,1,10,2025,2,67,8.0,2200000.0,34837
8470314,1,1,1,10,2025,2,27,3.0,2200000.0,59442
8450363,1,4,1,10,2025,2,30,11.0,1500000.0,33582
8438902,1,2,1,10,2025,2,26,5.0,1400000.0,7065
8472481,1,3,1,10,2025,2,20,8.0,1423500.0,64132
8439812,1,2,1,10,2025,2,50,12.0,7000000.0,9189
8442986,1,1,1,10,2025,2,61,3.0,150000.0,16420
8442934,1,2,1,10,2025,1,37,5.0,1624500.0,16291
8440837,1,3,1,10,2025,1,59,5.0,400000.0,11567
8472309,1,1,1,10,2025,1,30,10.0,8000000.0,63744
8436720,1,1,1,10,2025,1,58,8.0,3600000.0,1891
8463267,1,1,1,10,2025,2,23,5.0,2000000.0,42807
8467917,1,1,1,10,2025,1,41,5.0,2023500.0,53391
8465044,1,1,1,10,2025,1,66,3.0,1200000.0,46860
8436659,1,1,1,10,2025,1,44,5.0,1423500.0,1731
8463567,1,1,1,10,2025,2,37,9.0,1400000.0,43601
8465011,1,2,1,10,2025,1,72,3.0,1200000.0,46783
8462420,1,1,1,10,2025,1,38,8.0,1700000.0,40943
8448773,1,2,1,10,2025,1,25,10.0,1423500.0,29856
8469279,1,2,1,10,2025,1,75,1.0,450000.0,56769
8450962,1,2,1,10,2025,1,38,5.0,1423500.0,35043
8437069,1,2,1,10,2025,2,55,5.0,700000.0,2867
8436866,1,3,1,10,2025,1,21,5.0,600000.0,2288
8441918,1,1,1,10,2025,1,28,10.0,2500000.0,13842
8436022,1,1,1,10,2025,1,53,5.0,900000.0,201
8472838,1,1,1,10,2025,2,60,5.0,600000.0,64797
8468014,1,2,1,10,2025,2,39,9.0,1800000.0,53641
8462990,1,10,1,10,2025,1,20,4.0,800000.0,42181
8439740,1,1,1,10,2025,1,34,5.0,2500000.0,9040
8450023,1,1,1,10,2025,2,33,5.0,1423500.0,32705
8450715,1,3,1,10,2025,1,37,5.0,900000.0,34430
8439468,1,2,1,10,2025,1,42,5.0,1500000.0,8343
8440934,1,2,1,10,2025,1,61,5.0,1423500.0,11762
8450982,1,4,1,10,2025,2,42,8.0,350000.0,35102
8467819,1,3,1,10,2025,1,43,4.0,1800000.0,53119
8440085,1,3,1,10,2025,2,23,10.0,2000000.0,9731
8436508,1,3,1,10,2025,2,41,8.0,1600000.0,1334
8442111,1,1,1,10,2025,2,65,5.0,800000.0,14295
8440792,1,1,1,10,2025,1,59,3.0,1423500.0,11433
8463540,1,3,1,10,2025,2,48,10.0,2400000.0,43536
8468943,1,1,1,10,2025,2,65,5.0,250000.0,55878
8452310,1,3,1,10,2025,1,27,5.0,600000.0,38483
8463811,1,3,1,10,2025,1,39,8.0,2200000.0,44167
8447233,1,2,1,10,2025,1,40,8.0,1700000.0,26427
8440610,1,1,1,10,2025,1,51,9.0,2200000.0,10977
8443477,1,2,1,10,2025,2,33,5.0,750000.0,17681
8466582,1,1,1,10,2025,1,43,5.0,1500000.0,50113
8468711,1,1,1,10,2025,1,49,4.0,500000.0,55295
8451585,1,3,1,10,2025,2,49,8.0,8000000.0,36594
8438318,1,1,1,10,2025,2,33,5.0,200000.0,5697
8436341,1,1,1,10,2025,2,43,8.0,800000.0,952
8464008,1,2,1,10,2025,2,18,5.0,1423500.0,44580
8446837,1,1,1,10,2025,2,29,9.0,1623500.0,25620
8472332,1,2,1,10,2025,1,26,5.0,600000.0,63802
8462117,1,1,1,10,2025,2,51,1.0,700000.0,40279
8447275,1,2,1,10,2025,1,67,4.0,700000.0,26564
8461884,1,2,1,10,2025,2,30,3.0,220000.0,39656
8470945,1,2,1,10,2025,2,36,5.0,1500000.0,60991
8451901,1,1,1,10,2025,2,26,9.0,180000.0,37421
8438261,1,1,1,10,2025,2,37,8.0,360000.0,5534
8463946,1,1,1,10,2025,2,27,8.0,1650000.0,44451
8442314,1,8,1,10,2025,1,38,5.0,1200000.0,14824
8445865,1,2,1,10,2025,1,48,3.0,800000.0,23212
8470473,1,2,1,10,2025,1,48,10.0,6000000.0,59824
8467406,1,2,1,10,2025,2,41,5.0,1400000.0,52111
8439558,1,1,1,10,2025,2,53,5.0,400000.0,8555
8462861,1,2,1,10,2025,2,32,5.0,200000.0,41901
8448570,1,1,1,10,2025,1,26,10.0,1500000.0,29421
8450249,1,2,1,10,2025,2,57,1.0,800000.0,33286
8463361,1,1,1,10,2025,1,23,5.0,570000.0,43057
8440863,1,1,1,10,2025,2,45,8.0,1800000.0,11622
8450858,1,1,1,10,2025,2,28,10.0,3500000.0,34766
8449814,1,1,1,10,2025,1,36,5.0,600000.0,32168
8467678,1,1,1,10,2025,2,34,5.0,1423500.0,52789
8437108,1,2,1,10,2025,1,31,5.0,1400000.0,2965
8446033,1,2,1,10,2025,2,58,8.0,300000.0,23623
8452293,1,2,1,10,2025,1,53,10.0,4000000.0,38444
8449811,1,1,1,10,2025,2,63,11.0,2800000.0,32162
8469808,1,2,1,10,2025,1,22,4.0,960000.0,58213
8466198,1,2,1,10,2025,2,33,6.0,1000000.0,49190
8469616,1,2,1,10,2025,1,42,5.0,1600000.0,57683
8442820,1,2,1,10,2025,2,48,5.0,1620000.0,16017
8462392,1,1,1,10,2025,1,49,3.0,1500000.0,40881
8465046,1,1,1,10,2025,2,54,5.0,2000000.0,46867
8440637,1,1,1,10,2025,2,47,3.0,2000000.0,11062
8464230,1,1,1,10,2025,1,68,10.0,5000000.0,45009
8469089,1,1,1,10,2025,2,40,5.0,460000.0,56258
8465893,1,1,1,10,2025,1,54,5.0,1423500.0,48573
8444404,1,2,1,10,2025,2,28,6.0,1423500.0,20051
8443787,1,2,1,10,2025,2,40,5.0,1423500.0,18480
8438904,1,1,1,10,2025,1,48,10.0,5000000.0,7066
8466168,1,1,1,10,2025,2,44,10.0,6000000.0,49120
8446584,1,1,1,10,2025,1,45,10.0,3800000.0,25065
8449399,1,1,1,10,2025,2,25,5.0,800000.0,31142
8473194,1,2,1,10,2025,2,36,4.0,1423500.0,65400
8446932,1,2,1,10,2025,1,35,4.0,1623500.0,25851
8444904,1,1,1,10,2025,2,37,4.0,1200000.0,21363
8442158,1,2,1,10,2025,1,21,9.0,400000.0,14406
8441718,1,3,1,10,2025,2,18,10.0,3200000.0,13370
8467527,1,1,1,10,2025,1,69,3.0,160000.0,52408
8447777,1,1,1,10,2025,1,42,4.0,1000000.0,27676
8446194,1,2,1,10,2025,2,60,10.0,1400000.0,24014
8470976,1,2,1,10,2025,2,43,11.0,6000000.0,61077
8461821,1,1,1,10,2025,1,34,1.0,600000.0,39498
8444554,1,1,1,10,2025,2,38,4.0,2000000.0,20455
8470479,1,1,1,10,2025,1,45,4.0,2000000.0,59838
8470153,1,2,1,10,2025,2,39,9.0,2200000.0,59060
8468453,1,2,1,10,2025,2,18,8.0,180000.0,54680
8465444,1,2,1,10,2025,2,45,5.0,1120000.0,47633
8447926,1,3,1,10,2025,1,29,5.0,1500000.0,28066
8468050,1,3,1,10,2025,2,24,5.0,1960000.0,53727
8440788,1,1,1,10,2025,2,57,8.0,1400000.0,11426
8446297,1,1,1,10,2025,1,37,8.0,1423500.0,24346
8471923,1,3,1,10,2025,1,24,5.0,1400000.0,62947
8444243,1,1,1,10,2025,2,31,5.0,1400000.0,19622
8464655,1,3,1,10,2025,1,25,5.0,1423500.0,45993
8452446,1,1,1,10,2025,1,53,3.0,1450000.0,38835
8467057,1,2,1,10,2025,2,50,6.0,1500000.0,51210
8443354,1,1,1,10,2025,1,25,5.0,900000.0,17367
8439396,1,1,1,10,2025,2,42,12.0,6400000.0,8189
8466543,1,1,1,10,2025,2,44,5.0,1423500.0,50016
8471769,1,1,1,10,2025,1,68,5.0,1423000.0,62611
8443700,1,1,1,10,2025,2,34,8.0,4000000.0,18276
8439711,1,2,1,10,2025,2,47,5.0,700000.0,8970
8446363,1,1,1,10,2025,1,60,5.0,800000.0,24527
8466438,1,1,1,10,2025,2,39,5.0,1400000.0,49733
8442068,1,4,1,10,2025,2,27,10.0,1423500.0,14194
8441868,1,1,1,10,2025,2,53,4.0,600000.0,13677
8439063,1,1,1,10,2025,2,25,9.0,2800000.0,7413
8438051,1,2,1,10,2025,2,52,5.0,1000000.0,5109
8443173,1,1,1,10,2025,2,56,5.0,2700000.0,16879
8466176,1,1,1,10,2025,1,35,10.0,3800000.0,49139
8472186,1,1,1,10,2025,1,44,5.0,1800000.0,63492
8440410,1,1,1,10,2025,2,43,3.0,1900000.0,10474
8439559,1,1,1,10,2025,2,50,9.0,1600000.0,8557
8443468,1,1,1,10,2025,2,52,5.0,400000.0,17661
8448678,1,2,1,10,2025,1,31,5.0,750000.0,29628
8470026,2,1,2,10,2025,2,33,5.0,240000.0,58748
8437445,1,1,1,10,2025,2,41,6.0,1423500.0,3836
8447027,1,4,1,10,2025,2,70,3.0,400000.0,26049
8442944,1,1,1,10,2025,1,31,5.0,1423500.0,16317
8470328,1,5,1,10,2025,2,36,5.0,500000.0,59475
8467112,1,4,1,10,2025,1,24,5.0,2000000.0,51408
8452569,1,1,1,10,2025,2,44,8.0,1800000.0,39181
8465088,1,1,1,10,2025,1,60,5.0,2100000.0,46975
8439655,1,1,1,10,2025,1,45,5.0,1500000.0,8809
8447275,1,1,1,10,2025,2,33,10.0,1400000.0,26563
8447013,1,1,1,10,2025,2,69,11.0,6400000.0,26018
8450006,1,2,1,10,2025,2,42,3.0,600000.0,32679
8472649,1,2,1,10,2025,2,39,5.0,1500000.0,64407
8439670,1,1,1,10,2025,2,55,4.0,800000.0,8845
8472214,1,2,1,10,2025,2,21,10.0,1423500.0,63559
8441773,1,3,1,10,2025,2,28,10.0,2087000.0,13462
8471106,1,1,1,10,2025,1,38,4.0,1000000.0,61389
8452542,1,1,1,10,2025,1,36,5.0,2200000.0,39100
8446209,1,1,1,10,2025,2,37,10.0,4500000.0,24056
8469338,1,2,1,10,2025,1,23,5.0,1423500.0,56975
8444075,1,2,1,10,2025,2,43,10.0,3200000.0,19267
8467759,1,2,1,10,2025,2,18,8.0,2850000.0,52978
8473612,1,6,1,10,2025,1,51,4.0,1423000.0,65961
8447795,1,2,1,10,2025,1,30,5.0,1200000.0,27717
8462442,1,1,1,10,2025,1,60,3.0,500000.0,40992
8450287,1,2,1,10,2025,1,34,3.0,800000.0,33374
8443401,1,1,1,10,2025,2,65,3.0,1000000.0,17487
8451216,1,2,1,10,2025,1,73,5.0,1200000.0,35693
8465082,1,2,1,10,2025,1,43,5.0,225000.0,46959
8440572,1,3,1,10,2025,1,27,3.0,1500000.0,10860
8470684,1,1,1,10,2025,2,50,9.0,300000.0,60322
8437513,1,1,1,10,2025,1,20,10.0,600000.0,4031
8469358,1,1,1,10,2025,1,34,8.0,2100000.0,57015
8441938,2,1,2,10,2025,1,41,4.0,800000.0,13898
8445953,1,2,1,10,2025,2,35,5.0,2773500.0,23406
8437331,1,1,1,10,2025,2,51,5.0,500000.0,3557
8462343,1,1,1,10,2025,1,21,4.0,1600000.0,40777
8463935,1,1,1,10,2025,2,24,10.0,2000000.0,44421
8472013,1,2,1,10,2025,2,46,11.0,1000000.0,63094
8443886,1,2,1,10,2025,1,45,5.0,1423500.0,18754
8466853,1,2,1,10,2025,2,64,1.0,1400000.0,50738
8467250,1,2,1,10,2025,1,24,9.0,1200000.0,51738
8446042,1,2,1,10,2025,2,28,8.0,1423000.0,23649
8471132,1,3,1,10,2025,2,34,11.0,8000000.0,61453
8442741,1,1,1,10,2025,2,44,5.0,1423500.0,15822
8445533,1,1,1,10,2025,2,25,10.0,2200000.0,22493
8466246,1,1,1,10,2025,1,58,4.0,3000000.0,49247
8468978,1,3,1,10,2025,2,18,5.0,1423500.0,55958
8444283,1,2,1,10,2025,2,50,3.0,950000.0,19727
8470549,1,2,1,10,2025,2,49,5.0,2000000.0,59987
8451818,1,1,1,10,2025,2,58,10.0,1800000.0,37225
8472355,1,1,1,10,2025,2,56,3.0,160000.0,63860
8468282,1,1,1,10,2025,1,48,3.0,2000000.0,54225
8465330,1,2,1,10,2025,2,42,5.0,2900000.0,47417
8446623,1,3,1,10,2025,1,25,8.0,420000.0,25188
8437949,1,1,1,10,2025,1,33,5.0,3500000.0,4891
8446311,1,1,1,10,2025,1,34,10.0,3000000.0,24388
8436486,1,1,1,10,2025,2,46,9.0,2400000.0,1263
8439932,1,2,1,10,2025,2,30,3.0,800000.0,9482
8437084,1,1,1,10,2025,1,47,5.0,2000000.0,2888
8450548,1,2,1,10,2025,2,54,12.0,7115000.0,34004
8443412,1,1,1,10,2025,2,33,10.0,5990000.0,17516
8438269,1,1,1,10,2025,1,68,3.0,200000.0,5560
8462772,1,1,1,10,2025,1,56,5.0,1400000.0,41729
8469409,1,1,1,10,2025,1,43,5.0,1623500.0,57130
8469091,1,1,1,10,2025,1,56,5.0,1092000.0,56264
8464497,1,1,1,10,2025,1,38,8.0,3080000.0,45604
8447960,1,3,1,10,2025,2,30,8.0,500000.0,28147
8441135,1,3,1,10,2025,2,21,6.0,1500000.0,12160
8448977,1,1,1,10,2025,2,43,5.0,1510000.0,30171
8469996,1,1,1,10,2025,1,26,5.0,1700000.0,58666
8437162,1,1,1,10,2025,1,33,8.0,25000000.0,3071
8470131,1,2,1,10,2025,1,25,5.0,2600000.0,59009
8439701,1,1,1,10,2025,2,61,3.0,400000.0,8942
8441890,1,3,1,10,2025,1,57,3.0,1423500.0,13751
8443501,1,2,1,10,2025,1,45,3.0,1400000.0,17753
8446861,1,2,1,10,2025,2,40,8.0,1423500.0,25681
8444951,1,2,1,10,2025,2,43,5.0,911750.0,21477
8465634,1,2,1,10,2025,1,37,10.0,3500000.0,47991
8443561,1,3,1,10,2025,1,34,8.0,1423500.0,17914
8473908,1,2,1,10,2025,2,51,12.0,7956000.0,66557
8447398,1,2,1,10,2025,2,55,5.0,150000.0,26901
8446804,1,2,1,10,2025,1,23,10.0,1475000.0,25537
8444761,1,1,1,10,2025,1,46,4.0,1200000.0,21000
8436168,1,1,1,10,2025,1,22,10.0,1783500.0,540
8441703,1,2,1,10,2025,2,32,10.0,2800000.0,13339
8437202,1,2,1,10,2025,2,29,9.0,1423500.0,3164
8439679,1,2,1,10,2025,1,25,5.0,900000.0,8889
8468983,1,2,1,10,2025,1,46,4.0,1500000.0,55972
8436354,1,1,1,10,2025,2,27,4.0,240000.0,968
8464478,1,2,1,10,2025,2,38,5.0,1423500.0,45561
8473807,1,2,1,10,2025,1,31,3.0,300000.0,66278
8443040,1,2,1,10,2025,2,33,5.0,367000.0,16576
8443328,1,1,1,10,2025,1,71,1.0,500000.0,17281
8449256,1,2,1,10,2025,1,31,3.0,700000.0,30733
8465563,1,2,1,10,2025,1,32,5.0,1600000.0,47880
8439378,1,1,1,10,2025,2,50,5.0,1300000.0,8150
8448007,1,1,1,10,2025,2,66,5.0,500000.0,28244
8462120,1,2,1,10,2025,1,42,5.0,350000.0,40285
8442407,1,1,1,10,2025,2,41,3.0,1000000.0,15057
8473610,1,2,1,10,2025,1,40,3.0,800000.0,65948
8440126,1,1,1,10,2025,1,24,5.0,2100000.0,9825
8444818,1,1,1,10,2025,2,48,4.0,100000.0,21163
8450361,1,1,1,10,2025,2,71,5.0,1050000.0,33575
8445859,1,1,1,10,2025,1,52,5.0,1720000.0,23198
8439712,1,2,1,10,2025,1,25,6.0,1600000.0,8972
8439239,1,1,1,10,2025,1,53,5.0,1423500.0,7807
8473592,1,1,1,10,2025,2,47,3.0,700000.0,65898
8466645,1,1,1,10,2025,1,61,3.0,1000000.0,50255
8465864,1,2,1,10,2025,2,18,5.0,1200000.0,48507
8444375,1,1,1,10,2025,2,56,9.0,2900000.0,19968
8437211,1,2,1,10,2025,2,55,3.0,1423500.0,3186
8472421,1,3,1,10,2025,2,29,5.0,1300000.0,63955
8467989,1,2,1,10,2025,2,37,8.0,3000000.0,53580
8471806,1,2,1,10,2025,2,25,8.0,2300000.0,62702
8463417,1,4,1,10,2025,2,57,5.0,400000.0,43229
8468398,1,1,1,10,2025,2,40,10.0,1580000.0,54532
8442932,1,2,1,10,2025,2,54,5.0,1200000.0,16281
8469544,1,3,1,10,2025,2,21,10.0,400000.0,57478
8438797,1,2,1,10,2025,1,51,10.0,3000000.0,6844
8437219,1,1,1,10,2025,1,56,3.0,1300000.0,3201
8440704,1,1,1,10,2025,1,28,4.0,700000.0,11194
8439091,1,2,1,10,2025,1,31,9.0,1500000.0,7490
8466009,1,2,1,10,2025,1,43,7.0,3800000.0,48816
8469515,1,1,1,10,2025,1,72,3.0,400000.0,57393
8463959,1,1,1,10,2025,1,37,8.0,2200000.0,44480
8466550,1,1,1,10,2025,1,42,8.0,2500000.0,50027
8469292,1,1,1,10,2025,1,31,5.0,2000000.0,56820
8450837,1,3,1,10,2025,2,31,8.0,1000000.0,34718
8436493,1,1,1,10,2025,2,73,5.0,700000.0,1283
8471007,1,1,1,10,2025,2,39,5.0,1700000.0,61150
8437131,1,2,1,10,2025,2,40,5.0,4000000.0,3012
8441040,1,4,1,10,2025,1,45,10.0,3500000.0,11950
8442368,1,1,1,10,2025,2,29,10.0,1423500.0,14973
8443734,1,1,1,10,2025,1,29,12.0,4000000.0,18358
8447684,1,4,1,10,2025,2,73,8.0,1800000.0,27507
8463817,1,1,1,10,2025,1,36,5.0,2000000.0,44185
8450770,1,1,1,10,2025,2,34,1.0,200000.0,34555
8438386,1,2,1,10,2025,1,68,10.0,3500000.0,5889
8447970,1,1,1,10,2025,2,52,5.0,1423500.0,28172
8468906,1,1,1,10,2025,2,50,5.0,1423500.0,55813
8445645,1,2,1,10,2025,1,26,10.0,1423500.0,22745
8467496,1,1,1,10,2025,1,41,11.0,3500000.0,52344
8451237,1,1,1,10,2025,1,46,4.0,100000.0,35738
8462476,1,1,1,10,2025,1,35,4.0,1100000.0,41064
8470292,1,3,1,10,2025,1,19,5.0,1423500.0,59384
8445787,1,2,1,10,2025,1,24,5.0,800000.0,23049
8463833,1,1,1,10,2025,2,38,8.0,1423500.0,44229
8441240,1,1,1,10,2025,2,43,8.0,2000000.0,12378
8467045,1,2,1,10,2025,2,29,10.0,4000000.0,51182
8461902,1,1,1,10,2025,1,38,8.0,200000.0,39707
8463565,2,2,2,10,2025,2,27,5.0,1423500.0,43596
8451317,1,1,1,10,2025,2,33,5.0,920000.0,35946
8468859,1,1,1,10,2025,2,40,3.0,700000.0,55699
8447398,1,3,1,10,2025,2,22,10.0,1423500.0,26902
8461909,1,1,1,10,2025,1,55,8.0,800000.0,39722
8449385,1,3,1,10,2025,1,25,5.0,1200000.0,31109
8443536,1,3,1,10,2025,1,20,5.0,440000.0,17846
8472541,1,3,1,10,2025,2,51,10.0,4000000.0,64187
8452191,1,1,1,10,2025,2,37,8.0,1100000.0,38166
8440851,1,2,1,10,2025,2,45,10.0,1423500.0,11588
8468947,1,1,1,10,2025,1,28,6.0,3000000.0,55887
8470819,1,1,1,10,2025,1,70,4.0,800000.0,60718
8449258,1,1,1,10,2025,1,53,3.0,300000.0,30739
8445422,1,2,1,10,2025,2,33,8.0,1423500.0,22221
8441878,1,2,1,10,2025,2,50,3.0,420000.0,13709
8466101,2,1,2,10,2025,1,46,5.0,650000.0,48963
8466533,1,1,1,10,2025,2,57,3.0,300000.0,50000
8449874,1,1,1,10,2025,2,60,5.0,1423500.0,32333
8448113,1,1,1,10,2025,1,27,12.0,900000.0,28511
8452268,1,2,1,10,2025,2,39,5.0,800000.0,38377
8439004,1,1,1,10,2025,2,52,5.0,900000.0,7279
8436667,1,3,1,10,2025,2,29,9.0,3200000.0,1758
8468417,1,1,1,10,2025,2,33,4.0,1100000.0,54581
8447252,1,1,1,10,2025,1,41,5.0,900000.0,26484
8468537,1,1,1,10,2025,2,59,3.0,700000.0,54882
8442427,1,1,1,10,2025,1,28,10.0,2500000.0,15097
8436289,1,2,1,10,2025,2,53,3.0,0.0,827
8444912,1,1,1,10,2025,2,63,5.0,1500000.0,21388
8468321,1,1,1,10,2025,2,35,5.0,1923000.0,54315
8441740,1,2,1,10,2025,1,65,10.0,4500000.0,13416
8461950,1,1,1,10,2025,1,49,5.0,1000000.0,39850
8438957,1,1,1,10,2025,2,52,11.0,4000000.0,7167
8448228,1,3,1,10,2025,2,27,4.0,900000.0,28774
8452111,1,2,1,10,2025,2,40,5.0,2700000.0,37981
8446867,1,2,1,10,2025,1,35,10.0,3000000.0,25692
8470709,1,1,1,10,2025,2,67,10.0,3000000.0,60387
8445826,1,1,1,10,2025,1,32,3.0,1000000.0,23135
8469896,1,2,1,10,2025,2,51,10.0,4500000.0,58396
8468468,1,1,1,10,2025,2,48,13.0,7000000.0,54716
8436142,1,1,1,10,2025,1,37,3.0,2000000.0,495
8450354,1,3,1,10,2025,2,38,10.0,3000000.0,33558
8473213,1,3,1,10,2025,1,22,5.0,1600000.0,65460
8437218,1,1,1,10,2025,1,40,10.0,800000.0,3200
8449299,1,3,1,10,2025,2,24,5.0,1423500.0,30870
8464822,1,1,1,10,2025,2,29,1.0,240000.0,46327
8466211,1,2,1,10,2025,2,47,8.0,1500000.0,49214
8463709,1,1,1,10,2025,1,46,5.0,1423500.0,43916
8463963,1,3,1,10,2025,1,57,5.0,2000000.0,44493
8444254,1,2,1,10,2025,1,50,3.0,1000000.0,19660
8450147,1,4,1,10,2025,1,27,10.0,0.0,33011
8465798,1,1,1,10,2025,1,40,5.0,800000.0,48336
8473893,1,1,1,10,2025,1,35,3.0,1300000.0,66521
8447578,1,1,1,10,2025,2,60,4.0,400000.0,27269
8450565,1,1,1,10,2025,2,45,3.0,940000.0,34047
8437343,1,2,1,10,2025,2,55,3.0,200000.0,3585
8440651,1,2,1,10,2025,1,28,4.0,400000.0,11101
8437144,1,1,1,10,2025,1,59,5.0,850000.0,3042
8442460,1,2,1,10,2025,1,19,5.0,1000000.0,15182
8470161,1,2,1,10,2025,2,33,5.0,1423500.0,59077
8442327,1,2,1,10,2025,2,27,3.0,1500000.0,14868
8439565,1,3,1,10,2025,1,35,10.0,3700000.0,8574
8439073,1,1,1,10,2025,2,51,4.0,200000.0,7433
8437778,1,1,1,10,2025,1,30,5.0,1423500.0,4548
8471677,1,3,1,10,2025,1,32,9.0,1800000.0,62441
8446505,1,1,1,10,2025,2,37,11.0,3500000.0,24852
8472636,1,2,1,10,2025,2,56,3.0,1100000.0,64388
8461888,1,1,1,10,2025,1,55,1.0,200000.0,39668
8443667,1,1,1,10,2025,2,43,11.0,92000000.0,18200
8439657,1,1,1,10,2025,2,69,3.0,700000.0,8813
8469213,1,2,1,10,2025,1,36,8.0,700000.0,56602
8462477,1,1,1,10,2025,1,47,3.0,2000000.0,41065
8467054,1,1,1,10,2025,2,37,6.0,1200000.0,51207
8439769,1,1,1,10,2025,2,31,5.0,1450000.0,9059
8461993,1,2,1,10,2025,1,59,3.0,1423500.0,39983
8450198,1,2,1,10,2025,1,53,3.0,1000000.0,33148
8445922,1,2,1,10,2025,1,55,3.0,800000.0,23343
8447537,1,2,1,10,2025,1,52,8.0,2000000.0,27197
8439904,1,1,1,10,2025,2,30,5.0,2000000.0,9458
8450471,1,2,1,10,2025,2,32,5.0,1800000.0,33813
8471206,1,2,1,10,2025,2,51,3.0,400000.0,61526
8449810,1,1,1,10,2025,2,85,1.0,200000.0,32161
8438971,1,2,1,10,2025,2,45,6.0,1423500.0,7208
8469609,1,1,1,10,2025,1,60,4.0,2000000.0,57662
8473277,1,2,1,10,2025,2,26,10.0,1600000.0,65586
8463771,1,3,1,10,2025,1,25,5.0,1200000.0,44057
8464526,1,1,1,10,2025,2,30,10.0,350000.0,45681
8470937,1,3,1,10,2025,2,22,4.0,400000.0,60976
8447633,1,1,1,10,2025,2,22,5.0,1423000.0,27389
8448628,1,1,1,10,2025,2,51,5.0,2000000.0,29513
8462463,1,2,1,10,2025,2,34,5.0,200000.0,41036
8471392,1,1,1,10,2025,2,42,10.0,2500000.0,61894
8450084,1,1,1,10,2025,1,65,9.0,1000000.0,32870
8437207,1,3,1,10,2025,1,36,5.0,1100000.0,3175
8446439,1,4,1,10,2025,1,24,5.0,1600000.0,24690
8439829,1,3,1,10,2025,2,24,5.0,320000.0,9247
8448698,1,2,1,10,2025,2,29,5.0,1800000.0,29673
8448186,1,1,1,10,2025,1,37,6.0,1500000.0,28654
8449908,1,1,1,10,2025,2,21,10.0,8000000.0,32400
8469414,1,2,1,10,2025,2,21,8.0,550000.0,57149
8439533,1,3,1,10,2025,2,33,5.0,1423000.0,8494
8438747,1,2,1,10,2025,1,32,5.0,1900000.0,6729
8472281,1,2,1,10,2025,2,48,4.0,132000.0,63703
8464494,1,1,1,10,2025,2,33,10.0,1423500.0,45598
8447269,1,1,1,10,2025,1,35,9.0,3000000.0,26545
8465179,1,3,1,10,2025,2,29,5.0,1623500.0,47134
8463099,1,2,1,10,2025,2,35,10.0,3000000.0,42420
8470086,1,3,1,10,2025,2,29,8.0,900000.0,58898
8436631,1,1,1,10,2025,2,62,4.0,0.0,1656
8467587,1,2,1,10,2025,2,31,12.0,3500000.0,52554
8447212,1,1,1,10,2025,1,33,5.0,2900000.0,26374
8464684,1,3,1,10,2025,1,33,4.0,1000000.0,46058
8448086,1,1,1,10,2025,2,45,3.0,200000.0,28458
8470606,1,1,1,10,2025,2,44,3.0,1680000.0,60148
8442745,1,2,1,10,2025,1,21,4.0,600000.0,15834
8464706,1,5,1,10,2025,2,34,11.0,2200000.0,46115
8443654,1,1,1,10,2025,2,31,12.0,3800000.0,18164
8442091,1,3,1,10,2025,1,27,5.0,1423500.0,14261
8466497,1,2,1,10,2025,1,38,4.0,1600000.0,49905
8471746,1,2,1,10,2025,1,37,4.0,2200000.0,62559
8451012,1,2,1,10,2025,1,42,5.0,600000.0,35173
8440180,1,1,1,10,2025,1,40,10.0,2200000.0,9940
8467329,1,2,1,10,2025,1,45,5.0,1100000.0,51925
8469527,1,3,1,10,2025,1,27,10.0,5000000.0,57428
8444092,1,1,1,10,2025,1,67,1.0,550000.0,19310
8465541,1,1,1,10,2025,2,75,4.0,280000.0,47837
8473812,1,2,1,10,2025,2,46,1.0,600000.0,66301
8445956,1,1,1,10,2025,1,62,8.0,3200000.0,23417
8467781,1,1,1,10,2025,1,64,5.0,1500000.0,53029
8467135,1,2,1,10,2025,1,29,10.0,1423500.0,51483
8471302,1,2,1,10,2025,2,66,10.0,2440000.0,61722
8436882,1,1,1,10,2025,1,30,10.0,2847000.0,2348
8440664,1,1,1,10,2025,1,64,3.0,2000000.0,11134
8462545,1,1,1,10,2025,1,33,6.0,1500000.0,41241
8446438,1,1,1,10,2025,1,21,4.0,3700000.0,24685
8464956,1,2,1,10,2025,1,63,5.0,1400000.0,46643
8462863,1,2,1,10,2025,2,52,5.0,500000.0,41909
8440332,1,1,1,10,2025,2,27,10.0,4600000.0,10299
8439511,1,3,1,10,2025,2,33,5.0,500000.0,8420
8463816,1,1,1,10,2025,1,30,4.0,2000000.0,44181
8469609,1,3,1,10,2025,1,33,5.0,1423500.0,57664
8465706,1,2,1,10,2025,2,55,1.0,750000.0,48114
8444060,1,3,1,10,2025,1,25,5.0,1150000.0,19222
8463545,1,1,1,10,2025,2,26,5.0,2000000.0,43548
8452564,1,1,1,10,2025,1,67,4.0,3000000.0,39161
8446656,1,1,1,10,2025,2,74,1.0,500000.0,25266
8442505,1,2,1,10,2025,2,21,3.0,100000.0,15294
8446472,1,4,1,10,2025,1,20,5.0,200000.0,24775
8441678,1,1,1,10,2025,2,51,4.0,2220000.0,13270
8468540,1,1,1,10,2025,2,24,5.0,1600000.0,54888
8450558,1,1,1,10,2025,1,33,10.0,4000000.0,34034
8469799,1,2,1,10,2025,2,20,5.0,1000000.0,58189
8465072,1,3,1,10,2025,2,27,10.0,3920000.0,46925
8445960,1,1,1,10,2025,2,28,8.0,1423500.0,23424
8467684,1,1,1,10,2025,2,30,10.0,4000000.0,52804
8443334,1,1,1,10,2025,1,44,4.0,430000.0,17291
8435979,1,1,1,10,2025,1,60,3.0,450000.0,31
8437044,1,2,1,10,2025,2,57,5.0,1940000.0,2813
8466523,1,2,1,10,2025,1,55,5.0,2850000.0,49981
8440152,1,3,1,10,2025,1,19,6.0,300000.0,9893
8450112,1,2,1,10,2025,2,57,3.0,500000.0,32937
8447598,1,3,1,10,2025,2,28,10.0,2500000.0,27304
8440366,1,1,1,10,2025,2,43,5.0,1420000.0,10385
8444289,1,2,1,10,2025,2,33,11.0,5000000.0,19743
8450473,1,2,1,10,2025,2,45,10.0,1800000.0,33819
8438721,1,2,1,10,2025,1,33,5.0,1300000.0,6657
8465107,1,2,1,10,2025,1,55,3.0,500000.0,47027
8451022,1,1,1,10,2025,1,50,10.0,1423500.0,35185
8470520,1,1,1,10,2025,2,61,3.0,1900000.0,59909
8468979,1,2,1,10,2025,1,30,8.0,2000000.0,55961
8447632,1,2,1,10,2025,1,45,5.0,1423000.0,27387
8467131,1,1,1,10,2025,1,23,9.0,2000000.0,51471
8439532,1,1,1,10,2025,2,33,8.0,1000000.0,8488
8464114,1,1,1,10,2025,2,29,10.0,850000.0,44771
8437123,1,2,1,10,2025,2,28,5.0,1423500.0,2991
8470364,1,1,1,10,2025,2,54,3.0,300000.0,59538
8467916,1,1,1,10,2025,1,26,3.0,1000000.0,53390
8436909,1,3,1,10,2025,1,23,5.0,1570000.0,2457
8441143,1,2,1,10,2025,1,32,10.0,3000000.0,12178
8446296,1,3,1,10,2025,1,50,9.0,1500000.0,24343
8468042,1,1,1,10,2025,2,22,10.0,1500000.0,53712
8438813,1,1,1,10,2025,1,50,5.0,1000000.0,6878
8437124,1,1,1,10,2025,2,58,3.0,800000.0,2994
8448462,1,1,1,10,2025,2,27,5.0,1800000.0,29193
8464655,1,2,1,10,2025,2,26,12.0,3400000.0,45992
8445980,1,2,1,10,2025,2,29,9.0,1423000.0,23482
8441849,1,2,1,10,2025,2,45,4.0,100000.0,13605
8452289,1,1,1,10,2025,2,44,10.0,1500000.0,38434
8450913,1,2,1,10,2025,1,27,7.0,2000000.0,34889
8436716,1,2,1,10,2025,2,22,9.0,2100000.0,1883
8465077,1,2,1,10,2025,1,54,9.0,1600000.0,46940
8468155,1,1,1,10,2025,1,28,4.0,1400000.0,53958
8440576,1,5,1,10,2025,2,20,6.0,1423000.0,10875
8470996,1,5,1,10,2025,2,21,8.0,1903500.0,61121
8467049,1,3,1,10,2025,2,32,5.0,1423500.0,51190
8465476,1,1,1,10,2025,2,37,5.0,2500000.0,47691
8469211,1,3,1,10,2025,2,20,10.0,1423500.0,56598
8467195,1,1,1,10,2025,2,59,5.0,650000.0,51614
8451113,1,1,1,10,2025,1,44,1.0,100000.0,35404
8466000,1,2,1,10,2025,2,59,5.0,1423500.0,48792
8469494,1,1,1,10,2025,2,36,4.0,2000000.0,57337
8448350,1,1,1,10,2025,2,34,11.0,3000000.0,28942
8444533,1,1,1,10,2025,1,64,10.0,1800000.0,20394
8447377,1,1,1,10,2025,2,36,10.0,2000000.0,26829
8446346,1,2,1,10,2025,2,39,4.0,1500000.0,24486
8466465,1,1,1,10,2025,2,35,6.0,1600000.0,49814
8451493,1,2,1,10,2025,2,55,5.0,700000.0,36393
8452284,1,1,1,10,2025,2,46,10.0,1423500.0,38421
8441862,1,2,1,10,2025,1,31,4.0,700000.0,13656
8468709,1,1,1,10,2025,1,44,4.0,2400000.0,55290
8461931,1,2,1,10,2025,1,33,5.0,600000.0,39797
8462357,1,1,1,10,2025,1,32,4.0,1400000.0,40804
8452459,1,1,1,10,2025,2,36,10.0,5000000.0,38889
8436179,1,1,1,10,2025,1,44,3.0,1200000.0,567
8468210,1,4,1,10,2025,2,19,10.0,1200000.0,54071
8436054,1,1,1,10,2025,1,26,5.0,1423500.0,282
8441373,1,2,1,10,2025,1,34,3.0,1000000.0,12637
8446112,1,1,1,10,2025,1,52,5.0,3500000.0,23805
8462855,1,1,1,10,2025,1,66,4.0,1500000.0,41889
8461873,1,2,1,10,2025,2,59,5.0,1423500.0,39629
8438700,1,1,1,10,2025,2,31,10.0,3000000.0,6622
8463220,1,1,1,10,2025,1,65,5.0,770000.0,42674
8451716,1,1,1,10,2025,2,33,10.0,1900000.0,36951
8443659,1,2,1,10,2025,2,53,10.0,300000.0,18179
8445649,1,1,1,10,2025,2,42,3.0,1200000.0,22753
8436754,1,3,1,10,2025,1,21,5.0,2000000.0,1979
8441862,1,1,1,10,2025,2,37,5.0,150000.0,13655
8472367,1,2,1,10,2025,2,37,8.0,2800000.0,63877
8436488,1,3,1,10,2025,1,39,10.0,1500000.0,1269
8452050,1,4,1,10,2025,1,26,5.0,900000.0,37805
8462624,1,2,1,10,2025,1,55,4.0,1000000.0,41409
8440097,1,3,1,10,2025,1,36,10.0,1500000.0,9753
8445544,1,2,1,10,2025,1,29,4.0,1000000.0,22503
8447797,1,3,1,10,2025,2,42,8.0,1423500.0,27725
8450541,1,3,1,10,2025,2,22,8.0,1423500.0,33986
8440010,1,1,1,10,2025,1,34,5.0,1600000.0,9584
8441964,1,2,1,10,2025,2,30,10.0,1000000.0,13969
8439056,1,2,1,10,2025,1,29,5.0,1200000.0,7399
8462839,1,2,1,10,2025,1,27,4.0,1923500.0,41876
8461886,1,1,1,10,2025,1,45,3.0,600000.0,39666
8440257,1,1,1,10,2025,1,44,5.0,2800000.0,10118
8437533,1,1,1,10,2025,2,62,4.0,750000.0,4071
8470318,1,2,1,10,2025,2,42,10.0,2500000.0,59449
8465044,1,3,1,10,2025,2,34,8.0,1350000.0,46862
8437942,1,1,1,10,2025,2,21,10.0,1000000.0,4878
8468756,1,1,1,10,2025,2,38,8.0,240000.0,55422
8447917,2,1,2,10,2025,2,22,4.0,1820000.0,28042
8436657,1,1,1,10,2025,2,77,3.0,700000.0,1728
8437891,1,1,1,10,2025,1,44,11.0,6500000.0,4790
8467499,1,2,1,10,2025,2,61,5.0,2800000.0,52350
8463727,1,3,1,10,2025,2,47,5.0,200000.0,43948
8441029,1,1,1,10,2025,2,49,5.0,2850000.0,11927
8466294,1,1,1,10,2025,2,37,5.0,1600000.0,49337
8447113,1,1,1,10,2025,1,29,10.0,1600000.0,26227
8464283,1,1,1,10,2025,2,28,5.0,0.0,45067
8443265,1,1,1,10,2025,1,40,5.0,1423500.0,17093
8465666,1,1,1,10,2025,2,61,11.0,8000000.0,48073
8451706,1,1,1,10,2025,2,51,8.0,1425000.0,36923
8445756,1,2,1,10,2025,2,37,5.0,1423500.0,22977
8439733,1,1,1,10,2025,2,40,3.0,700000.0,9020
8439134,1,1,1,10,2025,2,36,1.0,1600000.0,7584
8442339,1,1,1,10,2025,1,53,5.0,800000.0,14893
8469469,1,2,1,10,2025,2,38,4.0,450000.0,57269
8473081,1,3,1,10,2025,1,56,3.0,1625300.0,65211
8438037,2,1,2,10,2025,2,38,8.0,1800000.0,5082
8463328,1,2,1,10,2025,2,40,5.0,400000.0,42956
8448569,1,4,1,10,2025,1,18,9.0,1423500.0,29420
8446030,1,4,1,10,2025,1,38,5.0,1850000.0,23615
8442341,1,1,1,10,2025,2,63,8.0,1423500.0,14897
8470762,1,1,1,10,2025,2,34,10.0,1423000.0,60545
8438879,1,1,1,10,2025,2,26,11.0,3200000.0,7015
8438586,1,2,1,10,2025,2,56,5.0,1692000.0,6371
8469449,1,1,1,10,2025,1,30,10.0,2900000.0,57213
8449059,1,2,1,10,2025,2,33,8.0,3000000.0,30340
8470318,1,3,1,10,2025,1,17,5.0,300000.0,59450
8473852,1,5,1,10,2025,2,25,5.0,1400000.0,66410
8473200,1,5,1,10,2025,2,31,8.0,2500000.0,65425
8438147,1,1,1,10,2025,1,46,5.0,700000.0,5282
8441028,1,2,1,10,2025,1,22,5.0,1400000.0,11926
8467305,1,2,1,10,2025,1,55,5.0,1500000.0,51870
8449313,1,2,1,10,2025,1,63,5.0,1423500.0,30919
8445492,1,1,1,10,2025,2,49,9.0,1700000.0,22381
8469316,1,2,1,10,2025,2,45,10.0,3000000.0,56889
8469310,1,2,1,10,2025,2,52,4.0,200000.0,56867
8438030,1,1,1,10,2025,2,46,12.0,3800000.0,5053
8443123,1,2,1,10,2025,2,37,5.0,1700000.0,16777
8447258,1,4,1,10,2025,2,28,3.0,1110000.0,26513
8469331,1,1,1,10,2025,1,55,10.0,700000.0,56951
8446177,1,1,1,10,2025,2,20,8.0,2000000.0,23965
8452169,1,4,1,10,2025,1,23,5.0,600000.0,38124
8442274,1,2,1,10,2025,2,31,10.0,7000000.0,14715
8440789,1,1,1,10,2025,2,25,5.0,700000.0,11428
8467720,1,3,1,10,2025,1,28,4.0,1423500.0,52880
8439849,1,1,1,10,2025,2,55,3.0,600000.0,9305
8444772,1,1,1,10,2025,1,39,5.0,1423500.0,21031
8467115,1,1,1,10,2025,2,39,8.0,1800000.0,51423
8438688,1,2,1,10,2025,2,53,12.0,4000000.0,6602
8443836,1,2,1,10,2025,2,55,5.0,300000.0,18641
8466973,1,2,1,10,2025,1,41,10.0,1423500.0,50999
8468780,1,1,1,10,2025,1,38,5.0,1600000.0,55474
8462853,1,1,1,10,2025,1,42,3.0,900000.0,41887
8450298,1,3,1,10,2025,1,32,4.0,2200000.0,33409
8444376,1,2,1,10,2025,2,25,5.0,3500000.0,19973
8438091,1,2,1,10,2025,1,39,5.0,1500000.0,5178
8451094,1,2,1,10,2025,2,25,5.0,1450000.0,35347
8466747,1,3,1,10,2025,1,45,10.0,5500000.0,50491
8439683,1,1,1,10,2025,1,57,3.0,1500000.0,8901
8439656,1,1,1,10,2025,1,45,5.0,1300000.0,8812
8437253,1,1,1,10,2025,2,30,5.0,1750000.0,3316
8467655,1,2,1,10,2025,2,41,10.0,1500000.0,52741
8440851,1,1,1,10,2025,1,44,9.0,5650000.0,11587
8470638,1,1,1,10,2025,1,56,3.0,1200000.0,60214
8467660,1,2,1,10,2025,2,60,3.0,500000.0,52752
8472810,1,1,1,10,2025,2,40,10.0,2000000.0,64746
8473414,1,1,1,10,2025,2,49,5.0,400000.0,65834
8444311,1,1,1,10,2025,2,34,9.0,1623500.0,19803
8438323,1,1,1,10,2025,2,33,8.0,1423500.0,5718
8472885,1,1,1,10,2025,2,66,11.0,4000000.0,64925
8446917,1,4,1,10,2025,1,24,8.0,1423500.0,25811
8442136,1,1,1,10,2025,1,41,4.0,1400000.0,14350
8440822,1,1,1,10,2025,2,37,10.0,550000.0,11520
8438533,1,3,1,10,2025,2,44,10.0,4695972.0,6250
8436140,1,1,1,10,2025,1,63,3.0,2000000.0,488
8468517,1,1,1,10,2025,2,37,5.0,600000.0,54828
8470644,1,1,1,10,2025,2,56,3.0,450000.0,60229
8446865,1,1,1,10,2025,2,42,8.0,1600000.0,25687
8435969,1,1,1,10,2025,2,56,8.0,2250000.0,9
8451755,1,1,1,10,2025,2,47,3.0,1423500.0,37062
8449488,1,3,1,10,2025,2,36,3.0,1000000.0,31364
8466103,1,1,1,10,2025,1,80,3.0,700000.0,48967
8445211,1,1,1,10,2025,2,46,3.0,700000.0,21642
8467094,1,2,1,10,2025,2,33,9.0,1423000.0,51340
8441889,1,1,1,10,2025,1,62,3.0,300000.0,13747
8440362,1,3,1,10,2025,2,37,4.0,1400000.0,10376
8450893,1,1,1,10,2025,1,46,11.0,6000000.0,34834
8463205,1,1,1,10,2025,2,32,8.0,1600000.0,42638
8446485,1,1,1,10,2025,1,47,12.0,6000000.0,24812
8449370,1,4,1,10,2025,2,19,5.0,400000.0,31067
8442216,1,1,1,10,2025,2,44,5.0,2520000.0,14581
8465141,1,1,1,10,2025,1,31,3.0,1600000.0,47106
8470293,1,2,1,10,2025,2,35,5.0,1900000.0,59386
8440639,1,1,1,10,2025,2,48,5.0,1423500.0,11070
8466032,1,1,1,10,2025,2,53,5.0,1423500.0,48845
8469702,1,1,1,10,2025,2,60,1.0,300000.0,57907
8439444,1,1,1,10,2025,1,41,3.0,2500000.0,8290
8443157,1,1,1,10,2025,2,28,7.0,2000000.0,16846
8436111,1,1,1,10,2025,1,53,3.0,500000.0,413
8439018,1,1,1,10,2025,1,59,3.0,200000.0,7310
8449478,1,1,1,10,2025,1,21,4.0,300000.0,31338
8440862,1,1,1,10,2025,2,48,5.0,600000.0,11621
8451558,1,1,1,10,2025,1,42,10.0,5500000.0,36546
8437167,1,4,1,10,2025,1,16,5.0,1423500.0,3077
8473826,1,3,1,10,2025,2,25,10.0,1823500.0,66335
8444310,1,2,1,10,2025,2,53,9.0,1423500.0,19799
8439647,1,3,1,10,2025,1,18,4.0,800000.0,8788
8445725,1,1,1,10,2025,1,28,4.0,1200000.0,22915
8470552,1,3,1,10,2025,2,38,10.0,4300000.0,60000
8467169,1,1,1,10,2025,1,56,4.0,1423500.0,51564
8447203,1,3,1,10,2025,1,20,5.0,950000.0,26343
8462332,1,1,1,10,2025,1,36,4.0,1500000.0,40754
8471026,1,1,1,10,2025,1,58,5.0,1420000.0,61188
8447213,1,1,1,10,2025,1,34,3.0,1423500.0,26375
8470846,1,1,1,10,2025,2,53,5.0,1423500.0,60774
8436295,1,2,1,10,2025,2,52,3.0,500000.0,844
8470497,1,2,1,10,2025,1,26,3.0,2000000.0,59875
8462279,1,1,1,10,2025,2,32,5.0,1800000.0,40637
8466143,1,2,1,10,2025,1,35,5.0,2000000.0,49053
8436555,1,1,1,10,2025,1,49,5.0,2000000.0,1462
8444824,1,2,1,10,2025,2,27,8.0,6000000.0,21179
8444399,1,3,1,10,2025,2,21,5.0,400000.0,20038
8445400,1,2,1,10,2025,1,42,10.0,0.0,22168
8462534,1,2,1,10,2025,2,36,3.0,640000.0,41223
8439831,1,2,1,10,2025,1,46,4.0,1400000.0,9254
8467082,1,4,1,10,2025,2,25,5.0,1423500.0,51298
8443938,1,1,1,10,2025,1,29,10.0,3000000.0,18872
8442353,1,3,1,10,2025,2,29,9.0,2000000.0,14935
8439859,1,1,1,10,2025,2,53,3.0,200000.0,9339
8468485,1,1,1,10,2025,1,51,5.0,1530000.0,54744
8444340,1,2,1,10,2025,2,39,9.0,1000000.0,19882
8451226,1,1,1,10,2025,1,60,9.0,4300000.0,35705
8448784,1,1,1,10,2025,1,48,10.0,1500000.0,29875
8451466,1,1,1,10,2025,2,56,4.0,200000.0,36324
8468358,1,2,1,10,2025,2,32,8.0,1450000.0,54402
8472131,1,2,1,10,2025,1,37,5.0,1423000.0,63364
8452160,1,4,1,10,2025,2,28,5.0,600000.0,38100
8467969,1,2,1,10,2025,2,26,8.0,1400000.0,53535
8442959,1,2,1,10,2025,1,79,1.0,4200000.0,16348
8450947,1,1,1,10,2025,2,46,3.0,350000.0,35009
8469453,1,3,1,10,2025,1,36,5.0,1423500.0,57223
8440230,1,4,1,10,2025,1,47,10.0,4000000.0,10060
8463733,1,1,1,10,2025,2,60,3.0,900000.0,43958
8467807,1,1,1,10,2025,1,52,6.0,1423500.0,53088
8468021,1,1,1,10,2025,2,41,3.0,1300000.0,53663
8446031,1,1,1,10,2025,2,60,3.0,720000.0,23617
8465926,1,2,1,10,2025,1,25,5.0,1423500.0,48637
8446517,1,1,1,10,2025,2,26,6.0,1623000.0,24878
8442973,1,2,1,10,2025,2,24,5.0,200000.0,16385
8449395,1,2,1,10,2025,2,43,5.0,400000.0,31133
8436521,1,5,1,10,2025,1,50,4.0,1700000.0,1383
8446370,1,1,1,10,2025,1,36,5.0,1500000.0,24540
8441266,1,2,1,10,2025,2,40,10.0,5000000.0,12431
8449939,1,1,1,10,2025,1,42,9.0,700000.0,32478
8442678,1,1,1,10,2025,2,30,12.0,2100000.0,15666
8470264,1,1,1,10,2025,1,30,6.0,1423500.0,59302
8441655,1,1,1,10,2025,1,29,5.0,1000000.0,13221
8469736,1,1,1,10,2025,1,46,1.0,1200000.0,58010
8466323,1,5,1,10,2025,2,19,5.0,1423500.0,49377
8442416,1,2,1,10,2025,2,52,9.0,2000000.0,15079
8465797,1,3,1,10,2025,2,29,8.0,1500000.0,48334
8446046,1,2,1,10,2025,1,32,10.0,1800000.0,23657
8451633,1,1,1,10,2025,2,24,3.0,140000.0,36716
8443294,1,2,1,10,2025,1,17,3.0,400000.0,17200
8435976,1,2,1,10,2025,2,45,5.0,760000.0,22
8443105,1,1,1,10,2025,2,60,1.0,500000.0,16736
8462858,1,1,1,10,2025,1,59,3.0,1000000.0,41895
8450046,1,3,1,10,2025,2,34,5.0,2100000.0,32768
8467579,1,1,1,10,2025,1,28,4.0,1200000.0,52529
8470305,1,1,1,10,2025,1,48,3.0,1300000.0,59417
8452391,1,3,1,10,2025,1,40,6.0,1423500.0,38687
8448089,1,1,1,10,2025,2,64,3.0,200000.0,28464
8436530,1,2,1,10,2025,1,34,8.0,1423000.0,1406
8467618,1,1,1,10,2025,2,38,10.0,5550000.0,52652
8464076,1,3,1,10,2025,2,33,10.0,4270500.0,44722
8468346,1,3,1,10,2025,1,27,5.0,2360000.0,54367
8468805,1,2,1,10,2025,2,39,5.0,1200000.0,55542
8465614,1,1,1,10,2025,2,51,3.0,800000.0,47960
8444473,1,2,1,10,2025,1,32,5.0,240000.0,20234
8442427,1,2,1,10,2025,2,28,10.0,1760000.0,15098
8440740,1,1,1,10,2025,2,37,5.0,270000.0,11300
8447312,1,3,1,10,2025,2,30,8.0,0.0,26672
8452585,1,1,1,10,2025,2,58,7.0,4000000.0,39218
8473869,1,2,1,10,2025,2,49,6.0,1600000.0,66451
8469343,1,1,1,10,2025,2,32,10.0,400000.0,56983
8469708,1,1,1,10,2025,2,37,4.0,480000.0,57925
8472127,2,1,2,10,2025,1,30,9.0,1000000.0,63352
8473612,1,2,1,10,2025,2,27,5.0,800000.0,65957
8464976,1,3,1,10,2025,1,26,10.0,1423500.0,46681
8448955,1,1,1,10,2025,2,26,8.0,500000.0,30148
8470662,1,1,1,10,2025,1,57,9.0,1520000.0,60269
8450395,1,1,1,10,2025,1,57,4.0,800000.0,33649
8467392,1,6,1,10,2025,2,32,3.0,900000.0,52102
8473704,1,1,1,10,2025,2,31,8.0,700000.0,66125
8468739,1,2,1,10,2025,1,39,10.0,1000000.0,55379
8467519,1,2,1,10,2025,1,60,1.0,300000.0,52390
8444395,1,4,1,10,2025,1,28,10.0,1200000.0,20022
8440058,1,1,1,10,2025,1,55,3.0,700000.0,9676
8464360,1,1,1,10,2025,2,26,10.0,900000.0,45263
8450643,1,3,1,10,2025,1,47,5.0,1500000.0,34258
8463930,1,4,1,10,2025,2,63,5.0,1423500.0,44409
8448080,1,2,1,10,2025,2,60,5.0,200000.0,28443
8469593,1,1,1,10,2025,2,62,4.0,570000.0,57611
8449743,1,1,1,10,2025,1,55,3.0,800000.0,32009
8470384,2,1,2,10,2025,2,29,5.0,1480000.0,59593
8463334,1,3,1,10,2025,1,40,5.0,1200000.0,42980
8444762,1,2,1,10,2025,2,29,5.0,700000.0,21004
8445356,1,1,1,10,2025,1,40,5.0,1450000.0,22066
8468456,1,1,1,10,2025,2,61,12.0,8500000.0,54688
8447095,1,2,1,10,2025,2,54,11.0,9500000.0,26206
8445589,1,6,1,10,2025,1,41,1.0,1690000.0,22626
8447417,1,1,1,10,2025,2,35,5.0,800000.0,26939
8444804,1,2,1,10,2025,2,48,11.0,4000000.0,21115
8440034,1,2,1,10,2025,2,50,10.0,2100000.0,9626
8437482,1,1,1,10,2025,2,38,10.0,2000000.0,3946
8438503,1,2,1,10,2025,1,29,10.0,1000000.0,6170
8438110,1,2,1,10,2025,2,22,5.0,1000000.0,5226
8439875,1,1,1,10,2025,2,30,6.0,1423500.0,9380
8449106,1,2,1,10,2025,1,25,4.0,1600000.0,30438
8437816,1,1,1,10,2025,2,21,9.0,1500000.0,4616
8463516,1,3,1,10,2025,1,47,10.0,0.0,43491
8439044,1,1,1,10,2025,1,57,3.0,2000000.0,7355
8451663,1,3,1,10,2025,1,29,5.0,800000.0,36811
8462709,1,2,1,10,2025,2,41,5.0,400000.0,41603
8445898,1,1,1,10,2025,2,34,10.0,1423500.0,23283
8442561,1,1,1,10,2025,2,38,3.0,320000.0,15414
8446917,1,1,1,10,2025,1,57,4.0,1700000.0,25808
8440124,1,3,1,10,2025,2,21,10.0,600000.0,9821
8440399,1,1,1,10,2025,1,35,5.0,2900000.0,10458
8436975,1,1,1,10,2025,2,44,8.0,3000000.0,2649
8436369,1,1,1,10,2025,2,29,9.0,300000.0,1007
8471926,1,2,1,10,2025,2,52,10.0,3800000.0,62953
8436039,1,2,1,10,2025,2,45,12.0,3500000.0,250
8461883,1,3,1,10,2025,1,18,5.0,180000.0,39653
8464487,1,4,1,10,2025,1,59,5.0,1400000.0,45580
8444771,1,2,1,10,2025,2,46,4.0,720000.0,21028
8463351,1,1,1,10,2025,2,39,5.0,1200000.0,43029
8464886,1,2,1,10,2025,2,50,11.0,5000000.0,46476
8443078,1,2,1,10,2025,2,43,8.0,950000.0,16668
8469591,1,1,1,10,2025,2,37,5.0,800000.0,57603
8471566,1,2,1,10,2025,1,47,9.0,1600000.0,62236
8466324,1,3,1,10,2025,1,23,10.0,1423500.0,49380
8439048,1,2,1,10,2025,1,31,10.0,600000.0,7371
8473173,1,2,1,10,2025,1,44,5.0,1623500.0,65368
8448463,1,2,1,10,2025,1,33,9.0,2000000.0,29196
8472854,2,1,2,10,2025,1,27,10.0,1200000.0,64836
8444896,1,1,1,10,2025,1,46,11.0,6000000.0,21342
8449474,1,1,1,10,2025,1,65,1.0,600000.0,31327
8438524,1,1,1,10,2025,2,37,10.0,9300000.0,6221
8437693,1,1,1,10,2025,2,54,10.0,3900000.0,4382
8441644,1,1,1,10,2025,1,31,10.0,4500000.0,13201
8473199,1,4,1,10,2025,2,27,10.0,4900000.0,65420
8443527,1,2,1,10,2025,1,57,5.0,4000000.0,17823
8440245,1,1,1,10,2025,2,51,5.0,1600000.0,10093
8450799,1,3,1,10,2025,2,31,9.0,1700000.0,34623
8445879,1,1,1,10,2025,1,47,5.0,0.0,23238
8438362,1,2,1,10,2025,2,38,5.0,2500000.0,5819
8464679,1,2,1,10,2025,1,54,5.0,1423500.0,46044
8462308,1,1,1,10,2025,1,41,4.0,1680000.0,40699
8441605,1,2,1,10,2025,2,20,4.0,840000.0,13121
8451084,1,1,1,10,2025,2,27,8.0,1423500.0,35332
8469096,1,3,1,10,2025,2,51,6.0,1423500.0,56276
8443209,1,2,1,10,2025,1,34,1.0,1500000.0,16948
8446447,1,3,1,10,2025,1,32,10.0,1900000.0,24714
8440255,1,1,1,10,2025,1,25,5.0,1500000.0,10116
8440260,1,1,1,10,2025,2,48,10.0,10000000.0,10127
8466450,1,1,1,10,2025,2,39,5.0,700000.0,49762
8469493,1,2,1,10,2025,1,58,4.0,1000000.0,57336
8451526,1,3,1,10,2025,1,23,5.0,620000.0,36490
8444934,1,2,1,10,2025,2,39,10.0,4000000.0,21453
8442257,1,3,1,10,2025,1,24,5.0,1423500.0,14674
8436871,1,1,1,10,2025,2,42,4.0,1200000.0,2304
8445173,1,4,1,10,2025,1,19,8.0,300000.0,21544
8466837,1,2,1,10,2025,2,54,3.0,310000.0,50687
8448784,1,4,1,10,2025,2,22,10.0,3000000.0,29878
8441505,1,2,1,10,2025,2,47,9.0,3200000.0,12892
8469326,1,2,1,10,2025,1,45,3.0,600000.0,56921
8442766,1,1,1,10,2025,2,67,3.0,3200000.0,15883
8465821,1,2,1,10,2025,1,33,5.0,890000.0,48393
8447058,1,1,1,10,2025,1,62,10.0,3800000.0,26126
8437794,1,2,1,10,2025,1,39,8.0,1423500.0,4579
8438190,1,1,1,10,2025,1,38,11.0,3000000.0,5377
8466047,1,2,1,10,2025,2,34,5.0,1800000.0,48878
8470715,1,1,1,10,2025,1,31,5.0,1500000.0,60394
8464726,1,1,1,10,2025,1,36,10.0,2000000.0,46161
8437944,1,2,1,10,2025,2,39,10.0,8000000.0,4882
8445965,1,2,1,10,2025,2,44,3.0,600000.0,23438
8451065,1,3,1,10,2025,2,30,5.0,160000.0,35285
8436264,1,2,1,10,2025,2,50,5.0,1623500.0,767
8440590,1,2,1,10,2025,2,31,3.0,100000.0,10930
8436361,1,1,1,10,2025,1,46,5.0,1200000.0,984
8471580,1,2,1,10,2025,2,35,6.0,1200000.0,62274
8473826,1,1,1,10,2025,1,53,3.0,1423500.0,66333
8441861,1,2,1,10,2025,1,56,3.0,700000.0,13651
8465463,1,1,1,10,2025,1,30,10.0,1423500.0,47669
8441853,1,1,1,10,2025,2,30,8.0,1000000.0,13621
8441483,1,1,1,10,2025,2,35,8.0,3800000.0,12850
8450357,1,1,1,10,2025,1,40,10.0,2500000.0,33565
8465554,1,3,1,10,2025,1,52,5.0,1200000.0,47858
8441110,1,2,1,10,2025,2,38,6.0,1423500.0,12088
8442511,1,1,1,10,2025,2,44,9.0,1500000.0,15308
8442645,1,1,1,10,2025,1,54,5.0,1700000.0,15573
8446413,1,2,1,10,2025,1,29,5.0,1800000.0,24643
8470928,1,1,1,10,2025,2,58,5.0,1000000.0,60954
8463802,1,1,1,10,2025,2,35,5.0,1600000.0,44142
8441690,1,1,1,10,2025,2,68,4.0,0.0,13301
8465772,1,3,1,10,2025,1,29,10.0,2000000.0,48272
8444354,1,1,1,10,2025,1,24,4.0,1450000.0,19910
8472712,1,1,1,10,2025,1,46,8.0,1500000.0,64575
8446007,1,1,1,10,2025,1,54,9.0,1500000.0,23558
8448496,1,1,1,10,2025,1,61,9.0,2500000.0,29265
8473133,1,1,1,10,2025,2,52,10.0,6371720.0,65306
8461825,1,10,1,10,2025,1,17,4.0,600000.0,39527
8451104,1,1,1,10,2025,1,23,4.0,1300000.0,35379
8444365,1,3,1,10,2025,2,25,5.0,1800000.0,19937
8446248,1,1,1,10,2025,1,23,6.0,1450000.0,24201
8443593,1,2,1,10,2025,2,54,1.0,100000.0,17991
8443342,1,2,1,10,2025,1,25,10.0,740000.0,17319
8446917,1,3,1,10,2025,1,26,5.0,1423500.0,25810
8443767,1,2,1,10,2025,2,25,10.0,3000000.0,18446
8445483,1,1,1,10,2025,2,35,3.0,900000.0,22359
8469031,1,1,1,10,2025,2,64,3.0,1000000.0,56097
8448402,1,2,1,10,2025,2,51,3.0,1803500.0,29070
8442160,1,1,1,10,2025,1,29,5.0,1600000.0,14413
8447010,1,1,1,10,2025,1,29,5.0,1000000.0,26010
8465427,1,1,1,10,2025,1,41,8.0,1500000.0,47595
8442746,1,1,1,10,2025,1,39,3.0,1560000.0,15835
8437240,1,1,1,10,2025,1,25,10.0,2500000.0,3274
8443216,1,4,1,10,2025,1,56,1.0,1300000.0,16964
8436016,1,2,1,10,2025,1,41,3.0,220000.0,184
8451668,1,1,1,10,2025,1,55,4.0,640000.0,36824
8465814,1,2,1,10,2025,1,48,1.0,600000.0,48379
8439448,1,1,1,10,2025,1,52,5.0,1300000.0,8307
8437046,1,2,1,10,2025,2,42,5.0,2200000.0,2819
8445532,1,1,1,10,2025,1,42,5.0,1000000.0,22489
8449526,1,1,1,10,2025,1,56,10.0,2000000.0,31460
8444842,1,1,1,10,2025,2,40,13.0,6900000.0,21222
8450265,1,1,1,10,2025,2,64,3.0,600000.0,33322
8444444,1,2,1,10,2025,2,30,5.0,1423500.0,20156
8467007,1,1,1,10,2025,1,45,5.0,1200000.0,51114
8465375,1,2,1,10,2025,2,49,5.0,1400000.0,47505
8472592,1,2,1,10,2025,2,25,5.0,1423500.0,64294
8469349,1,1,1,10,2025,1,30,5.0,2000000.0,56999
8450251,1,2,1,10,2025,2,53,3.0,400000.0,33292
8439200,1,1,1,10,2025,2,78,3.0,600000.0,7715
8446492,1,2,1,10,2025,1,60,9.0,1900000.0,24828
8442720,1,1,1,10,2025,2,40,8.0,150000.0,15764
8467608,1,5,1,10,2025,1,31,5.0,1500000.0,52623
8449514,1,1,1,10,2025,1,49,3.0,1145000.0,31430
8444859,1,3,1,10,2025,1,19,9.0,1300000.0,21261
8467633,1,1,1,10,2025,1,51,5.0,1423000.0,52688
8439708,1,1,1,10,2025,2,52,3.0,240000.0,8964
8444542,1,1,1,10,2025,1,61,9.0,1000000.0,20423
8469337,1,2,1,10,2025,1,27,5.0,1423500.0,56971
8436181,1,2,1,10,2025,1,59,10.0,1600000.0,575
8468126,1,2,1,10,2025,1,54,3.0,1000000.0,53887
8470939,1,1,1,10,2025,2,38,9.0,1400000.0,60980
8448296,1,1,1,10,2025,2,28,5.0,1700000.0,28862
8464460,1,1,1,10,2025,2,64,5.0,1423500.0,45530
8449400,1,1,1,10,2025,1,38,5.0,1800000.0,31144
8470669,1,1,1,10,2025,2,53,10.0,3500000.0,60285
8471833,1,1,1,10,2025,1,53,11.0,9100000.0,62755
8469817,1,2,1,10,2025,2,38,5.0,1200000.0,58229
8441591,1,3,1,10,2025,2,36,8.0,3000000.0,13102
8444729,1,1,1,10,2025,1,32,5.0,1500000.0,20913
8438793,1,1,1,10,2025,2,51,10.0,1600000.0,6828
8441187,1,2,1,10,2025,2,31,10.0,350000.0,12260
8468858,1,3,1,10,2025,1,74,4.0,2000000.0,55698
8445331,1,1,1,10,2025,1,51,4.0,1423500.0,22007
8462973,1,1,1,10,2025,2,71,3.0,500000.0,42136
8452447,1,2,1,10,2025,1,35,4.0,0.0,38839
8448499,1,3,1,10,2025,1,25,8.0,2200000.0,29273
8446775,1,1,1,10,2025,2,45,8.0,1800000.0,25470
8436260,1,1,1,10,2025,1,34,3.0,830000.0,759
8446416,1,1,1,10,2025,2,30,8.0,2400000.0,24647
8447913,1,5,1,10,2025,2,65,3.0,600000.0,28025
8446206,1,1,1,10,2025,2,39,11.0,7000000.0,24046
8465073,1,4,1,10,2025,1,52,4.0,2080000.0,46930
8471071,1,2,1,10,2025,1,43,5.0,1423500.0,61290
8464522,1,1,1,10,2025,2,66,3.0,1420000.0,45671
8447360,1,2,1,10,2025,2,21,8.0,1423500.0,26783
8469235,1,2,1,10,2025,2,31,8.0,1874000.0,56657
8447003,1,1,1,10,2025,1,33,5.0,200000.0,26000
8451392,1,2,1,10,2025,2,21,5.0,200000.0,36151
8472872,1,2,1,10,2025,2,37,5.0,1500000.0,64881
8450505,1,3,1,10,2025,1,22,5.0,1423500.0,33879
8449447,1,1,1,10,2025,1,57,10.0,4300000.0,31274
8471757,1,2,1,10,2025,1,40,8.0,2500000.0,62589
8440666,1,4,1,10,2025,2,64,4.0,800000.0,11144
8472689,1,5,1,10,2025,1,34,8.0,1800000.0,64510
8443596,1,1,1,10,2025,1,26,5.0,1000000.0,17999
8462434,1,1,1,10,2025,1,68,3.0,1200000.0,40978
8463337,1,2,1,10,2025,2,54,4.0,1000000.0,42986
8439427,1,1,1,10,2025,1,50,3.0,1500000.0,8250
8449165,1,1,1,10,2025,2,45,10.0,4800000.0,30526
8470783,1,2,1,10,2025,2,51,4.0,1300000.0,60614
8445901,1,1,1,10,2025,2,21,5.0,1000000.0,23290
8438961,1,4,1,10,2025,1,23,3.0,1623500.0,7181
8438439,1,3,1,10,2025,2,34,5.0,1423500.0,6006
8451202,1,1,1,10,2025,1,63,3.0,560000.0,35662
8436822,1,2,1,10,2025,2,56,12.0,8541000.0,2108
8466575,1,2,1,10,2025,2,35,5.0,1423000.0,50089
8464547,1,1,1,10,2025,2,45,12.0,8500000.0,45720
8442914,1,1,1,10,2025,2,45,8.0,1463500.0,16227
8441711,1,1,1,10,2025,1,36,3.0,0.0,13354
8445296,1,2,1,10,2025,1,44,3.0,800000.0,21912
8436849,1,4,1,10,2025,2,31,8.0,1450000.0,2214
8470372,1,3,1,10,2025,2,41,5.0,250000.0,59565
8438571,1,1,1,10,2025,1,32,5.0,2650000.0,6328
8441976,1,1,1,10,2025,2,34,3.0,1423500.0,14004
8468252,1,1,1,10,2025,2,62,4.0,500000.0,54154
8470551,1,1,1,10,2025,1,23,5.0,1423500.0,59995
8451850,1,2,1,10,2025,1,48,1.0,1200000.0,37305
8446025,1,3,1,10,2025,2,20,8.0,2000000.0,23599
8439889,1,2,1,10,2025,2,24,5.0,2000000.0,9422
8444404,1,1,1,10,2025,1,30,5.0,1400000.0,20050
8439823,1,2,1,10,2025,2,34,8.0,1423500.0,9223
8464981,1,1,1,10,2025,1,57,5.0,1500000.0,46691
8441469,1,1,1,10,2025,1,29,10.0,5000000.0,12821
8443447,1,2,1,10,2025,2,45,9.0,1500000.0,17596
8464611,1,6,1,10,2025,2,40,5.0,1400000.0,45885
8466046,1,1,1,10,2025,2,32,5.0,1423500.0,48873
8438338,1,1,1,10,2025,2,29,8.0,500000.0,5764
8448429,1,1,1,10,2025,1,73,3.0,1500000.0,29133
8462822,1,1,1,10,2025,1,63,1.0,800000.0,41836
8440000,1,3,1,10,2025,2,36,5.0,1423500.0,9563
8443395,1,1,1,10,2025,2,54,3.0,1700000.0,17478
8439034,1,2,1,10,2025,2,42,12.0,7900000.0,7340
8450374,1,2,1,10,2025,2,44,5.0,1423000.0,33603
8444324,1,3,1,10,2025,2,25,10.0,1423500.0,19837
8441451,1,1,1,10,2025,2,44,4.0,850000.0,12789
8462883,1,1,1,10,2025,2,36,10.0,15200000.0,41953
8437692,1,2,1,10,2025,2,22,10.0,1900000.0,4381
8451189,1,2,1,10,2025,2,35,3.0,600000.0,35613
8467595,1,1,1,10,2025,2,49,5.0,900000.0,52581
8464472,1,1,1,10,2025,1,49,10.0,2800000.0,45546
8467011,1,1,1,10,2025,2,65,11.0,5000000.0,51123
8443625,1,2,1,10,2025,1,33,10.0,2500000.0,18084
8472806,1,2,1,10,2025,2,32,10.0,3000000.0,64740
8439636,1,3,1,10,2025,1,40,6.0,1423500.0,8755
8466806,1,2,1,10,2025,2,27,10.0,1400000.0,50619
8436328,1,1,1,10,2025,1,55,5.0,1423500.0,925
8436015,1,2,1,10,2025,2,56,1.0,300000.0,179
8437000,1,1,1,10,2025,2,61,10.0,1500000.0,2704
8470592,1,1,1,10,2025,1,39,8.0,2500000.0,60102
8437804,1,1,1,10,2025,2,31,10.0,1623000.0,4596
8452115,1,1,1,10,2025,2,38,10.0,2100000.0,37992
8445730,1,1,1,10,2025,1,38,3.0,1800000.0,22924
8447213,1,2,1,10,2025,2,35,8.0,1800000.0,26376
8468563,1,1,1,10,2025,2,36,10.0,7000000.0,54953
8440169,1,1,1,10,2025,2,39,5.0,250000.0,9919
8463232,1,2,1,10,2025,2,31,10.0,2900000.0,42702
8463981,1,1,1,10,2025,1,32,10.0,1423500.0,44534
8468178,1,3,1,10,2025,2,19,5.0,500000.0,54015
8463933,1,2,1,10,2025,1,33,13.0,6900000.0,44417
8468239,1,1,1,10,2025,1,66,3.0,1000000.0,54119
8468508,1,1,1,10,2025,2,35,8.0,350000.0,54797
8440442,1,2,1,10,2025,2,50,6.0,1000000.0,10531
8451361,1,2,1,10,2025,1,40,5.0,1423500.0,36061
8447016,1,1,1,10,2025,2,46,10.0,4000000.0,26022
8436275,1,1,1,10,2025,2,65,5.0,750000.0,793
8439602,1,2,1,10,2025,2,25,5.0,1000000.0,8668
8441460,1,1,1,10,2025,1,20,9.0,1423500.0,12812
8469891,1,1,1,10,2025,1,56,5.0,1075000.0,58382
8441087,1,3,1,10,2025,1,31,5.0,1000000.0,12047
8472276,1,1,1,10,2025,2,48,5.0,720000.0,63687
8443305,1,2,1,10,2025,2,27,4.0,100000.0,17237
8446957,1,1,1,10,2025,2,52,3.0,400000.0,25909
8436761,1,1,1,10,2025,2,35,8.0,2400000.0,1990
8446325,1,2,1,10,2025,2,67,4.0,700000.0,24422
8452255,1,1,1,10,2025,2,41,4.0,1423500.0,38339
8472040,1,2,1,10,2025,1,48,8.0,3050000.0,63151
8443002,1,1,1,10,2025,1,34,5.0,3443000.0,16453
8450020,1,1,1,10,2025,1,37,4.0,2000000.0,32701
8447032,1,1,1,10,2025,2,32,10.0,2000000.0,26057
8450271,1,1,1,10,2025,1,47,5.0,4750000.0,33330
8443641,1,2,1,10,2025,1,21,5.0,800000.0,18133
8437801,1,1,1,10,2025,2,60,3.0,350000.0,4589
8465271,1,1,1,10,2025,1,43,5.0,1423500.0,47366
8469944,1,2,1,10,2025,1,58,3.0,1423500.0,58535
8472680,1,1,1,10,2025,2,36,8.0,2000000.0,64488
8451192,1,1,1,10,2025,2,27,4.0,500000.0,35630
8465012,1,1,1,10,2025,2,32,5.0,900000.0,46786
8437825,1,1,1,10,2025,1,66,8.0,1800000.0,4636
8451902,1,2,1,10,2025,1,27,10.0,1200000.0,37426
8445212,1,2,1,10,2025,1,73,5.0,1200000.0,21645
8470635,1,3,1,10,2025,1,22,5.0,1426000.0,60207
8436476,1,1,1,10,2025,2,41,9.0,2500000.0,1238
8437140,1,2,1,10,2025,2,64,12.0,6000000.0,3040
8451646,1,1,1,10,2025,1,31,8.0,1423500.0,36751
8471460,1,2,1,10,2025,1,44,9.0,10000000.0,62035
8439318,1,1,1,10,2025,2,40,3.0,450000.0,8007
8461883,1,2,1,10,2025,2,43,5.0,400000.0,39652
8473259,1,3,1,10,2025,2,25,6.0,1400000.0,65552
8465765,1,4,1,10,2025,1,40,5.0,2800000.0,48260
8465620,1,1,1,10,2025,2,27,8.0,1423500.0,47963
8469609,1,4,1,10,2025,2,31,5.0,1423500.0,57665
8452277,1,2,1,10,2025,2,58,3.0,400000.0,38409
8441992,1,1,1,10,2025,1,52,1.0,720000.0,14046
8436888,1,2,1,10,2025,2,40,5.0,1423500.0,2366
8462802,1,1,1,10,2025,2,35,5.0,700000.0,41805
8469377,1,3,1,10,2025,2,28,10.0,2800000.0,57052
8444211,1,2,1,10,2025,2,29,10.0,2900000.0,19541
8469202,1,2,1,10,2025,1,28,8.0,1423500.0,56574
8438217,1,1,1,10,2025,2,39,8.0,2100000.0,5421
8437825,1,3,1,10,2025,1,26,5.0,3200000.0,4638
8450150,1,6,1,10,2025,2,42,5.0,970000.0,33025
8450544,1,1,1,10,2025,1,55,3.0,4500000.0,33992
8437494,1,1,1,10,2025,1,46,11.0,20000000.0,3980
8443453,1,3,1,10,2025,1,20,8.0,1000000.0,17611
8462531,1,5,1,10,2025,2,27,5.0,1623500.0,41210
8473261,1,1,1,10,2025,2,50,11.0,5600000.0,65554
8470378,1,1,1,10,2025,1,56,5.0,1300000.0,59577
8467310,1,1,1,10,2025,2,26,8.0,500000.0,51880
8439573,1,1,1,10,2025,1,50,3.0,1100000.0,8596
8466944,1,1,1,10,2025,1,67,11.0,6800000.0,50920
8450575,1,2,1,10,2025,1,26,10.0,1423500.0,34083
8450895,1,1,1,10,2025,2,35,10.0,4500000.0,34838
8442095,1,1,1,10,2025,1,65,3.0,1000000.0,14268
8450749,1,2,1,10,2025,2,26,7.0,1800000.0,34511
8449286,1,1,1,10,2025,1,84,1.0,250000.0,30827
8469739,1,2,1,10,2025,1,23,3.0,400000.0,58020
8461798,1,1,1,10,2025,2,29,5.0,1423500.0,39418
8446281,1,1,1,10,2025,2,47,5.0,800000.0,24295
8444930,1,1,1,10,2025,2,49,4.0,1623500.0,21443
8435994,1,4,1,10,2025,2,24,5.0,300000.0,83
8443406,1,2,1,10,2025,2,45,10.0,4000000.0,17502
8472691,1,1,1,10,2025,2,44,5.0,1623500.0,64513
8443559,1,1,1,10,2025,1,47,4.0,1500000.0,17905
8470800,1,2,1,10,2025,1,34,10.0,1423500.0,60669
8472339,1,1,1,10,2025,2,56,5.0,760000.0,63819
8452320,1,1,1,10,2025,2,55,10.0,5600000.0,38503
8469536,1,1,1,10,2025,2,59,5.0,375000.0,57454
8442818,1,2,1,10,2025,2,43,3.0,800000.0,16011
8466011,1,3,1,10,2025,1,20,10.0,600000.0,48820
8452114,1,2,1,10,2025,1,47,10.0,500000.0,37989
8446423,1,1,1,10,2025,1,59,5.0,980000.0,24658
8450815,1,2,1,10,2025,1,27,9.0,2400000.0,34657
8470963,1,2,1,10,2025,2,34,11.0,4000000.0,61049
8448478,1,2,1,10,2025,2,22,10.0,1423500.0,29222
8448389,1,2,1,10,2025,2,28,6.0,1423500.0,29038
8461766,1,2,1,10,2025,2,49,8.0,960000.0,39327
8437715,1,1,1,10,2025,1,58,4.0,1800000.0,4426
8465525,1,1,1,10,2025,2,47,8.0,1420000.0,47802
8472729,1,2,1,10,2025,2,34,5.0,800000.0,64600
8444720,1,1,1,10,2025,1,61,3.0,1500000.0,20884
8463006,1,1,1,10,2025,1,54,3.0,0.0,42214
8463491,1,4,1,10,2025,1,45,5.0,1423500.0,43435
8470546,1,1,1,10,2025,1,54,3.0,2150000.0,59977
8440642,1,1,1,10,2025,1,34,4.0,1500000.0,11077
8463594,1,1,1,10,2025,2,59,4.0,1423500.0,43652
8469472,1,4,1,10,2025,1,19,6.0,1700000.0,57282
8473869,1,1,1,10,2025,1,51,3.0,1600000.0,66450
8451420,1,1,1,10,2025,1,35,3.0,1000000.0,36226
8436065,1,1,1,10,2025,1,68,5.0,220000.0,309
8436822,1,4,1,10,2025,1,26,10.0,4270500.0,2110
8469888,1,1,1,10,2025,2,19,4.0,1500000.0,58381
8441877,1,1,1,10,2025,1,27,5.0,800000.0,13704
8440596,1,4,1,10,2025,2,67,5.0,850000.0,10945
8467899,1,2,1,10,2025,2,23,9.0,1423500.0,53345
8446948,1,1,1,10,2025,2,65,3.0,980000.0,25896
8465898,1,2,1,10,2025,1,47,5.0,1500000.0,48579
8436661,1,3,1,10,2025,2,21,8.0,1623500.0,1740
8448202,1,1,1,10,2025,2,36,5.0,1423500.0,28690
8470568,1,1,1,10,2025,2,35,5.0,1423000.0,60035
8437272,1,2,1,10,2025,2,20,8.0,1420000.0,3384
8465820,1,4,1,10,2025,2,51,5.0,1400000.0,48390
8468702,1,2,1,10,2025,1,32,10.0,3600000.0,55277
8448068,1,2,1,10,2025,2,29,10.0,1500000.0,28422
8448239,1,1,1,10,2025,2,62,3.0,1423500.0,28806
8468975,1,3,1,10,2025,2,46,12.0,4000000.0,55947
8450328,1,1,1,10,2025,2,25,5.0,1423500.0,33492
8438121,1,1,1,10,2025,2,33,12.0,6000000.0,5242
8451511,1,2,1,10,2025,2,40,4.0,260000.0,36446
8449536,1,1,1,10,2025,2,27,5.0,600000.0,31488
8469472,1,1,1,10,2025,2,38,5.0,1000000.0,57279
8465143,1,2,1,10,2025,2,66,5.0,750000.0,47111
8463825,1,1,1,10,2025,1,73,3.0,800000.0,44207
8449816,1,2,1,10,2025,2,50,4.0,600000.0,32174
8436636,1,2,1,10,2025,2,43,5.0,1423500.0,1672
8436728,1,6,1,10,2025,1,38,5.0,1500000.0,1917
8436007,1,1,1,10,2025,1,55,5.0,1400000.0,150
8463147,1,1,1,10,2025,2,44,10.0,5000000.0,42491
8469960,1,1,1,10,2025,2,43,9.0,1550000.0,58575
8468664,1,2,1,10,2025,2,41,5.0,1423500.0,55166
8471818,1,4,1,10,2025,1,30,5.0,1500000.0,62726
8436863,1,4,1,10,2025,1,32,5.0,1423500.0,2276
8463959,1,2,1,10,2025,2,32,5.0,700000.0,44481
8446195,1,1,1,10,2025,1,45,10.0,2500000.0,24016
8467209,1,3,1,10,2025,2,20,5.0,1423500.0,51651
8445619,1,1,1,10,2025,1,64,4.0,0.0,22690
8470436,1,1,1,10,2025,1,70,1.0,3000000.0,59749
8449843,1,4,1,10,2025,1,26,5.0,1743000.0,32244
8472750,1,2,1,10,2025,2,23,5.0,1223500.0,64651
8441896,1,2,1,10,2025,2,39,8.0,1423500.0,13777
8446011,1,1,1,10,2025,2,47,12.0,6700000.0,23566
8442585,1,2,1,10,2025,1,32,4.0,1200000.0,15454
8473826,1,2,1,10,2025,2,52,9.0,1423500.0,66334
8470903,1,1,1,10,2025,2,55,8.0,1423500.0,60904
8446644,1,2,1,10,2025,2,32,11.0,4200000.0,25237
8471498,1,1,1,10,2025,1,27,9.0,1650000.0,62087
8445832,1,1,1,10,2025,2,67,4.0,875000.0,23153
8447949,1,1,1,10,2025,2,40,5.0,1880000.0,28119
8465361,1,3,1,10,2025,1,46,10.0,1423500.0,47486
8446278,1,2,1,10,2025,2,50,5.0,1100000.0,24285
8471430,1,2,1,10,2025,1,31,5.0,1300000.0,61970
8439901,1,1,1,10,2025,1,33,10.0,2000000.0,9453
8451070,1,2,1,10,2025,2,44,9.0,150000.0,35299
8436469,1,1,1,10,2025,2,35,3.0,500000.0,1223
8449729,1,1,1,10,2025,1,40,10.0,4600000.0,31981
8473724,1,2,1,10,2025,1,33,5.0,2700000.0,66179
8442259,1,1,1,10,2025,2,48,10.0,1000000.0,14679
8464727,1,2,1,10,2025,2,44,8.0,600000.0,46163
8440563,1,2,1,10,2025,1,41,3.0,1200000.0,10829
8452410,1,2,1,10,2025,2,61,5.0,800000.0,38738
8469883,1,4,1,10,2025,1,28,8.0,1800000.0,58375
8473239,1,1,1,10,2025,1,37,9.0,6000000.0,65510
8464884,1,3,1,10,2025,2,50,10.0,5000000.0,46469
8449126,1,2,1,10,2025,1,33,8.0,1500000.0,30483
8466703,1,1,1,10,2025,2,30,10.0,4000000.0,50393
8448861,1,1,1,10,2025,2,54,5.0,150000.0,29979
8471878,1,3,1,10,2025,2,21,10.0,1423500.0,62854
8443478,1,1,1,10,2025,2,69,3.0,1280000.0,17683
8464693,1,2,1,10,2025,1,40,5.0,1000000.0,46078
8470789,1,1,1,10,2025,1,30,10.0,3000000.0,60638
8445714,1,2,1,10,2025,1,22,6.0,1400000.0,22902
8446947,1,3,1,10,2025,1,29,10.0,3800000.0,25895
8436972,1,3,1,10,2025,2,46,10.0,3000000.0,2640
8467230,1,3,1,10,2025,2,64,4.0,600000.0,51699
8440343,1,2,1,10,2025,2,34,10.0,1423500.0,10330
8470696,1,1,1,10,2025,1,71,3.0,740000.0,60354
8465529,1,1,1,10,2025,2,47,5.0,1400000.0,47806
8462907,1,2,1,10,2025,2,35,5.0,1600000.0,42001
8442623,1,1,1,10,2025,1,44,8.0,2800000.0,15525
8447562,1,3,1,10,2025,1,24,5.0,1200000.0,27245
8451669,1,2,1,10,2025,1,34,3.0,1500000.0,36827
8443216,1,3,1,10,2025,1,57,1.0,1300000.0,16963
8447849,1,1,1,10,2025,1,39,10.0,2000000.0,27881
8447905,1,4,1,10,2025,2,48,3.0,1423500.0,27998
8451077,1,3,1,10,2025,1,34,8.0,2400000.0,35318
8451199,1,5,1,10,2025,1,31,3.0,1000000.0,35657
8447711,1,1,1,10,2025,2,26,4.0,800000.0,27553
8440785,1,5,1,10,2025,1,38,10.0,200000.0,11419
8470450,1,5,1,10,2025,1,21,4.0,2000000.0,59777
8438197,1,2,1,10,2025,2,36,10.0,2400000.0,5393
8449287,1,4,1,10,2025,1,26,5.0,1423500.0,30833
8449439,1,1,1,10,2025,2,47,3.0,1000000.0,31257
8446878,1,1,1,10,2025,2,57,5.0,1350000.0,25714
8452449,1,2,1,10,2025,2,40,5.0,1600000.0,38847
8450438,1,1,1,10,2025,1,87,1.0,100000.0,33754
8445185,1,2,1,10,2025,2,52,1.0,248600.0,21571
8467758,1,1,1,10,2025,2,53,3.0,1600000.0,52974
8441196,1,1,1,10,2025,1,53,6.0,1300000.0,12284
8436590,1,4,1,10,2025,2,21,10.0,400000.0,1546
8463871,1,4,1,10,2025,2,38,10.0,1600000.0,44279
8451880,1,2,1,10,2025,2,53,1.0,1050000.0,37375
8444243,1,2,1,10,2025,1,42,3.0,1500000.0,19623
8470923,1,2,1,10,2025,2,55,3.0,160000.0,60948
8463059,1,2,1,10,2025,2,56,3.0,1000000.0,42326
8437616,1,1,1,10,2025,1,30,10.0,1700000.0,4201
8463482,1,1,1,10,2025,1,34,11.0,3600000.0,43415
8445438,1,4,1,10,2025,2,27,5.0,700000.0,22257
8466971,1,1,1,10,2025,1,48,10.0,2000000.0,50989
8469956,1,3,1,10,2025,1,29,5.0,2300000.0,58566
8470668,1,1,1,10,2025,1,75,10.0,2000000.0,60283
8440294,1,3,1,10,2025,2,40,5.0,1400000.0,10222
8469013,1,1,1,10,2025,2,39,3.0,1400000.0,56048
8450646,1,4,1,10,2025,2,45,5.0,1200000.0,34271
8467321,1,2,1,10,2025,2,36,6.0,1200000.0,51902
8451064,1,1,1,10,2025,1,37,6.0,800000.0,35282
8437962,1,1,1,10,2025,2,29,8.0,850000.0,4914
8436808,1,1,1,10,2025,1,36,10.0,1500000.0,2077
8468450,1,3,1,10,2025,2,33,8.0,1423500.0,54671
8467627,1,1,1,10,2025,2,75,4.0,200000.0,52672
8451347,1,1,1,10,2025,1,18,5.0,750000.0,36026
8437330,1,2,1,10,2025,2,33,9.0,2000000.0,3554
8442282,1,1,1,10,2025,1,30,10.0,4000000.0,14728
8444750,1,1,1,10,2025,1,49,3.0,1000000.0,20971
8465731,1,1,1,10,2025,2,34,10.0,1000000.0,48178
8440745,1,1,1,10,2025,2,62,3.0,212000.0,11321
8449905,1,1,1,10,2025,1,35,8.0,3000000.0,32396
8437881,1,1,1,10,2025,2,35,5.0,900000.0,4770
8436180,1,4,1,10,2025,2,22,4.0,1200000.0,572
8445303,1,3,1,10,2025,1,21,5.0,600000.0,21932
8445278,1,1,1,10,2025,2,43,3.0,290000.0,21855
8444261,1,1,1,10,2025,2,23,10.0,1423500.0,19680
8451131,1,1,1,10,2025,2,41,3.0,600000.0,35452
8445759,1,1,1,10,2025,2,48,3.0,700000.0,22981
8447912,1,3,1,10,2025,2,18,5.0,1260000.0,28018
8469091,1,2,1,10,2025,2,55,6.0,1650000.0,56265
8443510,1,1,1,10,2025,1,53,5.0,1400000.0,17783
8444294,1,1,1,10,2025,2,34,5.0,680000.0,19757
8467332,1,3,1,10,2025,2,29,10.0,1000000.0,51934
8442897,1,1,1,10,2025,2,38,4.0,400000.0,16198
8444465,1,1,1,10,2025,1,75,5.0,1200000.0,20211
8471529,1,1,1,10,2025,1,30,10.0,1900000.0,62122
8445590,1,2,1,10,2025,1,28,6.0,870000.0,22628
8450721,1,2,1,10,2025,2,61,3.0,1200000.0,34445
8451715,1,1,1,10,2025,1,58,3.0,1000000.0,36948
8443605,1,1,1,10,2025,2,56,3.0,160000.0,18027
8436642,1,3,1,10,2025,2,26,8.0,1600000.0,1690
8469294,1,2,1,10,2025,2,48,8.0,1423500.0,56825
8449479,1,1,1,10,2025,1,70,3.0,350000.0,31341
8439590,1,1,1,10,2025,2,44,11.0,3000000.0,8643
8449523,1,2,1,10,2025,1,19,8.0,1423500.0,31455
8440877,1,4,1,10,2025,1,41,8.0,1400000.0,11670
8444937,1,2,1,10,2025,1,42,10.0,4000000.0,21458
8470484,1,2,1,10,2025,1,61,9.0,2500000.0,59847
8450524,1,1,1,10,2025,1,70,3.0,900000.0,33937
8440178,1,1,1,10,2025,2,39,10.0,1600000.0,9938
8442777,1,1,1,10,2025,2,24,10.0,1423500.0,15911
8451667,1,1,1,10,2025,2,26,5.0,1400000.0,36821
8448572,1,2,1,10,2025,1,22,5.0,2050000.0,29430
8448177,1,1,1,10,2025,1,52,6.0,1680000.0,28630
8446932,1,1,1,10,2025,2,37,5.0,400000.0,25850
8462671,1,3,1,10,2025,1,38,5.0,240000.0,41507
8436943,1,4,1,10,2025,2,72,10.0,3000000.0,2565
8436057,1,1,1,10,2025,1,59,4.0,1000000.0,291
8451067,1,1,1,10,2025,1,41,4.0,1400000.0,35291
8441733,1,1,1,10,2025,2,22,5.0,1400000.0,13397
8446993,1,1,1,10,2025,2,56,10.0,5000000.0,25983
8462001,1,1,1,10,2025,1,40,5.0,1200000.0,40003
8466798,1,1,1,10,2025,1,41,8.0,1700000.0,50595
8449935,1,5,1,10,2025,1,24,4.0,1425000.0,32469
8462628,1,1,1,10,2025,2,35,5.0,300000.0,41417
8461758,1,1,1,10,2025,1,53,10.0,9558000.0,39304
8468658,1,1,1,10,2025,1,32,3.0,1100000.0,55139
8442931,1,2,1,10,2025,2,44,8.0,1800000.0,16278
8465752,1,3,1,10,2025,1,29,3.0,500000.0,48223
8443379,1,1,1,10,2025,2,45,3.0,800000.0,17438
8467373,1,2,1,10,2025,2,38,5.0,350000.0,52051
8465837,1,2,1,10,2025,2,28,6.0,1423500.0,48433
8466347,1,1,1,10,2025,2,67,1.0,250000.0,49469
8446356,1,2,1,10,2025,2,32,8.0,1423500.0,24510
8443792,1,1,1,10,2025,1,54,4.0,1200000.0,18498
8463215,1,2,1,10,2025,1,45,3.0,1423500.0,42667
8444851,1,1,1,10,2025,1,53,5.0,2410000.0,21239
8447934,1,2,1,10,2025,2,40,4.0,1200000.0,28080
8449798,1,1,1,10,2025,1,61,3.0,6400000.0,32131
8449055,1,1,1,10,2025,2,57,10.0,20000000.0,30336
8444598,1,5,1,10,2025,1,32,5.0,1500000.0,20561
8443459,1,2,1,10,2025,2,60,3.0,500000.0,17630
8473135,1,2,1,10,2025,2,23,6.0,210000.0,65310
8463464,1,1,1,10,2025,1,44,4.0,1700000.0,43353
8473367,1,1,1,10,2025,2,43,12.0,7800000.0,65762
8447983,1,1,1,10,2025,1,28,5.0,1423500.0,28190
8441531,1,3,1,10,2025,1,23,5.0,2400000.0,12960
8469156,1,1,1,10,2025,1,40,5.0,1400000.0,56456
8465590,1,1,1,10,2025,2,29,4.0,1850000.0,47913
8436407,1,1,1,10,2025,1,63,3.0,800000.0,1084
8436857,1,6,1,10,2025,2,26,8.0,1423500.0,2247
8468164,1,1,1,10,2025,2,32,10.0,3100000.0,53978
8463425,1,2,1,10,2025,2,26,5.0,510000.0,43258
8451295,1,1,1,10,2025,1,39,3.0,1600000.0,35891
8442119,1,2,1,10,2025,1,68,11.0,400000.0,14320
8444756,1,1,1,10,2025,2,55,3.0,400000.0,20987
8452558,1,1,1,10,2025,2,42,5.0,2100000.0,39148
8446048,1,1,1,10,2025,2,44,11.0,4000000.0,23659
8451151,1,2,1,10,2025,1,34,3.0,960000.0,35507
8452434,1,1,1,10,2025,2,46,5.0,1423500.0,38800
8450358,1,1,1,10,2025,1,34,10.0,5000000.0,33567
8440755,1,1,1,10,2025,2,32,5.0,300000.0,11349
8470613,1,2,1,10,2025,2,20,5.0,140000.0,60162
8444411,1,1,1,10,2025,1,61,11.0,6200000.0,20064
8463307,1,1,1,10,2025,1,67,11.0,2000000.0,42896
8442856,1,1,1,10,2025,2,30,12.0,2900000.0,16102
8467600,1,1,1,10,2025,2,48,5.0,800000.0,52601
8443709,1,2,1,10,2025,1,47,5.0,1600000.0,18294
8448600,1,3,1,10,2025,2,20,5.0,1423500.0,29498
8471030,1,1,1,10,2025,2,35,9.0,1425000.0,61198
8465844,1,1,1,10,2025,2,43,5.0,1000000.0,48448
8467847,1,1,1,10,2025,1,36,6.0,1423500.0,53218
8470382,1,2,1,10,2025,1,44,10.0,5500000.0,59587
8465841,1,1,1,10,2025,1,58,4.0,1423500.0,48439
8471438,1,2,1,10,2025,2,56,8.0,4000000.0,61987
8441888,1,1,1,10,2025,1,48,5.0,1500000.0,13742
8467650,1,3,1,10,2025,1,16,6.0,250000.0,52730
8472985,1,3,1,10,2025,2,26,5.0,1423500.0,65024
8465724,1,1,1,10,2025,2,58,11.0,6500000.0,48162
8441458,1,2,1,10,2025,1,37,9.0,2500000.0,12809
8441478,1,2,1,10,2025,2,45,11.0,5200000.0,12841
8467959,1,3,1,10,2025,2,33,8.0,1700000.0,53512
8470787,1,3,1,10,2025,1,23,5.0,1423500.0,60632
8437859,1,1,1,10,2025,2,62,3.0,300000.0,4726
8466124,1,1,1,10,2025,1,34,9.0,1423500.0,49011
8468596,1,1,1,10,2025,1,65,5.0,2000000.0,55009
8436029,1,2,1,10,2025,1,43,3.0,500000.0,232
8447279,1,4,1,10,2025,2,34,8.0,1700000.0,26576
8450295,1,1,1,10,2025,1,30,5.0,1700000.0,33400
8462470,1,1,1,10,2025,1,60,3.0,600000.0,41051
8447258,1,3,1,10,2025,2,44,5.0,1050000.0,26512
8466694,1,1,1,10,2025,1,35,10.0,3000000.0,50369
8446107,1,2,1,10,2025,2,38,10.0,2000000.0,23795
8442364,1,1,1,10,2025,1,55,4.0,1000000.0,14965
8467825,1,1,1,10,2025,2,25,4.0,300000.0,53140
8436389,1,1,1,10,2025,1,54,4.0,1500000.0,1051
8446405,1,1,1,10,2025,2,55,9.0,400000.0,24627
8449125,1,2,1,10,2025,2,47,5.0,1700000.0,30481
8470861,1,4,1,10,2025,2,26,5.0,1423500.0,60799
8468706,1,3,1,10,2025,1,38,5.0,1800000.0,55282
8473282,1,2,1,10,2025,1,56,3.0,1904000.0,65596
8463110,1,1,1,10,2025,1,54,3.0,300000.0,42445
8463574,1,1,1,10,2025,1,32,8.0,3100000.0,43612
8465333,1,2,1,10,2025,1,46,3.0,800000.0,47426
8466011,1,1,1,10,2025,1,52,10.0,1423500.0,48818
8472631,1,1,1,10,2025,2,37,5.0,1770000.0,64369
8470333,1,2,1,10,2025,2,32,5.0,1823500.0,59490
8471308,1,3,1,10,2025,1,27,5.0,2000000.0,61736
8467432,1,1,1,10,2025,1,48,11.0,5694000.0,52169
8472047,1,3,1,10,2025,2,18,10.0,1000000.0,63176
8441949,1,2,1,10,2025,2,19,5.0,240000.0,13935
8452062,1,2,1,10,2025,2,32,10.0,2800000.0,37834
8443387,1,2,1,10,2025,1,54,4.0,1100000.0,17461
8436581,1,1,1,10,2025,1,62,5.0,3000000.0,1518
8448040,1,2,1,10,2025,2,63,10.0,1800000.0,28331
8462353,1,2,1,10,2025,2,24,4.0,900000.0,40798
8448731,1,2,1,10,2025,2,47,3.0,850000.0,29765
8470958,1,1,1,10,2025,1,56,3.0,1600000.0,61027
8442079,1,1,1,10,2025,2,49,4.0,1170000.0,14227
8442320,1,3,1,10,2025,1,43,5.0,1600000.0,14846
8470400,1,1,1,10,2025,1,66,3.0,800000.0,59632
8467733,1,2,1,10,2025,2,26,10.0,3000000.0,52908
8465505,1,2,1,10,2025,2,33,11.0,2800000.0,47753
8442876,1,1,1,10,2025,2,34,12.0,3500000.0,16147
8452019,1,1,1,10,2025,2,44,5.0,1800000.0,37738
8451630,1,2,1,10,2025,2,35,10.0,4500000.0,36712
8463263,1,1,1,10,2025,2,50,3.0,720000.0,42792
8466136,1,3,1,10,2025,1,18,6.0,1600000.0,49032
8442763,1,1,1,10,2025,2,53,8.0,2000000.0,15876
8436924,1,4,1,10,2025,1,62,5.0,1300000.0,2509
8449541,1,1,1,10,2025,2,54,5.0,2000000.0,31502
8439604,1,3,1,10,2025,2,34,9.0,1740000.0,8673
8465010,1,5,1,10,2025,2,40,5.0,290000.0,46774
8444665,1,1,1,10,2025,2,49,5.0,1400000.0,20739
8462322,1,1,1,10,2025,1,37,3.0,1900000.0,40732
8448052,1,1,1,10,2025,2,34,10.0,3000000.0,28368
8463974,1,1,1,10,2025,2,51,5.0,1300000.0,44518
8440494,1,1,1,10,2025,1,39,6.0,1000000.0,10655
8444528,1,2,1,10,2025,2,59,10.0,3500000.0,20382
8471800,1,1,1,10,2025,2,59,5.0,1423500.0,62693
8470127,1,1,1,10,2025,2,71,3.0,100000.0,58993
8470958,1,5,1,10,2025,2,21,8.0,2600000.0,61031
8470299,1,2,1,10,2025,2,30,5.0,1423500.0,59403
8464697,1,2,1,10,2025,2,64,10.0,1800000.0,46093
8442458,1,1,1,10,2025,2,45,4.0,1000000.0,15173
8463901,1,1,1,10,2025,2,47,9.0,1423500.0,44350
8440299,1,1,1,10,2025,2,33,5.0,700000.0,10236
8450053,1,1,1,10,2025,2,63,12.0,5400000.0,32784
8443089,1,1,1,10,2025,2,24,5.0,2060000.0,16691
8450684,1,1,1,10,2025,2,53,4.0,1000000.0,34369
8447269,1,2,1,10,2025,2,28,5.0,1000000.0,26546
8468649,1,4,1,10,2025,1,55,5.0,535000.0,55117
8465125,1,2,1,10,2025,1,38,3.0,900000.0,47075
8441526,1,2,1,10,2025,2,53,5.0,1623000.0,12941
8442455,1,2,1,10,2025,1,35,10.0,2000000.0,15168
8470064,1,2,1,10,2025,1,49,5.0,1500000.0,58843
8439864,1,2,1,10,2025,1,69,3.0,700000.0,9352
8442706,1,1,1,10,2025,1,40,8.0,1423500.0,15736
8437986,1,1,1,10,2025,2,27,10.0,1800000.0,4961
8441693,1,1,1,10,2025,2,57,5.0,100000.0,13312
8438846,1,1,1,10,2025,1,52,5.0,2000000.0,6942
8472882,1,5,1,10,2025,2,21,5.0,1400000.0,64918
8473841,1,2,1,10,2025,1,36,4.0,1927000.0,66376
8463663,1,1,1,10,2025,2,36,10.0,5700000.0,43808
8443421,1,3,1,10,2025,1,22,5.0,1500000.0,17542
8468596,1,2,1,10,2025,2,64,4.0,600000.0,55010
8450702,1,1,1,10,2025,1,43,5.0,1500000.0,34397
8472741,1,3,1,10,2025,1,45,4.0,1800000.0,64632
8440394,1,2,1,10,2025,1,70,3.0,4000000.0,10451
8442308,1,1,1,10,2025,2,25,5.0,200000.0,14796
8445259,1,1,1,10,2025,2,57,3.0,600000.0,21795
8439342,1,4,1,10,2025,1,34,5.0,1423500.0,8059
8465762,1,2,1,10,2025,2,27,10.0,1200000.0,48254
8473657,1,1,1,10,2025,2,31,11.0,3550000.0,66053
8449663,1,3,1,10,2025,1,24,5.0,310000.0,31801
8451276,1,1,1,10,2025,1,56,8.0,2000000.0,35823
8451199,1,4,1,10,2025,1,19,3.0,900000.0,35656
8439535,1,3,1,10,2025,2,25,5.0,900000.0,8503
8450254,1,2,1,10,2025,1,35,9.0,1000000.0,33298
8447927,1,1,1,10,2025,1,34,11.0,5650000.0,28067
8464647,1,2,1,10,2025,1,54,3.0,300000.0,45963
8436988,1,3,1,10,2025,2,24,5.0,700000.0,2680
8470894,1,2,1,10,2025,1,25,8.0,1423500.0,60881
8447830,1,2,1,10,2025,2,54,9.0,1800000.0,27832
8440362,1,6,1,10,2025,2,29,5.0,1400000.0,10379
8465937,1,2,1,10,2025,2,67,11.0,4700000.0,48665
8441900,1,1,1,10,2025,1,39,5.0,1800000.0,13799
8470573,1,1,1,10,2025,2,26,5.0,1423500.0,60051
8442850,1,2,1,10,2025,2,47,5.0,1400000.0,16085
8444954,1,1,1,10,2025,1,39,5.0,6200000.0,21481
8439418,1,2,1,10,2025,2,32,6.0,1423500.0,8235
8436842,1,2,1,10,2025,1,42,5.0,1500000.0,2187
8446727,1,1,1,10,2025,2,34,5.0,1423500.0,25361
8471731,1,3,1,10,2025,2,37,11.0,4800000.0,62533
8440994,1,1,1,10,2025,1,25,5.0,1500000.0,11878
8447001,1,1,1,10,2025,2,51,5.0,1400000.0,25999
8440429,1,3,1,10,2025,2,43,8.0,1500000.0,10512
8450890,1,2,1,10,2025,2,36,5.0,2000000.0,34831
8468708,1,3,1,10,2025,2,25,10.0,2000000.0,55289
8471232,1,2,1,10,2025,2,26,5.0,1423500.0,61586
8447252,1,2,1,10,2025,2,43,5.0,1423500.0,26485
8443268,1,2,1,10,2025,2,53,3.0,320000.0,17103
8467531,1,2,1,10,2025,2,24,5.0,1400000.0,52419
8437463,1,1,1,10,2025,2,59,8.0,1423500.0,3881
8441339,1,1,1,10,2025,2,40,5.0,840000.0,12549
8440219,1,1,1,10,2025,2,51,3.0,1400000.0,10030
8448003,1,3,1,10,2025,2,43,10.0,4000000.0,28236
8470621,1,3,1,10,2025,1,32,5.0,2480000.0,60182
8436664,1,5,1,10,2025,1,33,10.0,1423500.0,1750
8443012,1,2,1,10,2025,2,37,10.0,2100000.0,16482
8461799,1,2,1,10,2025,2,27,8.0,1800000.0,39424
8445346,1,2,1,10,2025,2,25,3.0,300000.0,22036
8468698,1,1,1,10,2025,1,35,5.0,3000000.0,55264
8444737,1,2,1,10,2025,2,67,5.0,225000.0,20938
8450535,1,1,1,10,2025,1,52,5.0,1423500.0,33968
8465742,1,2,1,10,2025,2,39,8.0,1500000.0,48204
8467766,1,1,1,10,2025,1,22,10.0,1800000.0,52998
8442125,1,1,1,10,2025,1,44,10.0,1400000.0,14330
8470192,1,1,1,10,2025,1,44,4.0,2600000.0,59143
8469832,1,1,1,10,2025,2,41,4.0,350000.0,58256
8469962,1,2,1,10,2025,2,25,9.0,600000.0,58580
8464954,1,1,1,10,2025,1,34,5.0,2500000.0,46636
8473576,1,2,1,10,2025,1,43,5.0,1423000.0,65865
8436676,1,1,1,10,2025,2,52,5.0,300000.0,1774
8470133,1,1,1,10,2025,1,42,3.0,1400000.0,59015
8463973,1,2,1,10,2025,2,62,4.0,2000000.0,44517
8467079,1,1,1,10,2025,1,72,3.0,900000.0,51284
8446214,1,2,1,10,2025,2,42,10.0,3600000.0,24067
8452377,1,4,1,10,2025,2,16,4.0,300000.0,38647
8440553,1,2,1,10,2025,2,28,10.0,2265000.0,10799
8449002,1,2,1,10,2025,2,49,11.0,3900000.0,30224
8469810,1,1,1,10,2025,1,60,1.0,800000.0,58218
8446353,1,1,1,10,2025,1,61,3.0,200000.0,24505
8442761,1,1,1,10,2025,1,46,8.0,1423500.0,15871
8436719,1,2,1,10,2025,1,42,5.0,1700000.0,1888
8440729,1,1,1,10,2025,1,69,3.0,1800000.0,11267
8437335,1,2,1,10,2025,1,39,8.0,3510527.0,3566
8469326,1,5,1,10,2025,1,25,5.0,450000.0,56924
8444205,1,2,1,10,2025,2,39,8.0,1200000.0,19524
8440172,1,1,1,10,2025,1,63,5.0,2000000.0,9926
8438432,1,1,1,10,2025,1,47,10.0,3000000.0,5987
8462385,1,3,1,10,2025,1,21,10.0,3500000.0,40867
8471185,1,2,1,10,2025,1,55,4.0,2180000.0,61482
8441707,1,2,1,10,2025,2,38,11.0,6000000.0,13345
8469139,1,2,1,10,2025,2,25,8.0,1600000.0,56405
8438542,1,4,1,10,2025,2,45,4.0,2000000.0,6268
8472915,1,2,1,10,2025,2,28,10.0,4000000.0,64946
8450213,1,1,1,10,2025,2,42,5.0,200000.0,33188
8443694,1,1,1,10,2025,1,43,5.0,500000.0,18260
8464405,1,1,1,10,2025,2,63,10.0,4900000.0,45378
8446283,1,1,1,10,2025,2,40,10.0,2500000.0,24303
8447898,1,1,1,10,2025,1,43,5.0,2200000.0,27978
8462562,1,1,1,10,2025,1,62,3.0,2500000.0,41292
8447063,1,3,1,10,2025,1,34,12.0,5500000.0,26141
8468572,1,3,1,10,2025,2,30,10.0,2500000.0,54965
8450517,1,1,1,10,2025,2,27,13.0,3800000.0,33911
8436451,1,3,1,10,2025,1,32,3.0,1000000.0,1180
8444391,1,2,1,10,2025,1,57,5.0,800000.0,20012
8468512,1,3,1,10,2025,1,26,5.0,4000000.0,54807
8438645,1,1,1,10,2025,2,42,4.0,1423500.0,6504
8466822,1,1,1,10,2025,1,55,1.0,470000.0,50659
8439544,1,2,1,10,2025,2,33,5.0,1423000.0,8527
8452432,1,1,1,10,2025,2,29,8.0,1423500.0,38794
8442468,1,1,1,10,2025,1,49,4.0,1600000.0,15195
8439195,1,2,1,10,2025,2,23,8.0,1200000.0,7713
8464702,1,1,1,10,2025,1,30,5.0,1450000.0,46100
8469968,1,1,1,10,2025,1,39,12.0,19000000.0,58593
8450554,1,3,1,10,2025,1,24,5.0,400000.0,34020
8445385,1,1,1,10,2025,2,40,8.0,600000.0,22123
8443533,1,2,1,10,2025,2,21,6.0,1000000.0,17836
8464786,1,4,1,10,2025,2,23,10.0,800000.0,46272
8440676,1,2,1,10,2025,2,41,6.0,1500000.0,11168
8465561,1,1,1,10,2025,2,37,5.0,1423000.0,47874
8462766,1,1,1,10,2025,2,48,3.0,1423500.0,41723
8439410,1,2,1,10,2025,2,20,10.0,1623500.0,8211
8462568,1,1,1,10,2025,2,42,5.0,400000.0,41305
8443336,1,1,1,10,2025,1,36,5.0,220000.0,17297
8467863,1,3,1,10,2025,2,22,10.0,1423000.0,53256
8468731,1,2,1,10,2025,2,45,10.0,4200000.0,55349
8447847,1,3,1,10,2025,2,20,5.0,1423500.0,27879
8466419,1,1,1,10,2025,1,58,3.0,1200000.0,49678
8472811,1,1,1,10,2025,2,57,11.0,3400000.0,64748
8438424,1,1,1,10,2025,2,34,11.0,4000000.0,5963
8440204,1,1,1,10,2025,2,28,8.0,2000000.0,9994
8470690,1,1,1,10,2025,2,41,5.0,1500000.0,60337
8444446,1,2,1,10,2025,2,26,10.0,1623500.0,20164
8442881,1,1,1,10,2025,2,47,5.0,1100000.0,16159
8451954,1,1,1,10,2025,2,60,5.0,450000.0,37571
8464643,1,2,1,10,2025,1,30,4.0,2000000.0,45958
8467066,1,2,1,10,2025,1,45,4.0,1000000.0,51236
8449473,1,2,1,10,2025,2,25,3.0,1450000.0,31325
8469051,1,3,1,10,2025,1,50,3.0,2500000.0,56153
8472999,1,2,1,10,2025,1,42,5.0,1600000.0,65065
8444732,1,2,1,10,2025,2,51,10.0,1423500.0,20923
8442804,1,1,1,10,2025,2,42,5.0,300000.0,15966
8464867,1,2,1,10,2025,1,23,5.0,400000.0,46427
8463977,1,2,1,10,2025,2,45,8.0,200000.0,44527
8472136,1,4,1,10,2025,1,71,5.0,1500000.0,63382
8471964,1,1,1,10,2025,2,35,9.0,600000.0,63003
8469988,1,1,1,10,2025,2,29,3.0,600000.0,58649
8464762,1,1,1,10,2025,2,50,4.0,300000.0,46229
8465498,1,3,1,10,2025,2,21,8.0,1423000.0,47740
8462302,1,2,1,10,2025,1,53,3.0,1800000.0,40688
8464083,1,3,1,10,2025,2,24,11.0,2736000.0,44733
8440273,1,4,1,10,2025,2,18,5.0,800000.0,10167
8447194,1,1,1,10,2025,1,29,10.0,6000000.0,26332
8465544,1,2,1,10,2025,2,35,5.0,1400000.0,47841
8469722,1,1,1,10,2025,1,45,1.0,1200000.0,57970
8442239,1,2,1,10,2025,2,49,4.0,1800000.0,14643
8452361,1,1,1,10,2025,2,40,8.0,1800000.0,38608
8452536,1,1,1,10,2025,1,30,8.0,2200000.0,39085
8464730,1,2,1,10,2025,2,31,8.0,1623500.0,46168
8465021,1,3,1,10,2025,1,18,5.0,1423500.0,46811
8473350,1,1,1,10,2025,1,33,5.0,2200000.0,65732
8442518,1,2,1,10,2025,2,44,8.0,900000.0,15321
8449817,1,1,1,10,2025,2,40,8.0,1000000.0,32175
8436783,1,2,1,10,2025,2,54,4.0,2000000.0,2034
8461951,1,1,1,10,2025,1,65,4.0,900000.0,39854
8437012,1,1,1,10,2025,1,51,5.0,2190000.0,2738
8450417,1,1,1,10,2025,2,59,5.0,400000.0,33702
8462285,1,1,1,10,2025,1,46,3.0,1470000.0,40649
8443176,1,3,1,10,2025,1,24,10.0,4500000.0,16888
8471224,1,1,1,10,2025,1,63,5.0,1700000.0,61573
8462891,1,2,1,10,2025,2,35,4.0,1920000.0,41975
8463911,1,1,1,10,2025,1,63,3.0,1800000.0,44374
8440802,1,2,1,10,2025,1,44,3.0,360000.0,11476
8470946,1,2,1,10,2025,2,58,3.0,1100000.0,60998
8463292,1,2,1,10,2025,2,31,8.0,3000000.0,42864
8439504,1,2,1,10,2025,2,20,5.0,900000.0,8410
8451580,1,2,1,10,2025,1,80,5.0,500000.0,36583
8468439,1,2,1,10,2025,2,56,5.0,300000.0,54644
8473027,1,2,1,10,2025,2,19,5.0,1423500.0,65128
8468867,1,3,1,10,2025,2,28,9.0,1423500.0,55718
8468839,1,1,1,10,2025,1,44,10.0,1900000.0,55637
8447402,1,1,1,10,2025,2,55,3.0,1350000.0,26912
8437368,1,1,1,10,2025,2,43,10.0,4000000.0,3662
8450519,1,2,1,10,2025,2,29,5.0,400000.0,33918
8442505,1,1,1,10,2025,1,26,3.0,100000.0,15293
8450661,1,3,1,10,2025,1,22,5.0,450000.0,34312
8444684,1,1,1,10,2025,2,74,3.0,800000.0,20783
8470765,1,3,1,10,2025,2,25,5.0,500000.0,60558
8452070,1,2,1,10,2025,2,38,5.0,1423500.0,37859
8451907,1,1,1,10,2025,2,35,11.0,1660000.0,37441
8447552,1,2,1,10,2025,2,40,3.0,1400000.0,27222
8437072,1,3,1,10,2025,2,34,10.0,4500000.0,2871
8448675,1,7,1,10,2025,2,22,5.0,400000.0,29617
8463490,1,1,1,10,2025,2,39,5.0,1960000.0,43429
8450814,1,1,1,10,2025,1,38,5.0,2500000.0,34654
8464044,1,1,1,10,2025,2,34,8.0,2000000.0,44651
8470324,1,1,1,10,2025,1,52,3.0,3000000.0,59460
8438540,1,1,1,10,2025,1,33,10.0,1423500.0,6260
8469748,1,1,1,10,2025,2,73,3.0,105000.0,58047
8436513,1,3,1,10,2025,2,34,9.0,3000000.0,1360
8438355,1,2,1,10,2025,1,28,5.0,1600000.0,5808
8473198,1,1,1,10,2025,2,46,6.0,1423500.0,65411
8471093,1,1,1,10,2025,2,47,8.0,4000000.0,61346
8442809,1,1,1,10,2025,1,67,5.0,1200000.0,15974
8449827,1,1,1,10,2025,2,39,10.0,4500000.0,32204
8446039,1,4,1,10,2025,2,52,5.0,1423000.0,23641
8450078,1,1,1,10,2025,1,25,10.0,350000.0,32857
8451560,1,2,1,10,2025,2,43,10.0,1423500.0,36548
8452407,1,2,1,10,2025,2,36,5.0,1423500.0,38728
8437935,1,2,1,10,2025,2,63,1.0,1500000.0,4870
8436397,1,2,1,10,2025,2,28,5.0,1423500.0,1058
8462677,1,3,1,10,2025,2,30,10.0,2847000.0,41518
8438663,1,1,1,10,2025,2,65,3.0,320000.0,6547
8452070,1,1,1,10,2025,1,39,8.0,1423500.0,37858
8445680,1,1,1,10,2025,2,26,5.0,1600000.0,22823
8451495,1,3,1,10,2025,2,25,4.0,900000.0,36398
8469912,1,2,1,10,2025,2,55,5.0,1680000.0,58443
8473358,1,1,1,10,2025,2,50,5.0,6000000.0,65745
8443373,1,1,1,10,2025,1,59,3.0,1423500.0,17422
8462821,1,1,1,10,2025,1,74,1.0,1075000.0,41833
8441333,1,1,1,10,2025,2,26,5.0,1423500.0,12539
8444102,1,2,1,10,2025,2,45,8.0,2200000.0,19333
8437054,1,1,1,10,2025,1,26,10.0,3200000.0,2833
8441322,1,2,1,10,2025,2,33,8.0,1423500.0,12516
8445294,1,2,1,10,2025,1,41,4.0,1250000.0,21905
8470540,1,3,1,10,2025,2,39,10.0,3000000.0,59965
8469575,1,2,1,10,2025,2,23,10.0,1423500.0,57573
8451014,1,1,1,10,2025,2,47,6.0,3500000.0,35176
8470437,1,4,1,10,2025,1,31,5.0,1500000.0,59754
8449436,1,2,1,10,2025,1,55,3.0,1000000.0,31252
8445463,1,2,1,10,2025,2,28,5.0,700000.0,22315
8471944,1,1,1,10,2025,2,42,5.0,525000.0,62976
8447907,1,2,1,10,2025,1,35,5.0,1423500.0,28000
8437202,1,1,1,10,2025,1,30,5.0,1800000.0,3163
8443461,1,2,1,10,2025,2,38,5.0,900000.0,17637
8438266,1,2,1,10,2025,2,50,5.0,800000.0,5553
8463314,1,2,1,10,2025,2,30,8.0,1300000.0,42914
8464789,1,1,1,10,2025,2,67,1.0,100000.0,46282
8471873,1,2,1,10,2025,1,27,5.0,1623500.0,62837
8470590,1,1,1,10,2025,1,66,4.0,1500000.0,60097
8466506,1,1,1,10,2025,1,42,1.0,1050000.0,49933
8464996,1,2,1,10,2025,1,43,10.0,2000000.0,46747
8437059,1,1,1,10,2025,1,65,8.0,6000000.0,2843
8439830,1,1,1,10,2025,2,41,3.0,740000.0,9250
8471528,1,4,1,10,2025,1,20,8.0,400000.0,62120
8447171,1,3,1,10,2025,2,22,8.0,1500000.0,26287
8440681,1,1,1,10,2025,1,63,10.0,1423500.0,11178
8450377,1,2,1,10,2025,2,41,10.0,3500000.0,33610
8461985,1,2,1,10,2025,2,65,3.0,800000.0,39957
8464976,1,1,1,10,2025,2,54,8.0,1200000.0,46679
8439262,1,1,1,10,2025,2,36,4.0,2020000.0,7849
8461881,1,6,1,10,2025,1,55,10.0,700000.0,39649
8443602,1,1,1,10,2025,1,52,3.0,500000.0,18022
8437717,1,1,1,10,2025,1,42,10.0,1423500.0,4433
8448046,1,1,1,10,2025,1,33,5.0,2150000.0,28351
8466678,1,2,1,10,2025,1,54,4.0,2150000.0,50344
8470504,1,2,1,10,2025,1,33,5.0,1623000.0,59889
8442325,1,2,1,10,2025,1,30,5.0,1600000.0,14862
8468361,1,2,1,10,2025,2,22,8.0,700000.0,54411
8436181,1,3,1,10,2025,2,52,12.0,3200000.0,576
8441568,1,1,1,10,2025,2,38,10.0,2500000.0,13048
8444499,1,2,1,10,2025,2,29,4.0,1100000.0,20311
8463673,1,2,1,10,2025,2,33,11.0,4000000.0,43829
8465335,1,1,1,10,2025,1,33,9.0,1400000.0,47432
8437773,1,1,1,10,2025,1,59,6.0,920000.0,4535
8466428,1,1,1,10,2025,1,57,1.0,800000.0,49713
8439796,1,1,1,10,2025,2,70,3.0,700000.0,9145
8446999,1,1,1,10,2025,1,36,5.0,3500000.0,25995
8444726,1,1,1,10,2025,1,45,8.0,2300000.0,20902
8438529,1,1,1,10,2025,2,53,5.0,1400000.0,6234
8473082,1,1,1,10,2025,2,28,6.0,1500000.0,65214
8436571,1,1,1,10,2025,1,44,5.0,0.0,1495
8442361,1,2,1,10,2025,1,64,1.0,250000.0,14959
8463756,1,1,1,10,2025,1,45,8.0,1420000.0,44013
8473139,1,1,1,10,2025,1,32,10.0,4500000.0,65318
8452507,1,1,1,10,2025,1,65,3.0,1000000.0,39000
8465471,1,1,1,10,2025,2,22,5.0,5000000.0,47688
8462955,1,1,1,10,2025,1,64,4.0,900000.0,42092
8471639,1,2,1,10,2025,1,56,10.0,2000000.0,62374
8438933,1,2,1,10,2025,2,20,6.0,1800000.0,7122
8469646,1,3,1,10,2025,2,46,3.0,150000.0,57779
8446346,1,1,1,10,2025,1,38,5.0,1500000.0,24485
8437606,1,2,1,10,2025,1,35,11.0,3000000.0,4178
8436052,1,3,1,10,2025,2,27,5.0,1423500.0,278
8440538,1,1,1,10,2025,1,47,8.0,2000000.0,10760
8470954,1,1,1,10,2025,2,43,9.0,2100000.0,61019
8467636,1,1,1,10,2025,2,70,4.0,100000.0,52694
8442192,1,2,1,10,2025,1,43,3.0,1040000.0,14508
8465104,1,1,1,10,2025,2,29,5.0,500000.0,47018
8464804,1,1,1,10,2025,1,62,5.0,4900000.0,46301
8444325,1,2,1,10,2025,2,44,5.0,1200000.0,19839
8472243,1,2,1,10,2025,1,25,5.0,1680000.0,63619
8447153,1,1,1,10,2025,1,33,5.0,5000000.0,26264
8436608,1,3,1,10,2025,2,24,5.0,1600000.0,1594
8440209,1,1,1,10,2025,1,64,5.0,1800000.0,10006
8452042,1,3,1,10,2025,2,29,10.0,4000000.0,37783
8437266,1,1,1,10,2025,2,32,10.0,3200000.0,3365
8461959,1,2,1,10,2025,2,27,3.0,2000000.0,39889
8470687,1,2,1,10,2025,1,65,4.0,1423500.0,60329
8437815,1,3,1,10,2025,2,34,10.0,1423500.0,4613
8436860,1,1,1,10,2025,2,76,3.0,200000.0,2261
8451340,2,2,2,10,2025,2,31,5.0,300000.0,36010
8463036,1,2,1,10,2025,2,40,3.0,3360000.0,42279
8464626,1,1,1,10,2025,2,30,10.0,300000.0,45917
8468766,1,1,1,10,2025,1,65,8.0,1800000.0,55435
8466570,1,2,1,10,2025,2,55,5.0,420000.0,50077
8440655,1,1,1,10,2025,2,64,5.0,300000.0,11110
8448479,1,1,1,10,2025,2,48,5.0,1500000.0,29226
8445616,1,1,1,10,2025,2,39,6.0,1600000.0,22684
8444367,1,1,1,10,2025,1,26,5.0,1800000.0,19942
8452119,1,1,1,10,2025,1,21,5.0,800000.0,38001
8469288,1,2,1,10,2025,1,29,3.0,300000.0,56808
8442795,1,1,1,10,2025,2,49,4.0,400000.0,15943
8444318,1,2,1,10,2025,1,28,8.0,1600000.0,19821
8441520,1,1,1,10,2025,1,66,4.0,1700000.0,12928
8440052,1,1,1,10,2025,1,52,5.0,1423500.0,9660
8471282,1,1,1,10,2025,2,36,8.0,1200000.0,61690
8471003,1,1,1,10,2025,1,51,9.0,1500000.0,61138
8439671,1,5,1,10,2025,2,40,4.0,200000.0,8852
8468670,1,1,1,10,2025,2,30,8.0,1423500.0,55176
8470881,1,1,1,10,2025,2,42,10.0,2000000.0,60853
8467995,1,2,1,10,2025,2,35,6.0,450000.0,53588
8443494,1,2,1,10,2025,2,66,5.0,1200000.0,17733
8464458,1,3,1,10,2025,1,34,4.0,600000.0,45524
8442332,1,2,1,10,2025,2,39,5.0,1425000.0,14876
8464538,1,1,1,10,2025,2,65,10.0,1900000.0,45705
8440873,1,1,1,10,2025,1,30,5.0,480000.0,11653
8471307,1,2,1,10,2025,2,32,5.0,1780000.0,61732
8451516,1,2,1,10,2025,1,46,1.0,920000.0,36461
8444579,1,2,1,10,2025,2,33,10.0,2900000.0,20519
8463881,1,2,1,10,2025,1,41,9.0,4173000.0,44313
8449555,1,1,1,10,2025,1,29,5.0,1800000.0,31530
8450355,1,2,1,10,2025,2,82,10.0,3000000.0,33561
8436865,1,2,1,10,2025,2,38,5.0,850000.0,2283
8464203,1,1,1,10,2025,2,24,8.0,2100000.0,44956
8473192,1,1,1,10,2025,1,27,5.0,1846000.0,65394
8451920,1,1,1,10,2025,2,58,4.0,800000.0,37476
8452085,1,2,1,10,2025,2,59,10.0,5000000.0,37900
8446424,1,4,1,10,2025,1,26,10.0,300000.0,24664
8443277,1,2,1,10,2025,1,56,3.0,1423500.0,17138
8443595,1,3,1,10,2025,1,28,8.0,1900000.0,17994
8469941,1,5,1,10,2025,1,40,4.0,2500000.0,58528
8448037,1,2,1,10,2025,2,28,10.0,3200000.0,28322
8437371,1,1,1,10,2025,1,46,10.0,2840000.0,3667
8451385,1,1,1,10,2025,1,60,1.0,1723500.0,36131
8466228,1,1,1,10,2025,2,35,8.0,3000000.0,49240
8451372,1,1,1,10,2025,1,37,1.0,1800000.0,36087
8451419,1,7,1,10,2025,1,21,6.0,1423500.0,36225
8465838,1,2,1,10,2025,2,47,10.0,5500000.0,48436
8444322,1,2,1,10,2025,1,54,5.0,1700000.0,19831
8442785,1,2,1,10,2025,2,19,5.0,900000.0,15926
8439638,1,3,1,10,2025,1,37,9.0,800000.0,8759
8436618,1,1,1,10,2025,2,55,9.0,2900000.0,1624
8445727,1,1,1,10,2025,2,51,8.0,1753500.0,22920
8447230,1,1,1,10,2025,2,54,6.0,600000.0,26417
8451294,1,1,1,10,2025,1,55,4.0,400000.0,35890
8472149,1,2,1,10,2025,2,66,5.0,800000.0,63420
8471794,1,1,1,10,2025,2,36,4.0,1600000.0,62675
8444740,1,1,1,10,2025,1,40,5.0,600000.0,20945
8450618,1,1,1,10,2025,1,59,9.0,1800000.0,34191
8464865,1,2,1,10,2025,2,40,4.0,300000.0,46423
8441131,1,1,1,10,2025,1,61,5.0,1423500.0,12152
8444512,1,1,1,10,2025,1,49,4.0,1423500.0,20339
8436412,1,1,1,10,2025,1,25,8.0,1423500.0,1089
8448776,1,1,1,10,2025,2,35,10.0,2223000.0,29860
8473356,1,5,1,10,2025,2,18,5.0,1900000.0,65741
8442096,1,3,1,10,2025,1,31,10.0,1600000.0,14272
8446910,1,1,1,10,2025,2,32,8.0,1423500.0,25788
8468772,1,2,1,10,2025,1,31,8.0,3000000.0,55453
8447279,1,1,1,10,2025,1,57,3.0,1200000.0,26573
8469487,1,2,1,10,2025,2,23,5.0,1300000.0,57326
8451947,1,3,1,10,2025,2,25,5.0,1423500.0,37552
8448231,1,1,1,10,2025,2,29,8.0,1900000.0,28787
8445344,1,1,1,10,2025,1,59,3.0,600000.0,22031
8449263,1,1,1,10,2025,1,50,5.0,1400000.0,30759
8451298,1,1,1,10,2025,1,20,4.0,3000000.0,35898
8470111,1,4,1,10,2025,1,67,3.0,175000.0,58958
8449931,1,1,1,10,2025,2,65,4.0,500000.0,32455
8441585,1,1,1,10,2025,2,33,10.0,3100000.0,13086
8444901,1,1,1,10,2025,1,28,8.0,1800000.0,21355
8468998,1,1,1,10,2025,2,59,5.0,840000.0,56012
8463084,1,3,1,10,2025,2,21,5.0,950000.0,42385
8450230,1,2,1,10,2025,2,29,8.0,1500000.0,33238
8440629,1,3,1,10,2025,2,20,5.0,1240000.0,11040
8444713,1,1,1,10,2025,1,43,6.0,1600000.0,20869
8445854,1,1,1,10,2025,1,39,9.0,2500000.0,23197
8442940,1,3,1,10,2025,1,22,5.0,1624500.0,16311
8445866,1,1,1,10,2025,1,58,3.0,1200000.0,23216
8464084,1,1,1,10,2025,2,29,11.0,3500000.0,44734
8439005,1,1,1,10,2025,2,58,11.0,5695000.0,7284
8450612,1,1,1,10,2025,2,61,5.0,320000.0,34180
8450950,1,2,1,10,2025,1,32,3.0,700000.0,35015
8437843,1,2,1,10,2025,1,36,8.0,2000000.0,4684
8443447,1,3,1,10,2025,2,25,10.0,2285000.0,17597
8440945,1,2,1,10,2025,1,35,5.0,4000000.0,11788
8440107,1,1,1,10,2025,2,44,5.0,1700000.0,9780
8436850,1,1,1,10,2025,1,40,5.0,1500000.0,2219
8437609,1,2,1,10,2025,1,44,11.0,8300000.0,4187
8441817,1,1,1,10,2025,1,47,1.0,680000.0,13514
8437737,1,1,1,10,2025,2,30,12.0,5200000.0,4473
8468912,1,1,1,10,2025,2,40,8.0,1200000.0,55828
8441381,1,1,1,10,2025,1,61,11.0,9000000.0,12656
8437850,1,2,1,10,2025,2,29,11.0,8000000.0,4709
8443308,1,1,1,10,2025,2,43,5.0,120000.0,17247
8437156,1,1,1,10,2025,2,37,9.0,1800000.0,3063
8451594,1,1,1,10,2025,2,30,10.0,2500000.0,36607
8449971,1,2,1,10,2025,1,55,5.0,700000.0,32593
8471004,1,1,1,10,2025,1,25,10.0,1700000.0,61141
8438319,1,1,1,10,2025,2,47,5.0,700000.0,5699
8447341,1,2,1,10,2025,2,46,10.0,3400000.0,26741
8436990,1,2,1,10,2025,1,43,10.0,5300000.0,2684
8440818,1,1,1,10,2025,2,65,10.0,5000000.0,11508
8441175,1,1,1,10,2025,1,39,5.0,1623500.0,12231
8439107,1,2,1,10,2025,2,23,10.0,1423000.0,7520
8440825,1,2,1,10,2025,2,39,4.0,400000.0,11525
8452469,1,3,1,10,2025,1,26,5.0,1423500.0,38915
8439799,1,1,1,10,2025,2,35,6.0,1500000.0,9153
8451271,1,1,1,10,2025,2,62,5.0,1200000.0,35813
8449424,1,5,1,10,2025,1,15,4.0,720000.0,31216
8445247,1,1,1,10,2025,2,57,1.0,200000.0,21752
8469387,1,2,1,10,2025,1,61,3.0,1423000.0,57069
8465283,1,2,1,10,2025,1,31,6.0,2100000.0,47378
8441584,1,1,1,10,2025,1,43,5.0,1500000.0,13085
8451151,1,8,1,10,2025,1,72,3.0,280000.0,35513
8441832,1,1,1,10,2025,1,37,9.0,5000000.0,13554
8471005,1,2,1,10,2025,2,35,5.0,2000000.0,61144
8462528,1,5,1,10,2025,1,26,10.0,4000000.0,41195
8465519,1,3,1,10,2025,2,31,5.0,1400000.0,47786
8469502,1,2,1,10,2025,1,85,3.0,3000000.0,57363
8444215,1,3,1,10,2025,1,28,5.0,1400000.0,19553
8437618,1,1,1,10,2025,2,47,4.0,1623500.0,4206
8437466,1,2,1,10,2025,2,26,8.0,1423500.0,3892
8466199,1,2,1,10,2025,2,21,5.0,1623000.0,49193
8437193,1,2,1,10,2025,1,31,6.0,1623500.0,3146
8469227,1,2,1,10,2025,2,23,8.0,2200000.0,56637
8467737,1,2,1,10,2025,2,49,5.0,2000000.0,52921
8469468,1,3,1,10,2025,2,24,10.0,1423500.0,57266
8446763,1,1,1,10,2025,2,66,4.0,800000.0,25446
8467241,1,1,1,10,2025,2,50,12.0,6100000.0,51721
8470810,1,1,1,10,2025,1,31,10.0,1800000.0,60692
8467148,1,3,1,10,2025,2,18,5.0,0.0,51519
8467060,1,7,1,10,2025,1,31,8.0,700000.0,51222
8472576,1,2,1,10,2025,2,42,4.0,280000.0,64253
8439233,1,4,1,10,2025,1,39,5.0,1150000.0,7793
8462387,1,3,1,10,2025,1,22,5.0,1400000.0,40874
8463724,1,3,1,10,2025,2,26,10.0,1423000.0,43943
8451066,1,2,1,10,2025,2,39,9.0,470000.0,35288
8463223,1,1,1,10,2025,1,58,3.0,1600000.0,42682
8440827,1,2,1,10,2025,1,78,3.0,500000.0,11531
8436509,1,8,1,10,2025,2,37,6.0,780000.0,1342
8442861,1,2,1,10,2025,1,43,4.0,1600000.0,16112
8464579,1,2,1,10,2025,1,28,4.0,1200000.0,45798
8472093,1,1,1,10,2025,2,58,5.0,1000000.0,63279
8447429,1,1,1,10,2025,1,35,9.0,1700000.0,26967
8449595,1,4,1,10,2025,1,25,5.0,900000.0,31630
8467575,1,2,1,10,2025,1,30,5.0,1200000.0,52515
8465801,1,2,1,10,2025,2,38,8.0,1423500.0,48343
8446066,1,3,1,10,2025,2,25,9.0,1800000.0,23693
8444905,1,2,1,10,2025,2,28,10.0,1800000.0,21367
8464179,1,2,1,10,2025,1,26,4.0,1600000.0,44909
8444076,1,2,1,10,2025,2,23,10.0,3800000.0,19271
8437273,1,1,1,10,2025,1,49,5.0,1420000.0,3386
8440349,1,3,1,10,2025,1,33,5.0,500000.0,10345
8450147,1,5,1,10,2025,1,25,10.0,1423500.0,33012
8472047,1,1,1,10,2025,2,40,5.0,480000.0,63174
8462389,1,1,1,10,2025,1,20,5.0,1500000.0,40876
8462595,1,2,1,10,2025,1,45,6.0,1423500.0,41370
8466215,1,2,1,10,2025,1,35,5.0,1000000.0,49219
8465498,1,1,1,10,2025,1,54,4.0,1600000.0,47738
8473801,1,2,1,10,2025,2,22,5.0,400000.0,66265
8469799,1,1,1,10,2025,1,23,5.0,1120000.0,58188
8443316,1,1,1,10,2025,2,43,5.0,740000.0,17264
8462146,1,2,1,10,2025,2,37,8.0,250000.0,40377
8436928,1,2,1,10,2025,2,37,5.0,1380000.0,2518
8445738,1,2,1,10,2025,2,49,5.0,1000000.0,22946
8450182,1,1,1,10,2025,2,45,5.0,960000.0,33113
8441717,1,1,1,10,2025,2,36,9.0,2500000.0,13365
8464483,1,1,1,10,2025,2,32,10.0,3571000.0,45566
8437099,1,1,1,10,2025,2,36,4.0,1500000.0,2933
8440797,1,1,1,10,2025,1,52,3.0,430000.0,11450
8436912,1,2,1,10,2025,1,19,5.0,140000.0,2465
8441360,1,2,1,10,2025,2,57,4.0,1600000.0,12597
8468002,1,1,1,10,2025,2,40,8.0,1800000.0,53607
8439294,1,1,1,10,2025,2,48,8.0,1423500.0,7945
8436060,1,2,1,10,2025,2,39,11.0,7000000.0,298
8450422,1,2,1,10,2025,1,23,9.0,1423500.0,33718
8450324,1,2,1,10,2025,2,28,5.0,960000.0,33483
8449250,1,1,1,10,2025,1,62,1.0,900000.0,30720
8442879,1,1,1,10,2025,1,60,4.0,700000.0,16155
8470745,1,3,1,10,2025,1,29,9.0,600000.0,60480
8467656,1,2,1,10,2025,2,30,5.0,1423500.0,52744
8440022,1,1,1,10,2025,1,36,6.0,900000.0,9606
8444578,1,1,1,10,2025,2,22,10.0,1500000.0,20517
8467027,1,2,1,10,2025,2,25,10.0,3500000.0,51149
8472277,1,1,1,10,2025,1,37,10.0,1000000.0,63691
8463419,1,4,1,10,2025,2,26,10.0,3000000.0,43235
8465613,1,1,1,10,2025,1,55,11.0,4270500.0,47957
8473100,1,2,1,10,2025,2,46,8.0,1800000.0,65243
8441668,1,3,1,10,2025,2,25,4.0,250000.0,13242
8442465,1,1,1,10,2025,1,65,11.0,7000000.0,15191
8466629,1,2,1,10,2025,1,35,4.0,1700000.0,50219
8463242,1,2,1,10,2025,1,55,5.0,1700000.0,42721
8450585,1,3,1,10,2025,1,19,6.0,1400000.0,34111
8438499,1,1,1,10,2025,2,30,5.0,620000.0,6162
8468903,1,2,1,10,2025,2,27,9.0,2660000.0,55810
8450971,1,1,1,10,2025,1,71,1.0,550000.0,35060
8466561,1,1,1,10,2025,2,57,8.0,920000.0,50052
8463261,2,2,2,10,2025,2,26,5.0,1400000.0,42786
8471221,1,3,1,10,2025,2,28,9.0,1623500.0,61565
8436981,1,1,1,10,2025,2,46,11.0,2000000.0,2666
8444234,1,1,1,10,2025,1,47,10.0,5700000.0,19598
8447727,1,2,1,10,2025,1,25,5.0,1000000.0,27591
8444456,1,1,1,10,2025,2,47,3.0,880000.0,20195
8447469,1,2,1,10,2025,2,58,3.0,400000.0,27060
8463571,1,1,1,10,2025,2,26,10.0,1800000.0,43608
8436511,1,2,1,10,2025,2,32,8.0,1423500.0,1352
8444407,1,1,1,10,2025,2,53,8.0,1723000.0,20054
8449031,1,1,1,10,2025,2,58,5.0,1423500.0,30285
8470755,1,1,1,10,2025,2,38,5.0,1900000.0,60519
8450615,1,1,1,10,2025,2,56,3.0,800000.0,34185
8441398,1,1,1,10,2025,1,31,12.0,17925000.0,12691
8446648,1,2,1,10,2025,1,30,6.0,2500000.0,25245
8471052,1,1,1,10,2025,1,28,5.0,2500000.0,61242
8467914,1,1,1,10,2025,2,45,5.0,1423500.0,53384
8439902,1,1,1,10,2025,1,31,9.0,4000000.0,9456
8462160,1,1,1,10,2025,1,59,3.0,1530000.0,40407
8440328,1,1,1,10,2025,1,57,5.0,1623500.0,10294
8439178,1,2,1,10,2025,2,51,13.0,3000000.0,7680
8466359,1,2,1,10,2025,1,26,10.0,2700000.0,49496
8462494,1,1,1,10,2025,1,44,8.0,1000000.0,41101
8468836,1,1,1,10,2025,1,27,8.0,1423500.0,55627
8465980,1,1,1,10,2025,1,48,4.0,500000.0,48746
8436058,1,2,1,10,2025,2,27,5.0,1200000.0,295
8443814,1,2,1,10,2025,2,64,11.0,6000000.0,18571
8437766,1,2,1,10,2025,2,25,9.0,1600000.0,4527
8466630,1,2,1,10,2025,1,32,3.0,1750000.0,50223
8467953,1,1,1,10,2025,1,43,10.0,4000000.0,53499
8449378,1,2,1,10,2025,2,43,5.0,500000.0,31085
8438473,1,2,1,10,2025,2,24,4.0,1423500.0,6099
8439030,1,1,1,10,2025,1,65,8.0,2900000.0,7331
8436289,1,3,1,10,2025,1,25,5.0,1423500.0,828
8439138,1,1,1,10,2025,1,32,9.0,1600000.0,7594
8440667,1,1,1,10,2025,2,34,10.0,2100000.0,11145
8451774,1,1,1,10,2025,1,53,9.0,2500000.0,37112
8446590,1,2,1,10,2025,1,50,5.0,700000.0,25092
8436308,1,2,1,10,2025,2,57,9.0,2500000.0,877
8441246,1,1,1,10,2025,2,45,10.0,4000000.0,12391
8439578,1,1,1,10,2025,1,41,10.0,6755000.0,8614
8440553,1,1,1,10,2025,1,35,9.0,4080000.0,10798
8450681,1,4,1,10,2025,1,26,5.0,1400000.0,34363
8447638,1,1,1,10,2025,2,44,5.0,200000.0,27403
8452462,1,1,1,10,2025,2,32,12.0,2800000.0,38896
8473608,1,1,1,10,2025,1,45,3.0,1423500.0,65941
8472853,1,1,1,10,2025,2,33,10.0,1423500.0,64833
8450727,1,1,1,10,2025,2,39,5.0,1800000.0,34458
8446401,1,1,1,10,2025,1,63,4.0,1900000.0,24620
8471394,1,3,1,10,2025,1,25,10.0,900000.0,61898
8447442,1,1,1,10,2025,1,53,4.0,2183500.0,26995
8470154,1,1,1,10,2025,2,51,3.0,200000.0,59063
8440623,1,2,1,10,2025,1,22,5.0,2300000.0,11021
8473816,1,2,1,10,2025,2,66,8.0,19500000.0,66310
8468757,1,1,1,10,2025,2,52,5.0,205000.0,55425
8439073,1,4,1,10,2025,1,53,4.0,1000000.0,7436
8445182,1,1,1,10,2025,1,84,1.0,200000.0,21565
8447680,1,1,1,10,2025,1,41,1.0,800000.0,27497
8437447,1,1,1,10,2025,2,65,4.0,1100000.0,3842
8449867,1,1,1,10,2025,1,35,5.0,1830000.0,32317
8470521,1,4,1,10,2025,2,38,10.0,3800000.0,59914
8461801,1,4,1,10,2025,1,25,5.0,520000.0,39435
8448891,1,4,1,10,2025,1,18,5.0,1212000.0,30020
8450583,1,1,1,10,2025,2,30,10.0,2400000.0,34104
8466841,1,1,1,10,2025,1,41,3.0,600000.0,50697
8436823,1,2,1,10,2025,2,63,9.0,3000000.0,2112
8465242,1,2,1,10,2025,1,31,10.0,1423500.0,47302
8440881,1,1,1,10,2025,2,61,5.0,500000.0,11683
8466098,1,2,1,10,2025,2,48,4.0,100000.0,48954
8443291,1,1,1,10,2025,2,55,5.0,300000.0,17188
8471204,1,1,1,10,2025,1,42,5.0,1700000.0,61521
8472667,1,3,1,10,2025,1,37,5.0,1500000.0,64457
8464786,1,1,1,10,2025,2,41,3.0,1400000.0,46269
8447601,1,2,1,10,2025,1,33,3.0,1200000.0,27314
8461773,1,1,1,10,2025,2,28,5.0,210000.0,39344
8443033,1,2,1,10,2025,2,29,10.0,1423500.0,16560
8466439,1,2,1,10,2025,1,25,6.0,800000.0,49738
8442166,1,1,1,10,2025,2,23,5.0,1500000.0,14429
8462575,1,1,1,10,2025,1,57,3.0,1100000.0,41323
8446237,1,1,1,10,2025,2,29,5.0,1663500.0,24144
8440404,1,1,1,10,2025,2,49,4.0,1900000.0,10466
8442953,1,1,1,10,2025,1,68,3.0,1800000.0,16336
8446732,1,1,1,10,2025,2,41,3.0,700000.0,25362
8451262,1,3,1,10,2025,2,25,3.0,1200000.0,35802
8448145,1,1,1,10,2025,2,55,3.0,500000.0,28527
8466148,1,1,1,10,2025,2,41,5.0,500000.0,49070
8470731,1,3,1,10,2025,2,68,3.0,1200000.0,60429
8448362,1,3,1,10,2025,2,25,10.0,2800000.0,28971
8462331,1,1,1,10,2025,2,60,5.0,950000.0,40752
8450640,1,2,1,10,2025,2,38,10.0,1500000.0,34246
8446943,2,1,2,10,2025,1,44,5.0,1423500.0,25888
8463057,1,1,1,10,2025,1,62,3.0,800000.0,42320
8451774,1,4,1,10,2025,1,21,10.0,1623500.0,37115
8442723,1,2,1,10,2025,1,32,5.0,1800000.0,15777
8451110,1,1,1,10,2025,2,39,1.0,100000.0,35389
8448886,1,2,1,10,2025,2,28,10.0,2200000.0,30006
8452531,1,2,1,10,2025,2,34,5.0,1300000.0,39068
8441064,1,2,1,10,2025,2,34,3.0,500000.0,11994
8448590,1,2,1,10,2025,2,32,10.0,4000000.0,29474
8451027,1,1,1,10,2025,2,37,3.0,1400000.0,35196
8451926,1,2,1,10,2025,1,31,5.0,1200000.0,37491
8472663,1,1,1,10,2025,2,47,5.0,1423500.0,64446
8438723,1,3,1,10,2025,1,33,1.0,1300000.0,6666
8463982,1,1,1,10,2025,2,48,5.0,2000000.0,44535
8439233,1,6,1,10,2025,1,35,8.0,1423500.0,7795
8473097,1,1,1,10,2025,2,35,6.0,1160000.0,65239
8451370,1,1,1,10,2025,2,31,5.0,800000.0,36080
8446956,1,1,1,10,2025,1,42,5.0,1800000.0,25908
8461904,1,1,1,10,2025,1,31,8.0,2500000.0,39708
8438262,1,1,1,10,2025,2,40,11.0,3000000.0,5537
8444395,1,2,1,10,2025,2,50,9.0,1523500.0,20020
8444595,1,1,1,10,2025,2,24,8.0,850000.0,20552
8439600,1,1,1,10,2025,1,67,3.0,750000.0,8661
8472080,1,1,1,10,2025,1,50,5.0,1300000.0,63246
8471801,1,2,1,10,2025,2,44,10.0,2000000.0,62696
8450002,1,2,1,10,2025,2,66,3.0,900000.0,32670
8451890,1,2,1,10,2025,2,66,5.0,800000.0,37398
8471458,1,1,1,10,2025,2,34,8.0,480000.0,62028
8443436,1,1,1,10,2025,2,28,5.0,1600000.0,17578
8438846,1,4,1,10,2025,2,37,12.0,7000000.0,6945
8452485,1,1,1,10,2025,1,33,5.0,2400000.0,38944
8450178,1,2,1,10,2025,2,42,5.0,1423500.0,33103
8469482,1,3,1,10,2025,2,35,10.0,3800000.0,57310
8443630,1,1,1,10,2025,2,33,5.0,1723000.0,18100
8438057,1,2,1,10,2025,2,42,3.0,1423500.0,5120
8436195,1,2,1,10,2025,2,46,5.0,240000.0,607
8444006,1,1,1,10,2025,2,30,5.0,600000.0,19054
8464875,1,1,1,10,2025,2,38,9.0,1600000.0,46451
8447237,1,2,1,10,2025,2,43,5.0,1600000.0,26446
8452413,1,1,1,10,2025,1,39,10.0,4000000.0,38747
8446928,1,1,1,10,2025,2,45,5.0,1300000.0,25838
8470233,1,4,1,10,2025,1,19,3.0,100000.0,59227
8450510,1,1,1,10,2025,1,51,3.0,1423500.0,33888
8471217,1,2,1,10,2025,2,69,9.0,1970000.0,61556
8470392,1,2,1,10,2025,2,16,5.0,600000.0,59615
8446925,1,1,1,10,2025,2,54,5.0,2000000.0,25827
8461857,1,1,1,10,2025,1,32,4.0,300000.0,39589
8449053,1,3,1,10,2025,2,56,13.0,7500000.0,30334
8443664,1,2,1,10,2025,1,45,11.0,3200000.0,18191
8438100,1,2,1,10,2025,2,28,5.0,1000000.0,5206
8465376,1,1,1,10,2025,1,80,12.0,8000000.0,47507
8439595,1,1,1,10,2025,2,60,3.0,600000.0,8650
8465779,1,2,1,10,2025,2,27,5.0,1423500.0,48295
8439378,1,3,1,10,2025,2,18,4.0,1200000.0,8152
8462036,1,1,1,10,2025,1,31,5.0,1700000.0,40096
8444288,1,2,1,10,2025,1,64,8.0,300000.0,19741
8451622,1,4,1,10,2025,1,38,5.0,2500000.0,36686
8473247,1,1,1,10,2025,2,51,11.0,5600000.0,65522
8463205,1,2,1,10,2025,1,46,3.0,1000000.0,42639
8444736,1,3,1,10,2025,1,24,5.0,800000.0,20936
8442708,1,2,1,10,2025,1,66,3.0,200000.0,15742
8447182,1,1,1,10,2025,2,49,8.0,1800000.0,26305
8444591,1,1,1,10,2025,2,28,10.0,1423500.0,20544
8470604,1,2,1,10,2025,2,48,5.0,1423500.0,60143
8442754,1,1,1,10,2025,2,32,5.0,1000000.0,15856
8472486,2,2,2,10,2025,1,19,5.0,1000000.0,64149
8440419,1,1,1,10,2025,2,38,5.0,1800000.0,10493
8464357,1,1,1,10,2025,2,31,8.0,1800000.0,45257
8439269,1,2,1,10,2025,2,42,10.0,2000000.0,7873
8439517,1,1,1,10,2025,2,64,8.0,878000.0,8440
8446424,1,2,1,10,2025,2,61,11.0,6450000.0,24662
8465010,1,10,1,10,2025,2,33,5.0,350000.0,46779
8473620,1,2,1,10,2025,2,33,5.0,700000.0,65985
8442298,1,1,1,10,2025,2,35,11.0,17850000.0,14762
8446919,1,2,1,10,2025,1,60,5.0,1623500.0,25817
8437269,1,2,1,10,2025,2,31,8.0,1100000.0,3372
8438618,1,2,1,10,2025,2,66,8.0,2750000.0,6445
8467852,1,2,1,10,2025,1,50,3.0,2100000.0,53233
8468464,1,1,1,10,2025,1,46,8.0,3046000.0,54706
8440741,1,2,1,10,2025,2,28,10.0,3500000.0,11306
8470549,1,3,1,10,2025,2,26,8.0,1800000.0,59988
8465504,1,1,1,10,2025,2,59,10.0,850000.0,47751
8465651,1,1,1,10,2025,1,62,4.0,1500000.0,48038
8467252,1,2,1,10,2025,2,44,10.0,3200000.0,51741
8448321,1,1,1,10,2025,1,40,10.0,3000000.0,28896
8445484,1,1,1,10,2025,1,56,3.0,700000.0,22364
8444019,1,1,1,10,2025,2,52,9.0,2100000.0,19089
8463875,1,6,1,10,2025,2,28,5.0,1423500.0,44290
8451371,1,1,1,10,2025,1,70,3.0,1000000.0,36082
8442990,1,1,1,10,2025,1,23,5.0,1000000.0,16429
8437846,1,7,1,10,2025,2,21,4.0,300000.0,4698
8462437,1,1,1,10,2025,1,58,4.0,600000.0,40985
8439013,1,1,1,10,2025,2,38,10.0,2000000.0,7297
8471051,1,1,1,10,2025,1,47,3.0,1000000.0,61239
8440541,1,3,1,10,2025,2,41,10.0,4000000.0,10771
8441614,1,1,1,10,2025,2,27,3.0,700000.0,13139
8436868,1,1,1,10,2025,1,58,3.0,800000.0,2295
8469389,1,1,1,10,2025,2,26,4.0,600000.0,57076
8446150,1,1,1,10,2025,1,53,5.0,1623500.0,23897
8473139,1,2,1,10,2025,2,34,10.0,4000000.0,65319
8442277,1,2,1,10,2025,2,30,9.0,3500000.0,14719
8473835,1,1,1,10,2025,2,51,3.0,800000.0,66362
8452445,1,5,1,10,2025,1,47,9.0,2000000.0,38832
8449358,1,1,1,10,2025,2,20,4.0,1000000.0,31032
8440629,1,1,1,10,2025,2,46,1.0,1480000.0,11038
8461779,1,5,1,10,2025,2,23,5.0,700000.0,39368
8462143,1,2,1,10,2025,1,47,6.0,1300000.0,40362
8442373,1,1,1,10,2025,2,63,4.0,300000.0,14985
8451606,1,2,1,10,2025,1,65,4.0,3500000.0,36642
8471480,1,1,1,10,2025,2,63,3.0,1000000.0,62069
8450641,1,2,1,10,2025,2,55,5.0,120000.0,34248
8470437,1,1,1,10,2025,1,29,5.0,1800000.0,59751
8442935,1,1,1,10,2025,1,45,3.0,2160000.0,16292
8471941,1,5,1,10,2025,2,49,3.0,100000.0,62974
8436844,1,3,1,10,2025,1,26,5.0,1400000.0,2195
8447585,1,1,1,10,2025,2,50,3.0,1400000.0,27279
8463572,1,1,1,10,2025,1,43,10.0,5000000.0,43609
8442118,1,3,1,10,2025,1,36,10.0,2000000.0,14318
8471775,1,1,1,10,2025,2,32,5.0,1423000.0,62629
8471908,1,1,1,10,2025,2,26,8.0,1623500.0,62915
8472306,1,1,1,10,2025,2,51,4.0,880000.0,63741
8439073,1,2,1,10,2025,1,52,3.0,600000.0,7434
8463764,1,1,1,10,2025,2,30,10.0,1425000.0,44042
8436896,1,1,1,10,2025,2,38,8.0,1600000.0,2397
8462184,1,2,1,10,2025,2,56,3.0,400000.0,40442
8442340,1,2,1,10,2025,2,25,10.0,400000.0,14895
8446566,1,1,1,10,2025,2,77,4.0,1420000.0,25008
8451953,1,1,1,10,2025,2,29,10.0,2200000.0,37568
8439118,1,1,1,10,2025,2,42,10.0,1623000.0,7547
8471244,1,1,1,10,2025,1,34,3.0,2000000.0,61616
8469983,1,1,1,10,2025,2,59,5.0,2200000.0,58639
8443957,1,2,1,10,2025,1,50,5.0,1600000.0,18916
8446345,1,1,1,10,2025,2,61,4.0,350000.0,24483
8441492,1,2,1,10,2025,1,36,5.0,2500000.0,12868
8440091,1,1,1,10,2025,1,43,8.0,2200000.0,9739
8469682,1,1,1,10,2025,1,43,4.0,800000.0,57866
8473895,1,2,1,10,2025,2,60,5.0,1800000.0,66530
8472744,1,1,1,10,2025,2,24,5.0,1300000.0,64638
8437486,1,2,1,10,2025,2,40,12.0,5000000.0,3960
8471695,1,1,1,10,2025,2,39,3.0,800000.0,62483
8467286,1,4,1,10,2025,2,68,3.0,840000.0,51827
8449262,1,3,1,10,2025,1,47,3.0,350000.0,30758
8442761,1,2,1,10,2025,2,39,10.0,2000000.0,15872
8442158,1,3,1,10,2025,2,38,5.0,1200000.0,14407
8443249,1,2,1,10,2025,2,46,8.0,1630000.0,17053
8441516,1,1,1,10,2025,1,30,4.0,2000000.0,12919
8451320,1,2,1,10,2025,2,42,3.0,600000.0,35955
8441525,1,1,1,10,2025,2,65,3.0,1600000.0,12938
8440702,1,2,1,10,2025,2,63,1.0,1423500.0,11188
8449041,1,1,1,10,2025,1,32,8.0,1423500.0,30301
8446187,1,3,1,10,2025,2,25,10.0,3197000.0,23993
8468335,1,2,1,10,2025,2,40,10.0,4000000.0,54338
8448789,1,5,1,10,2025,2,21,5.0,900000.0,29892
8468477,1,1,1,10,2025,2,55,10.0,600000.0,54728
8436649,1,1,1,10,2025,1,40,5.0,4800000.0,1712
8470333,1,1,1,10,2025,1,32,5.0,1500000.0,59489
8468827,1,1,1,10,2025,2,49,5.0,2600000.0,55603
8468583,1,2,1,10,2025,1,47,4.0,900000.0,54980
8471589,1,2,1,10,2025,2,66,5.0,300000.0,62302
8436430,1,2,1,10,2025,2,56,11.0,8000000.0,1129
8472542,1,1,1,10,2025,1,32,5.0,1423500.0,64188
8470882,1,4,1,10,2025,2,21,6.0,1423500.0,60858
8461861,1,1,1,10,2025,1,34,10.0,1000000.0,39602
8463707,1,1,1,10,2025,2,41,3.0,150000.0,43910
8467681,1,1,1,10,2025,1,63,4.0,900000.0,52799
8465336,1,2,1,10,2025,1,23,5.0,1423500.0,47434
8442023,1,1,1,10,2025,1,60,3.0,500000.0,14113
8446588,1,2,1,10,2025,2,24,11.0,1500000.0,25086
8464913,1,3,1,10,2025,2,21,5.0,1623500.0,46535
8449556,1,1,1,10,2025,1,57,1.0,900000.0,31535
8468418,1,1,1,10,2025,1,43,5.0,1400000.0,54587
8437710,1,1,1,10,2025,1,29,4.0,2000000.0,4416
8469742,1,2,1,10,2025,1,19,3.0,800000.0,58035
8446029,1,2,1,10,2025,2,21,5.0,2800000.0,23611
8449539,1,1,1,10,2025,2,63,3.0,800000.0,31497
8449664,1,1,1,10,2025,1,47,3.0,700000.0,31803
8442673,1,1,1,10,2025,2,31,4.0,1300000.0,15652
8450892,1,1,1,10,2025,2,27,10.0,5500000.0,34833
8440867,1,1,1,10,2025,2,56,5.0,280000.0,11631
8444730,1,1,1,10,2025,2,31,6.0,1000000.0,20917
8467458,1,1,1,10,2025,2,40,5.0,2300000.0,52242
8447908,1,2,1,10,2025,2,19,4.0,1200000.0,28002
8452241,1,2,1,10,2025,2,39,5.0,300000.0,38304
8469113,1,1,1,10,2025,1,48,4.0,1200000.0,56324
8451780,1,2,1,10,2025,1,33,5.0,1500000.0,37133
8468631,1,1,1,10,2025,2,27,5.0,500000.0,55068
8472997,1,1,1,10,2025,2,55,5.0,100000.0,65055
8471634,1,2,1,10,2025,1,57,3.0,600000.0,62367
8462929,1,4,1,10,2025,2,28,11.0,6400000.0,42051
8468980,1,4,1,10,2025,2,48,3.0,900000.0,55967
8437918,1,2,1,10,2025,2,26,4.0,1000000.0,4836
8469518,1,1,1,10,2025,1,27,5.0,3150000.0,57399
8446929,1,1,1,10,2025,2,24,10.0,697000.0,25840
8449738,1,2,1,10,2025,1,35,5.0,700000.0,32000
8446006,1,4,1,10,2025,2,32,5.0,792000.0,23552
8449303,1,7,1,10,2025,1,24,5.0,500000.0,30885
8469215,1,1,1,10,2025,1,71,1.0,300000.0,56607
8439986,1,1,1,10,2025,1,31,8.0,4000000.0,9531
8468436,1,2,1,10,2025,2,41,10.0,4800000.0,54636
8436787,1,1,1,10,2025,1,49,10.0,14500000.0,2040
8463418,1,1,1,10,2025,2,73,5.0,400000.0,43230
8449373,1,3,1,10,2025,1,18,10.0,1200000.0,31077
8469635,1,2,1,10,2025,1,47,5.0,1000000.0,57743
8466570,1,1,1,10,2025,1,63,3.0,1200000.0,50076
8450241,1,1,1,10,2025,2,36,10.0,1500000.0,33264
8441274,1,1,1,10,2025,1,40,10.0,1200000.0,12441
8445382,1,1,1,10,2025,2,25,5.0,1850000.0,22119
8452507,1,2,1,10,2025,2,55,3.0,1400000.0,39001
8441453,1,1,1,10,2025,2,39,10.0,2500000.0,12795
8451093,1,1,1,10,2025,1,54,8.0,14500000.0,35343
8470376,1,1,1,10,2025,2,65,1.0,0.0,59573
8446927,1,1,1,10,2025,2,37,5.0,700000.0,25834
8442994,1,1,1,10,2025,1,28,6.0,1500000.0,16435
8469177,1,2,1,10,2025,1,28,5.0,1400000.0,56522
8451570,1,1,1,10,2025,2,50,10.0,2500000.0,36568
8444382,1,3,1,10,2025,2,36,10.0,400000.0,19988
8443697,1,1,1,10,2025,2,38,4.0,640000.0,18267
8438627,1,1,1,10,2025,1,53,10.0,4300000.0,6464
8465059,1,1,1,10,2025,1,40,13.0,9000000.0,46880
8467829,1,2,1,10,2025,2,48,5.0,1423500.0,53160
8461889,1,1,1,10,2025,1,37,5.0,800000.0,39669
8450557,1,1,1,10,2025,2,54,11.0,12000000.0,34032
8443039,1,1,1,10,2025,1,57,4.0,180000.0,16574
8467278,1,1,1,10,2025,1,19,5.0,1000000.0,51806
8449287,1,1,1,10,2025,1,47,5.0,2000000.0,30830
8473016,1,2,1,10,2025,1,22,5.0,240000.0,65101
8466971,1,6,1,10,2025,1,50,5.0,300000.0,50994
8437342,1,1,1,10,2025,1,35,8.0,2200000.0,3580
8447798,1,2,1,10,2025,1,31,10.0,1300000.0,27728
8450922,1,1,1,10,2025,2,20,4.0,100000.0,34916
8464969,1,1,1,10,2025,2,45,11.0,4000000.0,46670
8461919,1,1,1,10,2025,2,75,3.0,200000.0,39755
8452045,1,1,1,10,2025,2,40,3.0,1800000.0,37789
8437497,1,3,1,10,2025,2,28,5.0,1423500.0,3990
8439663,1,1,1,10,2025,2,82,3.0,150000.0,8825
8439004,1,4,1,10,2025,2,25,10.0,2000000.0,7282
8441342,1,1,1,10,2025,2,25,8.0,1758000.0,12559
8450234,1,1,1,10,2025,2,47,4.0,370000.0,33245
8440369,1,1,1,10,2025,1,47,12.0,5000000.0,10391
8469042,1,2,1,10,2025,2,72,3.0,300000.0,56129
8473838,1,2,1,10,2025,1,53,3.0,1500000.0,66367
8467962,1,2,1,10,2025,2,38,3.0,1440000.0,53521
8445515,1,3,1,10,2025,2,36,5.0,240000.0,22441
8446246,1,1,1,10,2025,2,50,8.0,100000.0,24196
8438469,1,2,1,10,2025,1,34,5.0,2000000.0,6091
8472403,1,1,1,10,2025,2,42,8.0,3700000.0,63902
8471651,1,2,1,10,2025,2,66,3.0,400000.0,62398
8452058,1,3,1,10,2025,1,20,5.0,1423500.0,37825
8444490,1,1,1,10,2025,1,45,5.0,1500000.0,20280
8449006,1,2,1,10,2025,2,30,5.0,2600000.0,30229
8466163,1,1,1,10,2025,1,52,4.0,1700000.0,49101
8437897,1,1,1,10,2025,1,28,5.0,1500000.0,4802
8450835,1,1,1,10,2025,2,32,5.0,1000000.0,34709
8462448,1,1,1,10,2025,1,59,3.0,1200000.0,41001
8472100,1,1,1,10,2025,2,40,10.0,1200000.0,63287
8461836,1,1,1,10,2025,1,54,3.0,700000.0,39547
8440942,1,1,1,10,2025,2,69,3.0,450000.0,11778
8444259,1,3,1,10,2025,1,20,5.0,1800000.0,19674
8438288,1,2,1,10,2025,2,39,10.0,5500000.0,5616
8468066,1,2,1,10,2025,2,46,5.0,1800000.0,53760
8466756,1,2,1,10,2025,2,47,10.0,5000000.0,50514
8438370,1,4,1,10,2025,2,26,10.0,1900000.0,5834
8469599,1,5,1,10,2025,1,21,4.0,800000.0,57627
8448493,1,3,1,10,2025,2,21,5.0,1423500.0,29259
8451086,1,1,1,10,2025,1,47,5.0,1423500.0,35335
8473304,1,1,1,10,2025,2,49,5.0,2500000.0,65653
8464692,1,2,1,10,2025,1,51,5.0,500000.0,46076
8451978,1,2,1,10,2025,2,51,5.0,900000.0,37640
8442435,1,1,1,10,2025,2,48,6.0,2000000.0,15113
8439490,1,2,1,10,2025,2,25,10.0,1911000.0,8391
8452202,1,1,1,10,2025,2,28,9.0,750000.0,38198
8439313,1,2,1,10,2025,2,39,5.0,800000.0,7997
8443576,1,2,1,10,2025,1,47,1.0,800000.0,17945
8442603,1,1,1,10,2025,1,40,12.0,5000000.0,15488
8448162,1,2,1,10,2025,2,36,12.0,5791000.0,28583
8445304,1,2,1,10,2025,1,53,3.0,700000.0,21935
8463143,1,4,1,10,2025,1,21,9.0,1850000.0,42486
8446241,1,2,1,10,2025,2,34,3.0,800000.0,24172
8472105,1,2,1,10,2025,2,38,5.0,1423500.0,63294
8447019,1,1,1,10,2025,1,60,10.0,2500000.0,26031
8439616,1,3,1,10,2025,2,31,10.0,1423500.0,8709
8443787,1,3,1,10,2025,1,20,5.0,500000.0,18481
8469760,1,1,1,10,2025,1,34,5.0,1400000.0,58079
8439524,1,2,1,10,2025,1,31,3.0,1200000.0,8457
8444838,1,2,1,10,2025,2,32,9.0,3000000.0,21218
8470391,1,1,1,10,2025,2,37,5.0,1500000.0,59611
8448911,1,2,1,10,2025,2,34,3.0,900000.0,30071
8439129,1,2,1,10,2025,2,24,10.0,1700000.0,7577
8441117,1,1,1,10,2025,2,46,3.0,1400000.0,12108
8448208,1,2,1,10,2025,2,35,3.0,740000.0,28708
8446214,1,1,1,10,2025,1,42,11.0,6500000.0,24066
8436897,1,2,1,10,2025,2,34,8.0,1500000.0,2405
8467185,1,1,1,10,2025,1,51,5.0,700000.0,51595
8444284,1,1,1,10,2025,2,52,3.0,10000000.0,19728
8468418,1,2,1,10,2025,2,38,4.0,1400000.0,54588
8441528,1,3,1,10,2025,2,39,10.0,2800000.0,12949
8447621,1,1,1,10,2025,2,38,9.0,400000.0,27356
8469797,1,2,1,10,2025,2,29,10.0,,58184
8463634,1,1,1,10,2025,1,73,10.0,1500000.0,43734
8461869,1,1,1,10,2025,1,31,9.0,2800000.0,39618
8449920,1,2,1,10,2025,2,53,4.0,600000.0,32426
8472576,1,1,1,10,2025,1,34,4.0,1600000.0,64252
8465480,1,2,1,10,2025,1,30,4.0,1800000.0,47701
8465612,1,1,1,10,2025,1,25,9.0,2000000.0,47954
8463404,1,1,1,10,2025,1,43,10.0,3500000.0,43193
8439478,1,1,1,10,2025,1,46,5.0,1000000.0,8369
8440830,1,1,1,10,2025,1,81,5.0,1811000.0,11537
8437130,1,1,1,10,2025,2,58,3.0,600000.0,3006
8448230,1,1,1,10,2025,2,32,8.0,100000.0,28784
8437636,1,3,1,10,2025,2,36,10.0,1900000.0,4252
8451609,1,2,1,10,2025,2,40,5.0,100000.0,36648
8440746,1,1,1,10,2025,2,57,5.0,150000.0,11322
8469859,1,1,1,10,2025,1,29,5.0,1423500.0,58320
8472410,1,2,1,10,2025,2,41,10.0,1427000.0,63926
8467170,1,1,1,10,2025,2,24,10.0,2000000.0,51565
8452221,1,3,1,10,2025,1,23,11.0,1000000.0,38257
8440516,1,2,1,10,2025,2,47,10.0,2000000.0,10705
8471252,1,1,1,10,2025,2,27,5.0,1423500.0,61632
8473904,1,1,1,10,2025,2,55,12.0,5000000.0,66553
8445255,1,1,1,10,2025,2,37,5.0,400000.0,21783
8443145,1,1,1,10,2025,1,35,8.0,2000000.0,16823
8470013,1,1,1,10,2025,1,55,3.0,1800000.0,58712
8449617,1,1,1,10,2025,2,36,3.0,900000.0,31669
8441197,1,2,1,10,2025,2,50,8.0,1200000.0,12286
8469642,1,1,1,10,2025,1,48,8.0,1500000.0,57764
8445615,1,1,1,10,2025,2,22,10.0,1120000.0,22681
8440588,1,5,1,10,2025,1,18,5.0,400000.0,10922
8463758,1,2,1,10,2025,2,39,8.0,800000.0,44022
8444009,1,1,1,10,2025,1,33,9.0,850000.0,19059
8446352,1,1,1,10,2025,2,56,3.0,800000.0,24503
8452180,1,1,1,10,2025,2,50,4.0,200000.0,38144
8466517,1,2,1,10,2025,2,45,3.0,1500000.0,49967
8438889,1,2,1,10,2025,2,36,5.0,1423500.0,7034
8462452,1,2,1,10,2025,2,25,5.0,200000.0,41013
8449110,1,1,1,10,2025,1,25,8.0,1000000.0,30454
8463160,1,1,1,10,2025,2,51,4.0,1423000.0,42508
8472231,1,1,1,10,2025,2,34,5.0,1500000.0,63588
8449505,1,3,1,10,2025,2,41,5.0,1400000.0,31413
8442722,1,2,1,10,2025,1,30,10.0,10300000.0,15775
8443587,1,1,1,10,2025,2,46,1.0,200000.0,17975
8438007,1,1,1,10,2025,1,43,10.0,4200000.0,4999
8462321,1,1,1,10,2025,1,28,9.0,1900000.0,40728
8439811,1,3,1,10,2025,2,59,3.0,840000.0,9187
8467214,1,2,1,10,2025,2,32,10.0,2200000.0,51665
8466646,1,1,1,10,2025,1,19,4.0,1300000.0,50258
8452215,1,4,1,10,2025,2,26,5.0,745000.0,38239
8463012,1,1,1,10,2025,2,36,5.0,1000000.0,42224
8471681,1,3,1,10,2025,2,69,2.0,210000.0,62456
8439795,1,1,1,10,2025,2,39,5.0,2000000.0,9142
8446397,1,1,1,10,2025,1,44,12.0,5000000.0,24609
8446958,1,2,1,10,2025,2,39,6.0,1400000.0,25911
8467186,1,2,1,10,2025,2,57,3.0,100000.0,51597
8469598,1,1,1,10,2025,1,28,5.0,2500000.0,57621
8450841,1,2,1,10,2025,2,53,10.0,9400000.0,34729
8443934,1,2,1,10,2025,1,34,5.0,1300000.0,18865
8436983,1,1,1,10,2025,2,32,10.0,2500000.0,2669
8466398,1,2,1,10,2025,1,45,3.0,1000000.0,49601
8465387,1,2,1,10,2025,2,56,4.0,800000.0,47529
8466696,1,1,1,10,2025,2,43,11.0,3800000.0,50376
8438453,1,1,1,10,2025,1,62,4.0,600000.0,6040
8452168,1,2,1,10,2025,2,48,5.0,1423500.0,38120
8436915,1,1,1,10,2025,2,50,9.0,2000000.0,2473
8470560,1,2,1,10,2025,2,21,5.0,1823500.0,60017
8438917,1,2,1,10,2025,1,74,10.0,1600000.0,7092
8466591,1,1,1,10,2025,1,40,5.0,1800000.0,50132
8462492,1,1,1,10,2025,2,41,3.0,600000.0,41096
8442347,1,2,1,10,2025,2,52,5.0,800000.0,14917
8450571,1,2,1,10,2025,1,41,6.0,1423500.0,34073
8469497,1,1,1,10,2025,2,46,5.0,1700000.0,57348
8468447,1,1,1,10,2025,2,30,5.0,1423500.0,54662
8451964,1,2,1,10,2025,2,57,5.0,2000000.0,37600
8463985,1,1,1,10,2025,1,49,3.0,2200000.0,44537
8444497,1,1,1,10,2025,1,57,3.0,1800000.0,20300
8440268,1,2,1,10,2025,2,37,11.0,4600000.0,10150
8437725,1,2,1,10,2025,1,28,5.0,1423500.0,4450
8464516,1,2,1,10,2025,2,53,8.0,1800000.0,45655
8468901,1,3,1,10,2025,2,19,5.0,996000.0,55804
8467673,1,1,1,10,2025,1,77,3.0,1900000.0,52778
8436952,1,1,1,10,2025,2,51,5.0,1423500.0,2595
8438878,1,3,1,10,2025,1,21,6.0,1423500.0,7014
8438942,1,2,1,10,2025,1,50,5.0,1423500.0,7140
8472189,1,1,1,10,2025,1,59,10.0,2450000.0,63503
8466350,1,1,1,10,2025,2,44,3.0,200000.0,49485
8451505,1,1,1,10,2025,1,35,5.0,900000.0,36420
8448544,1,4,1,10,2025,1,19,10.0,920000.0,29370
8448393,1,4,1,10,2025,1,28,5.0,1423500.0,29047
8444559,1,3,1,10,2025,2,24,10.0,3500000.0,20474
8447380,1,2,1,10,2025,2,43,5.0,1600000.0,26840
8462344,1,2,1,10,2025,1,36,4.0,1900000.0,40779
8472980,1,1,1,10,2025,1,51,8.0,1800000.0,65018
8444903,1,1,1,10,2025,2,50,10.0,1800000.0,21361
8462628,1,2,1,10,2025,1,37,5.0,1423000.0,41418
8443022,1,1,1,10,2025,2,50,10.0,3200000.0,16518
8470917,1,1,1,10,2025,1,40,4.0,1000000.0,60928
8466077,1,2,1,10,2025,2,24,5.0,1700000.0,48916
8472780,1,1,1,10,2025,2,47,5.0,1423500.0,64703
8450405,1,2,1,10,2025,2,42,5.0,1200000.0,33673
8470285,1,1,1,10,2025,2,49,3.0,1000000.0,59367
8447395,1,3,1,10,2025,2,23,10.0,1423500.0,26889
8467181,1,1,1,10,2025,2,56,3.0,1550000.0,51585
8451569,1,1,1,10,2025,2,40,10.0,3500000.0,36567
8437426,1,2,1,10,2025,2,63,10.0,4000000.0,3790
8438429,1,1,1,10,2025,2,45,10.0,15000000.0,5981
8452245,1,2,1,10,2025,2,61,5.0,500000.0,38314
8471857,1,2,1,10,2025,2,23,8.0,1500000.0,62802
8445914,1,1,1,10,2025,1,76,3.0,1300000.0,23325
8472695,1,3,1,10,2025,1,26,5.0,1500000.0,64528
8462064,1,1,1,10,2025,2,29,8.0,800000.0,40154
8450802,1,2,1,10,2025,1,34,4.0,1200000.0,34628
8469208,1,1,1,10,2025,2,39,10.0,2560000.0,56584
8467229,1,1,1,10,2025,2,38,5.0,1300000.0,51694
8470701,1,1,1,10,2025,1,32,8.0,1500000.0,60366
8469906,1,4,1,10,2025,1,38,3.0,1423500.0,58423
8444214,1,1,1,10,2025,2,57,3.0,500000.0,19546
8443176,1,2,1,10,2025,2,42,10.0,3500000.0,16887
8438373,1,3,1,10,2025,2,62,3.0,500000.0,5845
8469549,1,1,1,10,2025,2,46,5.0,200000.0,57489
8442200,1,1,1,10,2025,2,53,1.0,800000.0,14535
8463055,1,4,1,10,2025,1,53,3.0,1200000.0,42318
8437718,1,1,1,10,2025,1,28,8.0,1000000.0,4434
8461795,1,1,1,10,2025,1,27,10.0,1800000.0,39413
8440640,1,1,1,10,2025,1,19,10.0,1423000.0,11073
8450237,1,1,1,10,2025,2,34,4.0,1000000.0,33251
8439999,1,2,1,10,2025,2,56,5.0,600000.0,9559
8440304,1,1,1,10,2025,1,66,4.0,1900000.0,10249
8443669,1,1,1,10,2025,1,43,5.0,4000000.0,18204
8451320,1,1,1,10,2025,1,45,3.0,1400000.0,35954
8470874,1,1,1,10,2025,2,34,5.0,2423500.0,60831
8452521,1,1,1,10,2025,1,34,5.0,2200000.0,39040
8466297,1,3,1,10,2025,1,33,4.0,350000.0,49343
8441864,1,1,1,10,2025,2,57,1.0,680000.0,13662
8451355,1,2,1,10,2025,2,43,4.0,255000.0,36045
8443224,1,1,1,10,2025,1,54,5.0,3000000.0,16987
8440174,1,2,1,10,2025,1,58,3.0,1000000.0,9929
8452566,1,3,1,10,2025,2,36,8.0,2000000.0,39172
8463908,1,3,1,10,2025,1,30,8.0,1500000.0,44367
8473903,1,3,1,10,2025,1,36,4.0,700000.0,66550
8463877,1,4,1,10,2025,1,26,11.0,0.0,44297
8442088,1,1,1,10,2025,2,56,5.0,711000.0,14251
8470637,1,1,1,10,2025,1,45,10.0,5000000.0,60212
8473122,1,5,1,10,2025,2,35,8.0,800000.0,65278
8436619,1,2,1,10,2025,2,35,9.0,3000000.0,1627
8449909,1,4,1,10,2025,2,31,5.0,1450000.0,32405
8444353,1,2,1,10,2025,1,34,5.0,1800000.0,19909
8446833,1,2,1,10,2025,2,63,5.0,2000000.0,25610
8464697,1,3,1,10,2025,1,30,10.0,1423500.0,46094
8463712,1,2,1,10,2025,1,28,9.0,1800000.0,43924
8446204,1,1,1,10,2025,1,30,11.0,6000000.0,24042
8441872,1,5,1,10,2025,1,48,5.0,2123500.0,13695
8462002,1,1,1,10,2025,1,55,1.0,1000000.0,40008
8444757,1,1,1,10,2025,1,60,3.0,900000.0,20990
8436173,1,2,1,10,2025,1,17,4.0,140000.0,551
8471884,1,2,1,10,2025,2,63,10.0,2800000.0,62865
8450181,1,3,1,10,2025,1,30,3.0,1475000.0,33111
8470206,1,1,1,10,2025,1,43,5.0,2000000.0,59163
8469471,1,1,1,10,2025,1,45,5.0,1500000.0,57275
8469073,1,1,1,10,2025,2,45,7.0,2023000.0,56214
8445589,1,3,1,10,2025,1,41,5.0,2700000.0,22623
8465554,1,2,1,10,2025,2,49,5.0,1200000.0,47857
8466079,1,1,1,10,2025,1,48,3.0,2000000.0,48918
8441693,1,4,1,10,2025,2,34,9.0,1380000.0,13315
8470369,1,3,1,10,2025,1,58,3.0,2400000.0,59550
8437480,1,3,1,10,2025,1,41,3.0,1423500.0,3943
8444091,1,1,1,10,2025,1,58,3.0,5588000.0,19307
8448715,1,5,1,10,2025,1,37,10.0,600000.0,29729
8439885,1,2,1,10,2025,2,46,11.0,7700000.0,9411
8442773,1,1,1,10,2025,2,63,5.0,1423500.0,15899
8452267,1,3,1,10,2025,1,58,3.0,1200000.0,38375
8468046,1,1,1,10,2025,1,63,10.0,4450000.0,53719
8450097,1,1,1,10,2025,2,46,5.0,1000000.0,32908
8467813,1,1,1,10,2025,1,43,10.0,3200000.0,53103
8439252,1,2,1,10,2025,1,42,5.0,1500000.0,7835
8471841,1,3,1,10,2025,1,33,5.0,1000000.0,62769
8444089,1,1,1,10,2025,1,24,4.0,800000.0,19304
8444625,1,1,1,10,2025,2,54,6.0,2000000.0,20628
8446859,1,2,1,10,2025,2,32,10.0,1423500.0,25670
8446755,1,1,1,10,2025,2,53,1.0,800000.0,25419
8446556,1,2,1,10,2025,1,45,8.0,7800000.0,24968
8437469,1,2,1,10,2025,1,21,3.0,800000.0,3900
8444793,1,2,1,10,2025,2,27,5.0,3200000.0,21090
8446580,1,2,1,10,2025,1,41,3.0,1800000.0,25050
8468209,1,1,1,10,2025,2,66,3.0,180000.0,54067
8443410,1,1,1,10,2025,2,29,5.0,1450000.0,17512
8449388,1,1,1,10,2025,2,18,5.0,696000.0,31114
8449005,1,1,1,10,2025,2,42,10.0,4200000.0,30227
8438802,1,1,1,10,2025,2,30,10.0,1400000.0,6855
8466507,1,2,1,10,2025,1,47,1.0,650000.0,49937
8461885,1,1,1,10,2025,1,46,3.0,2000000.0,39661
8465910,1,1,1,10,2025,2,30,9.0,2200000.0,48601
8469925,1,2,1,10,2025,1,83,10.0,2500000.0,58473
8473636,1,2,1,10,2025,2,53,5.0,1423000.0,66030
8473242,1,1,1,10,2025,2,60,10.0,3000000.0,65513
8441749,1,1,1,10,2025,1,46,12.0,6300000.0,13430
8436653,1,2,1,10,2025,1,38,3.0,1200000.0,1718
8444025,1,2,1,10,2025,2,48,3.0,850000.0,19107
8449940,1,2,1,10,2025,1,32,8.0,2000000.0,32482
8468311,1,3,1,10,2025,1,39,9.0,1600000.0,54286
8446076,1,2,1,10,2025,2,63,9.0,16500000.0,23717
8470580,1,2,1,10,2025,1,38,3.0,1000000.0,60073
8470037,1,1,1,10,2025,1,40,8.0,2000000.0,58765
8445686,1,1,1,10,2025,2,51,3.0,800000.0,22847
8442802,1,2,1,10,2025,1,45,5.0,1423500.0,15961
8436094,1,2,1,10,2025,2,25,10.0,350000.0,373
8449416,1,1,1,10,2025,1,61,4.0,1423500.0,31185
8469993,1,2,1,10,2025,2,32,8.0,1940000.0,58661
8444398,2,1,2,10,2025,2,46,5.0,400000.0,20034
8447520,1,1,1,10,2025,2,47,5.0,1300000.0,27166
8442314,1,2,1,10,2025,1,58,5.0,1425000.0,14818
8463162,1,1,1,10,2025,1,44,8.0,300000.0,42513
8441708,1,2,1,10,2025,2,30,10.0,1800000.0,13349
8467863,1,2,1,10,2025,2,47,10.0,2500000.0,53255
8472310,1,2,1,10,2025,1,40,3.0,1300000.0,63748
8441890,1,5,1,10,2025,2,20,8.0,1423500.0,13753
8447203,2,1,2,10,2025,2,28,5.0,500000.0,26345
8439713,1,1,1,10,2025,1,29,5.0,1423000.0,8974
8441218,1,2,1,10,2025,1,34,3.0,250000.0,12331
8466666,1,1,1,10,2025,1,44,3.0,1450000.0,50303
8444119,1,1,1,10,2025,2,58,10.0,2000000.0,19364
8452431,1,1,1,10,2025,2,26,10.0,300000.0,38793
8463457,1,1,1,10,2025,1,61,8.0,2000000.0,43338
8446086,1,1,1,10,2025,2,30,8.0,1784000.0,23735
8448089,1,2,1,10,2025,2,29,10.0,1423500.0,28465
8449929,1,2,1,10,2025,2,22,5.0,300000.0,32450
8472311,1,2,1,10,2025,1,54,3.0,1423000.0,63751
8472678,1,1,1,10,2025,2,26,4.0,1050000.0,64480
8467065,1,1,1,10,2025,1,53,3.0,440000.0,51234
8473850,1,3,1,10,2025,2,22,10.0,1423500.0,66403
8443989,1,1,1,10,2025,2,57,4.0,1423500.0,18997
8436645,1,1,1,10,2025,1,36,4.0,1700000.0,1702
8462318,1,1,1,10,2025,1,54,3.0,1000000.0,40721
8446672,1,1,1,10,2025,2,41,12.0,4700000.0,25298
8470290,1,1,1,10,2025,1,72,3.0,900000.0,59377
8451121,1,2,1,10,2025,1,46,1.0,800000.0,35414
8470151,1,1,1,10,2025,2,34,12.0,5800000.0,59052
8438375,1,3,1,10,2025,1,24,10.0,1000000.0,5851
8449392,1,1,1,10,2025,1,29,5.0,1800000.0,31124
8473115,1,1,1,10,2025,1,40,12.0,3500000.0,65262
8443405,1,1,1,10,2025,1,59,4.0,2265000.0,17495
8439622,1,1,1,10,2025,2,66,11.0,6400000.0,8727
8448587,1,1,1,10,2025,1,59,5.0,1200000.0,29467
8444097,1,1,1,10,2025,2,60,10.0,270000.0,19321
8444520,1,1,1,10,2025,1,33,5.0,1423500.0,20361
8443634,1,1,1,10,2025,2,33,8.0,1423500.0,18113
8464818,1,1,1,10,2025,1,32,5.0,500000.0,46321
8439894,1,2,1,10,2025,2,41,10.0,3000000.0,9436
8444502,1,1,1,10,2025,1,25,4.0,1200000.0,20316
8448680,1,5,1,10,2025,1,36,3.0,500000.0,29639
8445570,1,2,1,10,2025,2,22,5.0,1423500.0,22573
8471639,1,3,1,10,2025,2,26,10.0,3800000.0,62375
8463935,1,2,1,10,2025,1,31,9.0,1500000.0,44422
8437833,1,3,1,10,2025,1,19,10.0,400000.0,4656
8473791,1,4,1,10,2025,2,40,3.0,500000.0,66235
8443816,1,2,1,10,2025,1,32,5.0,2000000.0,18579
8449716,1,1,1,10,2025,1,35,5.0,2000000.0,31946
8436287,1,1,1,10,2025,1,37,4.0,1000000.0,821
8463076,1,3,1,10,2025,1,64,3.0,600000.0,42368
8446277,1,1,1,10,2025,2,55,12.0,6400000.0,24281
8466284,1,3,1,10,2025,2,24,8.0,1500000.0,49314
8441452,1,1,1,10,2025,1,50,5.0,1423500.0,12791
8470933,1,1,1,10,2025,1,73,10.0,2000000.0,60968
8449632,1,2,1,10,2025,1,22,5.0,1200000.0,31701
8442768,1,1,1,10,2025,2,37,5.0,1200000.0,15887
8436900,1,2,1,10,2025,1,21,5.0,1423500.0,2421
8439007,1,1,1,10,2025,1,36,10.0,2200000.0,7290
8437112,1,1,1,10,2025,1,33,4.0,2352000.0,2974
8467753,1,1,1,10,2025,2,26,12.0,4000000.0,52962
8439255,1,1,1,10,2025,2,45,10.0,2571000.0,7841
8462536,1,1,1,10,2025,1,53,4.0,1800000.0,41226
8444617,1,1,1,10,2025,1,56,4.0,1423500.0,20607
8437472,1,4,1,10,2025,1,35,8.0,1000000.0,3912
8472441,1,1,1,10,2025,1,26,10.0,1800000.0,64013
8462960,1,1,1,10,2025,1,44,3.0,1400000.0,42106
8438927,1,1,1,10,2025,2,65,11.0,3400000.0,7116
8465892,1,1,1,10,2025,1,28,3.0,1400000.0,48572
8470467,1,2,1,10,2025,1,33,5.0,1600000.0,59808
8446658,1,2,1,10,2025,2,49,5.0,1423500.0,25271
8446875,1,1,1,10,2025,2,62,8.0,1000000.0,25704
8440149,1,2,1,10,2025,2,46,9.0,1423500.0,9885
8441979,1,1,1,10,2025,2,34,10.0,2000000.0,14015
8448729,1,1,1,10,2025,1,25,4.0,1500000.0,29762
8437818,1,1,1,10,2025,1,55,5.0,1423500.0,4621
8441382,1,2,1,10,2025,1,17,5.0,500000.0,12658
8441025,1,1,1,10,2025,2,42,5.0,400000.0,11917
8450532,1,1,1,10,2025,2,70,3.0,800000.0,33960
8471891,1,1,1,10,2025,2,32,10.0,3200000.0,62887
8437086,1,2,1,10,2025,1,38,4.0,100000.0,2894
8441550,1,1,1,10,2025,2,63,8.0,2500000.0,13002
8444675,1,4,1,10,2025,1,35,10.0,2000000.0,20761
8442270,1,1,1,10,2025,1,61,10.0,1000000.0,14707
8436470,1,1,1,10,2025,1,24,10.0,1000000.0,1226
8463213,1,1,1,10,2025,1,40,5.0,15500000.0,42662
8473689,1,1,1,10,2025,1,42,4.0,1600000.0,66098
8464499,1,1,1,10,2025,2,38,9.0,2847000.0,45611
8471264,1,1,1,10,2025,1,60,5.0,1500000.0,61658
8464006,1,1,1,10,2025,1,34,5.0,1800000.0,44575
8472062,1,2,1,10,2025,2,31,8.0,1423500.0,63212
8437921,1,1,1,10,2025,1,61,10.0,3000000.0,4839
8465073,1,1,1,10,2025,2,53,4.0,1340000.0,46927
8462927,1,1,1,10,2025,1,27,5.0,1500000.0,42046
8464796,1,1,1,10,2025,2,56,4.0,2300000.0,46287
8444910,1,3,1,10,2025,1,23,5.0,1200000.0,21382
8439626,1,4,1,10,2025,2,25,10.0,1600000.0,8735
8452219,1,1,1,10,2025,2,48,10.0,1850000.0,38251
8444525,1,3,1,10,2025,1,24,5.0,600000.0,20375
8443655,1,1,1,10,2025,2,19,5.0,400000.0,18166
8469219,1,1,1,10,2025,2,47,11.0,5000000.0,56618
8447809,1,2,1,10,2025,2,41,10.0,2000000.0,27767
8452510,1,1,1,10,2025,2,38,6.0,1423500.0,39011
8467046,1,1,1,10,2025,2,62,5.0,1623000.0,51183
8451834,1,1,1,10,2025,1,25,3.0,1400000.0,37265
8472042,1,1,1,10,2025,1,72,5.0,300000.0,63158
8469621,1,1,1,10,2025,1,58,5.0,600000.0,57699
8452179,1,1,1,10,2025,1,57,3.0,1500000.0,38143
8472627,1,3,1,10,2025,1,57,4.0,1500000.0,64359
8440442,1,1,1,10,2025,1,43,6.0,1423500.0,10530
8464924,1,2,1,10,2025,1,44,1.0,1200000.0,46569
8468774,1,1,1,10,2025,1,36,5.0,1800000.0,55461
8462718,1,1,1,10,2025,1,57,4.0,2000000.0,41635
8438050,1,1,1,10,2025,2,48,9.0,2000000.0,5106
8463684,1,3,1,10,2025,2,29,12.0,2800000.0,43848
8472121,1,1,1,10,2025,1,48,10.0,3400000.0,63331
8471561,1,1,1,10,2025,1,69,3.0,2500000.0,62223
8441425,1,1,1,10,2025,2,50,11.0,5700000.0,12717
8439311,1,1,1,10,2025,2,36,4.0,1440000.0,7991
8450038,1,2,1,10,2025,1,38,10.0,5000000.0,32744
8468248,1,1,1,10,2025,1,46,1.0,300000.0,54148
8446164,1,1,1,10,2025,1,38,10.0,0.0,23937
8469016,1,1,1,10,2025,1,27,4.0,1500000.0,56058
8462531,1,1,1,10,2025,2,52,4.0,400000.0,41206
8439620,1,1,1,10,2025,1,61,3.0,1500000.0,8719
8463530,1,1,1,10,2025,2,32,10.0,4200000.0,43516
8467611,1,1,1,10,2025,1,79,3.0,500000.0,52630
8441095,1,3,1,10,2025,2,29,11.0,4500000.0,12060
8450680,1,1,1,10,2025,1,30,4.0,1423500.0,34356
8436905,1,2,1,10,2025,2,42,5.0,1423500.0,2442
8448049,1,2,1,10,2025,2,59,10.0,5200000.0,28359
8441698,1,1,1,10,2025,2,33,3.0,280000.0,13328
8436199,1,2,1,10,2025,2,46,3.0,440000.0,618
8436708,1,2,1,10,2025,1,41,5.0,250000.0,1870
8462826,1,1,1,10,2025,1,37,8.0,1423500.0,41847
8439002,1,2,1,10,2025,1,41,10.0,3200000.0,7271
8438931,1,1,1,10,2025,1,84,5.0,2400000.0,7119
8465665,1,1,1,10,2025,1,47,3.0,6000000.0,48069
8437120,1,1,1,10,2025,2,39,9.0,1423500.0,2984
8468592,1,2,1,10,2025,1,35,1.0,1100000.0,55000
8470527,1,3,1,10,2025,1,38,5.0,1600000.0,59933
8438327,1,1,1,10,2025,2,43,5.0,500000.0,5729
8437443,1,1,1,10,2025,2,29,8.0,1700000.0,3832
8469183,1,3,1,10,2025,1,45,10.0,3000000.0,56533
8440104,1,1,1,10,2025,2,34,5.0,1423500.0,9774
8469111,1,2,1,10,2025,1,26,10.0,2100000.0,56319
8441322,1,1,1,10,2025,1,38,10.0,1900000.0,12515
8441015,1,2,1,10,2025,2,31,5.0,1400000.0,11906
8447382,1,3,1,10,2025,2,32,10.0,5694000.0,26846
8440208,1,1,1,10,2025,1,32,5.0,1600000.0,10003
8450379,1,2,1,10,2025,2,34,10.0,2000000.0,33617
8461785,1,4,1,10,2025,2,29,8.0,300000.0,39388
8439848,1,1,1,10,2025,1,64,5.0,1400000.0,9299
8441455,1,2,1,10,2025,2,30,10.0,2200000.0,12802
8443639,1,3,1,10,2025,2,32,11.0,6000000.0,18126
8469532,1,1,1,10,2025,2,47,10.0,4400000.0,57444
8472988,1,1,1,10,2025,1,37,5.0,800000.0,65032
8471596,1,1,1,10,2025,1,35,5.0,800000.0,62324
8463879,1,4,1,10,2025,1,29,4.0,1423500.0,44306
8452182,1,1,1,10,2025,2,49,5.0,2000000.0,38147
8469351,1,2,1,10,2025,2,35,10.0,3200000.0,57004
8442956,1,2,1,10,2025,2,60,5.0,1820000.0,16342
8473153,1,1,1,10,2025,1,39,8.0,1400000.0,65342
8466894,1,2,1,10,2025,2,22,6.0,1400000.0,50832
8470440,1,2,1,10,2025,2,33,8.0,2000000.0,59757
8472078,1,2,1,10,2025,1,42,3.0,1423000.0,63244
8436410,1,1,1,10,2025,2,22,5.0,1500000.0,1086
8467326,1,1,1,10,2025,2,57,3.0,600000.0,51918
8447643,1,4,1,10,2025,1,22,5.0,800000.0,27425
8439430,1,1,1,10,2025,1,55,1.0,500000.0,8258
8468594,1,1,1,10,2025,2,45,8.0,1600000.0,55004
8450789,1,1,1,10,2025,1,45,4.0,180000.0,34597
8470103,1,1,1,10,2025,1,73,3.0,600000.0,58940
8450479,1,1,1,10,2025,2,52,10.0,1600000.0,33834
8447242,1,1,1,10,2025,1,50,3.0,900000.0,26459
8442093,1,1,1,10,2025,2,55,10.0,150000.0,14266
8443581,2,1,2,10,2025,2,45,3.0,260000.0,17963
8472048,1,1,1,10,2025,2,25,8.0,1500000.0,63177
8436163,1,3,1,10,2025,1,20,10.0,250000.0,529
8461940,1,1,1,10,2025,2,29,5.0,350000.0,39824
8442004,1,1,1,10,2025,2,30,6.0,1400000.0,14073
8441905,1,2,1,10,2025,2,25,10.0,3000000.0,13814
8436723,1,3,1,10,2025,2,28,5.0,1623000.0,1902
8463312,1,1,1,10,2025,1,62,9.0,900000.0,42905
8441433,1,3,1,10,2025,1,29,5.0,1000000.0,12740
8472488,1,1,1,10,2025,1,58,5.0,1800000.0,64160
8461988,1,1,1,10,2025,2,25,5.0,320000.0,39963
8473019,1,2,1,10,2025,1,32,10.0,1423500.0,65108
8441531,1,1,1,10,2025,1,62,3.0,1800000.0,12958
8440212,1,1,1,10,2025,2,28,5.0,950000.0,10012
8452368,1,1,1,10,2025,1,36,5.0,1500000.0,38622
8443549,1,1,1,10,2025,1,55,4.0,300000.0,17872
8465645,1,1,1,10,2025,2,53,4.0,1248000.0,48017
8451597,1,4,1,10,2025,1,20,4.0,1423500.0,36617
8463708,1,1,1,10,2025,1,37,4.0,1500000.0,43912
8462565,1,1,1,10,2025,1,55,4.0,600000.0,41300
8465916,1,1,1,10,2025,1,43,8.0,1423500.0,48619
8452602,1,2,1,10,2025,1,42,3.0,1500000.0,39255
8472984,1,1,1,10,2025,2,27,10.0,3800000.0,65019
8451139,1,1,1,10,2025,1,65,5.0,20000000.0,35473
8465331,1,1,1,10,2025,1,63,11.0,80000000.0,47419
8471073,1,1,1,10,2025,2,34,6.0,2100000.0,61297
8472808,1,1,1,10,2025,2,52,8.0,2000000.0,64743
8467277,1,1,1,10,2025,1,29,8.0,1000000.0,51805
8442683,1,3,1,10,2025,1,37,5.0,1200000.0,15682
8452599,1,2,1,10,2025,2,33,5.0,700000.0,39246
8468597,1,1,1,10,2025,2,59,3.0,0.0,55013
8445329,1,1,1,10,2025,1,54,3.0,1000000.0,22004
8466621,1,1,1,10,2025,2,42,3.0,1500000.0,50197
8445834,1,1,1,10,2025,2,69,3.0,400000.0,23157
8445943,1,1,1,10,2025,1,49,8.0,1200000.0,23387
8439891,1,1,1,10,2025,1,52,3.0,800000.0,9427
8436753,1,2,1,10,2025,2,42,4.0,1400000.0,1974
8446473,1,1,1,10,2025,1,57,3.0,1423500.0,24784
8467944,1,3,1,10,2025,2,27,9.0,550000.0,53477
8471773,1,1,1,10,2025,2,28,8.0,800000.0,62622
8466471,1,1,1,10,2025,1,30,5.0,1400000.0,49826
8439658,1,3,1,10,2025,2,23,10.0,1360000.0,8818
8441226,1,1,1,10,2025,1,29,5.0,2000000.0,12344
8470461,1,2,1,10,2025,2,30,8.0,3500000.0,59788
8441586,1,1,1,10,2025,1,46,10.0,4000000.0,13089
8466396,1,1,1,10,2025,2,54,4.0,1800000.0,49594
8444314,1,1,1,10,2025,1,46,1.0,800000.0,19808
8444910,1,2,1,10,2025,2,41,8.0,2100000.0,21381
8448806,1,1,1,10,2025,2,52,11.0,6300000.0,29923
8442206,1,2,1,10,2025,2,26,5.0,1060000.0,14559
8469241,1,1,1,10,2025,2,25,5.0,1820000.0,56668
8441773,1,2,1,10,2025,1,41,8.0,2000000.0,13461
8438306,1,4,1,10,2025,1,35,8.0,3096000.0,5672
8467679,1,1,1,10,2025,2,47,11.0,4650000.0,52793
8446532,1,1,1,10,2025,2,39,3.0,600000.0,24906
8471896,1,2,1,10,2025,1,18,4.0,1000000.0,62893
8470950,1,1,1,10,2025,1,53,12.0,8000000.0,61006
8471948,1,1,1,10,2025,2,29,5.0,900000.0,62981
8441481,1,2,1,10,2025,2,42,10.0,3800000.0,12846
8442364,1,2,1,10,2025,2,55,5.0,1423500.0,14966
8442721,1,1,1,10,2025,1,62,4.0,350000.0,15768
8443413,1,1,1,10,2025,1,44,5.0,3000000.0,17520
8448381,1,1,1,10,2025,1,66,4.0,1500000.0,29015
8451688,1,3,1,10,2025,1,29,10.0,2500000.0,36874
8471366,1,1,1,10,2025,2,47,5.0,0.0,61841
8451438,1,1,1,10,2025,1,37,3.0,850000.0,36265
8466150,1,2,1,10,2025,2,39,5.0,1400000.0,49077
8449147,1,2,1,10,2025,2,35,5.0,1800000.0,30501
8464155,1,2,1,10,2025,1,19,10.0,0.0,44867
8449768,1,1,1,10,2025,1,69,1.0,500000.0,32069
8468417,1,2,1,10,2025,1,39,5.0,1000000.0,54582
8465849,1,1,1,10,2025,2,55,5.0,850000.0,48458
8444043,1,1,1,10,2025,2,32,5.0,1300000.0,19177
8449337,1,2,1,10,2025,2,44,3.0,1600000.0,30975
8469036,1,2,1,10,2025,1,58,4.0,600000.0,56108
8440981,1,2,1,10,2025,1,41,5.0,1423500.0,11855
8441058,1,1,1,10,2025,1,64,4.0,150000.0,11990
8445715,1,1,1,10,2025,2,64,6.0,1423500.0,22903
8442128,1,3,1,10,2025,1,18,4.0,500000.0,14340
8464029,1,2,1,10,2025,1,50,3.0,1400000.0,44625
8442718,1,1,1,10,2025,1,82,3.0,100000.0,15762
8448586,1,1,1,10,2025,1,27,5.0,8000000.0,29465
8464894,1,1,1,10,2025,2,57,11.0,6000000.0,46487
8468866,1,2,1,10,2025,1,70,3.0,400000.0,55715
8451724,1,1,1,10,2025,1,34,11.0,3000000.0,36973
8449510,1,2,1,10,2025,2,53,5.0,150000.0,31424
8439101,1,1,1,10,2025,2,29,9.0,1400000.0,7514
8468381,1,3,1,10,2025,1,23,5.0,1623500.0,54482
8470910,1,1,1,10,2025,2,44,8.0,1800000.0,60917
8463943,1,1,1,10,2025,1,46,3.0,1500000.0,44441
8440748,1,2,1,10,2025,2,37,6.0,1000000.0,11330
8443710,1,2,1,10,2025,2,31,5.0,0.0,18297
8449944,1,2,1,10,2025,2,30,9.0,1800000.0,32497
8449054,1,1,1,10,2025,2,27,10.0,3016000.0,30335
8467971,1,2,1,10,2025,2,26,5.0,1000000.0,53542
8449581,1,1,1,10,2025,1,46,4.0,1000000.0,31582
8466427,1,1,1,10,2025,2,68,4.0,500000.0,49712
8469893,1,1,1,10,2025,1,64,5.0,1500000.0,58390
8449161,1,2,1,10,2025,2,47,8.0,2000000.0,30521
8465559,1,1,1,10,2025,1,35,5.0,1600000.0,47866
8446563,1,1,1,10,2025,2,68,4.0,200000.0,24997
8439870,1,1,1,10,2025,1,36,5.0,2400000.0,9366
8469308,1,2,1,10,2025,1,23,5.0,1700000.0,56859
8437719,1,1,1,10,2025,1,63,3.0,1400000.0,4436
8466211,1,4,1,10,2025,2,69,4.0,1423500.0,49216
8438617,1,1,1,10,2025,2,40,4.0,600000.0,6441
8468700,1,2,1,10,2025,2,52,4.0,812000.0,55272
8467833,1,2,1,10,2025,2,36,10.0,1900000.0,53173
8467918,1,2,1,10,2025,2,19,4.0,1200000.0,53395
8438379,1,2,1,10,2025,1,50,5.0,2000000.0,5862
8443848,1,3,1,10,2025,1,57,10.0,5000000.0,18668
8449182,1,2,1,10,2025,1,31,4.0,2323500.0,30567
8446383,1,2,1,10,2025,1,54,11.0,2000000.0,24572
8440220,1,2,1,10,2025,1,38,5.0,3500000.0,10032
8464659,1,1,1,10,2025,2,37,5.0,1000000.0,46005
8440897,1,1,1,10,2025,2,58,4.0,240000.0,11710
8439591,1,1,1,10,2025,2,23,10.0,900000.0,8646
8468175,1,2,1,10,2025,2,31,9.0,3000000.0,54007
8469093,1,1,1,10,2025,1,40,10.0,5000000.0,56268
8450111,1,1,1,10,2025,2,25,8.0,2300000.0,32935
8444027,1,1,1,10,2025,2,36,4.0,900000.0,19112
8437794,1,1,1,10,2025,2,41,8.0,3000000.0,4578
8451531,1,2,1,10,2025,1,38,4.0,900000.0,36503
8439806,1,1,1,10,2025,2,33,5.0,1800000.0,9177
8444786,1,2,1,10,2025,2,41,3.0,650000.0,21073
8462604,1,2,1,10,2025,2,45,4.0,500000.0,41378
8449231,1,1,1,10,2025,1,51,3.0,1100000.0,30677
8465113,1,2,1,10,2025,1,41,5.0,700000.0,47041
8442287,1,1,1,10,2025,2,64,9.0,1500000.0,14742
8440771,1,1,1,10,2025,2,40,5.0,2800000.0,11383
8452059,1,2,1,10,2025,1,26,5.0,1423500.0,37827
8444086,1,1,1,10,2025,2,42,5.0,200000.0,19295
8466761,1,3,1,10,2025,1,34,5.0,1200000.0,50524
8450363,1,3,1,10,2025,1,33,5.0,0.0,33581
8463491,1,3,1,10,2025,1,28,5.0,1500000.0,43434
8448717,1,1,1,10,2025,2,48,10.0,1200000.0,29730
8442273,1,2,1,10,2025,1,77,10.0,900000.0,14713
8473889,1,3,1,10,2025,1,32,10.0,2000000.0,66511
8465642,1,2,1,10,2025,1,47,5.0,2200000.0,48008
8436098,1,1,1,10,2025,1,45,3.0,1423500.0,382
8446239,1,10,1,10,2025,2,44,3.0,100000.0,24163
8464431,1,2,1,10,2025,1,19,5.0,1100000.0,45422
8436018,1,3,1,10,2025,1,38,1.0,400000.0,191
8447908,1,1,1,10,2025,1,25,10.0,1620000.0,28001
8447187,1,1,1,10,2025,2,29,5.0,1480000.0,26317
8450506,1,1,1,10,2025,2,40,5.0,600000.0,33880
8445668,1,3,1,10,2025,1,32,4.0,1400000.0,22802
8436001,1,4,1,10,2025,2,57,3.0,180000.0,112
8448497,1,3,1,10,2025,2,35,9.0,2000000.0,29268
8463081,1,2,1,10,2025,2,57,3.0,100000.0,42378
8436669,1,3,1,10,2025,2,19,5.0,1600000.0,1764
8468913,2,2,2,10,2025,2,28,10.0,2500000.0,55834
8448367,1,2,1,10,2025,2,48,5.0,1000000.0,28981
8461806,1,1,1,10,2025,2,44,5.0,1620000.0,39445
8447030,1,1,1,10,2025,1,33,9.0,1623500.0,26054
8439828,1,3,1,10,2025,2,28,6.0,1000000.0,9243
8450381,1,1,1,10,2025,2,61,5.0,1500000.0,33622
8461793,1,2,1,10,2025,1,19,5.0,600000.0,39410
8465267,1,5,1,10,2025,2,26,5.0,1400000.0,47361
8452458,1,1,1,10,2025,1,42,10.0,3247000.0,38885
8445912,1,1,1,10,2025,1,44,4.0,500000.0,23319
8463808,1,1,1,10,2025,1,54,3.0,1423500.0,44157
8440747,1,1,1,10,2025,2,34,5.0,780000.0,11325
8440502,1,5,1,10,2025,1,58,10.0,1500000.0,10681
8443584,1,2,1,10,2025,1,51,3.0,620000.0,17970
8472584,1,1,1,10,2025,2,34,12.0,6000000.0,64275
8469904,1,1,1,10,2025,1,38,5.0,1423500.0,58413
8469886,1,1,1,10,2025,1,56,3.0,400000.0,58380
8438033,1,2,1,10,2025,2,45,8.0,1000000.0,5065
8447836,1,1,1,10,2025,2,40,10.0,3800000.0,27843
8450736,1,1,1,10,2025,1,47,10.0,3000000.0,34478
8465572,1,1,1,10,2025,1,27,10.0,4500000.0,47888
8465087,1,3,1,10,2025,1,41,10.0,700000.0,46973
8446824,1,3,1,10,2025,2,38,8.0,200000.0,25584
8470405,1,2,1,10,2025,2,24,10.0,3900000.0,59641
8448589,1,1,1,10,2025,2,35,10.0,2900000.0,29470
8469047,1,1,1,10,2025,1,24,9.0,600000.0,56143
8437940,1,1,1,10,2025,1,40,10.0,6700000.0,4876
8436821,1,1,1,10,2025,1,70,12.0,8000000.0,2105
8441131,1,2,1,10,2025,2,59,10.0,3500000.0,12153
8438432,1,2,1,10,2025,2,44,10.0,2000000.0,5988
8441680,1,2,1,10,2025,2,39,5.0,1423500.0,13275
8444533,1,4,1,10,2025,2,27,10.0,1600000.0,20397
8471854,1,1,1,10,2025,2,21,10.0,600000.0,62796
8443270,1,1,1,10,2025,1,56,3.0,1000000.0,17110
8437608,1,3,1,10,2025,1,48,5.0,1423500.0,4184
8438599,1,2,1,10,2025,1,58,4.0,1423500.0,6405
8448379,1,2,1,10,2025,1,26,10.0,1800000.0,29011
8441885,1,2,1,10,2025,2,54,12.0,3750000.0,13733
8470934,1,1,1,10,2025,1,32,4.0,1423500.0,60969
8445743,1,2,1,10,2025,2,37,5.0,1400000.0,22954
8446759,1,2,1,10,2025,2,55,10.0,2500000.0,25433
8466480,1,1,1,10,2025,1,39,5.0,1550000.0,49845
8440630,1,1,1,10,2025,1,39,10.0,4500000.0,11042
8446595,1,2,1,10,2025,2,46,8.0,1420000.0,25105
8469163,1,3,1,10,2025,2,16,4.0,150000.0,56482
8472257,1,1,1,10,2025,2,45,3.0,1000000.0,63646
8441977,1,2,1,10,2025,2,26,8.0,400000.0,14008
8449261,1,1,1,10,2025,2,43,3.0,400000.0,30753
8443358,1,2,1,10,2025,2,61,3.0,1650000.0,17388
8469081,1,5,1,10,2025,1,29,6.0,1600000.0,56240
8446308,1,1,1,10,2025,2,41,9.0,1600000.0,24380
8449404,1,1,1,10,2025,1,63,3.0,0.0,31153
8467393,1,1,1,10,2025,2,25,5.0,1423500.0,52103
8442191,1,2,1,10,2025,2,60,4.0,100000.0,14506
8467497,1,1,1,10,2025,2,54,10.0,5000000.0,52347
8464693,1,5,1,10,2025,2,23,5.0,500000.0,46081
8465071,1,2,1,10,2025,1,24,5.0,2420000.0,46920
8473276,1,1,1,10,2025,2,28,5.0,1423500.0,65581
8443760,1,4,1,10,2025,2,25,8.0,1960000.0,18427
8443248,1,3,1,10,2025,2,27,10.0,1423500.0,17050
8467081,1,3,1,10,2025,1,48,5.0,800000.0,51294
8444901,2,1,2,10,2025,2,22,10.0,2600000.0,21358
8452412,1,2,1,10,2025,1,31,5.0,600000.0,38742
8439302,1,1,1,10,2025,2,50,8.0,1000000.0,7966
8437855,1,2,1,10,2025,1,20,4.0,1400000.0,4721
8443178,1,2,1,10,2025,2,30,8.0,2000000.0,16895
8470278,1,2,1,10,2025,1,53,5.0,1450000.0,59348
8445494,1,1,1,10,2025,2,61,3.0,180000.0,22388
8466495,1,6,1,10,2025,2,37,10.0,0.0,49897
8444374,1,1,1,10,2025,2,42,12.0,500000.0,19965
8443390,1,1,1,10,2025,2,56,3.0,900000.0,17465
8463090,1,2,1,10,2025,1,27,5.0,1600000.0,42394
8441199,1,1,1,10,2025,2,56,3.0,1400000.0,12292
8446320,1,1,1,10,2025,2,56,3.0,1100000.0,24409
8468320,1,1,1,10,2025,2,56,3.0,1423500.0,54313
8440576,1,4,1,10,2025,1,23,6.0,1423000.0,10874
8463611,1,1,1,10,2025,2,32,10.0,5000000.0,43684
8464890,1,1,1,10,2025,1,48,11.0,30000000.0,46480
8466833,1,2,1,10,2025,1,49,5.0,1800000.0,50680
8438739,1,1,1,10,2025,2,23,5.0,900000.0,6700
8464776,1,1,1,10,2025,1,39,10.0,14500000.0,46252
8450710,1,1,1,10,2025,2,53,12.0,15630000.0,34415
8449462,1,2,1,10,2025,2,56,1.0,150000.0,31301
8441119,1,4,1,10,2025,1,38,1.0,1286000.0,12120
8461852,1,1,1,10,2025,1,71,3.0,600000.0,39580
8446733,1,1,1,10,2025,2,44,5.0,1423500.0,25367
8441939,1,2,1,10,2025,1,60,4.0,750000.0,13903
8463274,1,1,1,10,2025,1,36,5.0,0.0,42828
8438189,1,1,1,10,2025,2,45,4.0,1000000.0,5374
8436632,1,1,1,10,2025,2,48,4.0,600000.0,1660
8473792,1,3,1,10,2025,2,26,10.0,2134000.0,66240
8470813,1,2,1,10,2025,2,33,5.0,1423500.0,60700
8440906,1,1,1,10,2025,1,52,5.0,1800000.0,11716
8439518,1,2,1,10,2025,1,34,8.0,1350000.0,8443
8468351,1,1,1,10,2025,2,20,5.0,500000.0,54384
8450168,1,1,1,10,2025,2,38,5.0,1423500.0,33076
8447294,1,1,1,10,2025,1,42,6.0,2000000.0,26621
8436732,1,2,1,10,2025,1,23,5.0,1423500.0,1931
8450661,1,1,1,10,2025,2,45,5.0,340000.0,34310
8451075,1,2,1,10,2025,2,32,4.0,210000.0,35310
8468078,1,3,1,10,2025,2,43,12.0,7000000.0,53798
8443780,1,1,1,10,2025,2,58,12.0,500000.0,18462
8466765,1,3,1,10,2025,1,64,3.0,1200000.0,50538
8446004,1,2,1,10,2025,2,22,5.0,800000.0,23543
8472703,1,1,1,10,2025,2,56,9.0,1700000.0,64554
8463618,1,1,1,10,2025,2,36,11.0,3300000.0,43693
8443241,1,1,1,10,2025,2,41,5.0,750000.0,17030
8462559,1,1,1,10,2025,2,32,8.0,1700000.0,41285
8444832,1,1,1,10,2025,1,32,10.0,1500000.0,21202
8442502,1,2,1,10,2025,2,58,10.0,4500000.0,15287
8465204,1,1,1,10,2025,2,24,5.0,1300000.0,47208
8467990,1,1,1,10,2025,2,39,5.0,2500000.0,53582
8462005,1,1,1,10,2025,2,27,8.0,1423500.0,40022
8438260,1,3,1,10,2025,1,19,10.0,1050000.0,5532
8467694,1,1,1,10,2025,2,34,8.0,750000.0,52828
8448775,1,2,1,10,2025,2,32,11.0,3000000.0,29858
8470831,1,1,1,10,2025,2,31,3.0,1000000.0,60745
8440634,1,1,1,10,2025,1,36,6.0,1400000.0,11053
8447386,1,2,1,10,2025,1,52,4.0,500000.0,26862
8449938,1,2,1,10,2025,2,21,8.0,200000.0,32477
8447391,1,2,1,10,2025,1,37,5.0,1423500.0,26872
8439770,1,1,1,10,2025,1,57,5.0,1200000.0,9066
8473038,1,1,1,10,2025,1,59,10.0,7000000.0,65144
8473287,1,1,1,10,2025,2,43,4.0,600000.0,65610
8436051,1,2,1,10,2025,1,26,5.0,200000.0,273
8448766,1,1,1,10,2025,1,60,5.0,1600000.0,29838
8437373,1,1,1,10,2025,1,39,10.0,2000000.0,3673
8444051,1,4,1,10,2025,2,45,10.0,2000000.0,19196
8448454,1,1,1,10,2025,2,49,8.0,1900000.0,29178
8442071,1,2,1,10,2025,2,43,5.0,150000.0,14203
8463546,1,1,1,10,2025,1,61,11.0,4260000.0,43550
8436200,1,1,1,10,2025,2,29,8.0,1200000.0,619
8471044,1,1,1,10,2025,2,46,5.0,1760000.0,61223
8447436,1,2,1,10,2025,1,56,4.0,1423500.0,26979
8463404,1,2,1,10,2025,2,30,10.0,3000000.0,43194
8464459,1,2,1,10,2025,2,26,5.0,1623500.0,45529
8470332,1,1,1,10,2025,1,48,5.0,3200000.0,59488
8447961,1,2,1,10,2025,1,30,5.0,1800000.0,28151
8471540,1,1,1,10,2025,2,42,10.0,4000000.0,62160
8466344,1,2,1,10,2025,1,41,3.0,800000.0,49454
8462990,1,4,1,10,2025,1,21,3.0,1850000.0,42175
8439412,1,3,1,10,2025,2,19,5.0,1740000.0,8216
8443058,1,2,1,10,2025,2,58,10.0,2500000.0,16615
8462080,1,1,1,10,2025,1,32,4.0,900000.0,40185
8442490,1,3,1,10,2025,2,34,11.0,4000000.0,15257
8452055,1,1,1,10,2025,2,45,4.0,750000.0,37816
8447282,1,1,1,10,2025,1,53,8.0,900000.0,26582
8465048,1,1,1,10,2025,2,76,3.0,600000.0,46872
8452175,1,3,1,10,2025,2,23,10.0,1423500.0,38135
8468776,1,2,1,10,2025,1,49,4.0,2000000.0,55466
8445973,1,1,1,10,2025,1,73,5.0,5000000.0,23462
8436868,1,3,1,10,2025,2,39,10.0,1423000.0,2297
8446198,1,3,1,10,2025,1,44,10.0,3500000.0,24030
8436277,1,4,1,10,2025,2,36,6.0,1300000.0,802
8451045,1,3,1,10,2025,1,59,5.0,350000.0,35239
8449487,1,1,1,10,2025,1,48,4.0,800000.0,31360
8438172,1,1,1,10,2025,2,33,5.0,400000.0,5352
8465595,1,2,1,10,2025,1,60,5.0,1800000.0,47924
8450507,1,2,1,10,2025,2,49,5.0,1800000.0,33883
8469880,1,1,1,10,2025,1,39,4.0,600000.0,58362
8470766,1,5,1,10,2025,1,26,5.0,1500000.0,60564
8468327,1,1,1,10,2025,1,48,5.0,1400000.0,54324
8451861,1,2,1,10,2025,2,43,11.0,3300000.0,37337
8447915,1,2,1,10,2025,2,30,5.0,1423500.0,28033
8468897,1,1,1,10,2025,1,43,5.0,2000000.0,55792
8440711,1,5,1,10,2025,1,20,5.0,650000.0,11226
8473715,1,1,1,10,2025,1,51,6.0,1600000.0,66153
8462398,1,1,1,10,2025,2,26,5.0,1200000.0,40897
8451746,1,1,1,10,2025,2,57,11.0,4000000.0,37039
8439314,1,2,1,10,2025,2,25,5.0,1000000.0,7999
8449859,1,5,1,10,2025,2,30,4.0,1000000.0,32299
8436522,1,1,1,10,2025,1,31,5.0,1600000.0,1384
8467072,1,3,1,10,2025,1,43,4.0,700000.0,51258
8442178,1,3,1,10,2025,2,35,8.0,1423500.0,14467
8466828,1,1,1,10,2025,1,50,1.0,2700000.0,50664
8437148,1,1,1,10,2025,2,29,10.0,2000000.0,3051
8437668,1,2,1,10,2025,2,28,5.0,840000.0,4323
8443511,1,3,1,10,2025,2,35,10.0,2000000.0,17786
8466369,1,1,1,10,2025,2,66,4.0,150000.0,49532
8469753,1,1,1,10,2025,2,63,3.0,200000.0,58062
8471954,1,2,1,10,2025,1,43,10.0,3500000.0,62991
8438096,1,3,1,10,2025,2,66,8.0,2300000.0,5191
8467897,1,1,1,10,2025,1,31,4.0,1800000.0,53340
8438693,1,1,1,10,2025,1,49,10.0,9000000.0,6612
8443617,1,3,1,10,2025,2,18,10.0,1600000.0,18064
8446995,1,1,1,10,2025,2,27,5.0,700000.0,25989
8465789,1,2,1,10,2025,2,33,5.0,1600000.0,48322
8437537,1,2,1,10,2025,2,45,3.0,1543500.0,4076
8462207,1,1,1,10,2025,1,43,8.0,3500000.0,40494
8464528,1,2,1,10,2025,1,17,4.0,700000.0,45691
8468646,1,2,1,10,2025,2,58,3.0,400000.0,55104
8439344,1,3,1,10,2025,2,48,5.0,1500000.0,8069
8462238,1,1,1,10,2025,1,25,3.0,1200000.0,40567
8439266,1,3,1,10,2025,1,36,5.0,1400000.0,7863
8443882,1,1,1,10,2025,2,59,4.0,800000.0,18742
8467434,1,2,1,10,2025,1,39,5.0,1423500.0,52178
8469167,1,2,1,10,2025,1,33,10.0,700000.0,56491
8464959,1,1,1,10,2025,2,50,3.0,900000.0,46650
8437314,1,3,1,10,2025,2,24,8.0,1423500.0,3497
8473215,1,1,1,10,2025,1,48,4.0,2100000.0,65467
8446239,1,2,1,10,2025,2,35,5.0,100000.0,24155
8437655,1,2,1,10,2025,1,53,4.0,1800000.0,4293
8462760,1,2,1,10,2025,1,64,11.0,8000000.0,41701
8464865,1,1,1,10,2025,1,43,1.0,300000.0,46422
8450896,1,1,1,10,2025,1,31,10.0,3087000.0,34840
8465871,1,2,1,10,2025,1,61,3.0,800000.0,48530
8470934,1,2,1,10,2025,2,30,5.0,1423500.0,60970
8452041,1,1,1,10,2025,2,46,5.0,1200000.0,37778
8444344,1,1,1,10,2025,2,31,5.0,1800000.0,19891
8470494,1,1,1,10,2025,2,45,8.0,1823000.0,59868
8467601,1,1,1,10,2025,1,39,5.0,1300000.0,52604
8463047,1,1,1,10,2025,2,44,5.0,1950000.0,42301
8438537,1,1,1,10,2025,1,38,6.0,1500000.0,6258
8437854,1,1,1,10,2025,2,51,1.0,100000.0,4715
8463473,1,1,1,10,2025,1,65,12.0,5000000.0,43381
8462890,1,5,1,10,2025,1,55,5.0,1500000.0,41973
8473136,1,2,1,10,2025,2,38,11.0,3800000.0,65314
8449095,1,1,1,10,2025,1,36,5.0,1423500.0,30419
8463297,1,2,1,10,2025,1,24,5.0,1000000.0,42878
8449132,1,2,1,10,2025,2,25,10.0,2500000.0,30494
8463965,1,1,1,10,2025,1,60,8.0,2000000.0,44498
8452022,1,2,1,10,2025,2,68,3.0,200000.0,37745
8440875,1,2,1,10,2025,2,37,5.0,240000.0,11658
8447528,1,2,1,10,2025,2,41,5.0,1423500.0,27175
8470905,1,1,1,10,2025,2,33,5.0,1800000.0,60909
8445979,1,1,1,10,2025,2,52,4.0,1773500.0,23477
8442868,1,2,1,10,2025,2,38,5.0,1900000.0,16125
8466280,1,3,1,10,2025,2,22,5.0,400000.0,49307
8440983,1,2,1,10,2025,2,33,5.0,1423500.0,11861
8465612,1,2,1,10,2025,2,22,9.0,1365000.0,47955
8468914,1,1,1,10,2025,1,44,1.0,1423500.0,55837
8466081,1,1,1,10,2025,1,36,12.0,2847000.0,48921
8448751,1,1,1,10,2025,2,54,10.0,2000000.0,29808
8466119,1,1,1,10,2025,2,34,8.0,1423500.0,49003
8446288,1,1,1,10,2025,2,76,9.0,180000.0,24317
8451607,1,1,1,10,2025,2,36,8.0,1423000.0,36643
8445263,1,1,1,10,2025,2,40,8.0,430000.0,21802
8444693,1,1,1,10,2025,1,55,4.0,3200000.0,20807
8446242,1,2,1,10,2025,1,40,4.0,1140000.0,24184
8468952,1,1,1,10,2025,1,23,5.0,1500000.0,55897
8439717,1,1,1,10,2025,2,36,5.0,280000.0,8980
8437214,1,2,1,10,2025,2,25,8.0,500000.0,3191
8473121,1,5,1,10,2025,2,24,5.0,1200000.0,65272
8466963,1,1,1,10,2025,2,51,3.0,300000.0,50970
8449979,1,1,1,10,2025,1,38,10.0,3400000.0,32618
8441828,1,1,1,10,2025,2,42,5.0,1823500.0,13542
8468484,1,1,1,10,2025,2,47,5.0,2000000.0,54741
8445478,1,1,1,10,2025,1,73,3.0,1000000.0,22348
8465655,1,2,1,10,2025,2,22,10.0,1500000.0,48049
8440607,1,1,1,10,2025,1,63,3.0,1200000.0,10971
8444331,1,1,1,10,2025,1,35,11.0,3824552.0,19855
8437878,1,2,1,10,2025,1,53,3.0,1800000.0,4764
8467809,1,1,1,10,2025,1,45,1.0,2000000.0,53095
8445889,1,3,1,10,2025,2,27,5.0,200000.0,23259
8438713,1,2,1,10,2025,2,52,5.0,700000.0,6643
8463671,1,2,1,10,2025,1,29,11.0,9000000.0,43827
8448329,1,1,1,10,2025,1,66,10.0,2000000.0,28911
8464402,1,1,1,10,2025,1,60,4.0,500000.0,45368
8447504,1,1,1,10,2025,2,53,11.0,3000000.0,27143
8470462,1,1,1,10,2025,1,31,5.0,2846000.0,59793
8451730,1,1,1,10,2025,2,59,8.0,1423500.0,36989
8443316,1,2,1,10,2025,2,15,5.0,1060000.0,17265
8443955,1,2,1,10,2025,1,25,5.0,1000000.0,18912
8441856,1,1,1,10,2025,2,35,4.0,800000.0,13629
8436836,1,1,1,10,2025,2,54,5.0,3500000.0,2153
8443178,1,1,1,10,2025,1,44,10.0,3500000.0,16894
8464767,1,2,1,10,2025,2,22,10.0,1200000.0,46234
8451472,1,1,1,10,2025,1,36,5.0,1423500.0,36336
8439045,1,3,1,10,2025,1,25,5.0,300000.0,7360
8452367,1,2,1,10,2025,2,47,9.0,1300000.0,38621
8445963,1,2,1,10,2025,2,58,5.0,150000.0,23432
8447117,1,1,1,10,2025,1,68,3.0,2000000.0,26231
8451288,1,3,1,10,2025,2,31,6.0,600000.0,35872
8472276,1,4,1,10,2025,2,35,9.0,1423500.0,63690
8462175,1,1,1,10,2025,2,28,9.0,8000000.0,40416
8446560,1,3,1,10,2025,2,30,5.0,1425000.0,24986
8468396,1,2,1,10,2025,2,25,9.0,1425000.0,54528
8467413,1,1,1,10,2025,2,29,8.0,600000.0,52129
8469320,1,1,1,10,2025,1,50,4.0,900000.0,56902
8442810,1,2,1,10,2025,1,45,1.0,1500000.0,15976
8450127,2,1,2,10,2025,1,34,8.0,960000.0,32961
8447679,1,1,1,10,2025,2,30,5.0,100000.0,27492
8439632,1,1,1,10,2025,2,73,3.0,500000.0,8744
8465627,1,1,1,10,2025,1,46,5.0,1000000.0,47976
8445670,1,3,1,10,2025,1,26,3.0,1400000.0,22809
8467595,1,5,1,10,2025,1,44,4.0,1800000.0,52585
8440735,1,1,1,10,2025,1,81,4.0,400000.0,11290
8473576,1,1,1,10,2025,2,47,5.0,1680000.0,65864
8467085,1,3,1,10,2025,1,21,10.0,2300000.0,51308
8445313,1,1,1,10,2025,2,36,1.0,800000.0,21960
8444511,1,2,1,10,2025,1,60,5.0,1400000.0,20337
8445632,1,1,1,10,2025,1,61,3.0,600000.0,22717
8445600,1,1,1,10,2025,1,59,3.0,1423500.0,22653
8436230,1,1,1,10,2025,1,73,3.0,1300000.0,689
8444749,1,2,1,10,2025,1,59,5.0,960000.0,20970
8438794,1,1,1,10,2025,2,68,3.0,900000.0,6833
8438018,1,1,1,10,2025,1,31,10.0,2600000.0,5023
8468792,1,1,1,10,2025,1,29,5.0,1650000.0,55499
8448357,1,2,1,10,2025,2,28,9.0,2100000.0,28958
8464385,1,2,1,10,2025,2,47,5.0,400000.0,45330
8465041,1,1,1,10,2025,2,35,10.0,2500000.0,46855
8444910,1,1,1,10,2025,1,44,11.0,3800000.0,21380
8446276,1,1,1,10,2025,1,53,3.0,1090000.0,24279
8471001,1,2,1,10,2025,2,56,8.0,2500000.0,61132
8439653,1,3,1,10,2025,1,22,11.0,1423000.0,8804
8442086,1,2,1,10,2025,2,43,5.0,400000.0,14245
8473701,1,1,1,10,2025,1,37,11.0,5500000.0,66118
8471200,1,1,1,10,2025,2,24,6.0,2000000.0,61508
8471554,1,3,1,10,2025,2,42,8.0,1700000.0,62202
8448972,1,1,1,10,2025,1,37,5.0,700000.0,30161
8445268,1,2,1,10,2025,2,30,5.0,120000.0,21819
8440036,1,1,1,10,2025,2,61,4.0,2000000.0,9634
8472466,1,1,1,10,2025,1,49,5.0,1423500.0,64090
8451711,1,1,1,10,2025,2,22,8.0,1603500.0,36937
8437105,1,2,1,10,2025,1,45,3.0,1200000.0,2955
8466298,1,1,1,10,2025,2,27,10.0,3900000.0,49345
8436987,1,1,1,10,2025,2,34,5.0,3500000.0,2676
8446919,1,4,1,10,2025,1,28,5.0,800000.0,25819
8447983,1,2,1,10,2025,2,30,5.0,1423500.0,28191
8465669,1,2,1,10,2025,1,60,3.0,1423500.0,48083
8448482,1,1,1,10,2025,2,25,10.0,1423500.0,29231
8437615,1,2,1,10,2025,2,35,10.0,1700000.0,4200
8464137,1,4,1,10,2025,2,19,10.0,900000.0,44826
8446149,1,1,1,10,2025,2,49,6.0,1000000.0,23896
8438432,1,7,1,10,2025,2,54,5.0,1450000.0,5993
8437363,1,2,1,10,2025,1,58,5.0,1425000.0,3646
8464902,1,2,1,10,2025,1,26,5.0,1400000.0,46510
8443886,1,1,1,10,2025,2,44,10.0,1300000.0,18753
8464722,1,2,1,10,2025,1,60,3.0,1800000.0,46150
8446600,1,2,1,10,2025,1,45,10.0,6000000.0,25115
8448423,1,1,1,10,2025,2,25,4.0,800000.0,29125
8438631,1,1,1,10,2025,1,41,5.0,1400000.0,6467
8465823,1,1,1,10,2025,1,58,5.0,1400000.0,48397
8445861,1,1,1,10,2025,1,54,12.0,20000000.0,23204
8463192,1,5,1,10,2025,2,18,9.0,2500000.0,42595
8443340,1,1,1,10,2025,2,61,1.0,430000.0,17313
8468774,1,2,1,10,2025,2,58,5.0,2000000.0,55462
8446103,1,3,1,10,2025,1,25,8.0,1600000.0,23784
8443796,1,2,1,10,2025,2,66,10.0,2800000.0,18513
8464330,1,3,1,10,2025,1,34,10.0,3200000.0,45194
8447678,1,1,1,10,2025,2,37,3.0,1000000.0,27490
8451996,1,1,1,10,2025,2,55,3.0,500000.0,37688
8464020,1,2,1,10,2025,2,34,3.0,1950000.0,44600
8469288,1,1,1,10,2025,2,21,5.0,600000.0,56807
8440060,1,1,1,10,2025,1,24,4.0,1423500.0,9678
8465712,1,1,1,10,2025,1,69,1.0,160000.0,48129
8450284,1,1,1,10,2025,2,58,4.0,800000.0,33366
8451603,1,2,1,10,2025,1,18,3.0,200000.0,36634
8472272,1,3,1,10,2025,1,55,3.0,100000.0,63678
8472564,1,1,1,10,2025,2,30,6.0,1423500.0,64235
8472806,1,1,1,10,2025,1,27,10.0,3300000.0,64739
8472035,1,2,1,10,2025,2,34,10.0,2000000.0,63141
8441842,1,1,1,10,2025,1,38,3.0,1000000.0,13587
8442830,1,2,1,10,2025,2,43,6.0,500000.0,16037
8443657,1,3,1,10,2025,1,27,10.0,4000000.0,18173
8442496,1,2,1,10,2025,1,33,8.0,700000.0,15270
8446411,1,1,1,10,2025,1,32,9.0,1800000.0,24640
8446693,1,2,1,10,2025,2,29,9.0,1423500.0,25345
8436202,1,3,1,10,2025,1,42,4.0,1500000.0,623
8448694,1,1,1,10,2025,1,40,5.0,500000.0,29666
8472046,1,2,1,10,2025,1,44,5.0,2000000.0,63169
8466012,1,1,1,10,2025,1,78,3.0,1000000.0,48821
8436282,1,1,1,10,2025,1,48,3.0,1800000.0,814
8446256,1,3,1,10,2025,2,37,5.0,1423000.0,24232
8452086,1,1,1,10,2025,2,47,5.0,400000.0,37901
8464581,1,3,1,10,2025,1,26,5.0,550000.0,45803
8469505,1,2,1,10,2025,1,35,5.0,3000000.0,57368
8446171,1,1,1,10,2025,1,31,9.0,2000000.0,23956
8442866,1,1,1,10,2025,2,54,10.0,1423000.0,16120
8466795,1,3,1,10,2025,2,25,6.0,2360000.0,50589
8440981,1,3,1,10,2025,2,33,10.0,2600000.0,11856
8447303,1,2,1,10,2025,1,40,3.0,1000000.0,26651
8444220,1,1,1,10,2025,1,21,4.0,1000000.0,19564
8446986,1,1,1,10,2025,2,34,9.0,1623500.0,25974
8441964,1,1,1,10,2025,1,28,6.0,6000000.0,13968
8436217,1,4,1,10,2025,2,52,3.0,1200000.0,663
8464129,1,1,1,10,2025,2,68,3.0,500000.0,44804
8442374,1,2,1,10,2025,1,45,5.0,2000000.0,14987
8442708,1,1,1,10,2025,1,25,6.0,1423500.0,15741
8440841,1,1,1,10,2025,2,50,3.0,670000.0,11575
8438971,1,1,1,10,2025,1,46,6.0,2400000.0,7207
8443692,1,1,1,10,2025,2,35,8.0,4000000.0,18256
8462299,1,1,1,10,2025,1,41,3.0,1700000.0,40678
8440992,1,1,1,10,2025,1,50,3.0,1423500.0,11873
8445282,1,2,1,10,2025,1,41,4.0,220000.0,21869
8446056,1,2,1,10,2025,2,42,12.0,5000000.0,23681
8438561,1,1,1,10,2025,1,62,3.0,1500000.0,6298
8469621,1,2,1,10,2025,2,59,4.0,300000.0,57700
8443275,1,1,1,10,2025,1,42,1.0,1423500.0,17130
8438901,1,2,1,10,2025,2,47,10.0,1423500.0,7062
8450038,1,3,1,10,2025,1,31,10.0,3000000.0,32745
8436623,1,2,1,10,2025,1,53,5.0,1500000.0,1637
8445485,1,3,1,10,2025,2,36,5.0,1423500.0,22369
8462690,1,1,1,10,2025,2,30,10.0,1423500.0,41546
8469845,1,1,1,10,2025,1,73,5.0,120000.0,58284
8462290,1,1,1,10,2025,1,48,3.0,700000.0,40659
8450140,1,2,1,10,2025,2,51,4.0,800000.0,32995
8447327,1,2,1,10,2025,1,37,10.0,2847000.0,26714
8449072,1,2,1,10,2025,2,20,9.0,800000.0,30372
8441450,1,1,1,10,2025,1,56,3.0,3000000.0,12788
8446558,1,1,1,10,2025,1,32,5.0,1425000.0,24971
8467323,1,2,1,10,2025,1,49,5.0,2600000.0,51912
8472996,1,2,1,10,2025,1,40,4.0,700000.0,65052
8441379,1,1,1,10,2025,1,40,5.0,1400000.0,12652
8467911,1,2,1,10,2025,1,55,5.0,1423500.0,53376
8446409,1,2,1,10,2025,2,24,10.0,530000.0,24638
8436896,1,4,1,10,2025,1,24,8.0,1500000.0,2400
8464889,1,1,1,10,2025,1,45,5.0,1623500.0,46478
8443099,1,2,1,10,2025,2,28,8.0,600000.0,16721
8445808,1,3,1,10,2025,2,36,9.0,1423500.0,23101
8446067,1,1,1,10,2025,2,28,11.0,4500000.0,23694
8465423,1,1,1,10,2025,1,47,5.0,1500000.0,47585
8464068,1,2,1,10,2025,1,35,11.0,4270500.0,44700
8440276,1,2,1,10,2025,2,51,3.0,1424000.0,10175
8439189,1,1,1,10,2025,1,67,1.0,1200000.0,7697
8473890,1,2,1,10,2025,2,41,12.0,22000000.0,66513
8463049,1,2,1,10,2025,2,44,3.0,1772000.0,42307
8467171,1,1,1,10,2025,2,50,11.0,5000000.0,51566
8439126,1,2,1,10,2025,1,40,5.0,600000.0,7570
8446901,1,2,1,10,2025,1,36,11.0,4000000.0,25763
8443341,1,2,1,10,2025,2,39,5.0,110000.0,17315
8472606,1,1,1,10,2025,1,66,4.0,1800000.0,64316
8465332,1,1,1,10,2025,1,47,5.0,1423500.0,47422
8468317,2,2,2,10,2025,2,56,3.0,600000.0,54303
8473031,1,3,1,10,2025,2,26,10.0,2000000.0,65133
8441202,1,1,1,10,2025,1,68,11.0,3000000.0,12300
8465257,1,2,1,10,2025,2,23,5.0,1500000.0,47344
8443086,1,2,1,10,2025,2,27,10.0,1423500.0,16684
8465078,1,3,1,10,2025,2,29,11.0,3650000.0,46945
8466712,1,1,1,10,2025,1,46,9.0,2300000.0,50417
8450054,1,1,1,10,2025,1,59,8.0,2900000.0,32785
8448604,1,3,1,10,2025,1,19,5.0,1423500.0,29510
8443053,1,1,1,10,2025,2,37,10.0,3300000.0,16604
8444038,1,2,1,10,2025,1,48,5.0,2300000.0,19164
8466008,1,6,1,10,2025,2,23,10.0,1423500.0,48814
8439654,1,1,1,10,2025,1,45,3.0,1200000.0,8805
8436582,1,2,1,10,2025,2,29,11.0,8000000.0,1523
8448053,1,3,1,10,2025,2,34,8.0,1800000.0,28373
8439835,1,1,1,10,2025,2,72,5.0,500000.0,9261
8446612,1,2,1,10,2025,1,47,5.0,1500000.0,25155
8472847,1,2,1,10,2025,1,47,5.0,1350000.0,64819
8444622,1,1,1,10,2025,1,20,6.0,1300000.0,20624
8436045,1,2,1,10,2025,2,49,3.0,1300000.0,262
8448995,1,4,1,10,2025,1,80,3.0,240000.0,30214
8450757,1,1,1,10,2025,2,40,3.0,600000.0,34532
8472254,1,3,1,10,2025,1,24,4.0,1423500.0,63639
8436692,1,2,1,10,2025,2,22,10.0,2320000.0,1818
8464835,1,1,1,10,2025,1,55,9.0,2000000.0,46356
8445269,1,1,1,10,2025,2,40,8.0,1600000.0,21821
8446582,1,1,1,10,2025,2,29,5.0,2600000.0,25054
8441140,1,3,1,10,2025,1,30,8.0,600000.0,12173
8450665,1,1,1,10,2025,2,33,5.0,500000.0,34322
8445574,1,1,1,10,2025,2,50,1.0,500000.0,22581
8463327,1,1,1,10,2025,1,60,3.0,1500000.0,42950
8447426,1,2,1,10,2025,2,36,9.0,1423500.0,26959
8444729,1,2,1,10,2025,2,28,10.0,1980000.0,20914
8473864,1,2,1,10,2025,2,61,3.0,400000.0,66435
8467160,1,2,1,10,2025,2,43,3.0,400000.0,51550
8470988,1,1,1,10,2025,1,31,10.0,3000000.0,61098
8468634,1,2,1,10,2025,1,34,4.0,1440000.0,55075
8445443,1,1,1,10,2025,1,23,4.0,1000000.0,22264
8439312,1,2,1,10,2025,2,44,5.0,1600000.0,7995
8443272,1,1,1,10,2025,1,58,1.0,1423500.0,17118
8440243,1,1,1,10,2025,1,30,5.0,1400000.0,10088
8463687,1,2,1,10,2025,2,42,9.0,1423500.0,43863
8465090,1,1,1,10,2025,2,64,1.0,960000.0,46979
8468645,1,1,1,10,2025,2,40,3.0,800000.0,55099
8449833,1,1,1,10,2025,2,40,3.0,400000.0,32219
8452145,1,2,1,10,2025,2,48,5.0,400000.0,38061
8464302,1,1,1,10,2025,2,53,6.0,150000.0,45101
8470462,1,2,1,10,2025,2,30,8.0,1400000.0,59794
8440576,1,1,1,10,2025,1,52,3.0,1600000.0,10871
8446689,1,1,1,10,2025,1,43,10.0,4000000.0,25331
8471424,1,2,1,10,2025,1,32,10.0,2500000.0,61955
8446184,1,1,1,10,2025,2,45,10.0,2847000.0,23979
8447507,1,2,1,10,2025,2,34,10.0,2670000.0,27148
8438540,1,2,1,10,2025,2,31,10.0,2000000.0,6261
8443578,1,1,1,10,2025,1,56,5.0,800000.0,17951
8446034,1,1,1,10,2025,1,45,11.0,20000000.0,23624
8470932,1,1,1,10,2025,1,59,6.0,2000000.0,60966
8462554,1,1,1,10,2025,2,67,3.0,540000.0,41270
8466015,1,1,1,10,2025,1,41,10.0,5500000.0,48829
8447769,1,1,1,10,2025,2,37,5.0,1420000.0,27657
8468810,1,2,1,10,2025,2,42,5.0,1140000.0,55552
8463384,1,5,1,10,2025,1,21,4.0,1680000.0,43134
8438024,1,1,1,10,2025,1,61,5.0,2000000.0,5032
8442243,1,1,1,10,2025,1,30,9.0,2100000.0,14650
8441996,1,1,1,10,2025,1,62,1.0,500000.0,14053
8443451,1,1,1,10,2025,1,34,3.0,360000.0,17604
8468623,1,1,1,10,2025,1,49,5.0,1200000.0,55050
8441331,1,1,1,10,2025,1,22,5.0,1700000.0,12536
8452054,1,1,1,10,2025,2,34,5.0,500000.0,37813
8471222,1,1,1,10,2025,1,41,10.0,3500000.0,61568
8444407,1,2,1,10,2025,2,28,10.0,500000.0,20055
8463303,1,1,1,10,2025,2,53,5.0,1100000.0,42887
8447969,1,1,1,10,2025,2,61,3.0,100000.0,28171
8446015,1,1,1,10,2025,1,30,5.0,1000000.0,23573
8444206,1,1,1,10,2025,2,41,10.0,2000000.0,19528
8470015,1,1,1,10,2025,1,36,3.0,1723500.0,58721
8439729,1,2,1,10,2025,2,37,10.0,600000.0,9014
8473670,1,1,1,10,2025,1,41,10.0,2100000.0,66075
8450602,1,1,1,10,2025,1,69,5.0,1000000.0,34149
8452199,1,2,1,10,2025,2,44,12.0,2800000.0,38192
8446637,1,3,1,10,2025,1,29,11.0,2500000.0,25218
8471021,1,1,1,10,2025,2,66,4.0,500000.0,61177
8445243,1,1,1,10,2025,2,30,5.0,2200000.0,21734
8452216,1,1,1,10,2025,1,22,5.0,2000000.0,38242
8452506,1,1,1,10,2025,1,37,8.0,1623500.0,38996
8451092,1,1,1,10,2025,1,26,5.0,1520000.0,35342
8443695,1,2,1,10,2025,2,37,10.0,4200000.0,18262
8437221,1,1,1,10,2025,2,48,5.0,480000.0,3206
8444451,1,1,1,10,2025,1,62,3.0,800000.0,20178
8452235,1,1,1,10,2025,2,55,3.0,540000.0,38290
8445842,1,1,1,10,2025,1,63,3.0,1600000.0,23171
8470963,1,1,1,10,2025,1,36,10.0,5000000.0,61048
8437786,1,2,1,10,2025,2,50,4.0,1623500.0,4562
8467755,1,2,1,10,2025,2,39,10.0,2500000.0,52968
8449106,1,1,1,10,2025,2,40,4.0,1200000.0,30437
8443272,1,3,1,10,2025,2,32,5.0,450000.0,17120
8443350,1,4,1,10,2025,1,20,5.0,800000.0,17350
8463167,1,2,1,10,2025,2,45,5.0,1500000.0,42538
8446089,1,1,1,10,2025,2,46,5.0,700000.0,23741
8451677,1,3,1,10,2025,1,35,5.0,480000.0,36846
8467945,1,1,1,10,2025,2,33,5.0,500000.0,53479
8448356,1,1,1,10,2025,2,38,9.0,3800000.0,28955
8438779,1,4,1,10,2025,2,18,5.0,360000.0,6794
8439182,1,1,1,10,2025,1,49,5.0,1500000.0,7684
8437960,1,2,1,10,2025,1,25,4.0,1800000.0,4908
8447889,1,4,1,10,2025,2,54,5.0,1423500.0,27960
8463840,1,1,1,10,2025,2,38,5.0,1500000.0,44244
8442721,1,4,1,10,2025,1,35,3.0,1423500.0,15771
8449237,1,2,1,10,2025,2,49,10.0,1423500.0,30689
8462560,1,1,1,10,2025,2,26,5.0,1623500.0,41287
8463766,1,1,1,10,2025,1,59,9.0,3000000.0,44048
8441008,1,1,1,10,2025,1,62,10.0,900000.0,11895
8442654,1,2,1,10,2025,2,35,10.0,1423500.0,15594
8466589,1,2,1,10,2025,1,33,4.0,800000.0,50128
8468135,1,2,1,10,2025,2,42,7.0,3000000.0,53905
8443812,1,1,1,10,2025,1,39,4.0,1200000.0,18565
8466311,1,2,1,10,2025,2,24,10.0,7100000.0,49361
8441718,1,2,1,10,2025,1,44,9.0,6500000.0,13369
8469967,1,2,1,10,2025,2,42,11.0,22000000.0,58591
8440516,1,1,1,10,2025,1,49,11.0,3500000.0,10704
8465479,1,3,1,10,2025,2,29,5.0,1420000.0,47697
8467138,1,3,1,10,2025,1,39,6.0,2000000.0,51494
8436365,1,2,1,10,2025,2,51,3.0,480000.0,998
8448497,1,1,1,10,2025,2,57,9.0,1800000.0,29266
8449549,1,2,1,10,2025,2,34,5.0,1200000.0,31521
8448375,1,2,1,10,2025,1,50,5.0,1600000.0,28998
8468819,1,2,1,10,2025,1,40,10.0,3000000.0,55578
8468177,1,2,1,10,2025,2,33,11.0,4000000.0,54012
8468190,1,2,1,10,2025,1,18,10.0,500000.0,54038
8436314,1,2,1,10,2025,1,29,5.0,1800000.0,893
8469894,1,1,1,10,2025,2,49,3.0,1423000.0,58392
8448323,1,1,1,10,2025,2,58,5.0,1423000.0,28899
8468363,1,1,1,10,2025,1,40,8.0,1900000.0,54418
8445423,1,1,1,10,2025,1,63,3.0,1000000.0,22224
8449952,1,3,1,10,2025,1,25,10.0,600000.0,32528
8473290,1,2,1,10,2025,2,32,10.0,1800000.0,65617
8445323,1,1,1,10,2025,1,32,3.0,800000.0,21991
8439354,1,1,1,10,2025,1,84,4.0,3000000.0,8091
8469095,1,1,1,10,2025,2,50,9.0,1423500.0,56272
8473831,1,1,1,10,2025,1,59,1.0,900000.0,66350
8467051,1,4,1,10,2025,2,64,8.0,1800000.0,51198
8451182,1,2,1,10,2025,2,28,4.0,150000.0,35593
8440792,1,2,1,10,2025,2,47,3.0,1312000.0,11434
8449615,1,2,1,10,2025,1,62,1.0,370000.0,31665
8472342,1,3,1,10,2025,2,40,5.0,1000000.0,63828
8472054,1,2,1,10,2025,1,38,5.0,1300000.0,63196
8467323,1,3,1,10,2025,1,27,5.0,750000.0,51913
8441715,1,1,1,10,2025,1,36,10.0,4500000.0,13362
8471290,1,2,1,10,2025,2,29,11.0,1800000.0,61703
8471824,1,2,1,10,2025,1,25,5.0,1423500.0,62740
8463207,1,2,1,10,2025,2,51,8.0,1423500.0,42643
8463669,1,3,1,10,2025,1,19,5.0,1423500.0,43819
8463251,1,3,1,10,2025,1,42,10.0,1423000.0,42742
8451867,1,2,1,10,2025,1,31,5.0,1500000.0,37346
8467623,1,3,1,10,2025,1,32,10.0,200000.0,52662
8452249,1,1,1,10,2025,2,38,8.0,1400000.0,38321
8442090,1,1,1,10,2025,1,43,5.0,840000.0,14256
8469589,1,2,1,10,2025,1,35,3.0,400000.0,57600
8448782,1,2,1,10,2025,2,35,10.0,2500000.0,29871
8466367,1,7,1,10,2025,1,23,6.0,900000.0,49529
8473706,1,1,1,10,2025,2,54,11.0,5000000.0,66133
8464480,1,1,1,10,2025,1,70,3.0,400000.0,45565
8451040,1,2,1,10,2025,1,64,3.0,300000.0,35229
8473404,1,1,1,10,2025,1,49,5.0,1000000.0,65825
8471426,1,1,1,10,2025,2,27,8.0,1690000.0,61961
8438537,1,2,1,10,2025,2,34,5.0,1423500.0,6259
8447206,1,1,1,10,2025,2,59,6.0,600000.0,26357
8440393,1,2,1,10,2025,1,52,3.0,500000.0,10448
8468955,1,2,1,10,2025,1,57,3.0,7500000.0,55904
8442186,1,3,1,10,2025,1,20,5.0,1423500.0,14492
8444467,1,1,1,10,2025,1,39,3.0,1423500.0,20215
8443732,1,2,1,10,2025,2,31,12.0,2700000.0,18353
8442137,1,4,1,10,2025,1,23,5.0,700000.0,14357
8472226,1,1,1,10,2025,2,41,8.0,1423500.0,63576
8450887,1,1,1,10,2025,1,58,10.0,4000000.0,34824
8448987,1,1,1,10,2025,1,62,6.0,2700000.0,30195
8440764,1,1,1,10,2025,2,51,10.0,3000000.0,11367
8440930,1,2,1,10,2025,2,51,5.0,1423500.0,11752
8452048,1,1,1,10,2025,2,28,5.0,2000000.0,37798
8470471,1,3,1,10,2025,2,65,4.0,150000.0,59820
8466840,1,1,1,10,2025,1,25,3.0,750000.0,50695
8462773,1,1,1,10,2025,2,51,4.0,1600000.0,41730
8469026,1,1,1,10,2025,1,64,1.0,900000.0,56084
8449934,1,1,1,10,2025,2,38,10.0,300000.0,32462
8448727,1,2,1,10,2025,2,43,1.0,540000.0,29756
8466394,1,1,1,10,2025,1,67,3.0,0.0,49590
8468393,1,1,1,10,2025,1,49,10.0,4269000.0,54518
8467808,1,1,1,10,2025,2,42,4.0,1300000.0,53091
8467692,1,2,1,10,2025,2,37,8.0,2500000.0,52824
8472234,1,3,1,10,2025,1,29,6.0,2200000.0,63602
8451645,1,1,1,10,2025,1,35,4.0,1500000.0,36748
8467575,1,1,1,10,2025,2,59,1.0,1000000.0,52514
8446053,1,2,1,10,2025,2,28,9.0,500000.0,23669
8448434,1,3,1,10,2025,1,26,1.0,1000000.0,29143
8450585,1,1,1,10,2025,1,38,8.0,1800000.0,34109
8465349,1,1,1,10,2025,2,41,8.0,2000000.0,47458
8436590,1,1,1,10,2025,2,51,10.0,775000.0,1543
8463328,1,3,1,10,2025,1,17,6.0,400000.0,42957
8448010,1,3,1,10,2025,1,29,10.0,2900000.0,28257
8447314,1,2,1,10,2025,2,36,5.0,1200000.0,26677
8446825,1,1,1,10,2025,1,31,8.0,1423500.0,25586
8472240,1,2,1,10,2025,2,30,5.0,1423500.0,63611
8469181,1,2,1,10,2025,1,61,3.0,700000.0,56530
8438383,1,1,1,10,2025,2,34,8.0,1623500.0,5879
8436173,1,3,1,10,2025,2,37,6.0,1783500.0,552
8465570,1,1,1,10,2025,2,40,5.0,800000.0,47883
8462680,1,2,1,10,2025,2,75,3.0,112500.0,41524
8438950,1,1,1,10,2025,2,29,5.0,800000.0,7154
8470074,1,5,1,10,2025,1,35,5.0,1500000.0,58873
8449837,1,1,1,10,2025,2,20,5.0,900000.0,32226
8452478,1,1,1,10,2025,1,32,4.0,1800000.0,38931
8441181,1,2,1,10,2025,2,33,5.0,1900000.0,12243
8448767,1,3,1,10,2025,2,21,9.0,2900000.0,29843
8470575,1,2,1,10,2025,2,35,5.0,2000000.0,60057
8468719,1,2,1,10,2025,2,20,5.0,500000.0,55325
8467722,1,2,1,10,2025,1,29,10.0,2000000.0,52885
8473718,1,3,1,10,2025,2,49,5.0,800000.0,66166
8441518,1,2,1,10,2025,2,31,10.0,4500000.0,12923
8467067,1,2,1,10,2025,2,60,3.0,300000.0,51240
8443076,1,3,1,10,2025,2,20,4.0,1300000.0,16660
8451376,1,3,1,10,2025,1,48,5.0,1500000.0,36106
8443035,1,1,1,10,2025,2,24,5.0,1200000.0,16566
8441713,1,2,1,10,2025,1,48,3.0,1000000.0,13357
8436843,1,1,1,10,2025,2,32,6.0,1650000.0,2190
8445197,1,1,1,10,2025,1,40,5.0,1600000.0,21611
8452104,1,1,1,10,2025,1,25,10.0,700000.0,37957
8469957,1,3,1,10,2025,1,55,5.0,1423500.0,58569
8469893,1,2,1,10,2025,1,29,5.0,3000000.0,58391
8473383,1,1,1,10,2025,1,31,5.0,1500000.0,65794
8444184,1,1,1,10,2025,1,42,10.0,800000.0,19494
8444005,1,3,1,10,2025,1,25,5.0,1200000.0,19051
8468375,1,3,1,10,2025,1,20,5.0,400000.0,54461
8438937,1,2,1,10,2025,1,40,5.0,1800000.0,7127
8448436,1,4,1,10,2025,1,30,5.0,1533000.0,29152
8450766,1,1,1,10,2025,1,74,4.0,2100000.0,34551
8441355,1,2,1,10,2025,1,36,10.0,5500000.0,12581
8470210,1,2,1,10,2025,2,29,5.0,2882000.0,59175
8463644,1,2,1,10,2025,1,58,3.0,150000.0,43765
8436812,1,1,1,10,2025,1,45,10.0,6000000.0,2087
8440838,1,1,1,10,2025,1,62,5.0,1300000.0,11568
8439456,1,1,1,10,2025,2,32,5.0,1000000.0,8319
8451249,1,1,1,10,2025,2,48,5.0,1300000.0,35772
8468491,1,1,1,10,2025,2,56,3.0,800000.0,54755
8445303,1,2,1,10,2025,2,24,5.0,140000.0,21931
8442539,1,1,1,10,2025,2,36,5.0,600000.0,15362
8443297,1,1,1,10,2025,2,51,8.0,1423500.0,17204
8436823,1,1,1,10,2025,1,67,10.0,6000000.0,2111
8467077,1,1,1,10,2025,1,31,5.0,1423500.0,51276
8451860,1,3,1,10,2025,2,42,10.0,3000000.0,37332
8446234,1,2,1,10,2025,2,44,8.0,500000.0,24131
8438530,1,1,1,10,2025,1,36,5.0,1423500.0,6238
8445302,1,1,1,10,2025,1,83,3.0,350000.0,21929
8469666,1,2,1,10,2025,2,57,8.0,1423500.0,57837
8468525,1,1,1,10,2025,1,24,5.0,3000000.0,54851
8443803,1,5,1,10,2025,1,41,8.0,1423000.0,18539
8450617,1,3,1,10,2025,1,18,3.0,1200000.0,34190
8452450,1,1,1,10,2025,2,55,8.0,1423500.0,38851
8467537,1,2,1,10,2025,2,24,4.0,240000.0,52427
8440822,1,2,1,10,2025,1,45,10.0,2500000.0,11521
8451061,1,1,1,10,2025,1,52,4.0,1823500.0,35275
8451876,3,1,3,10,2025,2,34,5.0,1400000.0,37366
8437428,1,3,1,10,2025,1,21,10.0,1423500.0,3795
8452353,1,2,1,10,2025,1,67,5.0,600000.0,38591
8469798,1,1,1,10,2025,1,64,10.0,1400000.0,58186
8463543,1,1,1,10,2025,2,26,8.0,1623000.0,43542
8448299,1,1,1,10,2025,1,36,5.0,900000.0,28864
8471019,1,1,1,10,2025,2,28,9.0,2300000.0,61171
8469455,1,1,1,10,2025,2,41,5.0,1500000.0,57229
8449501,1,1,1,10,2025,2,40,5.0,300000.0,31398
8445778,1,1,1,10,2025,1,55,10.0,1700000.0,23028
8451811,1,2,1,10,2025,2,43,10.0,4700000.0,37209
8462721,1,1,1,10,2025,2,40,5.0,1800000.0,41645
8446390,1,2,1,10,2025,2,49,3.0,500000.0,24590
8447361,1,1,1,10,2025,1,48,5.0,1200000.0,26785
8472693,1,1,1,10,2025,2,57,1.0,200000.0,64523
8439895,1,1,1,10,2025,2,26,10.0,4500000.0,9439
8450762,1,1,1,10,2025,1,38,10.0,5000000.0,34544
8439867,1,2,1,10,2025,2,26,8.0,1423500.0,9360
8442621,1,1,1,10,2025,1,53,5.0,1950000.0,15522
8452417,1,1,1,10,2025,2,34,5.0,300000.0,38758
8467505,1,1,1,10,2025,2,59,5.0,1500000.0,52362
8436926,1,1,1,10,2025,2,34,10.0,3000000.0,2513
8441168,1,1,1,10,2025,2,42,6.0,1563500.0,12220
8449209,1,2,1,10,2025,1,36,3.0,1350000.0,30625
8446390,1,3,1,10,2025,2,28,1.0,150000.0,24591
8441260,1,4,1,10,2025,2,30,8.0,1400000.0,12419
8447964,1,2,1,10,2025,2,67,3.0,2000000.0,28159
8452142,1,2,1,10,2025,2,39,5.0,720000.0,38052
8438034,1,1,1,10,2025,1,59,4.0,1000000.0,5068
8450716,1,2,1,10,2025,2,44,5.0,1423500.0,34432
8450044,1,1,1,10,2025,1,49,5.0,2000000.0,32756
8464769,1,1,1,10,2025,1,55,5.0,2500000.0,46235
8447639,1,1,1,10,2025,1,45,5.0,1800000.0,27406
8451480,1,1,1,10,2025,2,61,4.0,450000.0,36356
8437407,1,5,1,10,2025,2,45,10.0,300000.0,3736
8471875,1,2,1,10,2025,2,24,5.0,1623500.0,62842
8465094,1,2,1,10,2025,2,31,7.0,1423500.0,46991
8436550,1,3,1,10,2025,2,21,10.0,1623000.0,1452
8438358,1,1,1,10,2025,2,32,5.0,1623500.0,5810
8473339,1,1,1,10,2025,1,53,8.0,2000000.0,65723
8473226,1,1,1,10,2025,2,38,8.0,1423500.0,65488
8449845,1,3,1,10,2025,2,46,3.0,2423500.0,32250
8467626,1,1,1,10,2025,1,54,5.0,870000.0,52668
8451683,1,1,1,10,2025,2,26,5.0,300000.0,36862
8468884,1,2,1,10,2025,2,43,8.0,1423500.0,55756
8441262,1,1,1,10,2025,2,53,6.0,2500000.0,12423
8444126,1,1,1,10,2025,1,71,5.0,700000.0,19374
8466069,1,2,1,10,2025,2,33,11.0,5697000.0,48906
8439252,1,1,1,10,2025,2,27,8.0,1423500.0,7834
8450192,1,1,1,10,2025,2,49,3.0,800000.0,33134
8469332,1,3,1,10,2025,1,30,5.0,1423500.0,56954
8447171,1,2,1,10,2025,2,49,5.0,300000.0,26286
8437023,1,1,1,10,2025,1,29,10.0,1500000.0,2766
8438439,1,4,1,10,2025,2,24,5.0,1423500.0,6007
8466904,1,1,1,10,2025,2,38,6.0,1423500.0,50858
8440788,1,2,1,10,2025,1,66,1.0,600000.0,11427
8462872,1,2,1,10,2025,2,51,3.0,1423500.0,41932
8441216,1,1,1,10,2025,2,48,1.0,650000.0,12328
8466639,1,1,1,10,2025,1,40,5.0,2200000.0,50243
8471293,1,3,1,10,2025,1,45,5.0,1423500.0,61713
8438256,1,1,1,10,2025,1,53,5.0,1400000.0,5516
8436038,1,1,1,10,2025,2,56,8.0,2500000.0,248
8443026,1,1,1,10,2025,2,27,10.0,1900000.0,16531
8467187,1,2,1,10,2025,2,62,8.0,2000000.0,51599
8436255,1,1,1,10,2025,2,35,4.0,600000.0,746
8450872,1,3,1,10,2025,1,27,8.0,2700000.0,34800
8464569,1,5,1,10,2025,2,38,11.0,1400000.0,45779
8466792,2,1,2,10,2025,2,26,5.0,1500000.0,50579
8468449,1,1,1,10,2025,1,58,5.0,1423500.0,54666
8441766,1,1,1,10,2025,2,32,9.0,4000000.0,13447
8446364,1,1,1,10,2025,1,32,12.0,6200000.0,24528
8469361,1,1,1,10,2025,2,28,8.0,1000000.0,57018
8466656,1,1,1,10,2025,1,31,4.0,1400000.0,50279
8436594,1,1,1,10,2025,1,44,5.0,2380000.0,1555
8450359,1,1,1,10,2025,2,40,6.0,900000.0,33570
8439261,1,2,1,10,2025,1,70,5.0,700000.0,7848
8439303,1,1,1,10,2025,2,36,5.0,700000.0,7970
8468387,1,1,1,10,2025,1,63,3.0,960000.0,54506
8436265,1,2,1,10,2025,2,40,5.0,1000000.0,771
8442029,1,1,1,10,2025,2,56,3.0,2000000.0,14121
8473570,1,1,1,10,2025,1,48,10.0,25000000.0,65853
8465639,1,3,1,10,2025,2,62,5.0,400000.0,48001
8445299,1,1,1,10,2025,2,30,10.0,650000.0,21921
8443611,1,3,1,10,2025,2,46,8.0,1423500.0,18042
8452205,1,1,1,10,2025,2,42,6.0,1800000.0,38209
8446089,1,3,1,10,2025,1,26,4.0,1400000.0,23743
8472570,1,2,1,10,2025,2,57,5.0,1423500.0,64244
8473167,1,2,1,10,2025,2,67,3.0,800000.0,65361
8465805,1,2,1,10,2025,2,27,10.0,2000000.0,48349
8449298,1,1,1,10,2025,1,56,1.0,1573500.0,30867
8469863,1,2,1,10,2025,2,28,10.0,2800000.0,58331
8446127,1,5,1,10,2025,1,40,8.0,2846000.0,23850
8472768,1,1,1,10,2025,2,39,4.0,1000000.0,64682
8465093,1,1,1,10,2025,2,43,10.0,6500000.0,46988
8445867,1,1,1,10,2025,2,54,3.0,500000.0,23218
8445391,1,1,1,10,2025,1,63,5.0,1800000.0,22142
8467178,1,1,1,10,2025,2,46,5.0,600000.0,51577
8469344,1,2,1,10,2025,1,63,3.0,800000.0,56987
8440579,1,2,1,10,2025,1,52,3.0,300000.0,10888
8471308,1,2,1,10,2025,2,47,5.0,1423500.0,61735
8437316,1,4,1,10,2025,2,25,8.0,1550000.0,3503
8449359,1,1,1,10,2025,1,39,3.0,2400000.0,31036
8437016,1,1,1,10,2025,2,36,12.0,6800000.0,2747
8441942,1,1,1,10,2025,1,38,4.0,1000000.0,13911
8463895,1,2,1,10,2025,2,39,10.0,1423500.0,44340
8436223,1,1,1,10,2025,2,30,5.0,1500000.0,674
8464611,1,2,1,10,2025,2,32,10.0,2700000.0,45881
8463075,1,2,1,10,2025,1,19,4.0,950000.0,42364
8449296,1,1,1,10,2025,1,58,5.0,1500000.0,30859
8441286,1,1,1,10,2025,1,57,8.0,2000000.0,12451
8448302,1,1,1,10,2025,2,54,5.0,1423500.0,28867
8470990,1,3,1,10,2025,1,24,10.0,1900000.0,61105
8463221,1,2,1,10,2025,1,35,5.0,200000.0,42679
8441606,1,1,1,10,2025,1,50,5.0,2000000.0,13122
8469790,1,1,1,10,2025,2,42,9.0,400000.0,58168
8463417,1,2,1,10,2025,1,61,10.0,1500000.0,43227
8440248,1,2,1,10,2025,1,31,10.0,5700000.0,10099
8470681,1,2,1,10,2025,2,19,5.0,1700000.0,60310
8471525,1,3,1,10,2025,2,30,10.0,800000.0,62110
8472831,1,2,1,10,2025,2,34,6.0,1423500.0,64777
8464833,1,1,1,10,2025,2,56,4.0,3500000.0,46352
8437456,1,2,1,10,2025,1,38,10.0,3800000.0,3867
8451568,1,4,1,10,2025,1,27,10.0,6000000.0,36566
8471296,1,2,1,10,2025,1,61,3.0,480000.0,61715
8442798,1,2,1,10,2025,2,34,5.0,650000.0,15949
8449383,1,1,1,10,2025,1,51,4.0,1400000.0,31101
8438465,1,1,1,10,2025,1,34,5.0,1423500.0,6073
8461912,1,1,1,10,2025,1,58,3.0,1400000.0,39730
8441907,1,2,1,10,2025,2,24,10.0,900000.0,13820
8445667,1,2,1,10,2025,2,24,6.0,16000000.0,22799
8441912,1,1,1,10,2025,2,48,8.0,2600000.0,13836
8437657,1,3,1,10,2025,1,19,4.0,1000000.0,4296
8451418,1,3,1,10,2025,2,20,5.0,1423500.0,36215
8467600,1,3,1,10,2025,1,37,5.0,1500000.0,52603
8439646,1,1,1,10,2025,1,43,11.0,3000000.0,8784
8470692,1,1,1,10,2025,1,45,8.0,1423000.0,60342
8443182,1,2,1,10,2025,2,20,5.0,1000000.0,16906
8444764,1,2,1,10,2025,2,43,4.0,260000.0,21007
8442615,1,1,1,10,2025,1,63,4.0,1200000.0,15508
8466222,1,1,1,10,2025,1,59,5.0,7000000.0,49235
8470428,1,1,1,10,2025,2,44,5.0,160000.0,59713
8468746,1,1,1,10,2025,2,33,10.0,300000.0,55394
8451737,1,4,1,10,2025,1,26,5.0,1500000.0,37010
8472283,1,2,1,10,2025,1,54,5.0,1423500.0,63709
8471822,1,2,1,10,2025,1,50,5.0,1200000.0,62738
8442302,1,2,1,10,2025,1,58,4.0,1423500.0,14776
8438799,1,2,1,10,2025,1,28,10.0,3000000.0,6850
8462997,1,2,1,10,2025,1,31,6.0,500000.0,42189
8472857,1,1,1,10,2025,1,54,4.0,14000000.0,64842
8470996,1,4,1,10,2025,1,26,10.0,1423500.0,61120
8439606,1,1,1,10,2025,1,57,5.0,1000000.0,8678
8450435,1,1,1,10,2025,2,51,3.0,400000.0,33752
8443976,1,2,1,10,2025,2,39,5.0,1625000.0,18970
8464777,1,1,1,10,2025,2,43,10.0,2860000.0,46256
8446500,1,1,1,10,2025,1,58,4.0,1600000.0,24843
8469760,1,2,1,10,2025,2,28,5.0,2400000.0,58080
8437298,1,2,1,10,2025,1,56,3.0,1000000.0,3455
8440791,1,1,1,10,2025,2,47,3.0,750000.0,11432
8472675,1,1,1,10,2025,2,40,5.0,200000.0,64474
8446869,1,2,1,10,2025,2,62,11.0,2000000.0,25695
8469480,1,1,1,10,2025,2,44,3.0,1000000.0,57301
8466764,1,1,1,10,2025,2,39,4.0,950000.0,50531
8465776,1,2,1,10,2025,2,24,10.0,3000000.0,48285
8448461,1,1,1,10,2025,2,58,9.0,2800000.0,29192
8449230,1,1,1,10,2025,1,51,3.0,1000000.0,30676
8461761,1,4,1,10,2025,1,32,5.0,2900000.0,39312
8452207,1,1,1,10,2025,2,67,10.0,200000.0,38215
8466569,1,1,1,10,2025,2,54,3.0,1000000.0,50073
8436907,1,2,1,10,2025,2,49,5.0,180000.0,2447
8463828,1,1,1,10,2025,1,28,5.0,2400000.0,44216
8472213,1,2,1,10,2025,1,55,4.0,280000.0,63557
8467002,1,4,1,10,2025,1,23,5.0,500000.0,51099
8451655,1,1,1,10,2025,2,39,8.0,1650000.0,36788
8449224,1,4,1,10,2025,1,29,5.0,1200000.0,30662
8437255,1,1,1,10,2025,1,64,3.0,700000.0,3317
8445294,1,1,1,10,2025,1,70,4.0,500000.0,21904
8444934,1,1,1,10,2025,1,42,10.0,4000000.0,21452
8444084,1,1,1,10,2025,1,55,5.0,1050000.0,19291
8445179,1,1,1,10,2025,1,64,3.0,1600000.0,21562
8450393,1,1,1,10,2025,1,50,13.0,9724000.0,33647
8439422,1,1,1,10,2025,2,64,1.0,300000.0,8241
8449397,1,1,1,10,2025,1,30,5.0,2400000.0,31139
8439572,1,3,1,10,2025,2,47,5.0,714250.0,8594
8465027,1,2,1,10,2025,1,19,5.0,1423500.0,46827
8439343,1,1,1,10,2025,2,57,10.0,3000000.0,8064
8447157,1,1,1,10,2025,1,55,3.0,440000.0,26271
8443997,1,3,1,10,2025,2,55,5.0,1320000.0,19026
8437514,1,1,1,10,2025,1,61,10.0,3800000.0,4032
8437111,1,2,1,10,2025,2,42,6.0,1423500.0,2972
8468914,1,2,1,10,2025,2,38,4.0,800000.0,55838
8465368,1,1,1,10,2025,1,23,10.0,2000000.0,47494
8440468,1,1,1,10,2025,1,44,6.0,1423500.0,10588
8444897,1,1,1,10,2025,1,34,11.0,3100000.0,21346
8436005,1,3,1,10,2025,2,44,1.0,200000.0,133
8446189,1,2,1,10,2025,2,26,10.0,2000000.0,23998
8470115,1,2,1,10,2025,1,53,3.0,600000.0,58970
8462406,1,1,1,10,2025,1,51,3.0,1500000.0,40912
8444061,1,2,1,10,2025,1,32,5.0,1700000.0,19224
8466685,1,1,1,10,2025,2,57,3.0,720000.0,50353
8442470,1,1,1,10,2025,1,46,5.0,1423500.0,15201
8466040,1,4,1,10,2025,2,23,5.0,1423500.0,48867
8446819,1,2,1,10,2025,1,22,5.0,1423000.0,25575
8443686,1,4,1,10,2025,1,20,4.0,2190000.0,18246
8436721,1,1,1,10,2025,2,25,9.0,1400000.0,1895
8446114,1,4,1,10,2025,1,30,5.0,1400000.0,23812
8437937,1,1,1,10,2025,2,60,4.0,1100000.0,4875
8467466,1,1,1,10,2025,1,58,10.0,3000000.0,52271
8436503,1,1,1,10,2025,2,51,9.0,2300000.0,1313
8437652,1,2,1,10,2025,2,54,11.0,5000000.0,4289
8462534,1,1,1,10,2025,1,43,5.0,2800000.0,41222
8470525,1,5,1,10,2025,2,24,8.0,1423500.0,59927
8470828,1,2,1,10,2025,1,61,3.0,1423500.0,60739
8447640,1,5,1,10,2025,1,19,5.0,800000.0,27414
8464072,1,2,1,10,2025,2,34,8.0,1600000.0,44715
8448275,1,1,1,10,2025,2,55,3.0,600000.0,28823
8448528,1,2,1,10,2025,1,39,3.0,1550000.0,29337
8465971,1,2,1,10,2025,2,43,11.0,3500000.0,48721
8469786,1,3,1,10,2025,2,51,3.0,1200000.0,58156
8437028,1,2,1,10,2025,2,27,10.0,2000000.0,2776
8466694,1,2,1,10,2025,2,31,10.0,4000000.0,50370
8449799,1,1,1,10,2025,1,47,4.0,600000.0,32134
8449822,1,2,1,10,2025,1,45,5.0,900000.0,32189
8471841,1,1,1,10,2025,2,60,3.0,500000.0,62767
8437634,1,2,1,10,2025,2,26,10.0,600000.0,4245
8446066,1,1,1,10,2025,1,33,10.0,4100000.0,23691
8447578,1,3,1,10,2025,2,23,4.0,800000.0,27271
8466316,1,2,1,10,2025,2,24,5.0,800000.0,49367
8464901,1,1,1,10,2025,2,34,5.0,920000.0,46505
8463228,1,1,1,10,2025,2,37,11.0,3500000.0,42688
8439170,1,2,1,10,2025,2,55,12.0,3000000.0,7655
8473873,1,3,1,10,2025,2,29,8.0,1423500.0,66463
8448760,1,1,1,10,2025,1,65,5.0,1500000.0,29833
8444358,1,1,1,10,2025,2,39,3.0,100000.0,19918
8445684,1,5,1,10,2025,1,55,1.0,1400000.0,22840
8443243,1,1,1,10,2025,1,45,3.0,400000.0,17036
8446668,1,1,1,10,2025,1,69,10.0,5000000.0,25293
8442248,1,1,1,10,2025,2,31,10.0,3200000.0,14656
8463274,1,2,1,10,2025,2,38,5.0,1423500.0,42829
8436312,1,2,1,10,2025,2,23,10.0,750000.0,889
8439723,1,1,1,10,2025,2,48,3.0,800000.0,8996
8439248,1,2,1,10,2025,1,25,8.0,2200000.0,7822
8437648,1,2,1,10,2025,1,37,5.0,3500000.0,4276
8445696,1,1,1,10,2025,1,63,5.0,2500000.0,22872
8451587,1,1,1,10,2025,1,27,5.0,1400000.0,36597
8451751,1,1,1,10,2025,2,41,10.0,3500000.0,37052
8463190,1,1,1,10,2025,2,43,5.0,1658000.0,42586
8439176,1,2,1,10,2025,2,46,12.0,6300000.0,7676
8449544,1,1,1,10,2025,1,35,5.0,1800000.0,31508
8439613,1,3,1,10,2025,2,40,11.0,3030000.0,8698
8467560,1,2,1,10,2025,2,58,4.0,1500000.0,52474
8441430,1,1,1,10,2025,2,30,5.0,1000000.0,12731
8470255,1,1,1,10,2025,2,36,5.0,2000000.0,59290
8471749,1,1,1,10,2025,1,30,5.0,500000.0,62570
8441906,1,1,1,10,2025,1,50,3.0,1200000.0,13817
8443808,1,1,1,10,2025,1,32,5.0,1420000.0,18553
8449783,1,1,1,10,2025,2,62,3.0,1700000.0,32102
8470889,1,2,1,10,2025,2,20,5.0,1600000.0,60870
8437133,1,3,1,10,2025,2,37,11.0,5000000.0,3015
8466978,1,2,1,10,2025,2,68,1.0,150000.0,51021
8463437,1,1,1,10,2025,2,37,5.0,2000000.0,43288
8449223,1,2,1,10,2025,1,47,5.0,1400000.0,30658
8470357,1,1,1,10,2025,1,59,3.0,900000.0,59525
8447569,1,1,1,10,2025,2,32,5.0,1423500.0,27256
8439448,1,3,1,10,2025,2,23,5.0,1500000.0,8309
8440039,1,1,1,10,2025,2,45,12.0,6000000.0,9640
8440203,1,2,1,10,2025,1,23,4.0,1424000.0,9991
8446593,1,1,1,10,2025,2,52,5.0,840000.0,25102
8450990,1,4,1,10,2025,2,18,5.0,300000.0,35134
8439318,1,2,1,10,2025,1,36,3.0,650000.0,8008
8437504,1,1,1,10,2025,2,45,13.0,4000000.0,4007
8441358,1,3,1,10,2025,1,30,8.0,800000.0,12590
8441315,1,2,1,10,2025,2,49,11.0,9700000.0,12495
8465254,1,3,1,10,2025,1,37,5.0,800000.0,47335
8449932,1,1,1,10,2025,1,25,5.0,900000.0,32459
8451164,1,1,1,10,2025,2,33,5.0,1310000.0,35540
8448024,1,1,1,10,2025,1,50,11.0,3100000.0,28289
8468590,1,2,1,10,2025,2,53,5.0,2500000.0,54997
8444300,1,2,1,10,2025,2,33,5.0,800000.0,19771
8450299,1,2,1,10,2025,2,35,5.0,1423500.0,33411
8465655,1,1,1,10,2025,2,50,10.0,4000000.0,48048
8471547,1,2,1,10,2025,2,43,5.0,850000.0,62180
8436953,1,1,1,10,2025,1,38,8.0,750000.0,2598
8468083,1,2,1,10,2025,1,48,4.0,1600000.0,53816
8438313,1,2,1,10,2025,1,54,3.0,3000000.0,5685
8462404,1,2,1,10,2025,1,41,3.0,1600000.0,40909
8441633,1,2,1,10,2025,2,44,5.0,1500000.0,13169
8438666,1,1,1,10,2025,2,41,10.0,3500000.0,6548
8436950,1,3,1,10,2025,1,32,5.0,1423500.0,2586
8439275,1,1,1,10,2025,1,36,5.0,1400000.0,7884
8445447,1,1,1,10,2025,1,36,5.0,960000.0,22271
8436845,1,3,1,10,2025,1,26,5.0,1400000.0,2199
8464674,1,1,1,10,2025,2,60,5.0,1423500.0,46039
8470931,1,1,1,10,2025,1,19,5.0,3500000.0,60965
8464504,1,1,1,10,2025,2,44,5.0,300000.0,45625
8445942,1,2,1,10,2025,1,29,3.0,1423500.0,23385
8462378,1,1,1,10,2025,2,28,8.0,1800000.0,40847
8466116,1,1,1,10,2025,1,53,10.0,1500000.0,48999
8461933,1,2,1,10,2025,1,39,1.0,1200000.0,39802
8463273,1,2,1,10,2025,1,37,5.0,2360000.0,42824
8445785,1,1,1,10,2025,2,40,5.0,1500000.0,23044
8466477,1,1,1,10,2025,1,43,5.0,1480000.0,49835
8452535,1,2,1,10,2025,1,28,6.0,1423500.0,39083
8443297,1,2,1,10,2025,2,18,5.0,200000.0,17205
8452461,1,1,1,10,2025,2,28,10.0,5000000.0,38895
8438040,1,2,1,10,2025,2,59,3.0,800000.0,5091
8469416,1,2,1,10,2025,1,66,10.0,1200000.0,57156
8469020,1,3,1,10,2025,1,23,5.0,3000000.0,56070
8437876,1,1,1,10,2025,2,42,5.0,1560000.0,4759
8440409,1,1,1,10,2025,2,44,10.0,2023000.0,10472
8441510,1,1,1,10,2025,2,27,8.0,1300000.0,12903
8471254,1,3,1,10,2025,1,30,9.0,1423500.0,61636
8451771,1,3,1,10,2025,2,23,5.0,800000.0,37106
8470086,1,1,1,10,2025,1,59,3.0,900000.0,58896
8466971,1,3,1,10,2025,2,19,5.0,800000.0,50991
8443761,1,2,1,10,2025,2,37,5.0,1800000.0,18430
8472732,1,1,1,10,2025,2,31,10.0,2900000.0,64606
8438733,1,2,1,10,2025,1,44,3.0,1200000.0,6685
8448196,1,1,1,10,2025,2,65,3.0,800000.0,28678
8444214,1,3,1,10,2025,2,31,5.0,450000.0,19548
8445981,1,2,1,10,2025,1,71,3.0,700000.0,23486
8440983,1,1,1,10,2025,2,59,5.0,1423500.0,11860
8451411,1,3,1,10,2025,1,26,5.0,1600000.0,36193
8445548,1,1,1,10,2025,2,29,6.0,3000000.0,22518
8464657,1,2,1,10,2025,1,56,5.0,1600000.0,46000
8437112,1,2,1,10,2025,2,31,5.0,820000.0,2975
8448314,1,1,1,10,2025,2,42,4.0,800000.0,28887
8442202,1,6,1,10,2025,1,64,3.0,1200000.0,14547
8441963,1,1,1,10,2025,1,33,4.0,1500000.0,13964
8451578,1,1,1,10,2025,2,30,5.0,1423000.0,36578
8438909,1,1,1,10,2025,1,26,5.0,2500000.0,7077
8464473,1,1,1,10,2025,2,26,10.0,2600000.0,45550
8444899,1,1,1,10,2025,1,33,5.0,1500000.0,21349
8448484,1,1,1,10,2025,1,25,5.0,1423500.0,29234
8436644,1,2,1,10,2025,1,37,5.0,1423000.0,1700
8442814,1,1,1,10,2025,2,80,3.0,300000.0,15991
8437598,1,1,1,10,2025,1,45,13.0,5000000.0,4163
8468524,1,3,1,10,2025,2,22,7.0,1650000.0,54849
8438304,1,2,1,10,2025,2,39,5.0,1800000.0,5661
8471536,1,2,1,10,2025,1,36,3.0,1300000.0,62147
8438881,1,2,1,10,2025,2,55,10.0,1623500.0,7021
8465505,1,1,1,10,2025,1,54,11.0,6000000.0,47752
8467900,1,4,1,10,2025,2,21,10.0,1423500.0,53349
8470051,1,2,1,10,2025,2,33,5.0,1423500.0,58795
8436750,1,1,1,10,2025,1,63,5.0,1500000.0,1962
8438646,1,1,1,10,2025,2,35,8.0,1400000.0,6507
8473726,1,2,1,10,2025,2,56,5.0,1423500.0,66190
8471544,1,3,1,10,2025,1,37,10.0,5000000.0,62173
8438584,1,2,1,10,2025,2,29,8.0,120000.0,6364
8461837,1,1,1,10,2025,1,48,3.0,1000000.0,39549
8471591,1,1,1,10,2025,2,37,10.0,1400000.0,62309
8446928,1,2,1,10,2025,2,20,9.0,1623500.0,25839
8452122,1,1,1,10,2025,1,42,10.0,4000000.0,38004
8451538,1,1,1,10,2025,2,29,5.0,1500000.0,36512
8444850,1,1,1,10,2025,2,43,5.0,1423500.0,21235
8446467,1,1,1,10,2025,2,56,4.0,1423500.0,24756
8444689,1,1,1,10,2025,1,46,10.0,10000000.0,20792
8466914,1,1,1,10,2025,1,34,8.0,1600000.0,50876
8465188,1,1,1,10,2025,1,25,6.0,1500000.0,47158
8444215,1,4,1,10,2025,1,25,5.0,1200000.0,19554
8451453,1,2,1,10,2025,1,29,5.0,1423500.0,36290
8442197,1,6,1,10,2025,2,24,5.0,1423500.0,14527
8444490,1,4,1,10,2025,1,20,5.0,1423000.0,20283
8472857,1,4,1,10,2025,2,36,10.0,5500000.0,64845
8437298,1,3,1,10,2025,1,26,10.0,1400000.0,3456
8473676,1,1,1,10,2025,1,58,10.0,4000000.0,66089
8436300,1,1,1,10,2025,1,67,3.0,1400000.0,856
8469347,1,1,1,10,2025,2,49,8.0,100000.0,56993
8449945,1,3,1,10,2025,2,20,5.0,300000.0,32501
8441543,1,1,1,10,2025,1,32,8.0,1423500.0,12989
8449228,1,1,1,10,2025,1,38,3.0,1500000.0,30669
8447333,1,1,1,10,2025,1,30,10.0,1475000.0,26728
8442413,1,1,1,10,2025,2,55,5.0,2423500.0,15068
8444699,1,1,1,10,2025,2,62,11.0,8623000.0,20824
8473666,1,1,1,10,2025,2,34,10.0,3000000.0,66066
8436862,1,1,1,10,2025,2,74,5.0,230000.0,2271
8462842,1,1,1,10,2025,1,34,11.0,4000000.0,41884
8441933,1,1,1,10,2025,1,28,3.0,1000000.0,13883
8437055,1,3,1,10,2025,1,21,10.0,1500000.0,2836
8438057,1,3,1,10,2025,2,34,5.0,1000000.0,5121
8463188,1,2,1,10,2025,2,22,6.0,1423500.0,42582
8469285,1,6,1,10,2025,1,22,4.0,350000.0,56796
8469971,1,2,1,10,2025,2,36,12.0,25600000.0,58601
8467810,1,1,1,10,2025,2,53,5.0,1423500.0,53098
8449888,1,1,1,10,2025,2,55,11.0,6500000.0,32355
8463039,1,2,1,10,2025,2,50,11.0,6700000.0,42284
8461947,1,1,1,10,2025,1,46,3.0,1230000.0,39835
8470141,1,1,1,10,2025,1,60,3.0,2000000.0,59033
8471315,1,4,1,10,2025,2,24,5.0,1423500.0,61751
8448334,1,4,1,10,2025,1,21,5.0,1423500.0,28921
8447440,1,1,1,10,2025,2,81,3.0,170000.0,26990
8442883,1,2,1,10,2025,2,29,8.0,1200000.0,16167
8448583,1,1,1,10,2025,1,27,10.0,1000000.0,29458
8467995,1,1,1,10,2025,2,75,5.0,640000.0,53587
8467837,1,4,1,10,2025,2,28,5.0,2000000.0,53184
8472087,1,1,1,10,2025,2,51,4.0,900000.0,63265
8436264,1,1,1,10,2025,1,55,10.0,1623500.0,766
8471079,1,1,1,10,2025,2,48,4.0,1423500.0,61314
8471533,1,2,1,10,2025,2,46,6.0,1900000.0,62135
8438428,1,6,1,10,2025,2,22,5.0,300000.0,5980
8437187,1,2,1,10,2025,1,44,9.0,1600000.0,3138
8447913,1,1,1,10,2025,2,39,5.0,1423500.0,28021
8463476,1,4,1,10,2025,1,17,4.0,500000.0,43393
8471985,1,2,1,10,2025,2,46,5.0,200000.0,63030
8445690,1,2,1,10,2025,2,33,11.0,5500000.0,22861
8436131,1,2,1,10,2025,1,66,3.0,2100000.0,465
8471665,1,1,1,10,2025,1,34,3.0,1960000.0,62422
8451343,1,1,1,10,2025,2,33,5.0,1120000.0,36017
8450410,1,3,1,10,2025,2,46,10.0,1362000.0,33683
8469311,1,2,1,10,2025,2,44,12.0,4000000.0,56874
8445628,1,1,1,10,2025,1,33,4.0,1200000.0,22706
8438036,1,3,1,10,2025,1,56,5.0,1000000.0,5076
8440958,1,1,1,10,2025,1,34,4.0,1400000.0,11807
8436828,1,1,1,10,2025,2,51,11.0,6000000.0,2124
8466463,1,1,1,10,2025,2,26,5.0,1000000.0,49806
8468637,1,1,1,10,2025,2,56,3.0,200000.0,55077
8441057,1,1,1,10,2025,1,57,3.0,300000.0,11986
8473127,1,1,1,10,2025,2,29,5.0,700000.0,65290
8465983,1,1,1,10,2025,1,44,5.0,700000.0,48755
8441868,1,2,1,10,2025,1,54,3.0,500000.0,13678
8472181,1,1,1,10,2025,1,34,3.0,700000.0,63481
8437813,1,1,1,10,2025,1,57,3.0,2100000.0,4605
8443652,1,1,1,10,2025,1,32,5.0,3200000.0,18161
8452108,1,1,1,10,2025,2,49,5.0,1200000.0,37971
8438509,1,1,1,10,2025,2,41,5.0,700000.0,6192
8470894,1,1,1,10,2025,2,41,5.0,900000.0,60880
8436512,1,3,1,10,2025,2,32,6.0,1000000.0,1356
8450218,1,1,1,10,2025,1,74,11.0,1200000.0,33208
8466379,1,1,1,10,2025,2,59,3.0,1500000.0,49557
8440419,1,2,1,10,2025,1,37,5.0,1100000.0,10494
8465358,1,1,1,10,2025,1,24,5.0,1423000.0,47479
8451958,1,1,1,10,2025,2,31,10.0,1800000.0,37581
8471058,1,2,1,10,2025,2,40,5.0,2500000.0,61255
8470423,2,2,2,10,2025,1,53,4.0,1000000.0,59700
8440038,1,3,1,10,2025,2,45,5.0,1700000.0,9639
8467983,1,2,1,10,2025,2,52,8.0,1423500.0,53567
8436545,1,3,1,10,2025,1,27,5.0,2000000.0,1439
8449082,1,1,1,10,2025,2,35,10.0,1423500.0,30389
8462829,1,1,1,10,2025,1,67,3.0,1423500.0,41855
8443209,1,1,1,10,2025,2,21,4.0,200000.0,16947
8469776,1,1,1,10,2025,2,17,10.0,200000.0,58131
8440177,1,4,1,10,2025,1,32,5.0,1423500.0,9937
8450100,1,1,1,10,2025,2,65,10.0,4000000.0,32915
8470717,1,2,1,10,2025,1,23,8.0,1200000.0,60398
8471002,1,1,1,10,2025,1,49,10.0,4000000.0,61135
8443823,1,1,1,10,2025,2,40,8.0,1423500.0,18605
8468300,1,1,1,10,2025,1,29,5.0,1423500.0,54257
8443501,1,1,1,10,2025,2,52,4.0,700000.0,17752
8446329,1,3,1,10,2025,1,17,3.0,1000000.0,24436
8469476,1,1,1,10,2025,2,21,6.0,1600000.0,57293
8448515,1,1,1,10,2025,1,40,12.0,7650000.0,29299
8473249,1,4,1,10,2025,1,30,10.0,3090000.0,65530
8443753,1,2,1,10,2025,2,46,10.0,7000000.0,18409
8466402,1,4,1,10,2025,1,60,3.0,1600000.0,49627
8472049,1,3,1,10,2025,2,53,10.0,4000000.0,63181
8445932,1,1,1,10,2025,2,30,5.0,300000.0,23355
8450563,1,1,1,10,2025,1,44,6.0,500000.0,34040
8452272,1,2,1,10,2025,1,58,3.0,1200000.0,38390
8464795,1,1,1,10,2025,2,46,8.0,1423500.0,46286
8441939,1,1,1,10,2025,2,62,3.0,750000.0,13902
8450142,1,2,1,10,2025,1,32,1.0,1200000.0,33000
8452561,1,1,1,10,2025,1,68,5.0,8000000.0,39157
8465628,3,1,3,10,2025,1,22,10.0,1600000.0,47980
8464690,1,2,1,10,2025,2,47,5.0,1300000.0,46069
8441139,1,1,1,10,2025,1,73,3.0,250000.0,12169
8450217,1,1,1,10,2025,2,30,8.0,500000.0,33205
8470810,1,2,1,10,2025,2,30,10.0,1500000.0,60693
8440775,1,1,1,10,2025,2,53,5.0,100000.0,11396
8473791,1,3,1,10,2025,1,48,3.0,950000.0,66234
8465558,1,1,1,10,2025,2,49,10.0,2800000.0,47863
8462435,1,2,1,10,2025,2,30,11.0,6000000.0,40981
8468584,1,1,1,10,2025,1,41,4.0,1200000.0,54983
8436808,1,2,1,10,2025,2,33,10.0,3500000.0,2078
8442847,1,1,1,10,2025,1,50,5.0,1423000.0,16080
8444843,1,1,1,10,2025,1,44,10.0,3000000.0,21223
8437147,1,3,1,10,2025,1,31,5.0,2500000.0,3049
8436051,1,1,1,10,2025,2,23,4.0,1200000.0,272
8448402,1,3,1,10,2025,2,32,5.0,1423500.0,29071
8469725,1,1,1,10,2025,1,27,3.0,1000000.0,57982
8442945,1,1,1,10,2025,2,32,8.0,1600000.0,16319
8465206,1,3,1,10,2025,1,21,8.0,1600000.0,47218
8446460,1,2,1,10,2025,2,58,3.0,1400000.0,24737
8466621,1,2,1,10,2025,1,43,3.0,1400000.0,50198
8436441,1,2,1,10,2025,2,41,5.0,732000.0,1153
8468881,1,1,1,10,2025,2,45,5.0,1000000.0,55748
8446459,1,1,1,10,2025,1,47,10.0,3000000.0,24734
8473028,1,1,1,10,2025,1,43,5.0,1423500.0,65130
8470811,1,2,1,10,2025,2,67,10.0,6000000.0,60696
8440932,1,1,1,10,2025,2,30,10.0,1600000.0,11758
8448368,1,1,1,10,2025,2,34,5.0,2000000.0,28982
8463164,2,1,2,10,2025,2,55,3.0,350000.0,42523
8466960,1,1,1,10,2025,2,40,3.0,200000.0,50959
8464081,1,1,1,10,2025,1,52,9.0,1623500.0,44729
8437359,1,2,1,10,2025,1,26,5.0,1400000.0,3637
8445415,1,3,1,10,2025,2,20,8.0,400000.0,22200
8471033,1,2,1,10,2025,2,39,4.0,360000.0,61208
8451616,1,2,1,10,2025,2,43,8.0,1400000.0,36667
8438019,1,1,1,10,2025,2,34,8.0,1400000.0,5024
8445624,1,2,1,10,2025,2,37,3.0,1000000.0,22699
8443721,1,1,1,10,2025,2,70,3.0,300000.0,18322
8462209,1,1,1,10,2025,1,28,4.0,1000000.0,40500
8469405,1,1,1,10,2025,2,52,4.0,400000.0,57120
8469514,1,1,1,10,2025,1,33,5.0,1500000.0,57390
8437136,1,2,1,10,2025,2,29,12.0,7500000.0,3025
8443787,1,1,1,10,2025,1,44,5.0,800000.0,18479
8471255,1,3,1,10,2025,1,29,4.0,1500000.0,61639
8443017,1,1,1,10,2025,2,31,5.0,120000.0,16498
8437819,1,4,1,10,2025,2,31,10.0,2000000.0,4626
8462123,1,1,1,10,2025,1,57,5.0,1200000.0,40299
8447876,1,1,1,10,2025,1,37,9.0,3000000.0,27923
8437410,1,1,1,10,2025,1,29,5.0,1500000.0,3747
8470273,1,2,1,10,2025,2,26,6.0,2000000.0,59336
8438077,1,1,1,10,2025,1,42,10.0,2700000.0,5155
8449313,1,1,1,10,2025,2,38,1.0,1000000.0,30918
8462010,1,1,1,10,2025,2,66,3.0,300000.0,40038
8450763,1,2,1,10,2025,2,30,10.0,1800000.0,34546
8448382,1,1,1,10,2025,2,29,9.0,500000.0,29017
8466873,1,1,1,10,2025,1,48,3.0,1200000.0,50796
8467934,1,1,1,10,2025,2,48,5.0,180000.0,53443
8469522,1,1,1,10,2025,2,38,9.0,1500000.0,57410
8446118,1,1,1,10,2025,1,30,8.0,3000000.0,23813
8469041,1,5,1,10,2025,2,42,5.0,1400000.0,56125
8445853,1,3,1,10,2025,1,25,5.0,1600000.0,23196
8467568,1,1,1,10,2025,2,66,8.0,150000.0,52501
8467100,1,3,1,10,2025,1,26,6.0,1600000.0,51362
8464131,1,1,1,10,2025,1,55,11.0,0.0,44807
8436733,1,1,1,10,2025,2,35,3.0,300000.0,1932
8440937,1,2,1,10,2025,2,40,5.0,1423500.0,11769
8451166,1,1,1,10,2025,2,56,3.0,1200000.0,35543
8469937,1,1,1,10,2025,1,49,10.0,3800000.0,58513
8444923,1,2,1,10,2025,2,28,11.0,4000000.0,21420
8447595,1,3,1,10,2025,1,31,5.0,1800000.0,27297
8436891,1,2,1,10,2025,2,56,4.0,530000.0,2378
8468941,1,1,1,10,2025,1,19,5.0,1423500.0,55877
8446032,1,3,1,10,2025,1,35,5.0,2000000.0,23621
8470542,1,1,1,10,2025,2,38,5.0,1423500.0,59969
8468342,1,1,1,10,2025,2,29,9.0,2200000.0,54351
8465212,1,1,1,10,2025,2,43,3.0,1320000.0,47225
8463529,1,2,1,10,2025,1,36,10.0,6000000.0,43513
8449245,1,2,1,10,2025,2,47,3.0,500000.0,30709
8465655,1,3,1,10,2025,1,18,5.0,100000.0,48050
8466271,1,3,1,10,2025,1,32,3.0,1680000.0,49288
8462038,1,1,1,10,2025,1,43,4.0,600000.0,40101
8446566,1,2,1,10,2025,1,47,5.0,1420000.0,25009
8447188,1,2,1,10,2025,1,65,1.0,100000.0,26325
8465457,1,1,1,10,2025,2,56,4.0,1600000.0,47659
8469447,1,2,1,10,2025,2,46,5.0,1423500.0,57208
8451567,1,2,1,10,2025,2,22,5.0,2700000.0,36562
8468811,1,1,1,10,2025,1,51,9.0,6000000.0,55555
8442776,1,2,1,10,2025,2,26,10.0,3700000.0,15910
8443841,1,1,1,10,2025,2,46,8.0,1500000.0,18650
8440702,1,3,1,10,2025,1,23,11.0,1250000.0,11189
8448038,1,1,1,10,2025,2,63,8.0,700000.0,28324
8444214,1,2,1,10,2025,1,40,5.0,600000.0,19547
8452120,1,1,1,10,2025,1,26,10.0,800000.0,38002
8442672,1,2,1,10,2025,2,30,5.0,600000.0,15649
8464702,1,2,1,10,2025,2,33,11.0,2500000.0,46101
8448825,1,2,1,10,2025,1,44,10.0,1400000.0,29946
8464846,1,1,1,10,2025,1,33,10.0,3000000.0,46382
8465576,1,1,1,10,2025,1,56,5.0,3000000.0,47892
8436249,1,2,1,10,2025,1,60,3.0,1100000.0,731
8436505,1,1,1,10,2025,1,52,9.0,2000000.0,1320
8452071,1,2,1,10,2025,2,52,5.0,600000.0,37863
8437323,1,2,1,10,2025,1,36,5.0,1000000.0,3524
8468962,1,2,1,10,2025,2,60,5.0,5000000.0,55912
8445523,1,2,1,10,2025,2,49,5.0,200000.0,22461
8470681,1,1,1,10,2025,2,54,5.0,150000.0,60309
8469721,1,2,1,10,2025,2,29,4.0,120000.0,57965
8473386,1,1,1,10,2025,1,21,5.0,1200000.0,65795
8442417,1,2,1,10,2025,1,32,5.0,1600000.0,15081
8450990,1,3,1,10,2025,2,20,5.0,420000.0,35133
8470526,1,3,1,10,2025,2,21,10.0,1423500.0,59930
8465469,1,2,1,10,2025,2,33,8.0,2200000.0,47684
8466473,1,1,1,10,2025,1,40,5.0,1500000.0,49828
8464994,1,2,1,10,2025,2,32,8.0,2200000.0,46741
8469942,1,2,1,10,2025,2,36,10.0,4500000.0,58532
8472741,1,1,1,10,2025,1,54,3.0,1700000.0,64630
8470274,1,2,1,10,2025,2,18,5.0,800000.0,59339
8463686,1,2,1,10,2025,2,45,11.0,13000000.0,43861
8463521,1,1,1,10,2025,2,73,11.0,4000000.0,43500
8437953,1,1,1,10,2025,1,22,10.0,600000.0,4896
8450032,1,1,1,10,2025,2,22,5.0,1800000.0,32733
8473086,1,1,1,10,2025,1,60,4.0,1500000.0,65223
8437089,1,1,1,10,2025,1,63,10.0,2000000.0,2904
8442882,1,1,1,10,2025,2,21,5.0,1423500.0,16164
8437401,1,1,1,10,2025,2,70,5.0,200000.0,3715
8437316,1,2,1,10,2025,1,55,4.0,1000000.0,3501
8473085,1,1,1,10,2025,1,43,8.0,1400000.0,65219
8471667,1,2,1,10,2025,1,17,5.0,1400000.0,62424
8438756,1,1,1,10,2025,2,42,8.0,500000.0,6748
8450444,1,3,1,10,2025,2,53,10.0,3800000.0,33772
8448755,1,2,1,10,2025,1,41,5.0,2000000.0,29821
8469326,1,4,1,10,2025,2,18,5.0,150000.0,56923
8439109,1,1,1,10,2025,2,57,8.0,1623000.0,7524
8470707,1,3,1,10,2025,2,41,11.0,3000000.0,60382
8446031,1,2,1,10,2025,1,60,3.0,1423500.0,23618
8469051,1,1,1,10,2025,2,50,3.0,200000.0,56151
8463209,1,1,1,10,2025,2,31,5.0,1423000.0,42653
8452408,1,1,1,10,2025,2,41,5.0,1423500.0,38731
8447333,1,2,1,10,2025,2,28,11.0,3000000.0,26729
8448088,1,1,1,10,2025,2,31,12.0,5692000.0,28463
8439884,1,2,1,10,2025,2,24,10.0,500000.0,9409
8436434,1,2,1,10,2025,2,43,10.0,4000000.0,1137
8469128,1,2,1,10,2025,2,29,6.0,2400000.0,56370
8463470,1,2,1,10,2025,2,51,3.0,640000.0,43374
8451145,1,3,1,10,2025,2,17,5.0,360000.0,35491
8462473,1,1,1,10,2025,1,56,3.0,500000.0,41058
8467986,1,1,1,10,2025,2,24,10.0,3200000.0,53573
8442241,1,1,1,10,2025,1,71,5.0,2500000.0,14646
8464885,1,1,1,10,2025,1,62,11.0,60000000.0,46471
8450154,1,4,1,10,2025,2,20,3.0,150000.0,33036
8448061,1,4,1,10,2025,1,21,5.0,1000000.0,28405
8462426,1,1,1,10,2025,1,45,10.0,2800000.0,40963
8468694,1,1,1,10,2025,2,49,5.0,800000.0,55251
8443474,1,1,1,10,2025,1,54,3.0,3000000.0,17670
8446447,1,2,1,10,2025,2,54,4.0,1500000.0,24713
8444398,1,1,1,10,2025,1,74,3.0,800000.0,20032
8443648,1,3,1,10,2025,1,37,5.0,1600000.0,18150
8446191,1,2,1,10,2025,1,29,10.0,5000000.0,24005
8463871,1,2,1,10,2025,2,49,9.0,600000.0,44277
8466881,1,3,1,10,2025,2,28,5.0,700000.0,50814
8472452,1,5,1,10,2025,2,23,10.0,1547000.0,64044
8440140,1,2,1,10,2025,2,33,11.0,4500000.0,9861
8437121,1,1,1,10,2025,2,60,5.0,2000000.0,2985
8441744,1,6,1,10,2025,2,22,5.0,1200000.0,13425
8448388,1,2,1,10,2025,2,30,5.0,1423500.0,29034
8462179,1,1,1,10,2025,1,60,5.0,1423500.0,40426
8463387,1,2,1,10,2025,1,57,3.0,1550000.0,43144
8470617,1,3,1,10,2025,1,19,10.0,1423500.0,60171
8464652,1,1,1,10,2025,2,20,3.0,650000.0,45984
8436750,1,2,1,10,2025,2,51,5.0,1000000.0,1963
8449941,1,3,1,10,2025,1,40,4.0,1423000.0,32487
8467989,1,1,1,10,2025,1,42,10.0,4500000.0,53579
8438300,1,5,1,10,2025,1,56,4.0,1600000.0,5648
8448577,1,1,1,10,2025,1,71,3.0,1300000.0,29443
8448714,1,2,1,10,2025,2,33,10.0,2200000.0,29722
8449717,1,1,1,10,2025,2,53,3.0,350000.0,31950
8463951,1,2,1,10,2025,2,39,3.0,2000000.0,44464
8439643,1,1,1,10,2025,1,49,5.0,8000000.0,8772
8464235,1,1,1,10,2025,2,40,5.0,1550000.0,45013
8473714,1,1,1,10,2025,1,50,9.0,2450000.0,66149
8444239,1,2,1,10,2025,1,30,5.0,1200000.0,19611
8448403,1,2,1,10,2025,2,53,12.0,6257579.0,29073
8436763,1,1,1,10,2025,2,27,5.0,1423500.0,1996
8437833,1,5,1,10,2025,1,30,5.0,1623500.0,4658
8448949,1,2,1,10,2025,2,60,8.0,1400000.0,30132
8471090,1,2,1,10,2025,2,45,8.0,500000.0,61344
8451625,1,6,1,10,2025,2,23,10.0,2800000.0,36698
8446674,1,1,1,10,2025,2,42,5.0,2000000.0,25302
8465125,1,1,1,10,2025,2,38,5.0,1623500.0,47074
8445881,1,1,1,10,2025,1,29,3.0,700000.0,23244
8439404,1,1,1,10,2025,1,37,4.0,3500000.0,8201
8450064,1,2,1,10,2025,2,41,8.0,1423000.0,32813
8463642,1,3,1,10,2025,1,34,4.0,1600000.0,43758
8450807,1,1,1,10,2025,1,37,5.0,1623500.0,34640
8440641,1,2,1,10,2025,2,23,10.0,2000000.0,11075
8444906,1,1,1,10,2025,2,21,10.0,1900000.0,21373
8437199,1,1,1,10,2025,1,68,3.0,900000.0,3160
8436653,1,1,1,10,2025,2,41,5.0,1423500.0,1717
8443858,1,3,1,10,2025,2,20,10.0,800000.0,18688
8462612,1,1,1,10,2025,2,33,9.0,1423000.0,41392
8467899,1,1,1,10,2025,1,28,5.0,1423500.0,53344
8470466,1,2,1,10,2025,2,23,5.0,2000000.0,59803
8451078,1,2,1,10,2025,2,46,5.0,800000.0,35320
8436017,1,2,1,10,2025,1,47,1.0,700000.0,188
8464102,1,2,1,10,2025,2,41,5.0,1423500.0,44760
8465114,1,4,1,10,2025,1,25,10.0,1423500.0,47045
8446036,1,1,1,10,2025,1,50,12.0,5000000.0,23632
8450928,1,1,1,10,2025,2,33,1.0,500000.0,34951
8469062,1,1,1,10,2025,1,31,10.0,3500000.0,56178
8447343,1,1,1,10,2025,2,25,4.0,720000.0,26742
8436744,1,3,1,10,2025,1,19,4.0,600000.0,1955
8467025,1,2,1,10,2025,1,29,8.0,3500000.0,51146
8464662,1,1,1,10,2025,1,27,5.0,1600000.0,46015
8468991,1,2,1,10,2025,2,33,5.0,1623500.0,55998
8467049,1,1,1,10,2025,1,55,5.0,1200000.0,51188
8452064,1,1,1,10,2025,2,40,4.0,400000.0,37839
8436682,1,2,1,10,2025,1,57,1.0,2000000.0,1793
8469380,1,1,1,10,2025,2,54,1.0,1500000.0,57056
8465485,1,3,1,10,2025,1,35,5.0,1600000.0,47717
8442928,1,1,1,10,2025,1,43,5.0,1800000.0,16267
8448917,1,1,1,10,2025,2,64,3.0,600000.0,30095
8468017,1,3,1,10,2025,1,43,5.0,1650000.0,53655
8473074,1,1,1,10,2025,2,25,6.0,1650000.0,65203
8470073,1,1,1,10,2025,2,66,3.0,100000.0,58868
8463094,1,4,1,10,2025,2,21,10.0,600000.0,42406
8441884,1,3,1,10,2025,1,22,4.0,450000.0,13727
8467182,1,1,1,10,2025,1,25,5.0,1423500.0,51587
8470138,1,2,1,10,2025,1,48,3.0,700000.0,59025
8450647,1,1,1,10,2025,1,54,3.0,1560000.0,34272
8465844,1,2,1,10,2025,2,25,10.0,1400000.0,48449
8441682,1,1,1,10,2025,1,34,8.0,2400000.0,13281
8449047,1,2,1,10,2025,2,61,5.0,1423500.0,30321
8450775,1,1,1,10,2025,2,63,5.0,500000.0,34566
8440760,1,1,1,10,2025,1,41,11.0,4270000.0,11357
8445755,1,1,1,10,2025,1,35,5.0,1500000.0,22973
8466500,1,1,1,10,2025,2,29,4.0,900000.0,49914
8443640,1,4,1,10,2025,2,48,3.0,700000.0,18130
8442938,1,2,1,10,2025,1,34,3.0,700000.0,16302
8464667,1,1,1,10,2025,2,62,11.0,4800000.0,46028
8446609,1,1,1,10,2025,2,41,8.0,6900000.0,25143
8436706,1,2,1,10,2025,2,42,10.0,2887000.0,1864
8444870,1,2,1,10,2025,2,25,5.0,1650000.0,21279
8468486,1,2,1,10,2025,1,69,8.0,1000000.0,54748
8472124,1,1,1,10,2025,1,55,8.0,3000000.0,63340
8469535,1,1,1,10,2025,2,76,3.0,300000.0,57452
8447337,1,2,1,10,2025,1,62,10.0,2847000.0,26733
8466955,1,1,1,10,2025,1,25,5.0,1500000.0,50947
8467104,1,1,1,10,2025,2,56,4.0,1423500.0,51375
8448915,1,4,1,10,2025,1,31,5.0,1423500.0,30088
8469900,1,3,1,10,2025,1,47,8.0,2000000.0,58404
8466095,1,1,1,10,2025,1,49,10.0,5500000.0,48945
8441442,1,1,1,10,2025,2,49,5.0,580000.0,12769
8464684,1,1,1,10,2025,1,64,3.0,1000000.0,46056
8444139,1,2,1,10,2025,1,15,4.0,300000.0,19414
8470533,1,2,1,10,2025,1,53,9.0,2900000.0,59948
8448016,1,1,1,10,2025,2,58,4.0,1014000.0,28262
8472486,4,1,4,10,2025,1,21,4.0,1500000.0,64155
8442203,1,2,1,10,2025,2,36,5.0,1873500.0,14549
8439853,1,4,1,10,2025,2,19,8.0,1400000.0,9322
8439305,1,1,1,10,2025,2,38,5.0,2000000.0,7976
8438294,1,1,1,10,2025,2,32,5.0,480000.0,5628
8471783,1,1,1,10,2025,2,42,5.0,1400000.0,62654
8449979,1,2,1,10,2025,2,32,11.0,860000.0,32619
8438591,1,1,1,10,2025,1,24,5.0,2000000.0,6382
8473834,1,6,1,10,2025,2,40,3.0,960000.0,66361
8461797,1,1,1,10,2025,1,51,5.0,1000000.0,39417
8470326,1,1,1,10,2025,1,51,5.0,1423500.0,59466
8441834,1,2,1,10,2025,1,23,5.0,1500000.0,13560
8442391,1,1,1,10,2025,2,44,11.0,7000000.0,15027
8452228,1,2,1,10,2025,2,27,10.0,2400000.0,38275
8444837,1,2,1,10,2025,2,29,11.0,2900000.0,21216
8437187,1,1,1,10,2025,2,58,10.0,5200000.0,3137
8469841,1,2,1,10,2025,2,17,6.0,760000.0,58277
8447519,1,2,1,10,2025,2,58,4.0,1700000.0,27164
8465972,1,6,1,10,2025,2,37,3.0,2033500.0,48728
8439075,1,1,1,10,2025,2,36,5.0,180000.0,7439
8462795,1,3,1,10,2025,2,56,10.0,3000000.0,41784
8472791,1,2,1,10,2025,2,19,5.0,1423500.0,64722
8447814,1,1,1,10,2025,2,44,8.0,2000000.0,27785
8463440,1,2,1,10,2025,2,31,5.0,2000000.0,43295
8437518,1,1,1,10,2025,2,34,11.0,2200000.0,4043
8469138,1,1,1,10,2025,1,57,1.0,1500000.0,56400
8464713,1,1,1,10,2025,1,30,10.0,8000000.0,46132
8466270,1,1,1,10,2025,2,31,10.0,2800000.0,49284
8449732,1,1,1,10,2025,2,52,8.0,450000.0,31988
8451081,1,1,1,10,2025,1,58,3.0,2000000.0,35325
8437476,1,1,1,10,2025,2,39,11.0,1423500.0,3923
8467698,1,1,1,10,2025,2,33,10.0,8500000.0,52834
8469643,1,1,1,10,2025,1,37,10.0,1500000.0,57769
8468948,1,1,1,10,2025,1,50,3.0,1200000.0,55889
8447897,1,3,1,10,2025,1,32,5.0,1200000.0,27977
8447756,1,1,1,10,2025,1,38,5.0,1400000.0,27624
8461815,1,4,1,10,2025,1,46,3.0,900000.0,39473
8473852,1,1,1,10,2025,2,34,11.0,12811500.0,66406
8440776,1,1,1,10,2025,1,39,10.0,7000000.0,11398
8465549,1,1,1,10,2025,2,50,8.0,1800000.0,47846
8444779,1,2,1,10,2025,2,45,9.0,1000000.0,21055
8448887,1,1,1,10,2025,2,62,5.0,1000000.0,30007
8437063,1,1,1,10,2025,1,46,5.0,1423500.0,2851
8443831,1,1,1,10,2025,2,33,8.0,1423500.0,18627
8452128,1,2,1,10,2025,2,61,3.0,150000.0,38024
8469344,1,4,1,10,2025,1,25,4.0,1500000.0,56989
8436744,1,1,1,10,2025,1,57,4.0,1300000.0,1953
8446943,1,2,1,10,2025,1,32,6.0,6000000.0,25887
8450572,1,3,1,10,2025,1,31,5.0,1423500.0,34076
8443577,1,2,1,10,2025,1,18,5.0,100000.0,17948
8450440,1,1,1,10,2025,2,43,12.0,1500000.0,33759
8466902,1,1,1,10,2025,1,59,5.0,1423500.0,50854
8471646,1,2,1,10,2025,2,25,10.0,1600000.0,62386
8440293,2,1,2,10,2025,2,26,10.0,1500000.0,10215
8446829,1,3,1,10,2025,1,19,10.0,1220000.0,25600
8472013,1,1,1,10,2025,1,51,13.0,5500000.0,63093
8437836,2,1,2,10,2025,2,43,9.0,1800000.0,4668
8464872,1,2,1,10,2025,1,25,3.0,500000.0,46440
8465596,1,2,1,10,2025,2,31,10.0,3000000.0,47927
8472009,1,2,1,10,2025,2,38,5.0,270000.0,63089
8447835,1,2,1,10,2025,1,33,10.0,4000000.0,27842
8436069,1,2,1,10,2025,2,39,3.0,1423500.0,321
8470912,1,2,1,10,2025,2,30,8.0,2200000.0,60923
8469357,1,1,1,10,2025,1,27,11.0,4000000.0,57012
8452317,1,1,1,10,2025,1,64,3.0,1800000.0,38493
8461859,1,2,1,10,2025,1,28,9.0,1000000.0,39599
8441126,1,2,1,10,2025,2,24,10.0,1423500.0,12136
8472779,1,1,1,10,2025,2,40,8.0,1600000.0,64701
8467602,1,2,1,10,2025,2,44,5.0,800000.0,52606
8450503,1,1,1,10,2025,2,29,5.0,1423500.0,33871
8441429,1,1,1,10,2025,1,53,4.0,2400000.0,12725
8438166,1,1,1,10,2025,1,42,3.0,0.0,5334
8464956,1,3,1,10,2025,2,29,10.0,2000000.0,46644
8442002,1,1,1,10,2025,1,62,3.0,400000.0,14069
8443643,1,2,1,10,2025,2,44,5.0,2800000.0,18137
8451312,1,7,1,10,2025,1,24,5.0,400000.0,35931
8440088,1,1,1,10,2025,1,60,10.0,3500000.0,9734
8466437,1,1,1,10,2025,2,31,8.0,2200000.0,49729
8462000,1,1,1,10,2025,1,54,3.0,1423500.0,39999
8438877,1,1,1,10,2025,2,32,10.0,1500000.0,7010
8464318,1,2,1,10,2025,2,51,10.0,1900000.0,45158
8471374,1,1,1,10,2025,1,43,3.0,1000000.0,61853
8467129,1,2,1,10,2025,2,34,8.0,1425000.0,51465
8466134,1,1,1,10,2025,1,30,8.0,2400000.0,49025
8437261,1,5,1,10,2025,1,28,4.0,1300000.0,3346
8466872,1,2,1,10,2025,2,53,5.0,1500000.0,50795
8467950,1,1,1,10,2025,1,66,3.0,1250000.0,53493
8444839,1,1,1,10,2025,1,22,10.0,1700000.0,21219
8472426,1,3,1,10,2025,1,43,8.0,3000000.0,63972
8451664,1,2,1,10,2025,1,35,5.0,2000000.0,36814
8464957,1,2,1,10,2025,1,57,8.0,1623500.0,46647
8441392,1,1,1,10,2025,2,73,5.0,600000.0,12679
8467293,1,1,1,10,2025,1,61,3.0,540000.0,51841
8469252,1,2,1,10,2025,2,29,10.0,3000000.0,56692
8442399,1,2,1,10,2025,2,58,3.0,400000.0,15044
8451220,1,1,1,10,2025,1,55,3.0,1000000.0,35702
8439221,1,2,1,10,2025,2,41,8.0,1600000.0,7765
8441329,1,2,1,10,2025,2,30,5.0,670000.0,12531
8447569,1,2,1,10,2025,1,29,5.0,1423500.0,27257
8441486,1,3,1,10,2025,1,22,4.0,1200000.0,12857
8471358,1,1,1,10,2025,1,37,5.0,2900000.0,61815
8450597,1,1,1,10,2025,2,61,3.0,1152000.0,34141
8447024,1,2,1,10,2025,1,65,9.0,7200000.0,26037
8451703,1,2,1,10,2025,2,36,10.0,1423500.0,36914
8462638,1,1,1,10,2025,2,32,9.0,500000.0,41438
8448334,1,2,1,10,2025,2,45,5.0,1780000.0,28919
8444150,1,3,1,10,2025,1,28,10.0,2700000.0,19428
8452465,1,2,1,10,2025,2,55,6.0,300000.0,38903
8470222,1,2,1,10,2025,1,36,5.0,800000.0,59194
8469629,1,2,1,10,2025,2,42,5.0,300000.0,57729
8440290,1,1,1,10,2025,2,28,3.0,240000.0,10206
8450713,1,2,1,10,2025,1,24,6.0,2360000.0,34426
8446472,1,1,1,10,2025,2,72,3.0,400000.0,24772
8468420,1,1,1,10,2025,2,61,13.0,4000000.0,54592
8463645,1,1,1,10,2025,2,64,5.0,100000.0,43766
8446034,1,5,1,10,2025,2,43,5.0,2243000.0,23628
8441878,1,1,1,10,2025,1,59,3.0,600000.0,13708
8443221,1,1,1,10,2025,1,28,4.0,1280000.0,16977
8470597,1,1,1,10,2025,1,49,4.0,1500000.0,60122
8444869,1,1,1,10,2025,2,25,10.0,3100000.0,21277
8446212,1,1,1,10,2025,2,52,11.0,3000000.0,24064
8437839,1,1,1,10,2025,2,31,8.0,450000.0,4676
8448428,1,1,1,10,2025,2,46,9.0,2800000.0,29132
8450497,1,3,1,10,2025,1,26,3.0,800000.0,33863
8452261,1,1,1,10,2025,2,66,3.0,250000.0,38354
8442215,1,1,1,10,2025,2,39,10.0,3000000.0,14578
8462456,1,1,1,10,2025,2,47,5.0,1100000.0,41020
8470724,1,3,1,10,2025,1,35,5.0,1500000.0,60407
8436229,1,1,1,10,2025,2,61,3.0,300000.0,687
8451043,1,1,1,10,2025,1,44,4.0,2000000.0,35233
8438207,1,2,1,10,2025,2,35,10.0,3000000.0,5403
8451979,1,1,1,10,2025,1,39,3.0,1700000.0,37642
8451350,1,1,1,10,2025,2,38,3.0,400000.0,36032
8445520,1,2,1,10,2025,1,40,4.0,500000.0,22454
8437704,1,1,1,10,2025,1,68,4.0,17600000.0,4405
8464655,1,4,1,10,2025,2,29,10.0,2000000.0,45994
8450153,1,1,1,10,2025,2,43,4.0,750000.0,33029
8449350,1,1,1,10,2025,1,41,3.0,2600000.0,31011
8452444,1,1,1,10,2025,1,51,3.0,1600000.0,38820
8473364,1,1,1,10,2025,2,60,12.0,7700000.0,65760
8450900,1,2,1,10,2025,1,27,8.0,480000.0,34851
8449414,1,2,1,10,2025,1,33,9.0,800000.0,31180
8466422,1,1,1,10,2025,1,39,5.0,1000000.0,49695
8468846,1,4,1,10,2025,2,30,5.0,1650000.0,55665
8446044,1,1,1,10,2025,2,40,9.0,2000000.0,23651
8452469,1,2,1,10,2025,1,32,5.0,1423500.0,38914
8444280,1,1,1,10,2025,2,44,4.0,258000.0,19718
8470342,1,1,1,10,2025,2,36,10.0,2250000.0,59503
8451400,1,1,1,10,2025,1,61,3.0,1400000.0,36170
8444564,1,2,1,10,2025,1,44,5.0,1500000.0,20487
8451253,1,1,1,10,2025,1,45,8.0,4100000.0,35779
8446774,1,1,1,10,2025,2,40,5.0,1500000.0,25467
8462664,1,1,1,10,2025,2,36,5.0,1200000.0,41493
8437964,1,2,1,10,2025,1,43,5.0,3240000.0,4917
8463019,1,1,1,10,2025,1,43,3.0,1500000.0,42239
8465047,1,1,1,10,2025,2,50,5.0,1200000.0,46870
8442087,1,3,1,10,2025,2,47,3.0,550000.0,14249
8449507,1,1,1,10,2025,1,35,4.0,1400000.0,31416
8443202,1,1,1,10,2025,2,41,5.0,450000.0,16921
8439565,1,5,1,10,2025,2,33,8.0,2300000.0,8576
8449343,1,2,1,10,2025,1,18,3.0,1100000.0,30989
8439904,1,2,1,10,2025,1,37,10.0,2000000.0,9459
8445288,1,3,1,10,2025,1,28,9.0,200000.0,21883
8452125,1,4,1,10,2025,1,18,9.0,300000.0,38017
8466940,1,1,1,10,2025,1,44,3.0,700000.0,50904
8446484,1,1,1,10,2025,1,35,9.0,3000000.0,24808
8446372,1,3,1,10,2025,1,26,8.0,300000.0,24548
8471293,1,2,1,10,2025,2,42,5.0,1423500.0,61712
8465716,1,2,1,10,2025,2,30,4.0,400000.0,48140
8464992,1,4,1,10,2025,2,42,8.0,1423500.0,46734
8442733,1,3,1,10,2025,2,18,5.0,1080000.0,15800
8466137,1,2,1,10,2025,2,22,8.0,1423500.0,49035
8465515,1,2,1,10,2025,1,30,5.0,1823500.0,47772
8436668,1,1,1,10,2025,1,20,5.0,1423500.0,1759
8473005,1,1,1,10,2025,1,69,11.0,8000000.0,65081
8448279,1,1,1,10,2025,2,36,3.0,600000.0,28831
8449948,1,1,1,10,2025,2,66,4.0,200000.0,32514
8468814,1,2,1,10,2025,2,31,10.0,1900000.0,55568
8436820,1,4,1,10,2025,2,32,10.0,5000000.0,2104
8439404,1,2,1,10,2025,2,41,5.0,2000000.0,8202
8438473,1,1,1,10,2025,1,37,5.0,1423500.0,6098
8437394,1,1,1,10,2025,1,34,5.0,1600000.0,3708
8437478,1,5,1,10,2025,2,30,5.0,1423500.0,3935
8450617,1,2,1,10,2025,1,19,3.0,1200000.0,34189
8443104,1,1,1,10,2025,1,31,5.0,1500000.0,16732
8441658,1,1,1,10,2025,2,32,10.0,3500000.0,13223
8472806,1,3,1,10,2025,2,32,10.0,3000000.0,64741
8469606,1,3,1,10,2025,1,62,3.0,1500000.0,57657
8439231,1,2,1,10,2025,1,71,5.0,1500000.0,7788
8450526,1,1,1,10,2025,1,40,5.0,2800000.0,33942
8437569,1,1,1,10,2025,2,51,8.0,3000000.0,4114
8468476,1,1,1,10,2025,2,36,12.0,4000000.0,54727
8444251,1,2,1,10,2025,1,41,4.0,1423500.0,19649
8436097,1,1,1,10,2025,1,56,3.0,1500000.0,380
8446541,1,1,1,10,2025,2,65,8.0,500000.0,24931
8442143,1,1,1,10,2025,1,36,3.0,2000000.0,14371
8437905,1,2,1,10,2025,1,28,11.0,400000.0,4816
8439673,1,4,1,10,2025,2,51,5.0,14230000.0,8862
8462989,1,1,1,10,2025,1,56,3.0,800000.0,42169
8464773,1,1,1,10,2025,2,42,8.0,1600000.0,46248
8452588,1,1,1,10,2025,2,35,10.0,2800000.0,39228
8461762,1,2,1,10,2025,2,39,5.0,500000.0,39315
8468960,1,1,1,10,2025,1,23,9.0,2000000.0,55910
8447843,1,2,1,10,2025,1,30,10.0,2670140.0,27866
8470477,1,6,1,10,2025,1,25,6.0,1423500.0,59836
8465246,1,1,1,10,2025,1,51,3.0,1423500.0,47313
8446941,1,2,1,10,2025,1,39,8.0,2600000.0,25882
8448641,1,1,1,10,2025,2,79,3.0,210000.0,29519
8436874,1,1,1,10,2025,2,37,9.0,2800000.0,2315
8466949,1,2,1,10,2025,2,44,4.0,710000.0,50938
8468189,1,2,1,10,2025,2,56,3.0,1487000.0,54036
8463505,1,2,1,10,2025,2,51,8.0,2500000.0,43464
8449028,1,1,1,10,2025,1,23,4.0,1640000.0,30279
8438348,1,1,1,10,2025,2,44,5.0,600000.0,5789
8469461,1,2,1,10,2025,1,66,5.0,5694000.0,57240
8448736,1,3,1,10,2025,1,21,5.0,500000.0,29776
8436151,1,1,1,10,2025,2,84,3.0,200000.0,508
8436212,1,1,1,10,2025,1,29,5.0,1600000.0,644
8447363,1,3,1,10,2025,1,31,5.0,800000.0,26794
8437492,1,1,1,10,2025,2,42,8.0,1500000.0,3975
8470237,1,2,1,10,2025,2,53,3.0,11600000.0,59245
8442351,1,2,1,10,2025,2,44,4.0,900000.0,14928
8444079,1,1,1,10,2025,2,33,10.0,4270500.0,19279
8451354,1,2,1,10,2025,1,71,3.0,2250000.0,36043
8471672,1,2,1,10,2025,1,37,8.0,2000000.0,62433
8437471,1,1,1,10,2025,2,36,8.0,1423500.0,3907
8473227,1,1,1,10,2025,2,40,8.0,1200000.0,65491
8447373,1,1,1,10,2025,2,44,5.0,700000.0,26815
8438547,1,2,1,10,2025,1,34,5.0,1423500.0,6275
8436315,1,3,1,10,2025,1,43,5.0,1423000.0,896
8442608,1,1,1,10,2025,2,42,11.0,3000000.0,15496
8472925,1,2,1,10,2025,2,49,1.0,300000.0,64952
8462062,1,5,1,10,2025,1,48,4.0,700000.0,40151
8470908,1,2,1,10,2025,1,49,5.0,2000000.0,60915
8449751,1,1,1,10,2025,2,28,8.0,500000.0,32029
8471181,1,1,1,10,2025,2,54,4.0,1623500.0,61475
8463202,1,2,1,10,2025,2,31,5.0,1200000.0,42628
8437783,1,2,1,10,2025,2,61,10.0,1423500.0,4559
8466846,1,2,1,10,2025,1,36,3.0,480000.0,50713
8442650,1,3,1,10,2025,2,39,5.0,1220000.0,15587
8470877,1,1,1,10,2025,1,31,8.0,1600000.0,60842
8436053,1,1,1,10,2025,1,83,3.0,500000.0,281
8463930,1,1,1,10,2025,1,43,9.0,2023500.0,44406
8437728,1,3,1,10,2025,2,19,8.0,1423500.0,4456
8469397,1,3,1,10,2025,2,39,6.0,2000000.0,57101
8439700,1,1,1,10,2025,2,55,10.0,1000000.0,8941
8447507,1,1,1,10,2025,1,46,11.0,1600000.0,27147
8435990,1,1,1,10,2025,1,65,8.0,400000.0,70
8445220,1,1,1,10,2025,2,24,5.0,500000.0,21667
8445395,1,2,1,10,2025,2,35,10.0,2000000.0,22157
8442375,1,2,1,10,2025,1,61,3.0,700000.0,14991
8450993,1,2,1,10,2025,2,44,5.0,980000.0,35144
8446680,1,2,1,10,2025,2,30,10.0,1500000.0,25314
8443073,1,1,1,10,2025,1,35,9.0,2700000.0,16654
8467347,1,4,1,10,2025,1,32,5.0,2800000.0,51979
8470129,1,1,1,10,2025,1,74,3.0,160000.0,58997
8444557,1,2,1,10,2025,1,44,5.0,1200000.0,20466
8440665,1,4,1,10,2025,2,57,3.0,300000.0,11139
8441539,1,1,1,10,2025,1,28,8.0,1800000.0,12977
8439290,1,1,1,10,2025,2,31,5.0,1423500.0,7934
8469140,1,1,1,10,2025,1,66,3.0,1900000.0,56407
8465461,1,1,1,10,2025,1,43,9.0,1100000.0,47666
8439913,1,3,1,10,2025,2,30,10.0,1623500.0,9465
8443488,1,1,1,10,2025,1,33,4.0,1920000.0,17714
8464123,1,3,1,10,2025,1,20,5.0,900000.0,44791
8467392,1,3,1,10,2025,2,39,3.0,1800000.0,52099
8450686,1,2,1,10,2025,2,51,3.0,1100000.0,34376
8448050,1,3,1,10,2025,2,33,11.0,7500000.0,28363
8441883,1,1,1,10,2025,1,46,4.0,770000.0,13723
8472045,1,2,1,10,2025,1,70,3.0,1500000.0,63166
8442536,1,2,1,10,2025,1,33,5.0,600000.0,15354
8440351,1,1,1,10,2025,1,38,5.0,1423000.0,10354
8467564,1,1,1,10,2025,2,37,5.0,1400000.0,52488
8447033,1,2,1,10,2025,2,28,5.0,1330000.0,26061
8444305,1,3,1,10,2025,2,23,9.0,1420000.0,19784
8436897,1,1,1,10,2025,1,39,8.0,1400000.0,2404
8467615,1,2,1,10,2025,1,43,11.0,1200000.0,52641
8467151,1,1,1,10,2025,2,28,8.0,1423500.0,51525
8465100,1,1,1,10,2025,1,32,10.0,400000.0,47006
8439640,2,1,2,10,2025,2,39,5.0,150000.0,8766
8468054,1,2,1,10,2025,2,45,9.0,1200000.0,53737
8442684,1,1,1,10,2025,2,30,8.0,1100000.0,15683
8448725,1,1,1,10,2025,2,36,5.0,424000.0,29748
8451210,1,2,1,10,2025,2,24,5.0,904000.0,35678
8446292,1,1,1,10,2025,2,57,5.0,900000.0,24324
8468869,1,1,1,10,2025,1,32,9.0,1423500.0,55721
8442060,1,2,1,10,2025,2,29,9.0,1423000.0,14180
8435994,1,1,1,10,2025,1,69,3.0,640000.0,80
8443482,1,1,1,10,2025,1,56,3.0,200000.0,17696
8444975,1,1,1,10,2025,1,49,5.0,1680000.0,21527
8437287,1,3,1,10,2025,2,25,10.0,1423500.0,3418
8438030,1,2,1,10,2025,1,56,12.0,4800000.0,5054
8444463,1,1,1,10,2025,1,49,4.0,260000.0,20208
8444691,2,1,2,10,2025,2,30,8.0,500000.0,20802
8443533,1,1,1,10,2025,2,25,8.0,1800000.0,17835
8442690,1,2,1,10,2025,1,69,5.0,1200000.0,15698
8443723,1,4,1,10,2025,1,19,4.0,1500000.0,18332
8470371,1,1,1,10,2025,2,71,3.0,300000.0,59560
8452061,1,1,1,10,2025,1,25,5.0,3000000.0,37832
8462776,1,1,1,10,2025,2,27,3.0,600000.0,41737
8451209,1,1,1,10,2025,1,22,5.0,1423500.0,35674
8473298,1,1,1,10,2025,1,68,11.0,4200000.0,65636
8449502,1,1,1,10,2025,2,43,5.0,950000.0,31402
8445524,1,3,1,10,2025,2,38,8.0,1423500.0,22470
8468240,1,1,1,10,2025,1,36,4.0,4000000.0,54121
8471919,1,1,1,10,2025,1,67,13.0,21261000.0,62933
8449987,1,1,1,10,2025,2,76,3.0,350000.0,32636
8465484,1,1,1,10,2025,2,31,5.0,400000.0,47710
8441709,1,2,1,10,2025,1,27,3.0,1800000.0,13352
8469418,1,4,1,10,2025,2,31,10.0,3500000.0,57162
8468702,1,1,1,10,2025,2,30,10.0,3600000.0,55276
8438194,1,2,1,10,2025,1,73,4.0,1800000.0,5387
8467637,1,2,1,10,2025,2,34,9.0,1423500.0,52696
8446302,1,1,1,10,2025,1,64,10.0,1000000.0,24359
8439282,1,1,1,10,2025,2,24,6.0,1423500.0,7908
8444226,1,2,1,10,2025,1,40,5.0,1800000.0,19575
8447074,1,2,1,10,2025,1,35,5.0,1445000.0,26161
8441354,1,1,1,10,2025,2,45,12.0,7200000.0,12579
8436728,1,1,1,10,2025,1,39,4.0,1700000.0,1912
8467883,1,3,1,10,2025,2,51,5.0,1650000.0,53310
8469216,1,1,1,10,2025,1,35,5.0,2300000.0,56609
8438004,1,1,1,10,2025,2,61,3.0,1200000.0,4990
8450282,1,3,1,10,2025,2,51,3.0,1400000.0,33360
8462666,1,1,1,10,2025,2,33,8.0,2550000.0,41498
8443463,1,2,1,10,2025,1,21,4.0,640000.0,17645
8470921,1,5,1,10,2025,2,20,5.0,1400000.0,60938
8469964,1,2,1,10,2025,1,41,12.0,25000000.0,58583
8437488,1,1,1,10,2025,1,45,5.0,1423500.0,3964
8462527,1,3,1,10,2025,1,32,5.0,1200000.0,41190
8470594,1,4,1,10,2025,2,29,10.0,3600000.0,60113
8447078,1,1,1,10,2025,1,44,3.0,1500000.0,26169
8436044,1,2,1,10,2025,2,38,5.0,1200000.0,259
8440741,1,3,1,10,2025,1,26,4.0,2000000.0,11307
8439616,1,2,1,10,2025,2,51,3.0,480000.0,8708
8436986,1,5,1,10,2025,1,48,5.0,1423500.0,2675
8472423,1,1,1,10,2025,1,54,4.0,1600000.0,63964
8445367,1,1,1,10,2025,2,50,3.0,800000.0,22092
8441160,1,1,1,10,2025,1,34,4.0,1200000.0,12209
8441478,1,1,1,10,2025,1,47,11.0,4800000.0,12840
8447544,1,1,1,10,2025,1,43,10.0,2000000.0,27206
8472649,1,3,1,10,2025,1,19,5.0,1700000.0,64408
8440650,1,1,1,10,2025,2,40,5.0,1000000.0,11097
8448491,1,1,1,10,2025,1,37,5.0,2800000.0,29252
8444323,1,2,1,10,2025,1,37,5.0,1423500.0,19834
8466458,1,1,1,10,2025,2,33,3.0,450000.0,49786
8467932,1,1,1,10,2025,2,37,5.0,600000.0,53438
8468467,1,1,1,10,2025,1,39,10.0,2000000.0,54713
8436402,1,1,1,10,2025,1,67,3.0,960000.0,1072
8445553,1,2,1,10,2025,1,67,1.0,1000000.0,22537
8440468,1,2,1,10,2025,2,29,6.0,1000000.0,10589
8437445,1,2,1,10,2025,1,39,6.0,1400000.0,3837
8436903,1,2,1,10,2025,2,30,9.0,1870000.0,2434
8470388,1,1,1,10,2025,2,66,3.0,1400000.0,59603
8463364,1,1,1,10,2025,1,67,3.0,300000.0,43069
8471921,1,1,1,10,2025,2,49,1.0,560000.0,62937
8446911,1,1,1,10,2025,2,35,4.0,1423500.0,25790
8444001,1,1,1,10,2025,2,47,1.0,300000.0,19039
8445319,1,2,1,10,2025,1,26,10.0,600000.0,21985
8441475,1,1,1,10,2025,2,45,5.0,500000.0,12833
8438708,1,3,1,10,2025,2,62,10.0,1423500.0,6634
8436948,1,2,1,10,2025,2,29,11.0,2500000.0,2579
8442204,1,3,1,10,2025,2,35,10.0,2023500.0,14555
8446591,1,5,1,10,2025,2,32,5.0,0.0,25098
8446573,1,2,1,10,2025,1,42,4.0,300000.0,25023
8440870,1,1,1,10,2025,1,56,3.0,1400000.0,11641
8464030,1,3,1,10,2025,1,24,5.0,2000000.0,44630
8438325,1,1,1,10,2025,1,42,5.0,1600000.0,5724
8472494,1,1,1,10,2025,1,31,5.0,1800000.0,64173
8441888,1,2,1,10,2025,2,39,5.0,550000.0,13743
8447897,1,2,1,10,2025,2,60,5.0,450000.0,27976
8436024,1,2,1,10,2025,1,27,5.0,650000.0,206
8471481,1,1,1,10,2025,2,52,3.0,600000.0,62070
8452374,1,2,1,10,2025,1,35,5.0,1700000.0,38637
8470238,1,1,1,10,2025,1,43,3.0,1923500.0,59250
8437432,1,1,1,10,2025,1,59,10.0,5000000.0,3810
8444390,1,1,1,10,2025,2,72,3.0,100000.0,20008
8437775,1,2,1,10,2025,1,38,4.0,1500000.0,4541
8468289,1,1,1,10,2025,1,37,5.0,2000000.0,54236
8440464,1,1,1,10,2025,2,51,6.0,1150000.0,10582
8467379,1,1,1,10,2025,2,35,5.0,1423500.0,52062
8470759,1,1,1,10,2025,2,56,3.0,1000000.0,60533
8439897,1,2,1,10,2025,2,38,5.0,3247000.0,9444
8466275,1,3,1,10,2025,2,23,10.0,780000.0,49298
8470524,1,3,1,10,2025,2,27,5.0,300000.0,59922
8436071,1,2,1,10,2025,2,26,8.0,1423500.0,328
8450466,1,1,1,10,2025,2,55,3.0,700000.0,33800
8461961,1,1,1,10,2025,1,65,5.0,2000000.0,39897
8452515,1,1,1,10,2025,1,49,9.0,1800000.0,39025
8463257,1,1,1,10,2025,2,38,10.0,1423000.0,42766
8463299,1,1,1,10,2025,1,54,4.0,800000.0,42881
8441473,1,1,1,10,2025,2,49,10.0,2200000.0,12830
8446862,1,1,1,10,2025,1,45,10.0,4000000.0,25683
8446758,1,1,1,10,2025,2,32,3.0,300000.0,25429
8436963,1,1,1,10,2025,1,41,11.0,10000000.0,2621
8465102,1,1,1,10,2025,1,51,4.0,1000000.0,47009
8450973,1,2,1,10,2025,2,32,10.0,3100000.0,35065
8472573,1,2,1,10,2025,2,34,8.0,1423500.0,64246
8462080,1,2,1,10,2025,2,32,8.0,1734000.0,40186
8444271,1,1,1,10,2025,1,57,5.0,1800000.0,19698
8465126,1,3,1,10,2025,2,28,10.0,1423000.0,47080
8451251,1,3,1,10,2025,1,50,3.0,2000000.0,35777
8452217,1,5,1,10,2025,2,39,8.0,1000000.0,38248
8449441,1,1,1,10,2025,1,55,1.0,700000.0,31263
8441579,1,1,1,10,2025,1,56,10.0,4000000.0,13069
8468348,1,1,1,10,2025,1,60,3.0,840000.0,54372
8446528,1,1,1,10,2025,1,41,5.0,1350000.0,24898
8464027,1,2,1,10,2025,2,27,6.0,1550000.0,44619
8466452,1,1,1,10,2025,1,42,6.0,1800000.0,49767
8442699,1,2,1,10,2025,1,43,8.0,2900000.0,15719
8470708,1,2,1,10,2025,2,36,10.0,3500000.0,60385
8470562,1,1,1,10,2025,1,39,6.0,700000.0,60023
8438973,1,1,1,10,2025,2,60,10.0,4400000.0,7213
8472276,1,2,1,10,2025,2,32,5.0,720000.0,63688
8438897,1,5,1,10,2025,2,66,3.0,500000.0,7057
8446636,1,1,1,10,2025,2,39,8.0,1423500.0,25213
8463378,1,2,1,10,2025,2,28,5.0,1000000.0,43111
8463308,1,1,1,10,2025,2,45,5.0,2850000.0,42897
8473336,1,4,1,10,2025,1,43,4.0,840000.0,65721
8449721,1,2,1,10,2025,1,75,3.0,190000.0,31961
8437338,1,2,1,10,2025,1,47,5.0,1500000.0,3574
8440743,1,1,1,10,2025,1,61,5.0,1700000.0,11314
8442667,1,1,1,10,2025,1,37,5.0,1423500.0,15629
8464023,1,1,1,10,2025,1,32,12.0,1500000.0,44611
8465972,1,2,1,10,2025,2,46,10.0,3500000.0,48724
8463349,1,3,1,10,2025,2,63,3.0,155000.0,43024
8463143,1,3,1,10,2025,2,25,9.0,1700000.0,42485
8472292,1,1,1,10,2025,2,63,5.0,1423500.0,63722
8470277,1,1,1,10,2025,2,33,6.0,500000.0,59345
8465847,1,1,1,10,2025,1,61,8.0,1000000.0,48454
8463367,1,1,1,10,2025,2,31,8.0,1700000.0,43079
8448293,1,1,1,10,2025,2,35,5.0,800000.0,28851
8437666,1,2,1,10,2025,2,43,9.0,2500000.0,4315
8450495,1,2,1,10,2025,1,19,5.0,1400000.0,33859
8468841,1,1,1,10,2025,2,59,5.0,2500000.0,55643
8473602,1,1,1,10,2025,2,43,4.0,1200000.0,65922
8469673,1,2,1,10,2025,2,26,8.0,2200000.0,57845
8439319,1,2,1,10,2025,1,53,5.0,2100000.0,8015
8439766,1,1,1,10,2025,1,48,3.0,2800000.0,9049
8447822,1,2,1,10,2025,2,55,9.0,2000000.0,27812
8437766,1,1,1,10,2025,1,25,4.0,2000000.0,4526
8471285,1,4,1,10,2025,1,22,5.0,1500000.0,61699
8449990,1,2,1,10,2025,2,40,10.0,2800000.0,32645
8450065,1,2,1,10,2025,1,26,5.0,760000.0,32815
8462370,1,1,1,10,2025,2,54,3.0,1400000.0,40833
8441749,1,2,1,10,2025,2,34,10.0,5500000.0,13431
8467715,1,1,1,10,2025,2,48,4.0,500000.0,52868
8463448,1,2,1,10,2025,1,28,10.0,2500000.0,43319
8469918,1,1,1,10,2025,1,40,11.0,4500000.0,58454
8467372,1,1,1,10,2025,1,55,4.0,2000000.0,52047
8438855,1,1,1,10,2025,1,48,5.0,1623500.0,6967
8468545,1,4,1,10,2025,2,20,5.0,1700000.0,54899
8448329,1,2,1,10,2025,2,58,5.0,1200000.0,28912
8442883,1,1,1,10,2025,1,37,8.0,3200000.0,16166
8443261,1,1,1,10,2025,2,60,3.0,200000.0,17079
8440541,1,1,1,10,2025,2,47,10.0,4000000.0,10769
8442052,1,3,1,10,2025,2,17,5.0,376000.0,14157
8438992,1,2,1,10,2025,2,28,10.0,2500000.0,7258
8447325,1,2,1,10,2025,2,37,3.0,897000.0,26703
8473018,1,3,1,10,2025,1,20,5.0,1400000.0,65105
8437819,1,2,1,10,2025,2,54,8.0,1800000.0,4624
8464069,1,3,1,10,2025,2,39,8.0,1623500.0,44703
8441820,1,2,1,10,2025,2,41,4.0,740000.0,13528
8440870,1,3,1,10,2025,1,19,5.0,480000.0,11643
8462733,1,1,1,10,2025,1,38,3.0,4000000.0,41655
8450851,1,1,1,10,2025,2,63,3.0,150000.0,34755
8448891,1,6,1,10,2025,1,28,4.0,1855500.0,30022
8445190,1,1,1,10,2025,1,47,3.0,570000.0,21597
8470467,1,3,1,10,2025,1,30,9.0,3000000.0,59809
8468553,1,1,1,10,2025,1,73,3.0,500000.0,54923
8470703,1,1,1,10,2025,2,45,10.0,2000000.0,60370
8466941,1,1,1,10,2025,1,51,1.0,480000.0,50907
8445304,1,4,1,10,2025,2,18,5.0,300000.0,21937
8441089,1,2,1,10,2025,2,68,6.0,1000000.0,12052
8463463,1,1,1,10,2025,2,74,3.0,0.0,43351
8461997,1,5,1,10,2025,1,34,4.0,850000.0,39998
8471420,1,1,1,10,2025,2,69,3.0,0.0,61944
8436803,1,1,1,10,2025,1,33,11.0,2500000.0,2069
8462749,1,1,1,10,2025,1,53,4.0,1400000.0,41679
8438324,1,2,1,10,2025,2,38,5.0,1400000.0,5721
8467183,1,3,1,10,2025,2,32,8.0,1423500.0,51592
8470749,1,1,1,10,2025,1,63,5.0,500000.0,60494
8443553,1,1,1,10,2025,1,31,5.0,1423500.0,17889
8451677,1,1,1,10,2025,1,64,4.0,1423000.0,36844
8438496,1,1,1,10,2025,2,75,4.0,200000.0,6155
8471264,1,2,1,10,2025,2,56,5.0,1423500.0,61659
8472846,1,1,1,10,2025,1,28,10.0,4000000.0,64816
8468676,1,3,1,10,2025,1,28,4.0,1500000.0,55200
8469241,1,2,1,10,2025,1,38,10.0,2700000.0,56669
8473638,1,2,1,10,2025,2,23,5.0,500000.0,66033
8466563,1,1,1,10,2025,2,56,6.0,600000.0,50054
8464174,1,1,1,10,2025,1,51,12.0,5400000.0,44901
8462986,1,1,1,10,2025,1,65,3.0,1500000.0,42162
8443515,1,3,1,10,2025,1,20,5.0,600000.0,17802
8467834,1,2,1,10,2025,1,36,5.0,2200000.0,53177
8446439,1,1,1,10,2025,2,21,6.0,1650000.0,24687
8448693,1,1,1,10,2025,1,48,3.0,600000.0,29665
8451065,1,1,1,10,2025,2,60,3.0,1320000.0,35283
8451334,1,1,1,10,2025,1,78,3.0,0.0,35986
8451758,1,2,1,10,2025,2,40,9.0,1423500.0,37071
8450383,1,2,1,10,2025,2,49,5.0,1940000.0,33627
8466672,1,1,1,10,2025,1,53,3.0,2000000.0,50323
8464648,1,5,1,10,2025,2,26,8.0,2000000.0,45973
8462715,1,2,1,10,2025,1,46,3.0,1350000.0,41632
8448689,1,2,1,10,2025,2,59,5.0,350000.0,29659
8436730,1,1,1,10,2025,1,39,5.0,2000000.0,1922
8464890,1,2,1,10,2025,2,43,11.0,2000000.0,46481
8449291,1,2,1,10,2025,2,50,5.0,570000.0,30846
8452373,1,2,1,10,2025,2,35,10.0,2000000.0,38634
8462430,1,1,1,10,2025,2,46,10.0,4500000.0,40971
8439476,1,1,1,10,2025,2,58,9.0,2200000.0,8366
8437623,1,1,1,10,2025,1,64,3.0,1423500.0,4220
8439374,1,1,1,10,2025,2,55,10.0,1800000.0,8137
8446682,1,2,1,10,2025,1,19,5.0,250000.0,25320
8449967,1,5,1,10,2025,1,30,8.0,1425000.0,32567
8470365,1,1,1,10,2025,1,59,3.0,1600000.0,59539
8464027,1,1,1,10,2025,1,26,6.0,1423500.0,44618
8452471,1,2,1,10,2025,2,50,4.0,1200000.0,38918
8450335,1,1,1,10,2025,2,23,5.0,1400000.0,33510
8470664,1,6,1,10,2025,1,40,3.0,2000000.0,60277
8436008,1,1,1,10,2025,1,63,1.0,1400000.0,154
8440381,1,1,1,10,2025,2,49,5.0,600000.0,10422
8446100,1,4,1,10,2025,2,19,5.0,1900000.0,23775
8465355,1,1,1,10,2025,2,22,10.0,780000.0,47470
8436358,1,1,1,10,2025,1,80,3.0,400000.0,977
8442127,1,2,1,10,2025,2,55,5.0,1500000.0,14335
8470127,1,2,1,10,2025,1,36,5.0,700000.0,58994
8438866,1,1,1,10,2025,2,29,5.0,800000.0,6987
8437578,1,1,1,10,2025,1,27,6.0,1423500.0,4121
8448921,1,1,1,10,2025,1,51,4.0,500000.0,30102
8436723,1,1,1,10,2025,1,42,5.0,3400000.0,1900
8447717,1,2,1,10,2025,1,45,3.0,600000.0,27567
8441716,1,1,1,10,2025,1,34,5.0,2700000.0,13363
8463104,1,1,1,10,2025,1,81,1.0,1250000.0,42430
8447065,1,2,1,10,2025,1,46,5.0,1200000.0,26145
8470703,1,2,1,10,2025,1,41,8.0,2500000.0,60371
8452186,1,2,1,10,2025,2,26,10.0,800000.0,38153
8472041,1,1,1,10,2025,1,52,3.0,1000000.0,63153
8444096,1,1,1,10,2025,1,66,6.0,1600000.0,19320
8436517,1,2,1,10,2025,1,53,9.0,800000.0,1369
8465319,1,1,1,10,2025,2,35,10.0,2900000.0,47401
8463811,1,2,1,10,2025,2,38,9.0,1423500.0,44166
8452359,1,3,1,10,2025,2,26,10.0,1800000.0,38606
8464327,1,1,1,10,2025,2,56,5.0,1600000.0,45182
8444240,1,1,1,10,2025,2,25,5.0,1200000.0,19612
8445606,1,3,1,10,2025,2,45,5.0,950000.0,22664
8472852,1,2,1,10,2025,2,22,9.0,820000.0,64831
8468435,1,1,1,10,2025,1,23,6.0,1400000.0,54633
8446607,1,1,1,10,2025,1,38,9.0,7000000.0,25137
8439812,1,1,1,10,2025,1,49,9.0,2500000.0,9188
8443634,1,2,1,10,2025,1,31,5.0,1423500.0,18114
8467635,1,2,1,10,2025,2,29,9.0,1423000.0,52693
8448907,1,5,1,10,2025,2,24,6.0,500000.0,30059
8469955,1,1,1,10,2025,2,31,10.0,2423000.0,58560
8447621,1,2,1,10,2025,1,34,3.0,300000.0,27357
8436464,1,1,1,10,2025,1,71,3.0,400000.0,1214
8464929,1,4,1,10,2025,2,41,8.0,1423500.0,46592
8462733,1,2,1,10,2025,2,39,5.0,300000.0,41656
8469477,1,1,1,10,2025,2,24,9.0,2000000.0,57295
8450043,1,1,1,10,2025,2,49,5.0,300000.0,32753
8436720,1,3,1,10,2025,1,33,5.0,1400000.0,1893
8470594,1,5,1,10,2025,2,27,9.0,2100000.0,60114
8440806,1,1,1,10,2025,2,40,4.0,400000.0,11479
8452296,1,1,1,10,2025,1,59,11.0,48000000.0,38451
8471585,1,1,1,10,2025,2,52,5.0,1200000.0,62283
8444252,1,3,1,10,2025,1,26,3.0,1800000.0,19653
8443904,1,1,1,10,2025,2,52,5.0,400000.0,18802
8471222,1,2,1,10,2025,2,42,9.0,1860000.0,61569
8437694,1,1,1,10,2025,1,56,5.0,2100000.0,4383
8469960,1,2,1,10,2025,1,23,5.0,1700000.0,58576
8464840,1,1,1,10,2025,1,22,5.0,1120000.0,46372
8451928,1,1,1,10,2025,2,51,3.0,400000.0,37495
8451842,1,4,1,10,2025,2,63,3.0,1100000.0,37283
8443329,1,1,1,10,2025,1,62,1.0,480000.0,17282
8451777,1,6,1,10,2025,1,22,5.0,2200000.0,37124
8440034,1,4,1,10,2025,2,25,10.0,1423500.0,9628
8464168,1,1,1,10,2025,2,32,10.0,3200000.0,44891
8470079,1,2,1,10,2025,2,41,12.0,5900000.0,58880
8472845,1,3,1,10,2025,1,22,10.0,2000000.0,64815
8467590,1,1,1,10,2025,2,80,3.0,600000.0,52560
8446690,1,1,1,10,2025,1,41,5.0,2000000.0,25336
8472624,1,1,1,10,2025,1,60,6.0,500000.0,64355
8462706,1,1,1,10,2025,1,62,1.0,0.0,41581
8443873,1,1,1,10,2025,1,31,10.0,4700000.0,18721
8471954,1,3,1,10,2025,2,46,10.0,3500000.0,62992
8443101,1,1,1,10,2025,2,30,8.0,1800000.0,16724
8437279,1,2,1,10,2025,2,54,10.0,3329854.0,3400
8463098,1,2,1,10,2025,2,51,3.0,650000.0,42417
8462762,1,3,1,10,2025,2,32,5.0,1200000.0,41708
8464066,1,1,1,10,2025,1,45,5.0,1423500.0,44694
8462588,1,1,1,10,2025,2,39,8.0,1800000.0,41356
8438919,1,1,1,10,2025,2,30,4.0,1623500.0,7099
8446122,1,2,1,10,2025,1,47,5.0,1423500.0,23830
8442742,1,1,1,10,2025,1,56,4.0,1423500.0,15827
8465543,1,1,1,10,2025,1,56,5.0,1800000.0,47839
8465981,1,5,1,10,2025,2,37,8.0,2100000.0,48753
8439616,1,4,1,10,2025,2,29,5.0,1423500.0,8710
8437170,1,2,1,10,2025,2,40,5.0,300000.0,3089
8461965,1,2,1,10,2025,2,33,4.0,176000.0,39908
8442051,1,1,1,10,2025,2,65,11.0,6000000.0,14153
8442175,1,1,1,10,2025,1,41,5.0,1450000.0,14451
8446258,1,6,1,10,2025,2,35,10.0,300000.0,24241
8444796,1,1,1,10,2025,1,35,5.0,1500000.0,21097
8448314,1,2,1,10,2025,1,30,4.0,1000000.0,28888
8472434,1,3,1,10,2025,2,35,6.0,1423500.0,63998
8470557,1,2,1,10,2025,1,28,5.0,1500000.0,60008
8442540,1,1,1,10,2025,2,32,10.0,1423500.0,15364
8439983,1,1,1,10,2025,1,49,4.0,750000.0,9527
8449420,1,3,1,10,2025,1,23,3.0,1400000.0,31202
8440880,1,2,1,10,2025,2,53,10.0,4000000.0,11681
8437413,1,1,1,10,2025,1,35,10.0,4300000.0,3757
8462981,1,1,1,10,2025,1,53,1.0,800000.0,42150
8471431,1,1,1,10,2025,2,53,11.0,6750000.0,61973
8439815,1,2,1,10,2025,2,52,5.0,930000.0,9204
8452545,1,1,1,10,2025,2,42,4.0,600000.0,39108
8440749,1,2,1,10,2025,2,72,5.0,110000.0,11334
8468992,1,1,1,10,2025,2,19,6.0,650000.0,56000
8442124,1,1,1,10,2025,1,34,3.0,1400000.0,14327
8451943,1,2,1,10,2025,2,36,10.0,2000000.0,37535
8466532,1,1,1,10,2025,2,40,5.0,550000.0,49997
8469110,1,1,1,10,2025,2,62,8.0,1423500.0,56315
8439689,1,1,1,10,2025,1,45,11.0,2650000.0,8913
8472751,1,2,1,10,2025,2,25,4.0,1100000.0,64654
8467583,1,2,1,10,2025,1,52,11.0,5000000.0,52540
8465503,1,2,1,10,2025,1,22,10.0,1423500.0,47750
8465509,1,1,1,10,2025,1,38,9.0,800000.0,47757
8469007,1,2,1,10,2025,1,52,5.0,1423500.0,56032
8469163,1,2,1,10,2025,2,49,8.0,2200000.0,56481
8473359,1,2,1,10,2025,2,38,10.0,1423500.0,65750
8446155,1,1,1,10,2025,2,44,4.0,600000.0,23907
8463350,1,1,1,10,2025,1,50,5.0,1600000.0,43025
8449863,1,1,1,10,2025,1,44,10.0,2500000.0,32307
8444648,1,3,1,10,2025,1,20,5.0,900000.0,20693
8448008,1,5,1,10,2025,2,45,5.0,1423000.0,28249
8440831,1,2,1,10,2025,2,58,3.0,720000.0,11545
8441901,1,1,1,10,2025,1,67,1.0,600000.0,13803
8442260,1,5,1,10,2025,1,56,5.0,1423500.0,14687
8442830,1,1,1,10,2025,1,49,3.0,1423500.0,16036
8450565,1,6,1,10,2025,1,20,3.0,1200000.0,34052
8468128,1,1,1,10,2025,2,43,5.0,1500000.0,53895
8439664,1,1,1,10,2025,1,57,5.0,1423500.0,8827
8463227,1,1,1,10,2025,2,48,5.0,1423500.0,42686
8466724,1,1,1,10,2025,2,25,10.0,4000000.0,50441
8462198,1,1,1,10,2025,1,41,3.0,900000.0,40466
8444249,1,2,1,10,2025,1,31,3.0,600000.0,19646
8446653,1,3,1,10,2025,2,48,4.0,1423500.0,25259
8463266,1,2,1,10,2025,1,35,5.0,2100000.0,42804
8444955,1,1,1,10,2025,1,41,8.0,2200000.0,21482
8445173,1,2,1,10,2025,2,51,5.0,250000.0,21542
8445194,1,1,1,10,2025,2,44,3.0,700000.0,21602
8463262,1,1,1,10,2025,2,52,3.0,1423500.0,42789
8449803,1,2,1,10,2025,2,52,5.0,1000000.0,32145
8463455,1,3,1,10,2025,1,24,10.0,2000000.0,43333
8463337,1,1,1,10,2025,1,60,3.0,1600000.0,42985
8437640,1,1,1,10,2025,2,32,5.0,2200000.0,4261
8451930,1,2,1,10,2025,2,27,5.0,800000.0,37500
8466667,1,1,1,10,2025,2,53,5.0,560000.0,50307
8466132,1,1,1,10,2025,1,67,3.0,900000.0,49022
8468028,1,2,1,10,2025,2,35,9.0,2400000.0,53676
8468386,1,1,1,10,2025,1,43,5.0,2623000.0,54503
8469521,1,1,1,10,2025,2,26,5.0,1734700.0,57408
8467043,1,1,1,10,2025,2,59,5.0,500000.0,51177
8436487,1,1,1,10,2025,2,34,12.0,3900000.0,1264
8444428,1,1,1,10,2025,2,34,5.0,1423500.0,20110
8445754,1,1,1,10,2025,2,60,5.0,1100000.0,22972
8462482,1,1,1,10,2025,1,56,3.0,800000.0,41078
8439511,1,5,1,10,2025,1,27,5.0,1300000.0,8422
8438586,1,1,1,10,2025,1,55,8.0,1700000.0,6370
8466798,1,2,1,10,2025,2,36,5.0,600000.0,50596
8445657,1,1,1,10,2025,1,56,3.0,3000000.0,22778
8450184,1,1,1,10,2025,2,33,8.0,1200000.0,33118
8437429,1,4,1,10,2025,2,59,8.0,2500000.0,3800
8449923,1,2,1,10,2025,2,57,5.0,1940000.0,32433
8440518,1,1,1,10,2025,1,32,10.0,2800000.0,10710
8464187,1,2,1,10,2025,1,44,3.0,1700000.0,44921
8450782,1,1,1,10,2025,1,54,4.0,800000.0,34580
8443331,1,2,1,10,2025,2,29,5.0,500000.0,17288
8443727,1,1,1,10,2025,1,62,11.0,8600000.0,18340
8463486,1,1,1,10,2025,2,34,10.0,2300000.0,43423
8463637,1,1,1,10,2025,1,69,5.0,1000000.0,43743
8467937,1,1,1,10,2025,2,51,4.0,310000.0,53451
8440488,1,1,1,10,2025,2,28,8.0,1423500.0,10641
8438115,1,2,1,10,2025,1,48,3.0,360000.0,5239
8445572,1,2,1,10,2025,2,23,6.0,0.0,22576
8451498,1,2,1,10,2025,1,34,8.0,1423000.0,36408
8443446,1,1,1,10,2025,2,48,6.0,1580000.0,17593
8442655,1,2,1,10,2025,1,50,4.0,1423500.0,15599
8449891,1,1,1,10,2025,1,56,9.0,4000000.0,32363
8443175,1,2,1,10,2025,2,42,10.0,3200000.0,16884
8439529,1,2,1,10,2025,1,31,1.0,400000.0,8470
8470201,1,1,1,10,2025,2,59,5.0,270000.0,59156
8462957,1,1,1,10,2025,1,32,9.0,3100000.0,42096
8443890,1,1,1,10,2025,2,40,5.0,1423500.0,18761
8467536,1,1,1,10,2025,1,43,4.0,1200000.0,52425
8466374,1,2,1,10,2025,2,38,10.0,900000.0,49548
8467669,1,2,1,10,2025,1,28,7.0,1423500.0,52770
8450842,1,2,1,10,2025,1,32,10.0,500000.0,34731
8446104,1,2,1,10,2025,2,37,5.0,2300000.0,23787
8463269,1,3,1,10,2025,1,50,9.0,200000.0,42814
8438008,1,1,1,10,2025,2,57,4.0,1400000.0,5000
8443467,1,5,1,10,2025,2,20,5.0,500000.0,17659
8446231,1,5,1,10,2025,1,36,8.0,2000000.0,24117
8462992,1,1,1,10,2025,1,74,3.0,1400000.0,42184
8466471,1,2,1,10,2025,2,24,10.0,1423000.0,49827
8451442,1,2,1,10,2025,1,26,4.0,250000.0,36273
8464519,1,1,1,10,2025,2,35,5.0,2500000.0,45661
8450178,1,1,1,10,2025,1,42,5.0,600000.0,33102
8472830,1,1,1,10,2025,2,36,5.0,1800000.0,64772
8466491,1,1,1,10,2025,2,53,3.0,180000.0,49885
8446781,1,4,1,10,2025,1,20,5.0,1423500.0,25488
8468530,1,1,1,10,2025,2,43,3.0,1700000.0,54867
8463470,1,3,1,10,2025,1,23,5.0,1800000.0,43375
8440460,1,2,1,10,2025,1,49,3.0,700000.0,10572
8452111,1,4,1,10,2025,2,18,8.0,1500000.0,37983
8467253,1,2,1,10,2025,2,32,4.0,480000.0,51744
8463943,1,3,1,10,2025,2,21,10.0,1603500.0,44443
8442645,1,4,1,10,2025,1,25,10.0,1423500.0,15576
8451590,1,1,1,10,2025,1,29,3.0,9000000.0,36603
8439029,1,2,1,10,2025,2,30,10.0,2200000.0,7329
8470901,1,1,1,10,2025,2,39,11.0,6000000.0,60897
8440719,1,1,1,10,2025,1,50,8.0,1120000.0,11249
8463286,1,3,1,10,2025,2,56,12.0,6000000.0,42857
8450608,1,2,1,10,2025,2,65,5.0,700000.0,34171
8462637,1,2,1,10,2025,1,64,3.0,1200000.0,41437
8469034,1,1,1,10,2025,1,30,5.0,100000.0,56101
8470849,1,1,1,10,2025,1,25,5.0,2000000.0,60780
8465238,1,3,1,10,2025,2,64,4.0,1100000.0,47295
8436477,1,2,1,10,2025,2,36,5.0,1423500.0,1242
8463325,1,2,1,10,2025,2,53,8.0,2847000.0,42946
8449081,1,1,1,10,2025,2,47,3.0,1759500.0,30386
8442135,1,1,1,10,2025,1,39,4.0,800000.0,14347
8470089,1,2,1,10,2025,2,24,10.0,1060000.0,58905
8470282,1,4,1,10,2025,2,24,10.0,1423500.0,59358
8470639,1,1,1,10,2025,2,39,5.0,1423500.0,60218
8467123,1,1,1,10,2025,2,40,5.0,1425000.0,51442
8443222,1,1,1,10,2025,2,48,3.0,1800000.0,16979
8440205,1,2,1,10,2025,1,43,4.0,2000000.0,9999
8442444,1,1,1,10,2025,2,46,5.0,650000.0,15134
8440500,1,4,1,10,2025,2,52,5.0,1800000.0,10674
8468371,1,2,1,10,2025,1,69,8.0,2000000.0,54445
8441705,1,1,1,10,2025,2,24,5.0,1000000.0,13340
8452193,1,3,1,10,2025,1,39,4.0,600000.0,38171
8469312,1,1,1,10,2025,2,61,3.0,200000.0,56876
8440143,1,4,1,10,2025,2,37,12.0,2500000.0,9867
8444594,1,2,1,10,2025,2,23,8.0,1700000.0,20551
8468864,1,2,1,10,2025,1,24,3.0,1680000.0,55711
8448490,1,1,1,10,2025,1,57,3.0,3000000.0,29251
8441867,1,3,1,10,2025,1,17,3.0,1100000.0,13674
8444275,1,1,1,10,2025,2,55,4.0,800000.0,19704
8440852,1,2,1,10,2025,2,48,5.0,250000.0,11591
8473877,1,1,1,10,2025,2,49,8.0,2300000.0,66473
8467599,1,6,1,10,2025,1,33,4.0,120000.0,52600
8440754,1,1,1,10,2025,1,62,5.0,480000.0,11344
8446161,1,1,1,10,2025,1,47,5.0,20000000.0,23929
8469910,1,2,1,10,2025,2,54,3.0,480000.0,58435
8444599,1,2,1,10,2025,2,56,9.0,1000000.0,20564
8470969,1,3,1,10,2025,2,22,10.0,100000.0,61058
8444567,1,1,1,10,2025,2,66,10.0,2800000.0,20495
8464665,1,2,1,10,2025,2,50,5.0,1500000.0,46023
8473269,1,1,1,10,2025,2,36,5.0,600000.0,65572
8443962,1,1,1,10,2025,2,39,10.0,3200000.0,18926
8447972,1,1,1,10,2025,2,53,8.0,3570500.0,28178
8448388,1,3,1,10,2025,2,23,5.0,900000.0,29035
8437907,1,2,1,10,2025,2,67,3.0,500000.0,4820
8462042,1,1,1,10,2025,1,38,8.0,1500000.0,40114
8451983,1,1,1,10,2025,2,30,8.0,2500000.0,37650
8437916,1,1,1,10,2025,1,56,5.0,2500000.0,4833
8469688,1,1,1,10,2025,1,46,1.0,1200000.0,57874
8471066,1,3,1,10,2025,1,39,5.0,1500000.0,61279
8462203,1,1,1,10,2025,2,51,10.0,1623500.0,40483
8451474,1,1,1,10,2025,1,35,3.0,700000.0,36342
8446126,1,1,1,10,2025,1,80,1.0,1000000.0,23843
8443800,1,2,1,10,2025,2,33,11.0,2500000.0,18528
8445705,1,1,1,10,2025,1,55,3.0,800000.0,22881
8471472,1,1,1,10,2025,2,27,8.0,900000.0,62054
8466845,1,1,1,10,2025,1,35,3.0,2000000.0,50710
8439003,1,2,1,10,2025,2,36,9.0,1423500.0,7275
8450848,1,3,1,10,2025,1,15,5.0,100000.0,34746
8444101,1,2,1,10,2025,2,48,9.0,,19330
8468649,1,5,1,10,2025,1,23,5.0,1400000.0,55118
8444224,1,1,1,10,2025,2,24,8.0,1423500.0,19570
8437289,1,2,1,10,2025,1,57,11.0,6000000.0,3424
8441298,1,2,1,10,2025,2,34,12.0,3200000.0,12470
8449928,1,3,1,10,2025,2,24,5.0,250000.0,32448
8448659,1,2,1,10,2025,1,52,5.0,850000.0,29573
8463622,1,2,1,10,2025,2,44,5.0,1423500.0,43704
8465386,1,2,1,10,2025,2,33,9.0,1423500.0,47526
8467095,1,3,1,10,2025,2,34,5.0,1200000.0,51346
8452418,1,1,1,10,2025,2,47,5.0,1423500.0,38761
8446254,1,3,1,10,2025,1,22,8.0,1423000.0,24224
8449246,1,1,1,10,2025,2,22,8.0,200000.0,30711
8437510,1,2,1,10,2025,1,60,10.0,3500000.0,4027
8467583,1,7,1,10,2025,1,49,5.0,5500000.0,52545
8444561,1,1,1,10,2025,2,41,4.0,1774500.0,20479
8471316,1,1,1,10,2025,1,61,3.0,1900000.0,61753
8448221,1,3,1,10,2025,1,57,3.0,1400000.0,28752
8439651,1,4,1,10,2025,2,25,5.0,1400000.0,8798
8446869,1,1,1,10,2025,1,62,8.0,1000000.0,25694
8468001,1,1,1,10,2025,1,61,6.0,1800000.0,53603
8442118,1,1,1,10,2025,1,65,9.0,1500000.0,14316
8446124,1,1,1,10,2025,2,36,3.0,500000.0,23836
8443746,1,1,1,10,2025,1,45,8.0,1423500.0,18396
8443376,1,2,1,10,2025,1,54,3.0,1500000.0,17432
8436646,1,1,1,10,2025,2,29,10.0,4200000.0,1705
8462683,1,1,1,10,2025,1,46,5.0,2323500.0,41530
8444760,1,1,1,10,2025,2,46,5.0,1000000.0,20998
8464143,1,1,1,10,2025,2,39,10.0,0.0,44840
8465862,1,1,1,10,2025,2,31,8.0,800000.0,48501
8468545,1,1,1,10,2025,2,49,8.0,1700000.0,54896
8473578,1,1,1,10,2025,2,52,8.0,2000000.0,65868
8449299,1,2,1,10,2025,2,29,5.0,1750000.0,30869
8451803,1,1,1,10,2025,1,40,10.0,1873000.0,37188
8446994,1,1,1,10,2025,1,25,4.0,900000.0,25985
8437221,1,2,1,10,2025,1,25,5.0,900000.0,3207
8466083,1,1,1,10,2025,1,20,5.0,1600000.0,48924
8465072,1,1,1,10,2025,2,51,5.0,300000.0,46923
8470405,1,3,1,10,2025,1,29,10.0,5500000.0,59642
8440811,1,1,1,10,2025,2,43,10.0,4270000.0,11497
8468146,1,1,1,10,2025,1,55,5.0,1500000.0,53930
8449104,1,1,1,10,2025,2,33,5.0,1400000.0,30434
8436776,1,2,1,10,2025,2,22,5.0,1423500.0,2022
8451963,1,2,1,10,2025,1,32,5.0,2000000.0,37598
8451948,1,6,1,10,2025,2,23,5.0,1124000.0,37558
8445886,1,1,1,10,2025,1,57,3.0,1000000.0,23252
8466915,1,1,1,10,2025,1,58,5.0,1420000.0,50877
8466654,1,1,1,10,2025,2,63,4.0,1500000.0,50275
8472295,1,1,1,10,2025,2,50,5.0,1430000.0,63727
8464873,1,2,1,10,2025,2,25,8.0,1423500.0,46446
8442013,1,1,1,10,2025,1,62,3.0,1000000.0,14091
8466601,1,1,1,10,2025,2,40,10.0,2800000.0,50152
8447885,1,2,1,10,2025,2,35,5.0,2500000.0,27942
8471728,1,1,1,10,2025,2,43,5.0,1723500.0,62525
8439459,1,2,1,10,2025,2,25,6.0,1423500.0,8325
8444715,1,1,1,10,2025,1,36,4.0,1600000.0,20874
8471608,1,1,1,10,2025,1,49,5.0,1000000.0,62345
8451619,1,1,1,10,2025,1,38,5.0,2823000.0,36675
8462460,1,1,1,10,2025,1,50,3.0,950000.0,41029
8470461,1,3,1,10,2025,1,31,5.0,3500000.0,59789
8461957,1,4,1,10,2025,1,29,5.0,900000.0,39885
8448563,1,1,1,10,2025,1,40,9.0,1300000.0,29399
8442619,1,1,1,10,2025,1,49,3.0,300000.0,15518
8448987,1,2,1,10,2025,2,59,5.0,1423500.0,30196
8439767,1,3,1,10,2025,2,23,5.0,1500000.0,9054
8470203,1,1,1,10,2025,2,43,5.0,700000.0,59159
8467597,1,2,1,10,2025,2,61,3.0,320000.0,52589
8442050,1,1,1,10,2025,1,58,3.0,1673500.0,14152
8447677,1,2,1,10,2025,1,39,10.0,2000000.0,27489
8438990,1,1,1,10,2025,2,32,10.0,6000000.0,7251
8452513,1,2,1,10,2025,2,49,5.0,1623500.0,39019
8473376,1,1,1,10,2025,2,42,6.0,2300000.0,65767
8467817,1,1,1,10,2025,2,58,5.0,200000.0,53110
8447886,1,3,1,10,2025,1,27,10.0,2500000.0,27949
8451663,1,4,1,10,2025,1,27,5.0,900000.0,36812
8449464,1,1,1,10,2025,1,46,3.0,2400000.0,31304
8449334,1,1,1,10,2025,1,23,5.0,2400000.0,30966
8462987,1,1,1,10,2025,1,54,4.0,1500000.0,42163
8470526,1,2,1,10,2025,2,31,9.0,3200000.0,59929
8451595,1,1,1,10,2025,1,44,10.0,7000000.0,36608
8446084,1,3,1,10,2025,2,32,10.0,4000000.0,23732
8444558,1,2,1,10,2025,1,33,4.0,1400000.0,20471
8438752,1,1,1,10,2025,2,68,10.0,1420000.0,6739
8462565,1,2,1,10,2025,2,66,5.0,700000.0,41301
8438014,1,2,1,10,2025,1,31,10.0,700000.0,5014
8437137,1,1,1,10,2025,2,26,10.0,2800000.0,3026
8464344,1,1,1,10,2025,2,46,4.0,850000.0,45223
8437834,1,2,1,10,2025,1,37,4.0,1623500.0,4660
8436178,1,1,1,10,2025,1,72,4.0,240000.0,564
8447955,1,1,1,10,2025,2,31,5.0,1887000.0,28139
8466931,1,2,1,10,2025,2,35,4.0,0.0,50883
8467085,1,2,1,10,2025,1,67,8.0,1500000.0,51307
8449022,1,1,1,10,2025,1,30,8.0,1623500.0,30263
8441057,1,3,1,10,2025,1,22,5.0,800000.0,11988
8443138,1,3,1,10,2025,2,31,10.0,2500000.0,16811
8445349,1,1,1,10,2025,1,73,3.0,900000.0,22047
8468311,1,2,1,10,2025,1,40,9.0,1600000.0,54285
8436951,1,7,1,10,2025,1,43,5.0,1500000.0,2593
8469014,1,2,1,10,2025,1,65,3.0,600000.0,56054
8463306,1,1,1,10,2025,1,38,8.0,2100000.0,42895
8447847,1,2,1,10,2025,1,24,5.0,1423500.0,27878
8451651,1,3,1,10,2025,2,20,10.0,200000.0,36776
8463095,1,1,1,10,2025,1,63,1.0,1800000.0,42408
8440222,1,2,1,10,2025,2,30,10.0,6000000.0,10038
8473729,1,8,1,10,2025,2,45,10.0,2500000.0,66204
8462021,1,2,1,10,2025,2,31,4.0,2080000.0,40067
8468123,1,1,1,10,2025,1,36,10.0,4500000.0,53880
8469076,1,1,1,10,2025,2,32,8.0,1500000.0,56222
8472861,1,3,1,10,2025,1,21,10.0,1800000.0,64856
8446564,1,1,1,10,2025,1,34,3.0,1420000.0,25001
8442821,1,1,1,10,2025,2,40,11.0,4000000.0,16019
8464029,1,3,1,10,2025,1,28,5.0,1600000.0,44626
8466650,1,1,1,10,2025,1,20,5.0,1500000.0,50267
8472649,1,1,1,10,2025,1,36,4.0,1600000.0,64406
8468172,1,1,1,10,2025,1,65,4.0,1600000.0,53996
8470788,1,1,1,10,2025,1,28,3.0,500000.0,60634
8443232,1,3,1,10,2025,2,37,5.0,700000.0,17007
8440244,1,1,1,10,2025,1,45,4.0,2500000.0,10089
8450142,1,1,1,10,2025,2,23,5.0,800000.0,32999
8450394,1,1,1,10,2025,1,62,3.0,300000.0,33648
8466532,1,2,1,10,2025,1,51,5.0,800000.0,49998
8436513,1,2,1,10,2025,1,37,4.0,1500000.0,1359
8446529,1,1,1,10,2025,1,26,4.0,1400000.0,24900
8443804,1,1,1,10,2025,2,64,1.0,100000.0,18540
8440339,1,1,1,10,2025,2,51,5.0,500000.0,10315
8469839,1,1,1,10,2025,1,39,5.0,1423500.0,58267
8465704,1,1,1,10,2025,2,52,5.0,1423500.0,48101
8472039,1,1,1,10,2025,1,38,10.0,1423500.0,63148
8471741,1,1,1,10,2025,2,36,8.0,320000.0,62548
8446574,1,2,1,10,2025,1,35,8.0,1425000.0,25038
8444620,1,1,1,10,2025,1,55,5.0,1423500.0,20619
8469336,1,2,1,10,2025,2,40,8.0,4000000.0,56967
8440257,1,2,1,10,2025,2,43,10.0,6800000.0,10119
8452344,1,1,1,10,2025,1,48,10.0,2500000.0,38558
8451375,1,2,1,10,2025,2,34,4.0,1423500.0,36099
8462490,1,2,1,10,2025,1,41,12.0,4000000.0,41095
8469812,1,1,1,10,2025,2,62,3.0,500000.0,58223
8437992,1,2,1,10,2025,1,50,3.0,1200000.0,4975
8470891,1,2,1,10,2025,1,37,5.0,1700000.0,60876
8466454,1,1,1,10,2025,1,40,9.0,2800000.0,49775
8444725,1,2,1,10,2025,2,51,6.0,1200000.0,20901
8466177,1,5,1,10,2025,2,40,8.0,2100000.0,49145
8467760,1,2,1,10,2025,1,62,9.0,4200000.0,52980
8468114,1,1,1,10,2025,1,61,5.0,1800000.0,53861
8450263,1,1,1,10,2025,2,64,5.0,400000.0,33321
8442112,1,2,1,10,2025,1,36,10.0,2000000.0,14298
8440959,1,3,1,10,2025,1,21,5.0,1423500.0,11817
8462677,1,2,1,10,2025,1,40,8.0,3600000.0,41517
8447746,1,1,1,10,2025,2,59,8.0,3500000.0,27609
8440511,1,1,1,10,2025,1,24,10.0,3800000.0,10700
8467059,1,2,1,10,2025,2,36,10.0,1960000.0,51213
8437683,1,3,1,10,2025,2,35,5.0,1623500.0,4362
8448001,1,2,1,10,2025,2,37,8.0,1100000.0,28229
8469641,1,1,1,10,2025,1,55,10.0,4000000.0,57760
8448488,1,1,1,10,2025,1,32,5.0,3000000.0,29246
8465753,1,6,1,10,2025,2,68,5.0,1423500.0,48229
8442059,1,1,1,10,2025,2,37,1.0,520000.0,14175
8464987,1,1,1,10,2025,2,44,4.0,2000000.0,46714
8470548,1,2,1,10,2025,1,33,5.0,1700000.0,59983
8442780,1,1,1,10,2025,2,54,5.0,2023500.0,15916
8471936,1,2,1,10,2025,2,32,10.0,2000000.0,62962
8451525,1,2,1,10,2025,2,29,4.0,150000.0,36484
8439976,1,1,1,10,2025,2,33,8.0,150000.0,9515
8462865,1,1,1,10,2025,2,30,5.0,1423500.0,41912
8472313,2,2,2,10,2025,1,26,4.0,1200000.0,63759
8471117,1,1,1,10,2025,2,44,9.0,1423500.0,61414
8470594,1,3,1,10,2025,1,32,9.0,2500000.0,60112
8437325,1,1,1,10,2025,2,65,8.0,1423000.0,3542
8448750,1,4,1,10,2025,2,37,8.0,1100000.0,29805
8464437,1,1,1,10,2025,2,43,5.0,1423500.0,45448
8469267,1,1,1,10,2025,2,76,5.0,700000.0,56729
8442333,1,1,1,10,2025,2,32,4.0,350000.0,14879
8437107,1,1,1,10,2025,2,45,5.0,840000.0,2961
8443973,1,2,1,10,2025,2,24,8.0,1625000.0,18958
8463976,1,1,1,10,2025,1,52,5.0,2200000.0,44522
8436795,1,2,1,10,2025,1,55,10.0,4200000.0,2059
8473837,1,1,1,10,2025,1,53,3.0,800000.0,66365
8452362,1,1,1,10,2025,2,36,9.0,1450000.0,38610
8446471,1,4,1,10,2025,2,30,5.0,2500000.0,24769
8472750,1,1,1,10,2025,1,29,5.0,1423500.0,64650
8462704,1,1,1,10,2025,2,66,11.0,5600000.0,41574
8467472,1,1,1,10,2025,2,44,6.0,1800000.0,52288
8452460,1,3,1,10,2025,2,19,5.0,1423500.0,38894
8462009,1,1,1,10,2025,1,43,4.0,1800000.0,40031
8467985,1,2,1,10,2025,2,31,10.0,3200000.0,53570
8467365,1,2,1,10,2025,2,62,3.0,200000.0,52027
8447241,1,1,1,10,2025,2,43,10.0,3200000.0,26456
8466322,1,1,1,10,2025,1,74,3.0,400000.0,49372
8436912,1,1,1,10,2025,2,55,3.0,960000.0,2464
8469166,1,1,1,10,2025,2,61,5.0,1280000.0,56489
8443892,1,1,1,10,2025,2,35,5.0,1200000.0,18767
8473076,1,2,1,10,2025,2,22,6.0,1200000.0,65207
8466540,1,3,1,10,2025,2,16,5.0,700000.0,50011
8452397,1,2,1,10,2025,2,34,4.0,1420000.0,38701
8441635,1,2,1,10,2025,1,21,5.0,1000000.0,13178
8468900,1,1,1,10,2025,1,41,3.0,1500000.0,55801
8471621,1,1,1,10,2025,2,52,12.0,4270500.0,62359
8439903,1,1,1,10,2025,1,35,6.0,12000000.0,9457
8466784,1,1,1,10,2025,2,64,4.0,1400000.0,50562
8467088,1,4,1,10,2025,1,27,9.0,1423500.0,51319
8468649,1,1,1,10,2025,2,27,5.0,200000.0,55114
8451100,1,2,1,10,2025,2,26,12.0,3000000.0,35366
8443866,1,1,1,10,2025,1,20,9.0,1423500.0,18709
8462757,1,2,1,10,2025,2,35,10.0,3500000.0,41692
8439491,1,1,1,10,2025,2,39,5.0,1500000.0,8392
8451582,1,2,1,10,2025,2,41,11.0,9500000.0,36587
8448720,1,1,1,10,2025,2,35,10.0,4600000.0,29732
8467814,1,2,1,10,2025,2,33,6.0,500000.0,53107
8465729,1,1,1,10,2025,2,49,5.0,880000.0,48168
8461908,1,1,1,10,2025,1,24,8.0,1630000.0,39718
8436974,1,1,1,10,2025,2,28,10.0,500000.0,2647
8440810,1,2,1,10,2025,2,61,5.0,1423500.0,11493
8463176,1,2,1,10,2025,1,43,9.0,1500000.0,42554
8461977,1,1,1,10,2025,2,58,12.0,6100000.0,39933
8448038,1,3,1,10,2025,2,66,5.0,100000.0,28326
8446258,1,1,1,10,2025,1,40,5.0,1423500.0,24236
8447183,1,2,1,10,2025,1,25,5.0,960000.0,26310
8442114,1,4,1,10,2025,1,32,5.0,800000.0,14304
8468561,1,3,1,10,2025,2,57,3.0,1400000.0,54949
8438252,1,1,1,10,2025,1,57,4.0,2000000.0,5513
8444898,1,1,1,10,2025,1,54,4.0,1800000.0,21347
8436891,1,1,1,10,2025,1,55,4.0,820000.0,2377
8442289,1,1,1,10,2025,2,35,11.0,6000000.0,14746
8469520,1,3,1,10,2025,2,23,10.0,1400000.0,57405
8448172,1,2,1,10,2025,2,32,10.0,1623500.0,28612
8438466,1,1,1,10,2025,2,59,5.0,480000.0,6078
8463472,1,2,1,10,2025,2,43,11.0,4597000.0,43380
8472830,1,2,1,10,2025,1,35,5.0,1423500.0,64773
8438028,1,1,1,10,2025,2,39,8.0,3000000.0,5048
8438512,1,2,1,10,2025,2,23,5.0,500000.0,6201
8439306,1,2,1,10,2025,2,58,5.0,2700000.0,7980
8462889,1,1,1,10,2025,1,34,5.0,400000.0,41966
8462961,1,2,1,10,2025,2,47,4.0,1000000.0,42111
8437361,1,1,1,10,2025,2,30,10.0,2000000.0,3640
8449840,1,1,1,10,2025,1,53,3.0,1423500.0,32234
8447066,1,1,1,10,2025,1,72,3.0,1200000.0,26148
8464680,1,1,1,10,2025,1,60,5.0,1600000.0,46045
8450312,1,2,1,10,2025,1,47,5.0,3000000.0,33450
8442062,1,1,1,10,2025,1,44,3.0,830000.0,14185
8443300,1,2,1,10,2025,1,20,5.0,1423500.0,17216
8472824,1,1,1,10,2025,2,25,10.0,3000000.0,64755
8443791,1,2,1,10,2025,2,50,8.0,1500000.0,18495
8443419,1,1,1,10,2025,1,60,3.0,1735000.0,17536
8447998,1,5,1,10,2025,1,49,5.0,1600000.0,28219
8451195,1,4,1,10,2025,2,21,4.0,800000.0,35646
8452533,1,4,1,10,2025,2,30,5.0,1500000.0,39076
8463850,1,1,1,10,2025,1,28,8.0,2500000.0,44255
8471350,1,1,1,10,2025,1,56,6.0,800000.0,61799
8461889,1,2,1,10,2025,2,23,5.0,1800000.0,39670
8444254,1,3,1,10,2025,1,22,4.0,1000000.0,19661
8446916,1,3,1,10,2025,2,46,10.0,2500000.0,25806
8452211,1,2,1,10,2025,2,53,4.0,900000.0,38228
8463277,1,5,1,10,2025,1,37,10.0,1100000.0,42839
8437695,1,2,1,10,2025,1,61,4.0,2400000.0,4388
8465966,1,1,1,10,2025,2,39,10.0,2500000.0,48699
8467337,1,2,1,10,2025,2,29,5.0,1000000.0,51948
8469500,1,3,1,10,2025,1,26,10.0,4000000.0,57360
8440504,1,1,1,10,2025,2,35,3.0,1800000.0,10684
8438299,1,2,1,10,2025,1,39,4.0,1000000.0,5640
8463258,1,2,1,10,2025,2,41,10.0,2000000.0,42770
8464197,1,1,1,10,2025,2,21,6.0,1400000.0,44942
8472990,1,2,1,10,2025,2,35,3.0,1000000.0,65038
8440165,1,1,1,10,2025,1,55,5.0,380000.0,9913
8451735,1,1,1,10,2025,1,44,5.0,700000.0,37002
8446745,1,1,1,10,2025,2,44,8.0,600000.0,25397
8461974,1,1,1,10,2025,2,70,11.0,2000000.0,39929
8443057,1,1,1,10,2025,1,46,11.0,6000000.0,16611
8440554,1,1,1,10,2025,1,54,12.0,4000000.0,10800
8444269,1,1,1,10,2025,1,41,10.0,1700000.0,19686
8450156,1,1,1,10,2025,2,45,3.0,2000000.0,33045
8443247,1,1,1,10,2025,2,27,5.0,650000.0,17045
8446853,1,2,1,10,2025,2,36,8.0,3430000.0,25660
8450045,1,4,1,10,2025,1,27,4.0,1600000.0,32764
8464352,1,2,1,10,2025,1,48,3.0,750000.0,45246
8468501,1,1,1,10,2025,1,27,5.0,3100000.0,54781
8465368,1,2,1,10,2025,2,22,10.0,2100000.0,47495
8473883,1,2,1,10,2025,2,36,9.0,3000000.0,66488
8449123,1,2,1,10,2025,2,59,5.0,1500000.0,30475
8471884,1,3,1,10,2025,1,26,10.0,1423500.0,62866
8450345,1,1,1,10,2025,1,44,9.0,1850000.0,33534
8442399,1,1,1,10,2025,2,33,9.0,1423500.0,15043
8439839,1,1,1,10,2025,2,32,5.0,1300000.0,9272
8437117,1,1,1,10,2025,1,43,12.0,9000000.0,2980
8468843,1,1,1,10,2025,2,47,11.0,4680000.0,55649
8452491,1,1,1,10,2025,1,30,8.0,1423500.0,38959
8447792,1,2,1,10,2025,2,32,10.0,4200000.0,27703
8473694,1,1,1,10,2025,1,46,5.0,1000000.0,66100
8472724,1,1,1,10,2025,1,44,3.0,1800000.0,64588
8464492,1,3,1,10,2025,2,28,10.0,1800000.0,45595
8436484,1,1,1,10,2025,2,71,5.0,150000.0,1259
8469487,1,1,1,10,2025,2,41,5.0,1500000.0,57325
8472605,1,1,1,10,2025,2,48,5.0,1423500.0,64314
8448305,1,1,1,10,2025,1,37,5.0,1423500.0,28876
8473143,1,2,1,10,2025,1,26,10.0,4600000.0,65329
8437011,1,1,1,10,2025,2,34,8.0,2280000.0,2734
8449931,1,3,1,10,2025,2,36,6.0,800000.0,32457
8470884,1,1,1,10,2025,2,39,5.0,800000.0,60861
8448220,1,1,1,10,2025,2,40,4.0,580000.0,28745
8464005,1,2,1,10,2025,1,26,8.0,1423500.0,44574
8463079,1,1,1,10,2025,1,71,3.0,0.0,42375
8468705,1,1,1,10,2025,1,36,10.0,3800000.0,55279
8439386,1,3,1,10,2025,2,23,6.0,280000.0,8172
8473886,1,2,1,10,2025,2,39,8.0,1200000.0,66498
8470889,1,1,1,10,2025,1,21,8.0,2000000.0,60869
8438849,1,2,1,10,2025,1,47,5.0,500000.0,6956
8473178,1,1,1,10,2025,2,40,9.0,480000.0,65377
8466027,1,1,1,10,2025,2,54,5.0,1623500.0,48841
8437464,1,1,1,10,2025,2,59,5.0,2800000.0,3883
8446986,1,2,1,10,2025,1,34,9.0,1423500.0,25975
8443750,1,2,1,10,2025,2,64,11.0,2000000.0,18404
8447292,1,2,1,10,2025,2,36,4.0,1500000.0,26613
8435966,1,1,1,10,2025,1,66,3.0,2400000.0,6
8436033,1,1,1,10,2025,2,67,3.0,550000.0,243
8465749,1,2,1,10,2025,2,65,12.0,15000000.0,48214
8445567,1,3,1,10,2025,2,26,5.0,1600000.0,22559
8437507,1,2,1,10,2025,2,43,12.0,3000000.0,4016
8438714,1,1,1,10,2025,2,40,8.0,1423500.0,6644
8440483,1,2,1,10,2025,1,26,10.0,1423500.0,10628
8463469,1,2,1,10,2025,2,34,11.0,8000000.0,43371
8448181,1,1,1,10,2025,2,47,5.0,1400000.0,28641
8466162,1,1,1,10,2025,2,35,5.0,6000000.0,49099
8447946,1,1,1,10,2025,2,35,3.0,390000.0,28109
8446473,1,3,1,10,2025,2,21,8.0,2500000.0,24786
8461829,1,3,1,10,2025,1,28,5.0,600000.0,39539
8468242,1,1,1,10,2025,1,43,1.0,2000000.0,54133
8471807,1,1,1,10,2025,1,35,10.0,2200000.0,62704
8436308,1,1,1,10,2025,1,54,3.0,1500000.0,876
8447793,1,3,1,10,2025,1,29,5.0,1423500.0,27707
8464554,1,1,1,10,2025,2,43,4.0,500000.0,45730
8463960,1,3,1,10,2025,2,23,9.0,1500000.0,44486
8450925,1,2,1,10,2025,2,36,1.0,220000.0,34927
8443651,1,1,1,10,2025,1,44,1.0,970000.0,18157
8466136,1,1,1,10,2025,1,33,8.0,2000000.0,49030
8462673,1,1,1,10,2025,1,26,10.0,1950000.0,41513
8443972,1,1,1,10,2025,1,59,3.0,800000.0,18953
8462682,1,1,1,10,2025,1,21,10.0,1800000.0,41528
8449922,1,2,1,10,2025,2,65,5.0,400000.0,32430
8464280,1,1,1,10,2025,2,55,12.0,7000000.0,45060
8439109,1,2,1,10,2025,2,26,10.0,1423000.0,7525
8451627,1,3,1,10,2025,1,34,11.0,7200000.0,36706
8442088,1,3,1,10,2025,1,29,5.0,1200000.0,14253
8440002,1,1,1,10,2025,2,46,5.0,1423500.0,9570
8462763,1,2,1,10,2025,2,24,8.0,1423500.0,41711
8450103,1,1,1,10,2025,1,74,3.0,800000.0,32919
8467606,1,1,1,10,2025,2,57,10.0,4460000.0,52613
8469013,1,2,1,10,2025,1,47,1.0,1300000.0,56049
8473168,1,2,1,10,2025,1,50,8.0,2250000.0,65363
8449603,1,1,1,10,2025,1,19,5.0,600000.0,31646
8440648,1,2,1,10,2025,1,45,3.0,1000000.0,11092
8465109,1,2,1,10,2025,2,37,10.0,700000.0,47034
8470267,1,1,1,10,2025,2,44,1.0,600000.0,59313
8473106,1,1,1,10,2025,2,38,5.0,1600000.0,65253
8472949,1,1,1,10,2025,1,53,8.0,750000.0,64987
8444013,1,3,1,10,2025,1,21,10.0,1200000.0,19074
8447909,1,1,1,10,2025,2,31,5.0,1423500.0,28003
8451284,1,1,1,10,2025,1,48,5.0,1423500.0,35857
8470014,1,1,1,10,2025,1,43,3.0,1800000.0,58715
8451240,1,2,1,10,2025,2,52,3.0,300000.0,35748
8470338,1,1,1,10,2025,1,17,5.0,1600000.0,59495
8472143,1,2,1,10,2025,1,61,4.0,1423500.0,63401
8450422,1,4,1,10,2025,1,55,3.0,400000.0,33720
8473211,1,3,1,10,2025,2,24,6.0,1623500.0,65455
8440242,1,2,1,10,2025,1,63,10.0,4000000.0,10087
8443031,1,2,1,10,2025,2,58,3.0,480000.0,16554
8448743,1,2,1,10,2025,1,27,10.0,1890000.0,29791
8472254,1,2,1,10,2025,1,43,5.0,1423500.0,63638
8469061,1,2,1,10,2025,1,26,6.0,800000.0,56177
8436887,1,1,1,10,2025,1,46,8.0,1800000.0,2361
8452189,1,3,1,10,2025,1,21,4.0,1200000.0,38159
8473285,1,3,1,10,2025,2,21,6.0,1423500.0,65607
8451975,1,4,1,10,2025,2,37,12.0,4500000.0,37633
8442664,1,1,1,10,2025,1,29,5.0,1623500.0,15621
8436517,1,1,1,10,2025,2,54,5.0,1423500.0,1368
8472364,1,1,1,10,2025,2,44,3.0,400000.0,63873
8446637,1,4,1,10,2025,1,23,10.0,3200000.0,25219
8451345,1,1,1,10,2025,2,34,4.0,200000.0,36023
8466620,1,1,1,10,2025,1,57,3.0,1250000.0,50195
8444087,1,2,1,10,2025,2,60,5.0,350000.0,19299
8443242,1,2,1,10,2025,1,76,1.0,200000.0,17034
8440881,1,3,1,10,2025,2,32,4.0,190000.0,11685
8437042,1,1,1,10,2025,2,58,8.0,1800000.0,2803
8472253,1,1,1,10,2025,1,28,5.0,1800000.0,63636
8452551,1,1,1,10,2025,1,34,10.0,2000000.0,39127
8465671,1,2,1,10,2025,1,24,5.0,1735500.0,48088
8439238,1,2,1,10,2025,2,37,10.0,4500000.0,7804
8437520,1,2,1,10,2025,2,27,11.0,1423500.0,4046
8450747,1,2,1,10,2025,2,33,8.0,650000.0,34499
8448481,1,1,1,10,2025,1,52,5.0,1600000.0,29230
8446931,1,1,1,10,2025,2,46,3.0,700000.0,25843
8463217,1,2,1,10,2025,2,22,5.0,1600000.0,42672
8468216,1,1,1,10,2025,1,30,4.0,560000.0,54083
8463190,1,2,1,10,2025,2,18,5.0,1600000.0,42587
8442755,1,1,1,10,2025,2,32,11.0,8910000.0,15859
8438836,1,2,1,10,2025,1,53,3.0,2000000.0,6919
8472764,1,2,1,10,2025,2,27,5.0,1400000.0,64679
8437405,1,3,1,10,2025,1,58,5.0,1200000.0,3725
8464992,1,3,1,10,2025,1,45,10.0,1423500.0,46733
8446855,1,1,1,10,2025,1,67,12.0,9000000.0,25665
8444616,1,1,1,10,2025,1,60,10.0,7000000.0,20606
8444334,1,2,1,10,2025,2,36,10.0,900000.0,19867
8448267,1,1,1,10,2025,2,43,9.0,1600000.0,28816
8451107,1,1,1,10,2025,2,20,5.0,600000.0,35384
8448464,1,2,1,10,2025,2,41,9.0,2200000.0,29198
8447231,1,1,1,10,2025,1,30,5.0,1200008.0,26420
8444031,1,3,1,10,2025,2,24,6.0,1600000.0,19135
8463925,1,2,1,10,2025,2,37,9.0,1623500.0,44394
8461848,1,3,1,10,2025,2,20,10.0,600000.0,39567
8443358,1,3,1,10,2025,1,28,5.0,280000.0,17389
8440375,1,1,1,10,2025,2,45,8.0,1670000.0,10406
8470412,1,2,1,10,2025,2,49,3.0,1600000.0,59660
8467078,1,1,1,10,2025,2,59,4.0,800000.0,51279
8466429,1,2,1,10,2025,1,64,1.0,1000000.0,49718
8439649,1,3,1,10,2025,2,19,4.0,450000.0,8792
8450986,1,1,1,10,2025,1,39,11.0,6378254.0,35119
8468514,1,1,1,10,2025,1,41,5.0,500000.0,54817
8473698,1,1,1,10,2025,2,29,6.0,800000.0,66116
8452508,1,1,1,10,2025,2,55,4.0,960000.0,39002
8466744,1,1,1,10,2025,2,21,8.0,1650000.0,50480
8444881,1,2,1,10,2025,1,24,10.0,1200000.0,21306
8448402,1,1,1,10,2025,1,54,4.0,1423500.0,29069
8448322,1,1,1,10,2025,2,42,10.0,3000000.0,28897
8445504,1,1,1,10,2025,1,36,5.0,1423500.0,22406
8447409,1,2,1,10,2025,2,30,10.0,3000000.0,26926
8447243,1,2,1,10,2025,2,46,10.0,5200000.0,26465
8441845,1,1,1,10,2025,1,46,5.0,900000.0,13595
8463017,1,1,1,10,2025,1,76,3.0,400000.0,42234
8461915,1,1,1,10,2025,1,41,4.0,500000.0,39736
8436237,1,1,1,10,2025,1,65,5.0,1600000.0,705
8437866,1,1,1,10,2025,1,37,5.0,2000000.0,4742
8436669,1,1,1,10,2025,2,24,5.0,1423500.0,1762
8445678,1,1,1,10,2025,1,57,5.0,1723500.0,22819
8443364,1,1,1,10,2025,1,35,4.0,800000.0,17402
8464456,1,1,1,10,2025,2,45,5.0,1423500.0,45511
8466188,1,1,1,10,2025,1,56,10.0,5000000.0,49168
8469904,1,2,1,10,2025,2,37,5.0,1423500.0,58414
8445430,1,1,1,10,2025,1,55,9.0,100000.0,22243
8470381,1,1,1,10,2025,1,40,5.0,1600000.0,59585
8439120,1,1,1,10,2025,2,57,10.0,6000000.0,7550
8443497,1,3,1,10,2025,1,48,4.0,1423500.0,17741
8442201,1,2,1,10,2025,1,25,5.0,1423500.0,14537
8463780,1,2,1,10,2025,2,44,6.0,3000000.0,44072
8447283,1,4,1,10,2025,2,24,5.0,1500000.0,26590
8445195,1,3,1,10,2025,1,20,5.0,800000.0,21607
8436618,1,2,1,10,2025,1,26,9.0,2000000.0,1625
8450132,1,1,1,10,2025,2,56,3.0,800000.0,32971
8446255,1,2,1,10,2025,1,47,1.0,1600000.0,24227
8440520,1,2,1,10,2025,2,46,5.0,400000.0,10718
8463928,1,2,1,10,2025,2,28,5.0,1423500.0,44401
8445598,1,1,1,10,2025,1,39,10.0,6200000.0,22648
8446901,1,1,1,10,2025,2,30,11.0,3000000.0,25762
8447194,1,2,1,10,2025,2,29,10.0,6000000.0,26333
8451255,1,1,1,10,2025,2,24,10.0,1280000.0,35784
8467331,1,1,1,10,2025,1,45,4.0,500000.0,51931
8445457,1,2,1,10,2025,1,55,3.0,650000.0,22299
8446442,1,3,1,10,2025,1,31,5.0,1423500.0,24696
8447629,1,1,1,10,2025,2,57,1.0,415000.0,27373
8439596,1,1,1,10,2025,1,38,5.0,2000000.0,8652
8471976,1,1,1,10,2025,1,44,10.0,2800000.0,63018
8436864,1,4,1,10,2025,1,48,5.0,800000.0,2281
8444484,1,1,1,10,2025,1,67,3.0,1500000.0,20263
8452238,1,1,1,10,2025,1,37,5.0,1650000.0,38299
8445316,1,3,1,10,2025,2,33,9.0,200000.0,21977
8473023,1,2,1,10,2025,1,26,8.0,1428500.0,65119
8443680,1,2,1,10,2025,2,38,10.0,2100000.0,18233
8452200,1,3,1,10,2025,1,28,12.0,700000.0,38195
8452518,1,1,1,10,2025,2,26,12.0,2500000.0,39031
8452587,1,1,1,10,2025,2,47,9.0,1423500.0,39226
8463968,1,1,1,10,2025,1,39,5.0,2500000.0,44504
8440163,1,1,1,10,2025,2,44,8.0,650000.0,9908
8466406,1,1,1,10,2025,2,70,4.0,200000.0,49638
8473263,1,1,1,10,2025,1,34,4.0,1800000.0,65560
8450470,1,1,1,10,2025,2,48,5.0,1423000.0,33810
8450832,1,3,1,10,2025,1,24,5.0,1800000.0,34697
8444881,1,1,1,10,2025,2,68,5.0,500000.0,21305
8446093,1,4,1,10,2025,1,60,5.0,200000.0,23752
8447340,1,2,1,10,2025,2,24,5.0,2500000.0,26738
8446121,1,2,1,10,2025,2,27,5.0,700000.0,23826
8441623,1,4,1,10,2025,2,32,4.0,1400000.0,13145
8438777,1,2,1,10,2025,2,28,10.0,3000000.0,6790
8470564,1,2,1,10,2025,1,25,3.0,1720000.0,60029
8449282,1,3,1,10,2025,2,41,3.0,210000.0,30821
8462313,1,1,1,10,2025,1,75,1.0,1140000.0,40711
8448101,1,1,1,10,2025,1,68,10.0,800000.0,28487
8471230,1,1,1,10,2025,1,48,3.0,1200000.0,61581
8469809,1,1,1,10,2025,1,46,3.0,1000000.0,58216
8444726,1,2,1,10,2025,1,24,4.0,800000.0,20903
8466318,1,1,1,10,2025,1,43,5.0,1700000.0,49368
8444809,1,1,1,10,2025,2,40,4.0,1080000.0,21137
8444784,1,1,1,10,2025,1,75,1.0,800000.0,21069
8436809,1,1,1,10,2025,2,32,10.0,3000000.0,2080
8439610,1,5,1,10,2025,2,23,5.0,200000.0,8691
8449086,1,1,1,10,2025,1,36,3.0,1500000.0,30401
8436690,1,2,1,10,2025,1,60,5.0,1423500.0,1813
8471399,1,1,1,10,2025,2,46,10.0,2000000.0,61909
8447933,1,1,1,10,2025,1,22,5.0,2000000.0,28078
8438840,1,2,1,10,2025,1,56,5.0,1623500.0,6930
8443021,1,1,1,10,2025,1,33,3.0,900000.0,16513
8437991,1,1,1,10,2025,2,39,10.0,3300000.0,4971
8438301,1,2,1,10,2025,1,46,5.0,400000.0,5650
8465218,1,1,1,10,2025,2,41,5.0,900000.0,47234
8440382,1,1,1,10,2025,1,42,8.0,1600000.0,10423
8463180,1,4,1,10,2025,1,28,5.0,1000000.0,42567
8471863,1,1,1,10,2025,1,26,5.0,2000000.0,62819
8440205,1,1,1,10,2025,2,26,5.0,1400000.0,9998
8442156,1,1,1,10,2025,1,69,3.0,600000.0,14401
8470359,1,1,1,10,2025,2,58,3.0,200000.0,59530
8450972,1,1,1,10,2025,1,49,3.0,700000.0,35061
8442258,1,3,1,10,2025,1,35,4.0,1500000.0,14677
8470256,1,1,1,10,2025,1,40,4.0,1423500.0,59291
8441116,1,1,1,10,2025,1,37,5.0,1423500.0,12105
8462447,1,1,1,10,2025,1,37,4.0,1300000.0,41000
8468980,1,3,1,10,2025,2,52,3.0,800000.0,55966
8444925,1,1,1,10,2025,2,48,5.0,1800000.0,21429
8450869,1,2,1,10,2025,1,64,8.0,2200000.0,34795
8438739,1,2,1,10,2025,1,19,4.0,1400000.0,6701
8445524,1,4,1,10,2025,1,40,5.0,1423500.0,22471
8450422,1,3,1,10,2025,1,21,5.0,1423500.0,33719
